[0.075s] [34mcolcon[0m [1;30mDEBUG[0m [32mCommand line arguments: ['/usr/bin/colcon', 'build'][0m
[0.075s] [34mcolcon[0m [1;30mDEBUG[0m [32mParsed command line arguments: Namespace(log_base=None, log_level=None, verb_name='build', build_base='build', install_base='install', merge_install=False, symlink_install=False, test_result_base=None, continue_on_error=False, executor='parallel', parallel_workers=12, event_handlers=None, ignore_user_meta=False, metas=['./colcon.meta'], base_paths=['.'], packages_ignore=None, packages_ignore_regex=None, paths=None, packages_up_to=None, packages_up_to_regex=None, packages_above=None, packages_above_and_dependencies=None, packages_above_depth=None, packages_select_by_dep=None, packages_skip_by_dep=None, packages_skip_up_to=None, packages_select_build_failed=False, packages_skip_build_finished=False, packages_select_test_failures=False, packages_skip_test_passed=False, packages_select=None, packages_skip=None, packages_select_regex=None, packages_skip_regex=None, packages_start=None, packages_end=None, cmake_args=None, cmake_target=None, cmake_target_skip_unavailable=False, cmake_clean_cache=False, cmake_clean_first=False, cmake_force_configure=False, ament_cmake_args=None, catkin_cmake_args=None, catkin_skip_building_tests=False, verb_parser=<colcon_defaults.argument_parser.defaults.DefaultArgumentsDecorator object at 0x7cc96ab02e60>, verb_extension=<colcon_core.verb.build.BuildVerb object at 0x7cc96ac48580>, main=<bound method BuildVerb.main of <colcon_core.verb.build.BuildVerb object at 0x7cc96ac48580>>)[0m
[0.175s] [34mcolcon.colcon_core.package_discovery[0m [1;30mLevel 1[0m discover_packages(colcon_meta) check parameters
[0.175s] [34mcolcon.colcon_core.package_discovery[0m [1;30mLevel 1[0m discover_packages(recursive) check parameters
[0.175s] [34mcolcon.colcon_core.package_discovery[0m [1;30mLevel 1[0m discover_packages(ignore) check parameters
[0.175s] [34mcolcon.colcon_core.package_discovery[0m [1;30mLevel 1[0m discover_packages(path) check parameters
[0.175s] [34mcolcon.colcon_core.package_discovery[0m [1;30mLevel 1[0m discover_packages(colcon_meta) discover
[0.175s] [34mcolcon.colcon_core.package_discovery[0m [1;30mLevel 1[0m discover_packages(recursive) discover
[0.175s] [34mcolcon.colcon_core.package_discovery[0m [1;30mINFO[0m Crawling recursively for packages in '/home/tharun/cognipilot/cranium'
[0.175s] [34mcolcon.colcon_core.package_identification[0m [1;30mLevel 1[0m _identify(.) by extensions ['ignore', 'ignore_ament_install']
[0.175s] [34mcolcon.colcon_core.package_identification[0m [1;30mLevel 1[0m _identify(.) by extension 'ignore'
[0.175s] [34mcolcon.colcon_core.package_identification[0m [1;30mLevel 1[0m _identify(.) by extension 'ignore_ament_install'
[0.175s] [34mcolcon.colcon_core.package_identification[0m [1;30mLevel 1[0m _identify(.) by extensions ['colcon_pkg']
[0.175s] [34mcolcon.colcon_core.package_identification[0m [1;30mLevel 1[0m _identify(.) by extension 'colcon_pkg'
[0.175s] [34mcolcon.colcon_core.package_identification[0m [1;30mLevel 1[0m _identify(.) by extensions ['colcon_meta']
[0.175s] [34mcolcon.colcon_core.package_identification[0m [1;30mLevel 1[0m _identify(.) by extension 'colcon_meta'
[0.175s] [34mcolcon.colcon_core.package_identification[0m [1;30mLevel 1[0m _identify(.) by extensions ['ros']
[0.175s] [34mcolcon.colcon_core.package_identification[0m [1;30mLevel 1[0m _identify(.) by extension 'ros'
[0.182s] [34mcolcon.colcon_core.package_identification[0m [1;30mLevel 1[0m _identify(.) by extensions ['cmake', 'python']
[0.182s] [34mcolcon.colcon_core.package_identification[0m [1;30mLevel 1[0m _identify(.) by extension 'cmake'
[0.182s] [34mcolcon.colcon_core.package_identification[0m [1;30mLevel 1[0m _identify(.) by extension 'python'
[0.182s] [34mcolcon.colcon_core.package_identification[0m [1;30mLevel 1[0m _identify(.) by extensions ['python_setup_py']
[0.182s] [34mcolcon.colcon_core.package_identification[0m [1;30mLevel 1[0m _identify(.) by extension 'python_setup_py'
[0.182s] [34mcolcon.colcon_core.package_identification[0m [1;30mLevel 1[0m _identify(NXP_CUP_INDIA_2026) by extensions ['ignore', 'ignore_ament_install']
[0.182s] [34mcolcon.colcon_core.package_identification[0m [1;30mLevel 1[0m _identify(NXP_CUP_INDIA_2026) by extension 'ignore'
[0.182s] [34mcolcon.colcon_core.package_identification[0m [1;30mLevel 1[0m _identify(NXP_CUP_INDIA_2026) by extension 'ignore_ament_install'
[0.182s] [34mcolcon.colcon_core.package_identification[0m [1;30mLevel 1[0m _identify(NXP_CUP_INDIA_2026) by extensions ['colcon_pkg']
[0.182s] [34mcolcon.colcon_core.package_identification[0m [1;30mLevel 1[0m _identify(NXP_CUP_INDIA_2026) by extension 'colcon_pkg'
[0.182s] [34mcolcon.colcon_core.package_identification[0m [1;30mLevel 1[0m _identify(NXP_CUP_INDIA_2026) by extensions ['colcon_meta']
[0.182s] [34mcolcon.colcon_core.package_identification[0m [1;30mLevel 1[0m _identify(NXP_CUP_INDIA_2026) by extension 'colcon_meta'
[0.182s] [34mcolcon.colcon_core.package_identification[0m [1;30mLevel 1[0m _identify(NXP_CUP_INDIA_2026) by extensions ['ros']
[0.183s] [34mcolcon.colcon_core.package_identification[0m [1;30mLevel 1[0m _identify(NXP_CUP_INDIA_2026) by extension 'ros'
[0.183s] [34mcolcon.colcon_core.package_identification[0m [1;30mLevel 1[0m _identify(NXP_CUP_INDIA_2026) by extensions ['cmake', 'python']
[0.183s] [34mcolcon.colcon_core.package_identification[0m [1;30mLevel 1[0m _identify(NXP_CUP_INDIA_2026) by extension 'cmake'
[0.183s] [34mcolcon.colcon_core.package_identification[0m [1;30mLevel 1[0m _identify(NXP_CUP_INDIA_2026) by extension 'python'
[0.183s] [34mcolcon.colcon_core.package_identification[0m [1;30mLevel 1[0m _identify(NXP_CUP_INDIA_2026) by extensions ['python_setup_py']
[0.183s] [34mcolcon.colcon_core.package_identification[0m [1;30mLevel 1[0m _identify(NXP_CUP_INDIA_2026) by extension 'python_setup_py'
[0.183s] [34mcolcon.colcon_core.package_identification[0m [1;30mLevel 1[0m _identify(build) by extensions ['ignore', 'ignore_ament_install']
[0.183s] [34mcolcon.colcon_core.package_identification[0m [1;30mLevel 1[0m _identify(build) by extension 'ignore'
[0.183s] [34mcolcon.colcon_core.package_identification[0m [1;30mLevel 1[0m _identify(build) ignored
[0.183s] [34mcolcon.colcon_core.package_identification[0m [1;30mLevel 1[0m _identify(created_model_NXPCUP_2026.v2-v1_yolov8) by extensions ['ignore', 'ignore_ament_install']
[0.183s] [34mcolcon.colcon_core.package_identification[0m [1;30mLevel 1[0m _identify(created_model_NXPCUP_2026.v2-v1_yolov8) by extension 'ignore'
[0.183s] [34mcolcon.colcon_core.package_identification[0m [1;30mLevel 1[0m _identify(created_model_NXPCUP_2026.v2-v1_yolov8) by extension 'ignore_ament_install'
[0.183s] [34mcolcon.colcon_core.package_identification[0m [1;30mLevel 1[0m _identify(created_model_NXPCUP_2026.v2-v1_yolov8) by extensions ['colcon_pkg']
[0.183s] [34mcolcon.colcon_core.package_identification[0m [1;30mLevel 1[0m _identify(created_model_NXPCUP_2026.v2-v1_yolov8) by extension 'colcon_pkg'
[0.183s] [34mcolcon.colcon_core.package_identification[0m [1;30mLevel 1[0m _identify(created_model_NXPCUP_2026.v2-v1_yolov8) by extensions ['colcon_meta']
[0.183s] [34mcolcon.colcon_core.package_identification[0m [1;30mLevel 1[0m _identify(created_model_NXPCUP_2026.v2-v1_yolov8) by extension 'colcon_meta'
[0.183s] [34mcolcon.colcon_core.package_identification[0m [1;30mLevel 1[0m _identify(created_model_NXPCUP_2026.v2-v1_yolov8) by extensions ['ros']
[0.183s] [34mcolcon.colcon_core.package_identification[0m [1;30mLevel 1[0m _identify(created_model_NXPCUP_2026.v2-v1_yolov8) by extension 'ros'
[0.183s] [34mcolcon.colcon_core.package_identification[0m [1;30mLevel 1[0m _identify(created_model_NXPCUP_2026.v2-v1_yolov8) by extensions ['cmake', 'python']
[0.183s] [34mcolcon.colcon_core.package_identification[0m [1;30mLevel 1[0m _identify(created_model_NXPCUP_2026.v2-v1_yolov8) by extension 'cmake'
[0.183s] [34mcolcon.colcon_core.package_identification[0m [1;30mLevel 1[0m _identify(created_model_NXPCUP_2026.v2-v1_yolov8) by extension 'python'
[0.183s] [34mcolcon.colcon_core.package_identification[0m [1;30mLevel 1[0m _identify(created_model_NXPCUP_2026.v2-v1_yolov8) by extensions ['python_setup_py']
[0.183s] [34mcolcon.colcon_core.package_identification[0m [1;30mLevel 1[0m _identify(created_model_NXPCUP_2026.v2-v1_yolov8) by extension 'python_setup_py'
[0.183s] [34mcolcon.colcon_core.package_identification[0m [1;30mLevel 1[0m _identify(created_model_NXPCUP_2026.v2-v1_yolov8/content) by extensions ['ignore', 'ignore_ament_install']
[0.183s] [34mcolcon.colcon_core.package_identification[0m [1;30mLevel 1[0m _identify(created_model_NXPCUP_2026.v2-v1_yolov8/content) by extension 'ignore'
[0.183s] [34mcolcon.colcon_core.package_identification[0m [1;30mLevel 1[0m _identify(created_model_NXPCUP_2026.v2-v1_yolov8/content) by extension 'ignore_ament_install'
[0.183s] [34mcolcon.colcon_core.package_identification[0m [1;30mLevel 1[0m _identify(created_model_NXPCUP_2026.v2-v1_yolov8/content) by extensions ['colcon_pkg']
[0.183s] [34mcolcon.colcon_core.package_identification[0m [1;30mLevel 1[0m _identify(created_model_NXPCUP_2026.v2-v1_yolov8/content) by extension 'colcon_pkg'
[0.183s] [34mcolcon.colcon_core.package_identification[0m [1;30mLevel 1[0m _identify(created_model_NXPCUP_2026.v2-v1_yolov8/content) by extensions ['colcon_meta']
[0.183s] [34mcolcon.colcon_core.package_identification[0m [1;30mLevel 1[0m _identify(created_model_NXPCUP_2026.v2-v1_yolov8/content) by extension 'colcon_meta'
[0.183s] [34mcolcon.colcon_core.package_identification[0m [1;30mLevel 1[0m _identify(created_model_NXPCUP_2026.v2-v1_yolov8/content) by extensions ['ros']
[0.183s] [34mcolcon.colcon_core.package_identification[0m [1;30mLevel 1[0m _identify(created_model_NXPCUP_2026.v2-v1_yolov8/content) by extension 'ros'
[0.183s] [34mcolcon.colcon_core.package_identification[0m [1;30mLevel 1[0m _identify(created_model_NXPCUP_2026.v2-v1_yolov8/content) by extensions ['cmake', 'python']
[0.183s] [34mcolcon.colcon_core.package_identification[0m [1;30mLevel 1[0m _identify(created_model_NXPCUP_2026.v2-v1_yolov8/content) by extension 'cmake'
[0.183s] [34mcolcon.colcon_core.package_identification[0m [1;30mLevel 1[0m _identify(created_model_NXPCUP_2026.v2-v1_yolov8/content) by extension 'python'
[0.183s] [34mcolcon.colcon_core.package_identification[0m [1;30mLevel 1[0m _identify(created_model_NXPCUP_2026.v2-v1_yolov8/content) by extensions ['python_setup_py']
[0.183s] [34mcolcon.colcon_core.package_identification[0m [1;30mLevel 1[0m _identify(created_model_NXPCUP_2026.v2-v1_yolov8/content) by extension 'python_setup_py'
[0.184s] [34mcolcon.colcon_core.package_identification[0m [1;30mLevel 1[0m _identify(created_model_NXPCUP_2026.v2-v1_yolov8/content/NXPCUP_2026.v2-v1_a.yolov8) by extensions ['ignore', 'ignore_ament_install']
[0.184s] [34mcolcon.colcon_core.package_identification[0m [1;30mLevel 1[0m _identify(created_model_NXPCUP_2026.v2-v1_yolov8/content/NXPCUP_2026.v2-v1_a.yolov8) by extension 'ignore'
[0.184s] [34mcolcon.colcon_core.package_identification[0m [1;30mLevel 1[0m _identify(created_model_NXPCUP_2026.v2-v1_yolov8/content/NXPCUP_2026.v2-v1_a.yolov8) by extension 'ignore_ament_install'
[0.184s] [34mcolcon.colcon_core.package_identification[0m [1;30mLevel 1[0m _identify(created_model_NXPCUP_2026.v2-v1_yolov8/content/NXPCUP_2026.v2-v1_a.yolov8) by extensions ['colcon_pkg']
[0.184s] [34mcolcon.colcon_core.package_identification[0m [1;30mLevel 1[0m _identify(created_model_NXPCUP_2026.v2-v1_yolov8/content/NXPCUP_2026.v2-v1_a.yolov8) by extension 'colcon_pkg'
[0.184s] [34mcolcon.colcon_core.package_identification[0m [1;30mLevel 1[0m _identify(created_model_NXPCUP_2026.v2-v1_yolov8/content/NXPCUP_2026.v2-v1_a.yolov8) by extensions ['colcon_meta']
[0.184s] [34mcolcon.colcon_core.package_identification[0m [1;30mLevel 1[0m _identify(created_model_NXPCUP_2026.v2-v1_yolov8/content/NXPCUP_2026.v2-v1_a.yolov8) by extension 'colcon_meta'
[0.184s] [34mcolcon.colcon_core.package_identification[0m [1;30mLevel 1[0m _identify(created_model_NXPCUP_2026.v2-v1_yolov8/content/NXPCUP_2026.v2-v1_a.yolov8) by extensions ['ros']
[0.184s] [34mcolcon.colcon_core.package_identification[0m [1;30mLevel 1[0m _identify(created_model_NXPCUP_2026.v2-v1_yolov8/content/NXPCUP_2026.v2-v1_a.yolov8) by extension 'ros'
[0.184s] [34mcolcon.colcon_core.package_identification[0m [1;30mLevel 1[0m _identify(created_model_NXPCUP_2026.v2-v1_yolov8/content/NXPCUP_2026.v2-v1_a.yolov8) by extensions ['cmake', 'python']
[0.184s] [34mcolcon.colcon_core.package_identification[0m [1;30mLevel 1[0m _identify(created_model_NXPCUP_2026.v2-v1_yolov8/content/NXPCUP_2026.v2-v1_a.yolov8) by extension 'cmake'
[0.184s] [34mcolcon.colcon_core.package_identification[0m [1;30mLevel 1[0m _identify(created_model_NXPCUP_2026.v2-v1_yolov8/content/NXPCUP_2026.v2-v1_a.yolov8) by extension 'python'
[0.184s] [34mcolcon.colcon_core.package_identification[0m [1;30mLevel 1[0m _identify(created_model_NXPCUP_2026.v2-v1_yolov8/content/NXPCUP_2026.v2-v1_a.yolov8) by extensions ['python_setup_py']
[0.184s] [34mcolcon.colcon_core.package_identification[0m [1;30mLevel 1[0m _identify(created_model_NXPCUP_2026.v2-v1_yolov8/content/NXPCUP_2026.v2-v1_a.yolov8) by extension 'python_setup_py'
[0.184s] [34mcolcon.colcon_core.package_identification[0m [1;30mLevel 1[0m _identify(created_model_NXPCUP_2026.v2-v1_yolov8/content/NXPCUP_2026.v2-v1_a.yolov8/configs) by extensions ['ignore', 'ignore_ament_install']
[0.184s] [34mcolcon.colcon_core.package_identification[0m [1;30mLevel 1[0m _identify(created_model_NXPCUP_2026.v2-v1_yolov8/content/NXPCUP_2026.v2-v1_a.yolov8/configs) by extension 'ignore'
[0.184s] [34mcolcon.colcon_core.package_identification[0m [1;30mLevel 1[0m _identify(created_model_NXPCUP_2026.v2-v1_yolov8/content/NXPCUP_2026.v2-v1_a.yolov8/configs) by extension 'ignore_ament_install'
[0.184s] [34mcolcon.colcon_core.package_identification[0m [1;30mLevel 1[0m _identify(created_model_NXPCUP_2026.v2-v1_yolov8/content/NXPCUP_2026.v2-v1_a.yolov8/configs) by extensions ['colcon_pkg']
[0.184s] [34mcolcon.colcon_core.package_identification[0m [1;30mLevel 1[0m _identify(created_model_NXPCUP_2026.v2-v1_yolov8/content/NXPCUP_2026.v2-v1_a.yolov8/configs) by extension 'colcon_pkg'
[0.184s] [34mcolcon.colcon_core.package_identification[0m [1;30mLevel 1[0m _identify(created_model_NXPCUP_2026.v2-v1_yolov8/content/NXPCUP_2026.v2-v1_a.yolov8/configs) by extensions ['colcon_meta']
[0.184s] [34mcolcon.colcon_core.package_identification[0m [1;30mLevel 1[0m _identify(created_model_NXPCUP_2026.v2-v1_yolov8/content/NXPCUP_2026.v2-v1_a.yolov8/configs) by extension 'colcon_meta'
[0.184s] [34mcolcon.colcon_core.package_identification[0m [1;30mLevel 1[0m _identify(created_model_NXPCUP_2026.v2-v1_yolov8/content/NXPCUP_2026.v2-v1_a.yolov8/configs) by extensions ['ros']
[0.184s] [34mcolcon.colcon_core.package_identification[0m [1;30mLevel 1[0m _identify(created_model_NXPCUP_2026.v2-v1_yolov8/content/NXPCUP_2026.v2-v1_a.yolov8/configs) by extension 'ros'
[0.184s] [34mcolcon.colcon_core.package_identification[0m [1;30mLevel 1[0m _identify(created_model_NXPCUP_2026.v2-v1_yolov8/content/NXPCUP_2026.v2-v1_a.yolov8/configs) by extensions ['cmake', 'python']
[0.184s] [34mcolcon.colcon_core.package_identification[0m [1;30mLevel 1[0m _identify(created_model_NXPCUP_2026.v2-v1_yolov8/content/NXPCUP_2026.v2-v1_a.yolov8/configs) by extension 'cmake'
[0.184s] [34mcolcon.colcon_core.package_identification[0m [1;30mLevel 1[0m _identify(created_model_NXPCUP_2026.v2-v1_yolov8/content/NXPCUP_2026.v2-v1_a.yolov8/configs) by extension 'python'
[0.184s] [34mcolcon.colcon_core.package_identification[0m [1;30mLevel 1[0m _identify(created_model_NXPCUP_2026.v2-v1_yolov8/content/NXPCUP_2026.v2-v1_a.yolov8/configs) by extensions ['python_setup_py']
[0.184s] [34mcolcon.colcon_core.package_identification[0m [1;30mLevel 1[0m _identify(created_model_NXPCUP_2026.v2-v1_yolov8/content/NXPCUP_2026.v2-v1_a.yolov8/configs) by extension 'python_setup_py'
[0.184s] [34mcolcon.colcon_core.package_identification[0m [1;30mLevel 1[0m _identify(created_model_NXPCUP_2026.v2-v1_yolov8/content/NXPCUP_2026.v2-v1_a.yolov8/docs) by extensions ['ignore', 'ignore_ament_install']
[0.184s] [34mcolcon.colcon_core.package_identification[0m [1;30mLevel 1[0m _identify(created_model_NXPCUP_2026.v2-v1_yolov8/content/NXPCUP_2026.v2-v1_a.yolov8/docs) by extension 'ignore'
[0.184s] [34mcolcon.colcon_core.package_identification[0m [1;30mLevel 1[0m _identify(created_model_NXPCUP_2026.v2-v1_yolov8/content/NXPCUP_2026.v2-v1_a.yolov8/docs) by extension 'ignore_ament_install'
[0.184s] [34mcolcon.colcon_core.package_identification[0m [1;30mLevel 1[0m _identify(created_model_NXPCUP_2026.v2-v1_yolov8/content/NXPCUP_2026.v2-v1_a.yolov8/docs) by extensions ['colcon_pkg']
[0.184s] [34mcolcon.colcon_core.package_identification[0m [1;30mLevel 1[0m _identify(created_model_NXPCUP_2026.v2-v1_yolov8/content/NXPCUP_2026.v2-v1_a.yolov8/docs) by extension 'colcon_pkg'
[0.184s] [34mcolcon.colcon_core.package_identification[0m [1;30mLevel 1[0m _identify(created_model_NXPCUP_2026.v2-v1_yolov8/content/NXPCUP_2026.v2-v1_a.yolov8/docs) by extensions ['colcon_meta']
[0.184s] [34mcolcon.colcon_core.package_identification[0m [1;30mLevel 1[0m _identify(created_model_NXPCUP_2026.v2-v1_yolov8/content/NXPCUP_2026.v2-v1_a.yolov8/docs) by extension 'colcon_meta'
[0.184s] [34mcolcon.colcon_core.package_identification[0m [1;30mLevel 1[0m _identify(created_model_NXPCUP_2026.v2-v1_yolov8/content/NXPCUP_2026.v2-v1_a.yolov8/docs) by extensions ['ros']
[0.184s] [34mcolcon.colcon_core.package_identification[0m [1;30mLevel 1[0m _identify(created_model_NXPCUP_2026.v2-v1_yolov8/content/NXPCUP_2026.v2-v1_a.yolov8/docs) by extension 'ros'
[0.184s] [34mcolcon.colcon_core.package_identification[0m [1;30mLevel 1[0m _identify(created_model_NXPCUP_2026.v2-v1_yolov8/content/NXPCUP_2026.v2-v1_a.yolov8/docs) by extensions ['cmake', 'python']
[0.185s] [34mcolcon.colcon_core.package_identification[0m [1;30mLevel 1[0m _identify(created_model_NXPCUP_2026.v2-v1_yolov8/content/NXPCUP_2026.v2-v1_a.yolov8/docs) by extension 'cmake'
[0.185s] [34mcolcon.colcon_core.package_identification[0m [1;30mLevel 1[0m _identify(created_model_NXPCUP_2026.v2-v1_yolov8/content/NXPCUP_2026.v2-v1_a.yolov8/docs) by extension 'python'
[0.185s] [34mcolcon.colcon_core.package_identification[0m [1;30mLevel 1[0m _identify(created_model_NXPCUP_2026.v2-v1_yolov8/content/NXPCUP_2026.v2-v1_a.yolov8/docs) by extensions ['python_setup_py']
[0.185s] [34mcolcon.colcon_core.package_identification[0m [1;30mLevel 1[0m _identify(created_model_NXPCUP_2026.v2-v1_yolov8/content/NXPCUP_2026.v2-v1_a.yolov8/docs) by extension 'python_setup_py'
[0.185s] [34mcolcon.colcon_core.package_identification[0m [1;30mLevel 1[0m _identify(created_model_NXPCUP_2026.v2-v1_yolov8/content/NXPCUP_2026.v2-v1_a.yolov8/exports) by extensions ['ignore', 'ignore_ament_install']
[0.185s] [34mcolcon.colcon_core.package_identification[0m [1;30mLevel 1[0m _identify(created_model_NXPCUP_2026.v2-v1_yolov8/content/NXPCUP_2026.v2-v1_a.yolov8/exports) by extension 'ignore'
[0.185s] [34mcolcon.colcon_core.package_identification[0m [1;30mLevel 1[0m _identify(created_model_NXPCUP_2026.v2-v1_yolov8/content/NXPCUP_2026.v2-v1_a.yolov8/exports) by extension 'ignore_ament_install'
[0.185s] [34mcolcon.colcon_core.package_identification[0m [1;30mLevel 1[0m _identify(created_model_NXPCUP_2026.v2-v1_yolov8/content/NXPCUP_2026.v2-v1_a.yolov8/exports) by extensions ['colcon_pkg']
[0.185s] [34mcolcon.colcon_core.package_identification[0m [1;30mLevel 1[0m _identify(created_model_NXPCUP_2026.v2-v1_yolov8/content/NXPCUP_2026.v2-v1_a.yolov8/exports) by extension 'colcon_pkg'
[0.185s] [34mcolcon.colcon_core.package_identification[0m [1;30mLevel 1[0m _identify(created_model_NXPCUP_2026.v2-v1_yolov8/content/NXPCUP_2026.v2-v1_a.yolov8/exports) by extensions ['colcon_meta']
[0.185s] [34mcolcon.colcon_core.package_identification[0m [1;30mLevel 1[0m _identify(created_model_NXPCUP_2026.v2-v1_yolov8/content/NXPCUP_2026.v2-v1_a.yolov8/exports) by extension 'colcon_meta'
[0.185s] [34mcolcon.colcon_core.package_identification[0m [1;30mLevel 1[0m _identify(created_model_NXPCUP_2026.v2-v1_yolov8/content/NXPCUP_2026.v2-v1_a.yolov8/exports) by extensions ['ros']
[0.185s] [34mcolcon.colcon_core.package_identification[0m [1;30mLevel 1[0m _identify(created_model_NXPCUP_2026.v2-v1_yolov8/content/NXPCUP_2026.v2-v1_a.yolov8/exports) by extension 'ros'
[0.185s] [34mcolcon.colcon_core.package_identification[0m [1;30mLevel 1[0m _identify(created_model_NXPCUP_2026.v2-v1_yolov8/content/NXPCUP_2026.v2-v1_a.yolov8/exports) by extensions ['cmake', 'python']
[0.185s] [34mcolcon.colcon_core.package_identification[0m [1;30mLevel 1[0m _identify(created_model_NXPCUP_2026.v2-v1_yolov8/content/NXPCUP_2026.v2-v1_a.yolov8/exports) by extension 'cmake'
[0.185s] [34mcolcon.colcon_core.package_identification[0m [1;30mLevel 1[0m _identify(created_model_NXPCUP_2026.v2-v1_yolov8/content/NXPCUP_2026.v2-v1_a.yolov8/exports) by extension 'python'
[0.185s] [34mcolcon.colcon_core.package_identification[0m [1;30mLevel 1[0m _identify(created_model_NXPCUP_2026.v2-v1_yolov8/content/NXPCUP_2026.v2-v1_a.yolov8/exports) by extensions ['python_setup_py']
[0.185s] [34mcolcon.colcon_core.package_identification[0m [1;30mLevel 1[0m _identify(created_model_NXPCUP_2026.v2-v1_yolov8/content/NXPCUP_2026.v2-v1_a.yolov8/exports) by extension 'python_setup_py'
[0.185s] [34mcolcon.colcon_core.package_identification[0m [1;30mLevel 1[0m _identify(created_model_NXPCUP_2026.v2-v1_yolov8/content/NXPCUP_2026.v2-v1_a.yolov8/inference) by extensions ['ignore', 'ignore_ament_install']
[0.185s] [34mcolcon.colcon_core.package_identification[0m [1;30mLevel 1[0m _identify(created_model_NXPCUP_2026.v2-v1_yolov8/content/NXPCUP_2026.v2-v1_a.yolov8/inference) by extension 'ignore'
[0.185s] [34mcolcon.colcon_core.package_identification[0m [1;30mLevel 1[0m _identify(created_model_NXPCUP_2026.v2-v1_yolov8/content/NXPCUP_2026.v2-v1_a.yolov8/inference) by extension 'ignore_ament_install'
[0.185s] [34mcolcon.colcon_core.package_identification[0m [1;30mLevel 1[0m _identify(created_model_NXPCUP_2026.v2-v1_yolov8/content/NXPCUP_2026.v2-v1_a.yolov8/inference) by extensions ['colcon_pkg']
[0.185s] [34mcolcon.colcon_core.package_identification[0m [1;30mLevel 1[0m _identify(created_model_NXPCUP_2026.v2-v1_yolov8/content/NXPCUP_2026.v2-v1_a.yolov8/inference) by extension 'colcon_pkg'
[0.185s] [34mcolcon.colcon_core.package_identification[0m [1;30mLevel 1[0m _identify(created_model_NXPCUP_2026.v2-v1_yolov8/content/NXPCUP_2026.v2-v1_a.yolov8/inference) by extensions ['colcon_meta']
[0.185s] [34mcolcon.colcon_core.package_identification[0m [1;30mLevel 1[0m _identify(created_model_NXPCUP_2026.v2-v1_yolov8/content/NXPCUP_2026.v2-v1_a.yolov8/inference) by extension 'colcon_meta'
[0.185s] [34mcolcon.colcon_core.package_identification[0m [1;30mLevel 1[0m _identify(created_model_NXPCUP_2026.v2-v1_yolov8/content/NXPCUP_2026.v2-v1_a.yolov8/inference) by extensions ['ros']
[0.185s] [34mcolcon.colcon_core.package_identification[0m [1;30mLevel 1[0m _identify(created_model_NXPCUP_2026.v2-v1_yolov8/content/NXPCUP_2026.v2-v1_a.yolov8/inference) by extension 'ros'
[0.185s] [34mcolcon.colcon_core.package_identification[0m [1;30mLevel 1[0m _identify(created_model_NXPCUP_2026.v2-v1_yolov8/content/NXPCUP_2026.v2-v1_a.yolov8/inference) by extensions ['cmake', 'python']
[0.185s] [34mcolcon.colcon_core.package_identification[0m [1;30mLevel 1[0m _identify(created_model_NXPCUP_2026.v2-v1_yolov8/content/NXPCUP_2026.v2-v1_a.yolov8/inference) by extension 'cmake'
[0.185s] [34mcolcon.colcon_core.package_identification[0m [1;30mLevel 1[0m _identify(created_model_NXPCUP_2026.v2-v1_yolov8/content/NXPCUP_2026.v2-v1_a.yolov8/inference) by extension 'python'
[0.185s] [34mcolcon.colcon_core.package_identification[0m [1;30mLevel 1[0m _identify(created_model_NXPCUP_2026.v2-v1_yolov8/content/NXPCUP_2026.v2-v1_a.yolov8/inference) by extensions ['python_setup_py']
[0.185s] [34mcolcon.colcon_core.package_identification[0m [1;30mLevel 1[0m _identify(created_model_NXPCUP_2026.v2-v1_yolov8/content/NXPCUP_2026.v2-v1_a.yolov8/inference) by extension 'python_setup_py'
[0.185s] [34mcolcon.colcon_core.package_identification[0m [1;30mLevel 1[0m _identify(created_model_NXPCUP_2026.v2-v1_yolov8/content/NXPCUP_2026.v2-v1_a.yolov8/logs) by extensions ['ignore', 'ignore_ament_install']
[0.185s] [34mcolcon.colcon_core.package_identification[0m [1;30mLevel 1[0m _identify(created_model_NXPCUP_2026.v2-v1_yolov8/content/NXPCUP_2026.v2-v1_a.yolov8/logs) by extension 'ignore'
[0.185s] [34mcolcon.colcon_core.package_identification[0m [1;30mLevel 1[0m _identify(created_model_NXPCUP_2026.v2-v1_yolov8/content/NXPCUP_2026.v2-v1_a.yolov8/logs) by extension 'ignore_ament_install'
[0.185s] [34mcolcon.colcon_core.package_identification[0m [1;30mLevel 1[0m _identify(created_model_NXPCUP_2026.v2-v1_yolov8/content/NXPCUP_2026.v2-v1_a.yolov8/logs) by extensions ['colcon_pkg']
[0.185s] [34mcolcon.colcon_core.package_identification[0m [1;30mLevel 1[0m _identify(created_model_NXPCUP_2026.v2-v1_yolov8/content/NXPCUP_2026.v2-v1_a.yolov8/logs) by extension 'colcon_pkg'
[0.185s] [34mcolcon.colcon_core.package_identification[0m [1;30mLevel 1[0m _identify(created_model_NXPCUP_2026.v2-v1_yolov8/content/NXPCUP_2026.v2-v1_a.yolov8/logs) by extensions ['colcon_meta']
[0.185s] [34mcolcon.colcon_core.package_identification[0m [1;30mLevel 1[0m _identify(created_model_NXPCUP_2026.v2-v1_yolov8/content/NXPCUP_2026.v2-v1_a.yolov8/logs) by extension 'colcon_meta'
[0.186s] [34mcolcon.colcon_core.package_identification[0m [1;30mLevel 1[0m _identify(created_model_NXPCUP_2026.v2-v1_yolov8/content/NXPCUP_2026.v2-v1_a.yolov8/logs) by extensions ['ros']
[0.186s] [34mcolcon.colcon_core.package_identification[0m [1;30mLevel 1[0m _identify(created_model_NXPCUP_2026.v2-v1_yolov8/content/NXPCUP_2026.v2-v1_a.yolov8/logs) by extension 'ros'
[0.186s] [34mcolcon.colcon_core.package_identification[0m [1;30mLevel 1[0m _identify(created_model_NXPCUP_2026.v2-v1_yolov8/content/NXPCUP_2026.v2-v1_a.yolov8/logs) by extensions ['cmake', 'python']
[0.186s] [34mcolcon.colcon_core.package_identification[0m [1;30mLevel 1[0m _identify(created_model_NXPCUP_2026.v2-v1_yolov8/content/NXPCUP_2026.v2-v1_a.yolov8/logs) by extension 'cmake'
[0.186s] [34mcolcon.colcon_core.package_identification[0m [1;30mLevel 1[0m _identify(created_model_NXPCUP_2026.v2-v1_yolov8/content/NXPCUP_2026.v2-v1_a.yolov8/logs) by extension 'python'
[0.186s] [34mcolcon.colcon_core.package_identification[0m [1;30mLevel 1[0m _identify(created_model_NXPCUP_2026.v2-v1_yolov8/content/NXPCUP_2026.v2-v1_a.yolov8/logs) by extensions ['python_setup_py']
[0.186s] [34mcolcon.colcon_core.package_identification[0m [1;30mLevel 1[0m _identify(created_model_NXPCUP_2026.v2-v1_yolov8/content/NXPCUP_2026.v2-v1_a.yolov8/logs) by extension 'python_setup_py'
[0.186s] [34mcolcon.colcon_core.package_identification[0m [1;30mLevel 1[0m _identify(created_model_NXPCUP_2026.v2-v1_yolov8/content/NXPCUP_2026.v2-v1_a.yolov8/models) by extensions ['ignore', 'ignore_ament_install']
[0.186s] [34mcolcon.colcon_core.package_identification[0m [1;30mLevel 1[0m _identify(created_model_NXPCUP_2026.v2-v1_yolov8/content/NXPCUP_2026.v2-v1_a.yolov8/models) by extension 'ignore'
[0.186s] [34mcolcon.colcon_core.package_identification[0m [1;30mLevel 1[0m _identify(created_model_NXPCUP_2026.v2-v1_yolov8/content/NXPCUP_2026.v2-v1_a.yolov8/models) by extension 'ignore_ament_install'
[0.186s] [34mcolcon.colcon_core.package_identification[0m [1;30mLevel 1[0m _identify(created_model_NXPCUP_2026.v2-v1_yolov8/content/NXPCUP_2026.v2-v1_a.yolov8/models) by extensions ['colcon_pkg']
[0.186s] [34mcolcon.colcon_core.package_identification[0m [1;30mLevel 1[0m _identify(created_model_NXPCUP_2026.v2-v1_yolov8/content/NXPCUP_2026.v2-v1_a.yolov8/models) by extension 'colcon_pkg'
[0.186s] [34mcolcon.colcon_core.package_identification[0m [1;30mLevel 1[0m _identify(created_model_NXPCUP_2026.v2-v1_yolov8/content/NXPCUP_2026.v2-v1_a.yolov8/models) by extensions ['colcon_meta']
[0.186s] [34mcolcon.colcon_core.package_identification[0m [1;30mLevel 1[0m _identify(created_model_NXPCUP_2026.v2-v1_yolov8/content/NXPCUP_2026.v2-v1_a.yolov8/models) by extension 'colcon_meta'
[0.186s] [34mcolcon.colcon_core.package_identification[0m [1;30mLevel 1[0m _identify(created_model_NXPCUP_2026.v2-v1_yolov8/content/NXPCUP_2026.v2-v1_a.yolov8/models) by extensions ['ros']
[0.186s] [34mcolcon.colcon_core.package_identification[0m [1;30mLevel 1[0m _identify(created_model_NXPCUP_2026.v2-v1_yolov8/content/NXPCUP_2026.v2-v1_a.yolov8/models) by extension 'ros'
[0.186s] [34mcolcon.colcon_core.package_identification[0m [1;30mLevel 1[0m _identify(created_model_NXPCUP_2026.v2-v1_yolov8/content/NXPCUP_2026.v2-v1_a.yolov8/models) by extensions ['cmake', 'python']
[0.186s] [34mcolcon.colcon_core.package_identification[0m [1;30mLevel 1[0m _identify(created_model_NXPCUP_2026.v2-v1_yolov8/content/NXPCUP_2026.v2-v1_a.yolov8/models) by extension 'cmake'
[0.186s] [34mcolcon.colcon_core.package_identification[0m [1;30mLevel 1[0m _identify(created_model_NXPCUP_2026.v2-v1_yolov8/content/NXPCUP_2026.v2-v1_a.yolov8/models) by extension 'python'
[0.186s] [34mcolcon.colcon_core.package_identification[0m [1;30mLevel 1[0m _identify(created_model_NXPCUP_2026.v2-v1_yolov8/content/NXPCUP_2026.v2-v1_a.yolov8/models) by extensions ['python_setup_py']
[0.186s] [34mcolcon.colcon_core.package_identification[0m [1;30mLevel 1[0m _identify(created_model_NXPCUP_2026.v2-v1_yolov8/content/NXPCUP_2026.v2-v1_a.yolov8/models) by extension 'python_setup_py'
[0.186s] [34mcolcon.colcon_core.package_identification[0m [1;30mLevel 1[0m _identify(created_model_NXPCUP_2026.v2-v1_yolov8/content/NXPCUP_2026.v2-v1_a.yolov8/new) by extensions ['ignore', 'ignore_ament_install']
[0.186s] [34mcolcon.colcon_core.package_identification[0m [1;30mLevel 1[0m _identify(created_model_NXPCUP_2026.v2-v1_yolov8/content/NXPCUP_2026.v2-v1_a.yolov8/new) by extension 'ignore'
[0.186s] [34mcolcon.colcon_core.package_identification[0m [1;30mLevel 1[0m _identify(created_model_NXPCUP_2026.v2-v1_yolov8/content/NXPCUP_2026.v2-v1_a.yolov8/new) by extension 'ignore_ament_install'
[0.186s] [34mcolcon.colcon_core.package_identification[0m [1;30mLevel 1[0m _identify(created_model_NXPCUP_2026.v2-v1_yolov8/content/NXPCUP_2026.v2-v1_a.yolov8/new) by extensions ['colcon_pkg']
[0.186s] [34mcolcon.colcon_core.package_identification[0m [1;30mLevel 1[0m _identify(created_model_NXPCUP_2026.v2-v1_yolov8/content/NXPCUP_2026.v2-v1_a.yolov8/new) by extension 'colcon_pkg'
[0.186s] [34mcolcon.colcon_core.package_identification[0m [1;30mLevel 1[0m _identify(created_model_NXPCUP_2026.v2-v1_yolov8/content/NXPCUP_2026.v2-v1_a.yolov8/new) by extensions ['colcon_meta']
[0.186s] [34mcolcon.colcon_core.package_identification[0m [1;30mLevel 1[0m _identify(created_model_NXPCUP_2026.v2-v1_yolov8/content/NXPCUP_2026.v2-v1_a.yolov8/new) by extension 'colcon_meta'
[0.186s] [34mcolcon.colcon_core.package_identification[0m [1;30mLevel 1[0m _identify(created_model_NXPCUP_2026.v2-v1_yolov8/content/NXPCUP_2026.v2-v1_a.yolov8/new) by extensions ['ros']
[0.186s] [34mcolcon.colcon_core.package_identification[0m [1;30mLevel 1[0m _identify(created_model_NXPCUP_2026.v2-v1_yolov8/content/NXPCUP_2026.v2-v1_a.yolov8/new) by extension 'ros'
[0.186s] [34mcolcon.colcon_core.package_identification[0m [1;30mLevel 1[0m _identify(created_model_NXPCUP_2026.v2-v1_yolov8/content/NXPCUP_2026.v2-v1_a.yolov8/new) by extensions ['cmake', 'python']
[0.186s] [34mcolcon.colcon_core.package_identification[0m [1;30mLevel 1[0m _identify(created_model_NXPCUP_2026.v2-v1_yolov8/content/NXPCUP_2026.v2-v1_a.yolov8/new) by extension 'cmake'
[0.186s] [34mcolcon.colcon_core.package_identification[0m [1;30mLevel 1[0m _identify(created_model_NXPCUP_2026.v2-v1_yolov8/content/NXPCUP_2026.v2-v1_a.yolov8/new) by extension 'python'
[0.186s] [34mcolcon.colcon_core.package_identification[0m [1;30mLevel 1[0m _identify(created_model_NXPCUP_2026.v2-v1_yolov8/content/NXPCUP_2026.v2-v1_a.yolov8/new) by extensions ['python_setup_py']
[0.186s] [34mcolcon.colcon_core.package_identification[0m [1;30mLevel 1[0m _identify(created_model_NXPCUP_2026.v2-v1_yolov8/content/NXPCUP_2026.v2-v1_a.yolov8/new) by extension 'python_setup_py'
[0.186s] [34mcolcon.colcon_core.package_identification[0m [1;30mLevel 1[0m _identify(created_model_NXPCUP_2026.v2-v1_yolov8/content/NXPCUP_2026.v2-v1_a.yolov8/new/best) by extensions ['ignore', 'ignore_ament_install']
[0.186s] [34mcolcon.colcon_core.package_identification[0m [1;30mLevel 1[0m _identify(created_model_NXPCUP_2026.v2-v1_yolov8/content/NXPCUP_2026.v2-v1_a.yolov8/new/best) by extension 'ignore'
[0.186s] [34mcolcon.colcon_core.package_identification[0m [1;30mLevel 1[0m _identify(created_model_NXPCUP_2026.v2-v1_yolov8/content/NXPCUP_2026.v2-v1_a.yolov8/new/best) by extension 'ignore_ament_install'
[0.187s] [34mcolcon.colcon_core.package_identification[0m [1;30mLevel 1[0m _identify(created_model_NXPCUP_2026.v2-v1_yolov8/content/NXPCUP_2026.v2-v1_a.yolov8/new/best) by extensions ['colcon_pkg']
[0.187s] [34mcolcon.colcon_core.package_identification[0m [1;30mLevel 1[0m _identify(created_model_NXPCUP_2026.v2-v1_yolov8/content/NXPCUP_2026.v2-v1_a.yolov8/new/best) by extension 'colcon_pkg'
[0.187s] [34mcolcon.colcon_core.package_identification[0m [1;30mLevel 1[0m _identify(created_model_NXPCUP_2026.v2-v1_yolov8/content/NXPCUP_2026.v2-v1_a.yolov8/new/best) by extensions ['colcon_meta']
[0.187s] [34mcolcon.colcon_core.package_identification[0m [1;30mLevel 1[0m _identify(created_model_NXPCUP_2026.v2-v1_yolov8/content/NXPCUP_2026.v2-v1_a.yolov8/new/best) by extension 'colcon_meta'
[0.187s] [34mcolcon.colcon_core.package_identification[0m [1;30mLevel 1[0m _identify(created_model_NXPCUP_2026.v2-v1_yolov8/content/NXPCUP_2026.v2-v1_a.yolov8/new/best) by extensions ['ros']
[0.187s] [34mcolcon.colcon_core.package_identification[0m [1;30mLevel 1[0m _identify(created_model_NXPCUP_2026.v2-v1_yolov8/content/NXPCUP_2026.v2-v1_a.yolov8/new/best) by extension 'ros'
[0.187s] [34mcolcon.colcon_core.package_identification[0m [1;30mLevel 1[0m _identify(created_model_NXPCUP_2026.v2-v1_yolov8/content/NXPCUP_2026.v2-v1_a.yolov8/new/best) by extensions ['cmake', 'python']
[0.187s] [34mcolcon.colcon_core.package_identification[0m [1;30mLevel 1[0m _identify(created_model_NXPCUP_2026.v2-v1_yolov8/content/NXPCUP_2026.v2-v1_a.yolov8/new/best) by extension 'cmake'
[0.187s] [34mcolcon.colcon_core.package_identification[0m [1;30mLevel 1[0m _identify(created_model_NXPCUP_2026.v2-v1_yolov8/content/NXPCUP_2026.v2-v1_a.yolov8/new/best) by extension 'python'
[0.187s] [34mcolcon.colcon_core.package_identification[0m [1;30mLevel 1[0m _identify(created_model_NXPCUP_2026.v2-v1_yolov8/content/NXPCUP_2026.v2-v1_a.yolov8/new/best) by extensions ['python_setup_py']
[0.187s] [34mcolcon.colcon_core.package_identification[0m [1;30mLevel 1[0m _identify(created_model_NXPCUP_2026.v2-v1_yolov8/content/NXPCUP_2026.v2-v1_a.yolov8/new/best) by extension 'python_setup_py'
[0.187s] [34mcolcon.colcon_core.package_identification[0m [1;30mLevel 1[0m _identify(created_model_NXPCUP_2026.v2-v1_yolov8/content/NXPCUP_2026.v2-v1_a.yolov8/new/best/data) by extensions ['ignore', 'ignore_ament_install']
[0.187s] [34mcolcon.colcon_core.package_identification[0m [1;30mLevel 1[0m _identify(created_model_NXPCUP_2026.v2-v1_yolov8/content/NXPCUP_2026.v2-v1_a.yolov8/new/best/data) by extension 'ignore'
[0.187s] [34mcolcon.colcon_core.package_identification[0m [1;30mLevel 1[0m _identify(created_model_NXPCUP_2026.v2-v1_yolov8/content/NXPCUP_2026.v2-v1_a.yolov8/new/best/data) by extension 'ignore_ament_install'
[0.187s] [34mcolcon.colcon_core.package_identification[0m [1;30mLevel 1[0m _identify(created_model_NXPCUP_2026.v2-v1_yolov8/content/NXPCUP_2026.v2-v1_a.yolov8/new/best/data) by extensions ['colcon_pkg']
[0.187s] [34mcolcon.colcon_core.package_identification[0m [1;30mLevel 1[0m _identify(created_model_NXPCUP_2026.v2-v1_yolov8/content/NXPCUP_2026.v2-v1_a.yolov8/new/best/data) by extension 'colcon_pkg'
[0.187s] [34mcolcon.colcon_core.package_identification[0m [1;30mLevel 1[0m _identify(created_model_NXPCUP_2026.v2-v1_yolov8/content/NXPCUP_2026.v2-v1_a.yolov8/new/best/data) by extensions ['colcon_meta']
[0.187s] [34mcolcon.colcon_core.package_identification[0m [1;30mLevel 1[0m _identify(created_model_NXPCUP_2026.v2-v1_yolov8/content/NXPCUP_2026.v2-v1_a.yolov8/new/best/data) by extension 'colcon_meta'
[0.187s] [34mcolcon.colcon_core.package_identification[0m [1;30mLevel 1[0m _identify(created_model_NXPCUP_2026.v2-v1_yolov8/content/NXPCUP_2026.v2-v1_a.yolov8/new/best/data) by extensions ['ros']
[0.187s] [34mcolcon.colcon_core.package_identification[0m [1;30mLevel 1[0m _identify(created_model_NXPCUP_2026.v2-v1_yolov8/content/NXPCUP_2026.v2-v1_a.yolov8/new/best/data) by extension 'ros'
[0.187s] [34mcolcon.colcon_core.package_identification[0m [1;30mLevel 1[0m _identify(created_model_NXPCUP_2026.v2-v1_yolov8/content/NXPCUP_2026.v2-v1_a.yolov8/new/best/data) by extensions ['cmake', 'python']
[0.187s] [34mcolcon.colcon_core.package_identification[0m [1;30mLevel 1[0m _identify(created_model_NXPCUP_2026.v2-v1_yolov8/content/NXPCUP_2026.v2-v1_a.yolov8/new/best/data) by extension 'cmake'
[0.187s] [34mcolcon.colcon_core.package_identification[0m [1;30mLevel 1[0m _identify(created_model_NXPCUP_2026.v2-v1_yolov8/content/NXPCUP_2026.v2-v1_a.yolov8/new/best/data) by extension 'python'
[0.187s] [34mcolcon.colcon_core.package_identification[0m [1;30mLevel 1[0m _identify(created_model_NXPCUP_2026.v2-v1_yolov8/content/NXPCUP_2026.v2-v1_a.yolov8/new/best/data) by extensions ['python_setup_py']
[0.187s] [34mcolcon.colcon_core.package_identification[0m [1;30mLevel 1[0m _identify(created_model_NXPCUP_2026.v2-v1_yolov8/content/NXPCUP_2026.v2-v1_a.yolov8/new/best/data) by extension 'python_setup_py'
[0.187s] [34mcolcon.colcon_core.package_identification[0m [1;30mLevel 1[0m _identify(created_model_NXPCUP_2026.v2-v1_yolov8/content/NXPCUP_2026.v2-v1_a.yolov8/reports) by extensions ['ignore', 'ignore_ament_install']
[0.187s] [34mcolcon.colcon_core.package_identification[0m [1;30mLevel 1[0m _identify(created_model_NXPCUP_2026.v2-v1_yolov8/content/NXPCUP_2026.v2-v1_a.yolov8/reports) by extension 'ignore'
[0.187s] [34mcolcon.colcon_core.package_identification[0m [1;30mLevel 1[0m _identify(created_model_NXPCUP_2026.v2-v1_yolov8/content/NXPCUP_2026.v2-v1_a.yolov8/reports) by extension 'ignore_ament_install'
[0.187s] [34mcolcon.colcon_core.package_identification[0m [1;30mLevel 1[0m _identify(created_model_NXPCUP_2026.v2-v1_yolov8/content/NXPCUP_2026.v2-v1_a.yolov8/reports) by extensions ['colcon_pkg']
[0.187s] [34mcolcon.colcon_core.package_identification[0m [1;30mLevel 1[0m _identify(created_model_NXPCUP_2026.v2-v1_yolov8/content/NXPCUP_2026.v2-v1_a.yolov8/reports) by extension 'colcon_pkg'
[0.187s] [34mcolcon.colcon_core.package_identification[0m [1;30mLevel 1[0m _identify(created_model_NXPCUP_2026.v2-v1_yolov8/content/NXPCUP_2026.v2-v1_a.yolov8/reports) by extensions ['colcon_meta']
[0.188s] [34mcolcon.colcon_core.package_identification[0m [1;30mLevel 1[0m _identify(created_model_NXPCUP_2026.v2-v1_yolov8/content/NXPCUP_2026.v2-v1_a.yolov8/reports) by extension 'colcon_meta'
[0.188s] [34mcolcon.colcon_core.package_identification[0m [1;30mLevel 1[0m _identify(created_model_NXPCUP_2026.v2-v1_yolov8/content/NXPCUP_2026.v2-v1_a.yolov8/reports) by extensions ['ros']
[0.188s] [34mcolcon.colcon_core.package_identification[0m [1;30mLevel 1[0m _identify(created_model_NXPCUP_2026.v2-v1_yolov8/content/NXPCUP_2026.v2-v1_a.yolov8/reports) by extension 'ros'
[0.188s] [34mcolcon.colcon_core.package_identification[0m [1;30mLevel 1[0m _identify(created_model_NXPCUP_2026.v2-v1_yolov8/content/NXPCUP_2026.v2-v1_a.yolov8/reports) by extensions ['cmake', 'python']
[0.188s] [34mcolcon.colcon_core.package_identification[0m [1;30mLevel 1[0m _identify(created_model_NXPCUP_2026.v2-v1_yolov8/content/NXPCUP_2026.v2-v1_a.yolov8/reports) by extension 'cmake'
[0.188s] [34mcolcon.colcon_core.package_identification[0m [1;30mLevel 1[0m _identify(created_model_NXPCUP_2026.v2-v1_yolov8/content/NXPCUP_2026.v2-v1_a.yolov8/reports) by extension 'python'
[0.188s] [34mcolcon.colcon_core.package_identification[0m [1;30mLevel 1[0m _identify(created_model_NXPCUP_2026.v2-v1_yolov8/content/NXPCUP_2026.v2-v1_a.yolov8/reports) by extensions ['python_setup_py']
[0.188s] [34mcolcon.colcon_core.package_identification[0m [1;30mLevel 1[0m _identify(created_model_NXPCUP_2026.v2-v1_yolov8/content/NXPCUP_2026.v2-v1_a.yolov8/reports) by extension 'python_setup_py'
[0.188s] [34mcolcon.colcon_core.package_identification[0m [1;30mLevel 1[0m _identify(created_model_NXPCUP_2026.v2-v1_yolov8/content/NXPCUP_2026.v2-v1_a.yolov8/results) by extensions ['ignore', 'ignore_ament_install']
[0.188s] [34mcolcon.colcon_core.package_identification[0m [1;30mLevel 1[0m _identify(created_model_NXPCUP_2026.v2-v1_yolov8/content/NXPCUP_2026.v2-v1_a.yolov8/results) by extension 'ignore'
[0.188s] [34mcolcon.colcon_core.package_identification[0m [1;30mLevel 1[0m _identify(created_model_NXPCUP_2026.v2-v1_yolov8/content/NXPCUP_2026.v2-v1_a.yolov8/results) by extension 'ignore_ament_install'
[0.188s] [34mcolcon.colcon_core.package_identification[0m [1;30mLevel 1[0m _identify(created_model_NXPCUP_2026.v2-v1_yolov8/content/NXPCUP_2026.v2-v1_a.yolov8/results) by extensions ['colcon_pkg']
[0.188s] [34mcolcon.colcon_core.package_identification[0m [1;30mLevel 1[0m _identify(created_model_NXPCUP_2026.v2-v1_yolov8/content/NXPCUP_2026.v2-v1_a.yolov8/results) by extension 'colcon_pkg'
[0.188s] [34mcolcon.colcon_core.package_identification[0m [1;30mLevel 1[0m _identify(created_model_NXPCUP_2026.v2-v1_yolov8/content/NXPCUP_2026.v2-v1_a.yolov8/results) by extensions ['colcon_meta']
[0.188s] [34mcolcon.colcon_core.package_identification[0m [1;30mLevel 1[0m _identify(created_model_NXPCUP_2026.v2-v1_yolov8/content/NXPCUP_2026.v2-v1_a.yolov8/results) by extension 'colcon_meta'
[0.188s] [34mcolcon.colcon_core.package_identification[0m [1;30mLevel 1[0m _identify(created_model_NXPCUP_2026.v2-v1_yolov8/content/NXPCUP_2026.v2-v1_a.yolov8/results) by extensions ['ros']
[0.188s] [34mcolcon.colcon_core.package_identification[0m [1;30mLevel 1[0m _identify(created_model_NXPCUP_2026.v2-v1_yolov8/content/NXPCUP_2026.v2-v1_a.yolov8/results) by extension 'ros'
[0.188s] [34mcolcon.colcon_core.package_identification[0m [1;30mLevel 1[0m _identify(created_model_NXPCUP_2026.v2-v1_yolov8/content/NXPCUP_2026.v2-v1_a.yolov8/results) by extensions ['cmake', 'python']
[0.188s] [34mcolcon.colcon_core.package_identification[0m [1;30mLevel 1[0m _identify(created_model_NXPCUP_2026.v2-v1_yolov8/content/NXPCUP_2026.v2-v1_a.yolov8/results) by extension 'cmake'
[0.188s] [34mcolcon.colcon_core.package_identification[0m [1;30mLevel 1[0m _identify(created_model_NXPCUP_2026.v2-v1_yolov8/content/NXPCUP_2026.v2-v1_a.yolov8/results) by extension 'python'
[0.188s] [34mcolcon.colcon_core.package_identification[0m [1;30mLevel 1[0m _identify(created_model_NXPCUP_2026.v2-v1_yolov8/content/NXPCUP_2026.v2-v1_a.yolov8/results) by extensions ['python_setup_py']
[0.188s] [34mcolcon.colcon_core.package_identification[0m [1;30mLevel 1[0m _identify(created_model_NXPCUP_2026.v2-v1_yolov8/content/NXPCUP_2026.v2-v1_a.yolov8/results) by extension 'python_setup_py'
[0.188s] [34mcolcon.colcon_core.package_identification[0m [1;30mLevel 1[0m _identify(created_model_NXPCUP_2026.v2-v1_yolov8/content/NXPCUP_2026.v2-v1_a.yolov8/runs) by extensions ['ignore', 'ignore_ament_install']
[0.188s] [34mcolcon.colcon_core.package_identification[0m [1;30mLevel 1[0m _identify(created_model_NXPCUP_2026.v2-v1_yolov8/content/NXPCUP_2026.v2-v1_a.yolov8/runs) by extension 'ignore'
[0.188s] [34mcolcon.colcon_core.package_identification[0m [1;30mLevel 1[0m _identify(created_model_NXPCUP_2026.v2-v1_yolov8/content/NXPCUP_2026.v2-v1_a.yolov8/runs) by extension 'ignore_ament_install'
[0.188s] [34mcolcon.colcon_core.package_identification[0m [1;30mLevel 1[0m _identify(created_model_NXPCUP_2026.v2-v1_yolov8/content/NXPCUP_2026.v2-v1_a.yolov8/runs) by extensions ['colcon_pkg']
[0.188s] [34mcolcon.colcon_core.package_identification[0m [1;30mLevel 1[0m _identify(created_model_NXPCUP_2026.v2-v1_yolov8/content/NXPCUP_2026.v2-v1_a.yolov8/runs) by extension 'colcon_pkg'
[0.188s] [34mcolcon.colcon_core.package_identification[0m [1;30mLevel 1[0m _identify(created_model_NXPCUP_2026.v2-v1_yolov8/content/NXPCUP_2026.v2-v1_a.yolov8/runs) by extensions ['colcon_meta']
[0.188s] [34mcolcon.colcon_core.package_identification[0m [1;30mLevel 1[0m _identify(created_model_NXPCUP_2026.v2-v1_yolov8/content/NXPCUP_2026.v2-v1_a.yolov8/runs) by extension 'colcon_meta'
[0.188s] [34mcolcon.colcon_core.package_identification[0m [1;30mLevel 1[0m _identify(created_model_NXPCUP_2026.v2-v1_yolov8/content/NXPCUP_2026.v2-v1_a.yolov8/runs) by extensions ['ros']
[0.188s] [34mcolcon.colcon_core.package_identification[0m [1;30mLevel 1[0m _identify(created_model_NXPCUP_2026.v2-v1_yolov8/content/NXPCUP_2026.v2-v1_a.yolov8/runs) by extension 'ros'
[0.188s] [34mcolcon.colcon_core.package_identification[0m [1;30mLevel 1[0m _identify(created_model_NXPCUP_2026.v2-v1_yolov8/content/NXPCUP_2026.v2-v1_a.yolov8/runs) by extensions ['cmake', 'python']
[0.188s] [34mcolcon.colcon_core.package_identification[0m [1;30mLevel 1[0m _identify(created_model_NXPCUP_2026.v2-v1_yolov8/content/NXPCUP_2026.v2-v1_a.yolov8/runs) by extension 'cmake'
[0.188s] [34mcolcon.colcon_core.package_identification[0m [1;30mLevel 1[0m _identify(created_model_NXPCUP_2026.v2-v1_yolov8/content/NXPCUP_2026.v2-v1_a.yolov8/runs) by extension 'python'
[0.188s] [34mcolcon.colcon_core.package_identification[0m [1;30mLevel 1[0m _identify(created_model_NXPCUP_2026.v2-v1_yolov8/content/NXPCUP_2026.v2-v1_a.yolov8/runs) by extensions ['python_setup_py']
[0.188s] [34mcolcon.colcon_core.package_identification[0m [1;30mLevel 1[0m _identify(created_model_NXPCUP_2026.v2-v1_yolov8/content/NXPCUP_2026.v2-v1_a.yolov8/runs) by extension 'python_setup_py'
[0.189s] [34mcolcon.colcon_core.package_identification[0m [1;30mLevel 1[0m _identify(created_model_NXPCUP_2026.v2-v1_yolov8/content/NXPCUP_2026.v2-v1_a.yolov8/runs/eval) by extensions ['ignore', 'ignore_ament_install']
[0.189s] [34mcolcon.colcon_core.package_identification[0m [1;30mLevel 1[0m _identify(created_model_NXPCUP_2026.v2-v1_yolov8/content/NXPCUP_2026.v2-v1_a.yolov8/runs/eval) by extension 'ignore'
[0.189s] [34mcolcon.colcon_core.package_identification[0m [1;30mLevel 1[0m _identify(created_model_NXPCUP_2026.v2-v1_yolov8/content/NXPCUP_2026.v2-v1_a.yolov8/runs/eval) by extension 'ignore_ament_install'
[0.189s] [34mcolcon.colcon_core.package_identification[0m [1;30mLevel 1[0m _identify(created_model_NXPCUP_2026.v2-v1_yolov8/content/NXPCUP_2026.v2-v1_a.yolov8/runs/eval) by extensions ['colcon_pkg']
[0.189s] [34mcolcon.colcon_core.package_identification[0m [1;30mLevel 1[0m _identify(created_model_NXPCUP_2026.v2-v1_yolov8/content/NXPCUP_2026.v2-v1_a.yolov8/runs/eval) by extension 'colcon_pkg'
[0.189s] [34mcolcon.colcon_core.package_identification[0m [1;30mLevel 1[0m _identify(created_model_NXPCUP_2026.v2-v1_yolov8/content/NXPCUP_2026.v2-v1_a.yolov8/runs/eval) by extensions ['colcon_meta']
[0.189s] [34mcolcon.colcon_core.package_identification[0m [1;30mLevel 1[0m _identify(created_model_NXPCUP_2026.v2-v1_yolov8/content/NXPCUP_2026.v2-v1_a.yolov8/runs/eval) by extension 'colcon_meta'
[0.189s] [34mcolcon.colcon_core.package_identification[0m [1;30mLevel 1[0m _identify(created_model_NXPCUP_2026.v2-v1_yolov8/content/NXPCUP_2026.v2-v1_a.yolov8/runs/eval) by extensions ['ros']
[0.189s] [34mcolcon.colcon_core.package_identification[0m [1;30mLevel 1[0m _identify(created_model_NXPCUP_2026.v2-v1_yolov8/content/NXPCUP_2026.v2-v1_a.yolov8/runs/eval) by extension 'ros'
[0.189s] [34mcolcon.colcon_core.package_identification[0m [1;30mLevel 1[0m _identify(created_model_NXPCUP_2026.v2-v1_yolov8/content/NXPCUP_2026.v2-v1_a.yolov8/runs/eval) by extensions ['cmake', 'python']
[0.189s] [34mcolcon.colcon_core.package_identification[0m [1;30mLevel 1[0m _identify(created_model_NXPCUP_2026.v2-v1_yolov8/content/NXPCUP_2026.v2-v1_a.yolov8/runs/eval) by extension 'cmake'
[0.189s] [34mcolcon.colcon_core.package_identification[0m [1;30mLevel 1[0m _identify(created_model_NXPCUP_2026.v2-v1_yolov8/content/NXPCUP_2026.v2-v1_a.yolov8/runs/eval) by extension 'python'
[0.189s] [34mcolcon.colcon_core.package_identification[0m [1;30mLevel 1[0m _identify(created_model_NXPCUP_2026.v2-v1_yolov8/content/NXPCUP_2026.v2-v1_a.yolov8/runs/eval) by extensions ['python_setup_py']
[0.189s] [34mcolcon.colcon_core.package_identification[0m [1;30mLevel 1[0m _identify(created_model_NXPCUP_2026.v2-v1_yolov8/content/NXPCUP_2026.v2-v1_a.yolov8/runs/eval) by extension 'python_setup_py'
[0.189s] [34mcolcon.colcon_core.package_identification[0m [1;30mLevel 1[0m _identify(created_model_NXPCUP_2026.v2-v1_yolov8/content/NXPCUP_2026.v2-v1_a.yolov8/runs/eval/test_20260728_080538) by extensions ['ignore', 'ignore_ament_install']
[0.189s] [34mcolcon.colcon_core.package_identification[0m [1;30mLevel 1[0m _identify(created_model_NXPCUP_2026.v2-v1_yolov8/content/NXPCUP_2026.v2-v1_a.yolov8/runs/eval/test_20260728_080538) by extension 'ignore'
[0.189s] [34mcolcon.colcon_core.package_identification[0m [1;30mLevel 1[0m _identify(created_model_NXPCUP_2026.v2-v1_yolov8/content/NXPCUP_2026.v2-v1_a.yolov8/runs/eval/test_20260728_080538) by extension 'ignore_ament_install'
[0.189s] [34mcolcon.colcon_core.package_identification[0m [1;30mLevel 1[0m _identify(created_model_NXPCUP_2026.v2-v1_yolov8/content/NXPCUP_2026.v2-v1_a.yolov8/runs/eval/test_20260728_080538) by extensions ['colcon_pkg']
[0.189s] [34mcolcon.colcon_core.package_identification[0m [1;30mLevel 1[0m _identify(created_model_NXPCUP_2026.v2-v1_yolov8/content/NXPCUP_2026.v2-v1_a.yolov8/runs/eval/test_20260728_080538) by extension 'colcon_pkg'
[0.189s] [34mcolcon.colcon_core.package_identification[0m [1;30mLevel 1[0m _identify(created_model_NXPCUP_2026.v2-v1_yolov8/content/NXPCUP_2026.v2-v1_a.yolov8/runs/eval/test_20260728_080538) by extensions ['colcon_meta']
[0.189s] [34mcolcon.colcon_core.package_identification[0m [1;30mLevel 1[0m _identify(created_model_NXPCUP_2026.v2-v1_yolov8/content/NXPCUP_2026.v2-v1_a.yolov8/runs/eval/test_20260728_080538) by extension 'colcon_meta'
[0.189s] [34mcolcon.colcon_core.package_identification[0m [1;30mLevel 1[0m _identify(created_model_NXPCUP_2026.v2-v1_yolov8/content/NXPCUP_2026.v2-v1_a.yolov8/runs/eval/test_20260728_080538) by extensions ['ros']
[0.189s] [34mcolcon.colcon_core.package_identification[0m [1;30mLevel 1[0m _identify(created_model_NXPCUP_2026.v2-v1_yolov8/content/NXPCUP_2026.v2-v1_a.yolov8/runs/eval/test_20260728_080538) by extension 'ros'
[0.189s] [34mcolcon.colcon_core.package_identification[0m [1;30mLevel 1[0m _identify(created_model_NXPCUP_2026.v2-v1_yolov8/content/NXPCUP_2026.v2-v1_a.yolov8/runs/eval/test_20260728_080538) by extensions ['cmake', 'python']
[0.189s] [34mcolcon.colcon_core.package_identification[0m [1;30mLevel 1[0m _identify(created_model_NXPCUP_2026.v2-v1_yolov8/content/NXPCUP_2026.v2-v1_a.yolov8/runs/eval/test_20260728_080538) by extension 'cmake'
[0.189s] [34mcolcon.colcon_core.package_identification[0m [1;30mLevel 1[0m _identify(created_model_NXPCUP_2026.v2-v1_yolov8/content/NXPCUP_2026.v2-v1_a.yolov8/runs/eval/test_20260728_080538) by extension 'python'
[0.189s] [34mcolcon.colcon_core.package_identification[0m [1;30mLevel 1[0m _identify(created_model_NXPCUP_2026.v2-v1_yolov8/content/NXPCUP_2026.v2-v1_a.yolov8/runs/eval/test_20260728_080538) by extensions ['python_setup_py']
[0.189s] [34mcolcon.colcon_core.package_identification[0m [1;30mLevel 1[0m _identify(created_model_NXPCUP_2026.v2-v1_yolov8/content/NXPCUP_2026.v2-v1_a.yolov8/runs/eval/test_20260728_080538) by extension 'python_setup_py'
[0.189s] [34mcolcon.colcon_core.package_identification[0m [1;30mLevel 1[0m _identify(created_model_NXPCUP_2026.v2-v1_yolov8/content/NXPCUP_2026.v2-v1_a.yolov8/runs/train) by extensions ['ignore', 'ignore_ament_install']
[0.189s] [34mcolcon.colcon_core.package_identification[0m [1;30mLevel 1[0m _identify(created_model_NXPCUP_2026.v2-v1_yolov8/content/NXPCUP_2026.v2-v1_a.yolov8/runs/train) by extension 'ignore'
[0.189s] [34mcolcon.colcon_core.package_identification[0m [1;30mLevel 1[0m _identify(created_model_NXPCUP_2026.v2-v1_yolov8/content/NXPCUP_2026.v2-v1_a.yolov8/runs/train) by extension 'ignore_ament_install'
[0.189s] [34mcolcon.colcon_core.package_identification[0m [1;30mLevel 1[0m _identify(created_model_NXPCUP_2026.v2-v1_yolov8/content/NXPCUP_2026.v2-v1_a.yolov8/runs/train) by extensions ['colcon_pkg']
[0.189s] [34mcolcon.colcon_core.package_identification[0m [1;30mLevel 1[0m _identify(created_model_NXPCUP_2026.v2-v1_yolov8/content/NXPCUP_2026.v2-v1_a.yolov8/runs/train) by extension 'colcon_pkg'
[0.189s] [34mcolcon.colcon_core.package_identification[0m [1;30mLevel 1[0m _identify(created_model_NXPCUP_2026.v2-v1_yolov8/content/NXPCUP_2026.v2-v1_a.yolov8/runs/train) by extensions ['colcon_meta']
[0.189s] [34mcolcon.colcon_core.package_identification[0m [1;30mLevel 1[0m _identify(created_model_NXPCUP_2026.v2-v1_yolov8/content/NXPCUP_2026.v2-v1_a.yolov8/runs/train) by extension 'colcon_meta'
[0.189s] [34mcolcon.colcon_core.package_identification[0m [1;30mLevel 1[0m _identify(created_model_NXPCUP_2026.v2-v1_yolov8/content/NXPCUP_2026.v2-v1_a.yolov8/runs/train) by extensions ['ros']
[0.189s] [34mcolcon.colcon_core.package_identification[0m [1;30mLevel 1[0m _identify(created_model_NXPCUP_2026.v2-v1_yolov8/content/NXPCUP_2026.v2-v1_a.yolov8/runs/train) by extension 'ros'
[0.190s] [34mcolcon.colcon_core.package_identification[0m [1;30mLevel 1[0m _identify(created_model_NXPCUP_2026.v2-v1_yolov8/content/NXPCUP_2026.v2-v1_a.yolov8/runs/train) by extensions ['cmake', 'python']
[0.190s] [34mcolcon.colcon_core.package_identification[0m [1;30mLevel 1[0m _identify(created_model_NXPCUP_2026.v2-v1_yolov8/content/NXPCUP_2026.v2-v1_a.yolov8/runs/train) by extension 'cmake'
[0.190s] [34mcolcon.colcon_core.package_identification[0m [1;30mLevel 1[0m _identify(created_model_NXPCUP_2026.v2-v1_yolov8/content/NXPCUP_2026.v2-v1_a.yolov8/runs/train) by extension 'python'
[0.190s] [34mcolcon.colcon_core.package_identification[0m [1;30mLevel 1[0m _identify(created_model_NXPCUP_2026.v2-v1_yolov8/content/NXPCUP_2026.v2-v1_a.yolov8/runs/train) by extensions ['python_setup_py']
[0.190s] [34mcolcon.colcon_core.package_identification[0m [1;30mLevel 1[0m _identify(created_model_NXPCUP_2026.v2-v1_yolov8/content/NXPCUP_2026.v2-v1_a.yolov8/runs/train) by extension 'python_setup_py'
[0.190s] [34mcolcon.colcon_core.package_identification[0m [1;30mLevel 1[0m _identify(created_model_NXPCUP_2026.v2-v1_yolov8/content/NXPCUP_2026.v2-v1_a.yolov8/runs/train/nxpcup_yolov8n) by extensions ['ignore', 'ignore_ament_install']
[0.190s] [34mcolcon.colcon_core.package_identification[0m [1;30mLevel 1[0m _identify(created_model_NXPCUP_2026.v2-v1_yolov8/content/NXPCUP_2026.v2-v1_a.yolov8/runs/train/nxpcup_yolov8n) by extension 'ignore'
[0.190s] [34mcolcon.colcon_core.package_identification[0m [1;30mLevel 1[0m _identify(created_model_NXPCUP_2026.v2-v1_yolov8/content/NXPCUP_2026.v2-v1_a.yolov8/runs/train/nxpcup_yolov8n) by extension 'ignore_ament_install'
[0.190s] [34mcolcon.colcon_core.package_identification[0m [1;30mLevel 1[0m _identify(created_model_NXPCUP_2026.v2-v1_yolov8/content/NXPCUP_2026.v2-v1_a.yolov8/runs/train/nxpcup_yolov8n) by extensions ['colcon_pkg']
[0.190s] [34mcolcon.colcon_core.package_identification[0m [1;30mLevel 1[0m _identify(created_model_NXPCUP_2026.v2-v1_yolov8/content/NXPCUP_2026.v2-v1_a.yolov8/runs/train/nxpcup_yolov8n) by extension 'colcon_pkg'
[0.190s] [34mcolcon.colcon_core.package_identification[0m [1;30mLevel 1[0m _identify(created_model_NXPCUP_2026.v2-v1_yolov8/content/NXPCUP_2026.v2-v1_a.yolov8/runs/train/nxpcup_yolov8n) by extensions ['colcon_meta']
[0.190s] [34mcolcon.colcon_core.package_identification[0m [1;30mLevel 1[0m _identify(created_model_NXPCUP_2026.v2-v1_yolov8/content/NXPCUP_2026.v2-v1_a.yolov8/runs/train/nxpcup_yolov8n) by extension 'colcon_meta'
[0.190s] [34mcolcon.colcon_core.package_identification[0m [1;30mLevel 1[0m _identify(created_model_NXPCUP_2026.v2-v1_yolov8/content/NXPCUP_2026.v2-v1_a.yolov8/runs/train/nxpcup_yolov8n) by extensions ['ros']
[0.190s] [34mcolcon.colcon_core.package_identification[0m [1;30mLevel 1[0m _identify(created_model_NXPCUP_2026.v2-v1_yolov8/content/NXPCUP_2026.v2-v1_a.yolov8/runs/train/nxpcup_yolov8n) by extension 'ros'
[0.190s] [34mcolcon.colcon_core.package_identification[0m [1;30mLevel 1[0m _identify(created_model_NXPCUP_2026.v2-v1_yolov8/content/NXPCUP_2026.v2-v1_a.yolov8/runs/train/nxpcup_yolov8n) by extensions ['cmake', 'python']
[0.190s] [34mcolcon.colcon_core.package_identification[0m [1;30mLevel 1[0m _identify(created_model_NXPCUP_2026.v2-v1_yolov8/content/NXPCUP_2026.v2-v1_a.yolov8/runs/train/nxpcup_yolov8n) by extension 'cmake'
[0.190s] [34mcolcon.colcon_core.package_identification[0m [1;30mLevel 1[0m _identify(created_model_NXPCUP_2026.v2-v1_yolov8/content/NXPCUP_2026.v2-v1_a.yolov8/runs/train/nxpcup_yolov8n) by extension 'python'
[0.190s] [34mcolcon.colcon_core.package_identification[0m [1;30mLevel 1[0m _identify(created_model_NXPCUP_2026.v2-v1_yolov8/content/NXPCUP_2026.v2-v1_a.yolov8/runs/train/nxpcup_yolov8n) by extensions ['python_setup_py']
[0.190s] [34mcolcon.colcon_core.package_identification[0m [1;30mLevel 1[0m _identify(created_model_NXPCUP_2026.v2-v1_yolov8/content/NXPCUP_2026.v2-v1_a.yolov8/runs/train/nxpcup_yolov8n) by extension 'python_setup_py'
[0.190s] [34mcolcon.colcon_core.package_identification[0m [1;30mLevel 1[0m _identify(created_model_NXPCUP_2026.v2-v1_yolov8/content/NXPCUP_2026.v2-v1_a.yolov8/runs/train/nxpcup_yolov8n/weights) by extensions ['ignore', 'ignore_ament_install']
[0.190s] [34mcolcon.colcon_core.package_identification[0m [1;30mLevel 1[0m _identify(created_model_NXPCUP_2026.v2-v1_yolov8/content/NXPCUP_2026.v2-v1_a.yolov8/runs/train/nxpcup_yolov8n/weights) by extension 'ignore'
[0.190s] [34mcolcon.colcon_core.package_identification[0m [1;30mLevel 1[0m _identify(created_model_NXPCUP_2026.v2-v1_yolov8/content/NXPCUP_2026.v2-v1_a.yolov8/runs/train/nxpcup_yolov8n/weights) by extension 'ignore_ament_install'
[0.190s] [34mcolcon.colcon_core.package_identification[0m [1;30mLevel 1[0m _identify(created_model_NXPCUP_2026.v2-v1_yolov8/content/NXPCUP_2026.v2-v1_a.yolov8/runs/train/nxpcup_yolov8n/weights) by extensions ['colcon_pkg']
[0.190s] [34mcolcon.colcon_core.package_identification[0m [1;30mLevel 1[0m _identify(created_model_NXPCUP_2026.v2-v1_yolov8/content/NXPCUP_2026.v2-v1_a.yolov8/runs/train/nxpcup_yolov8n/weights) by extension 'colcon_pkg'
[0.190s] [34mcolcon.colcon_core.package_identification[0m [1;30mLevel 1[0m _identify(created_model_NXPCUP_2026.v2-v1_yolov8/content/NXPCUP_2026.v2-v1_a.yolov8/runs/train/nxpcup_yolov8n/weights) by extensions ['colcon_meta']
[0.190s] [34mcolcon.colcon_core.package_identification[0m [1;30mLevel 1[0m _identify(created_model_NXPCUP_2026.v2-v1_yolov8/content/NXPCUP_2026.v2-v1_a.yolov8/runs/train/nxpcup_yolov8n/weights) by extension 'colcon_meta'
[0.190s] [34mcolcon.colcon_core.package_identification[0m [1;30mLevel 1[0m _identify(created_model_NXPCUP_2026.v2-v1_yolov8/content/NXPCUP_2026.v2-v1_a.yolov8/runs/train/nxpcup_yolov8n/weights) by extensions ['ros']
[0.190s] [34mcolcon.colcon_core.package_identification[0m [1;30mLevel 1[0m _identify(created_model_NXPCUP_2026.v2-v1_yolov8/content/NXPCUP_2026.v2-v1_a.yolov8/runs/train/nxpcup_yolov8n/weights) by extension 'ros'
[0.190s] [34mcolcon.colcon_core.package_identification[0m [1;30mLevel 1[0m _identify(created_model_NXPCUP_2026.v2-v1_yolov8/content/NXPCUP_2026.v2-v1_a.yolov8/runs/train/nxpcup_yolov8n/weights) by extensions ['cmake', 'python']
[0.190s] [34mcolcon.colcon_core.package_identification[0m [1;30mLevel 1[0m _identify(created_model_NXPCUP_2026.v2-v1_yolov8/content/NXPCUP_2026.v2-v1_a.yolov8/runs/train/nxpcup_yolov8n/weights) by extension 'cmake'
[0.190s] [34mcolcon.colcon_core.package_identification[0m [1;30mLevel 1[0m _identify(created_model_NXPCUP_2026.v2-v1_yolov8/content/NXPCUP_2026.v2-v1_a.yolov8/runs/train/nxpcup_yolov8n/weights) by extension 'python'
[0.190s] [34mcolcon.colcon_core.package_identification[0m [1;30mLevel 1[0m _identify(created_model_NXPCUP_2026.v2-v1_yolov8/content/NXPCUP_2026.v2-v1_a.yolov8/runs/train/nxpcup_yolov8n/weights) by extensions ['python_setup_py']
[0.190s] [34mcolcon.colcon_core.package_identification[0m [1;30mLevel 1[0m _identify(created_model_NXPCUP_2026.v2-v1_yolov8/content/NXPCUP_2026.v2-v1_a.yolov8/runs/train/nxpcup_yolov8n/weights) by extension 'python_setup_py'
[0.190s] [34mcolcon.colcon_core.package_identification[0m [1;30mLevel 1[0m _identify(created_model_NXPCUP_2026.v2-v1_yolov8/content/NXPCUP_2026.v2-v1_a.yolov8/scripts) by extensions ['ignore', 'ignore_ament_install']
[0.190s] [34mcolcon.colcon_core.package_identification[0m [1;30mLevel 1[0m _identify(created_model_NXPCUP_2026.v2-v1_yolov8/content/NXPCUP_2026.v2-v1_a.yolov8/scripts) by extension 'ignore'
[0.190s] [34mcolcon.colcon_core.package_identification[0m [1;30mLevel 1[0m _identify(created_model_NXPCUP_2026.v2-v1_yolov8/content/NXPCUP_2026.v2-v1_a.yolov8/scripts) by extension 'ignore_ament_install'
[0.191s] [34mcolcon.colcon_core.package_identification[0m [1;30mLevel 1[0m _identify(created_model_NXPCUP_2026.v2-v1_yolov8/content/NXPCUP_2026.v2-v1_a.yolov8/scripts) by extensions ['colcon_pkg']
[0.191s] [34mcolcon.colcon_core.package_identification[0m [1;30mLevel 1[0m _identify(created_model_NXPCUP_2026.v2-v1_yolov8/content/NXPCUP_2026.v2-v1_a.yolov8/scripts) by extension 'colcon_pkg'
[0.191s] [34mcolcon.colcon_core.package_identification[0m [1;30mLevel 1[0m _identify(created_model_NXPCUP_2026.v2-v1_yolov8/content/NXPCUP_2026.v2-v1_a.yolov8/scripts) by extensions ['colcon_meta']
[0.191s] [34mcolcon.colcon_core.package_identification[0m [1;30mLevel 1[0m _identify(created_model_NXPCUP_2026.v2-v1_yolov8/content/NXPCUP_2026.v2-v1_a.yolov8/scripts) by extension 'colcon_meta'
[0.191s] [34mcolcon.colcon_core.package_identification[0m [1;30mLevel 1[0m _identify(created_model_NXPCUP_2026.v2-v1_yolov8/content/NXPCUP_2026.v2-v1_a.yolov8/scripts) by extensions ['ros']
[0.191s] [34mcolcon.colcon_core.package_identification[0m [1;30mLevel 1[0m _identify(created_model_NXPCUP_2026.v2-v1_yolov8/content/NXPCUP_2026.v2-v1_a.yolov8/scripts) by extension 'ros'
[0.191s] [34mcolcon.colcon_core.package_identification[0m [1;30mLevel 1[0m _identify(created_model_NXPCUP_2026.v2-v1_yolov8/content/NXPCUP_2026.v2-v1_a.yolov8/scripts) by extensions ['cmake', 'python']
[0.191s] [34mcolcon.colcon_core.package_identification[0m [1;30mLevel 1[0m _identify(created_model_NXPCUP_2026.v2-v1_yolov8/content/NXPCUP_2026.v2-v1_a.yolov8/scripts) by extension 'cmake'
[0.191s] [34mcolcon.colcon_core.package_identification[0m [1;30mLevel 1[0m _identify(created_model_NXPCUP_2026.v2-v1_yolov8/content/NXPCUP_2026.v2-v1_a.yolov8/scripts) by extension 'python'
[0.191s] [34mcolcon.colcon_core.package_identification[0m [1;30mLevel 1[0m _identify(created_model_NXPCUP_2026.v2-v1_yolov8/content/NXPCUP_2026.v2-v1_a.yolov8/scripts) by extensions ['python_setup_py']
[0.191s] [34mcolcon.colcon_core.package_identification[0m [1;30mLevel 1[0m _identify(created_model_NXPCUP_2026.v2-v1_yolov8/content/NXPCUP_2026.v2-v1_a.yolov8/scripts) by extension 'python_setup_py'
[0.191s] [34mcolcon.colcon_core.package_identification[0m [1;30mLevel 1[0m _identify(created_model_NXPCUP_2026.v2-v1_yolov8/content/NXPCUP_2026.v2-v1_a.yolov8/test) by extensions ['ignore', 'ignore_ament_install']
[0.191s] [34mcolcon.colcon_core.package_identification[0m [1;30mLevel 1[0m _identify(created_model_NXPCUP_2026.v2-v1_yolov8/content/NXPCUP_2026.v2-v1_a.yolov8/test) by extension 'ignore'
[0.191s] [34mcolcon.colcon_core.package_identification[0m [1;30mLevel 1[0m _identify(created_model_NXPCUP_2026.v2-v1_yolov8/content/NXPCUP_2026.v2-v1_a.yolov8/test) by extension 'ignore_ament_install'
[0.191s] [34mcolcon.colcon_core.package_identification[0m [1;30mLevel 1[0m _identify(created_model_NXPCUP_2026.v2-v1_yolov8/content/NXPCUP_2026.v2-v1_a.yolov8/test) by extensions ['colcon_pkg']
[0.191s] [34mcolcon.colcon_core.package_identification[0m [1;30mLevel 1[0m _identify(created_model_NXPCUP_2026.v2-v1_yolov8/content/NXPCUP_2026.v2-v1_a.yolov8/test) by extension 'colcon_pkg'
[0.191s] [34mcolcon.colcon_core.package_identification[0m [1;30mLevel 1[0m _identify(created_model_NXPCUP_2026.v2-v1_yolov8/content/NXPCUP_2026.v2-v1_a.yolov8/test) by extensions ['colcon_meta']
[0.191s] [34mcolcon.colcon_core.package_identification[0m [1;30mLevel 1[0m _identify(created_model_NXPCUP_2026.v2-v1_yolov8/content/NXPCUP_2026.v2-v1_a.yolov8/test) by extension 'colcon_meta'
[0.191s] [34mcolcon.colcon_core.package_identification[0m [1;30mLevel 1[0m _identify(created_model_NXPCUP_2026.v2-v1_yolov8/content/NXPCUP_2026.v2-v1_a.yolov8/test) by extensions ['ros']
[0.191s] [34mcolcon.colcon_core.package_identification[0m [1;30mLevel 1[0m _identify(created_model_NXPCUP_2026.v2-v1_yolov8/content/NXPCUP_2026.v2-v1_a.yolov8/test) by extension 'ros'
[0.191s] [34mcolcon.colcon_core.package_identification[0m [1;30mLevel 1[0m _identify(created_model_NXPCUP_2026.v2-v1_yolov8/content/NXPCUP_2026.v2-v1_a.yolov8/test) by extensions ['cmake', 'python']
[0.191s] [34mcolcon.colcon_core.package_identification[0m [1;30mLevel 1[0m _identify(created_model_NXPCUP_2026.v2-v1_yolov8/content/NXPCUP_2026.v2-v1_a.yolov8/test) by extension 'cmake'
[0.191s] [34mcolcon.colcon_core.package_identification[0m [1;30mLevel 1[0m _identify(created_model_NXPCUP_2026.v2-v1_yolov8/content/NXPCUP_2026.v2-v1_a.yolov8/test) by extension 'python'
[0.191s] [34mcolcon.colcon_core.package_identification[0m [1;30mLevel 1[0m _identify(created_model_NXPCUP_2026.v2-v1_yolov8/content/NXPCUP_2026.v2-v1_a.yolov8/test) by extensions ['python_setup_py']
[0.191s] [34mcolcon.colcon_core.package_identification[0m [1;30mLevel 1[0m _identify(created_model_NXPCUP_2026.v2-v1_yolov8/content/NXPCUP_2026.v2-v1_a.yolov8/test) by extension 'python_setup_py'
[0.191s] [34mcolcon.colcon_core.package_identification[0m [1;30mLevel 1[0m _identify(created_model_NXPCUP_2026.v2-v1_yolov8/content/NXPCUP_2026.v2-v1_a.yolov8/test/images) by extensions ['ignore', 'ignore_ament_install']
[0.191s] [34mcolcon.colcon_core.package_identification[0m [1;30mLevel 1[0m _identify(created_model_NXPCUP_2026.v2-v1_yolov8/content/NXPCUP_2026.v2-v1_a.yolov8/test/images) by extension 'ignore'
[0.191s] [34mcolcon.colcon_core.package_identification[0m [1;30mLevel 1[0m _identify(created_model_NXPCUP_2026.v2-v1_yolov8/content/NXPCUP_2026.v2-v1_a.yolov8/test/images) by extension 'ignore_ament_install'
[0.191s] [34mcolcon.colcon_core.package_identification[0m [1;30mLevel 1[0m _identify(created_model_NXPCUP_2026.v2-v1_yolov8/content/NXPCUP_2026.v2-v1_a.yolov8/test/images) by extensions ['colcon_pkg']
[0.191s] [34mcolcon.colcon_core.package_identification[0m [1;30mLevel 1[0m _identify(created_model_NXPCUP_2026.v2-v1_yolov8/content/NXPCUP_2026.v2-v1_a.yolov8/test/images) by extension 'colcon_pkg'
[0.191s] [34mcolcon.colcon_core.package_identification[0m [1;30mLevel 1[0m _identify(created_model_NXPCUP_2026.v2-v1_yolov8/content/NXPCUP_2026.v2-v1_a.yolov8/test/images) by extensions ['colcon_meta']
[0.191s] [34mcolcon.colcon_core.package_identification[0m [1;30mLevel 1[0m _identify(created_model_NXPCUP_2026.v2-v1_yolov8/content/NXPCUP_2026.v2-v1_a.yolov8/test/images) by extension 'colcon_meta'
[0.191s] [34mcolcon.colcon_core.package_identification[0m [1;30mLevel 1[0m _identify(created_model_NXPCUP_2026.v2-v1_yolov8/content/NXPCUP_2026.v2-v1_a.yolov8/test/images) by extensions ['ros']
[0.191s] [34mcolcon.colcon_core.package_identification[0m [1;30mLevel 1[0m _identify(created_model_NXPCUP_2026.v2-v1_yolov8/content/NXPCUP_2026.v2-v1_a.yolov8/test/images) by extension 'ros'
[0.191s] [34mcolcon.colcon_core.package_identification[0m [1;30mLevel 1[0m _identify(created_model_NXPCUP_2026.v2-v1_yolov8/content/NXPCUP_2026.v2-v1_a.yolov8/test/images) by extensions ['cmake', 'python']
[0.191s] [34mcolcon.colcon_core.package_identification[0m [1;30mLevel 1[0m _identify(created_model_NXPCUP_2026.v2-v1_yolov8/content/NXPCUP_2026.v2-v1_a.yolov8/test/images) by extension 'cmake'
[0.192s] [34mcolcon.colcon_core.package_identification[0m [1;30mLevel 1[0m _identify(created_model_NXPCUP_2026.v2-v1_yolov8/content/NXPCUP_2026.v2-v1_a.yolov8/test/images) by extension 'python'
[0.192s] [34mcolcon.colcon_core.package_identification[0m [1;30mLevel 1[0m _identify(created_model_NXPCUP_2026.v2-v1_yolov8/content/NXPCUP_2026.v2-v1_a.yolov8/test/images) by extensions ['python_setup_py']
[0.192s] [34mcolcon.colcon_core.package_identification[0m [1;30mLevel 1[0m _identify(created_model_NXPCUP_2026.v2-v1_yolov8/content/NXPCUP_2026.v2-v1_a.yolov8/test/images) by extension 'python_setup_py'
[0.192s] [34mcolcon.colcon_core.package_identification[0m [1;30mLevel 1[0m _identify(created_model_NXPCUP_2026.v2-v1_yolov8/content/NXPCUP_2026.v2-v1_a.yolov8/test/labels) by extensions ['ignore', 'ignore_ament_install']
[0.192s] [34mcolcon.colcon_core.package_identification[0m [1;30mLevel 1[0m _identify(created_model_NXPCUP_2026.v2-v1_yolov8/content/NXPCUP_2026.v2-v1_a.yolov8/test/labels) by extension 'ignore'
[0.192s] [34mcolcon.colcon_core.package_identification[0m [1;30mLevel 1[0m _identify(created_model_NXPCUP_2026.v2-v1_yolov8/content/NXPCUP_2026.v2-v1_a.yolov8/test/labels) by extension 'ignore_ament_install'
[0.192s] [34mcolcon.colcon_core.package_identification[0m [1;30mLevel 1[0m _identify(created_model_NXPCUP_2026.v2-v1_yolov8/content/NXPCUP_2026.v2-v1_a.yolov8/test/labels) by extensions ['colcon_pkg']
[0.192s] [34mcolcon.colcon_core.package_identification[0m [1;30mLevel 1[0m _identify(created_model_NXPCUP_2026.v2-v1_yolov8/content/NXPCUP_2026.v2-v1_a.yolov8/test/labels) by extension 'colcon_pkg'
[0.192s] [34mcolcon.colcon_core.package_identification[0m [1;30mLevel 1[0m _identify(created_model_NXPCUP_2026.v2-v1_yolov8/content/NXPCUP_2026.v2-v1_a.yolov8/test/labels) by extensions ['colcon_meta']
[0.192s] [34mcolcon.colcon_core.package_identification[0m [1;30mLevel 1[0m _identify(created_model_NXPCUP_2026.v2-v1_yolov8/content/NXPCUP_2026.v2-v1_a.yolov8/test/labels) by extension 'colcon_meta'
[0.192s] [34mcolcon.colcon_core.package_identification[0m [1;30mLevel 1[0m _identify(created_model_NXPCUP_2026.v2-v1_yolov8/content/NXPCUP_2026.v2-v1_a.yolov8/test/labels) by extensions ['ros']
[0.192s] [34mcolcon.colcon_core.package_identification[0m [1;30mLevel 1[0m _identify(created_model_NXPCUP_2026.v2-v1_yolov8/content/NXPCUP_2026.v2-v1_a.yolov8/test/labels) by extension 'ros'
[0.192s] [34mcolcon.colcon_core.package_identification[0m [1;30mLevel 1[0m _identify(created_model_NXPCUP_2026.v2-v1_yolov8/content/NXPCUP_2026.v2-v1_a.yolov8/test/labels) by extensions ['cmake', 'python']
[0.192s] [34mcolcon.colcon_core.package_identification[0m [1;30mLevel 1[0m _identify(created_model_NXPCUP_2026.v2-v1_yolov8/content/NXPCUP_2026.v2-v1_a.yolov8/test/labels) by extension 'cmake'
[0.192s] [34mcolcon.colcon_core.package_identification[0m [1;30mLevel 1[0m _identify(created_model_NXPCUP_2026.v2-v1_yolov8/content/NXPCUP_2026.v2-v1_a.yolov8/test/labels) by extension 'python'
[0.192s] [34mcolcon.colcon_core.package_identification[0m [1;30mLevel 1[0m _identify(created_model_NXPCUP_2026.v2-v1_yolov8/content/NXPCUP_2026.v2-v1_a.yolov8/test/labels) by extensions ['python_setup_py']
[0.192s] [34mcolcon.colcon_core.package_identification[0m [1;30mLevel 1[0m _identify(created_model_NXPCUP_2026.v2-v1_yolov8/content/NXPCUP_2026.v2-v1_a.yolov8/test/labels) by extension 'python_setup_py'
[0.192s] [34mcolcon.colcon_core.package_identification[0m [1;30mLevel 1[0m _identify(created_model_NXPCUP_2026.v2-v1_yolov8/content/NXPCUP_2026.v2-v1_a.yolov8/train) by extensions ['ignore', 'ignore_ament_install']
[0.192s] [34mcolcon.colcon_core.package_identification[0m [1;30mLevel 1[0m _identify(created_model_NXPCUP_2026.v2-v1_yolov8/content/NXPCUP_2026.v2-v1_a.yolov8/train) by extension 'ignore'
[0.192s] [34mcolcon.colcon_core.package_identification[0m [1;30mLevel 1[0m _identify(created_model_NXPCUP_2026.v2-v1_yolov8/content/NXPCUP_2026.v2-v1_a.yolov8/train) by extension 'ignore_ament_install'
[0.192s] [34mcolcon.colcon_core.package_identification[0m [1;30mLevel 1[0m _identify(created_model_NXPCUP_2026.v2-v1_yolov8/content/NXPCUP_2026.v2-v1_a.yolov8/train) by extensions ['colcon_pkg']
[0.192s] [34mcolcon.colcon_core.package_identification[0m [1;30mLevel 1[0m _identify(created_model_NXPCUP_2026.v2-v1_yolov8/content/NXPCUP_2026.v2-v1_a.yolov8/train) by extension 'colcon_pkg'
[0.192s] [34mcolcon.colcon_core.package_identification[0m [1;30mLevel 1[0m _identify(created_model_NXPCUP_2026.v2-v1_yolov8/content/NXPCUP_2026.v2-v1_a.yolov8/train) by extensions ['colcon_meta']
[0.192s] [34mcolcon.colcon_core.package_identification[0m [1;30mLevel 1[0m _identify(created_model_NXPCUP_2026.v2-v1_yolov8/content/NXPCUP_2026.v2-v1_a.yolov8/train) by extension 'colcon_meta'
[0.192s] [34mcolcon.colcon_core.package_identification[0m [1;30mLevel 1[0m _identify(created_model_NXPCUP_2026.v2-v1_yolov8/content/NXPCUP_2026.v2-v1_a.yolov8/train) by extensions ['ros']
[0.192s] [34mcolcon.colcon_core.package_identification[0m [1;30mLevel 1[0m _identify(created_model_NXPCUP_2026.v2-v1_yolov8/content/NXPCUP_2026.v2-v1_a.yolov8/train) by extension 'ros'
[0.192s] [34mcolcon.colcon_core.package_identification[0m [1;30mLevel 1[0m _identify(created_model_NXPCUP_2026.v2-v1_yolov8/content/NXPCUP_2026.v2-v1_a.yolov8/train) by extensions ['cmake', 'python']
[0.192s] [34mcolcon.colcon_core.package_identification[0m [1;30mLevel 1[0m _identify(created_model_NXPCUP_2026.v2-v1_yolov8/content/NXPCUP_2026.v2-v1_a.yolov8/train) by extension 'cmake'
[0.192s] [34mcolcon.colcon_core.package_identification[0m [1;30mLevel 1[0m _identify(created_model_NXPCUP_2026.v2-v1_yolov8/content/NXPCUP_2026.v2-v1_a.yolov8/train) by extension 'python'
[0.192s] [34mcolcon.colcon_core.package_identification[0m [1;30mLevel 1[0m _identify(created_model_NXPCUP_2026.v2-v1_yolov8/content/NXPCUP_2026.v2-v1_a.yolov8/train) by extensions ['python_setup_py']
[0.192s] [34mcolcon.colcon_core.package_identification[0m [1;30mLevel 1[0m _identify(created_model_NXPCUP_2026.v2-v1_yolov8/content/NXPCUP_2026.v2-v1_a.yolov8/train) by extension 'python_setup_py'
[0.193s] [34mcolcon.colcon_core.package_identification[0m [1;30mLevel 1[0m _identify(created_model_NXPCUP_2026.v2-v1_yolov8/content/NXPCUP_2026.v2-v1_a.yolov8/train/images) by extensions ['ignore', 'ignore_ament_install']
[0.193s] [34mcolcon.colcon_core.package_identification[0m [1;30mLevel 1[0m _identify(created_model_NXPCUP_2026.v2-v1_yolov8/content/NXPCUP_2026.v2-v1_a.yolov8/train/images) by extension 'ignore'
[0.193s] [34mcolcon.colcon_core.package_identification[0m [1;30mLevel 1[0m _identify(created_model_NXPCUP_2026.v2-v1_yolov8/content/NXPCUP_2026.v2-v1_a.yolov8/train/images) by extension 'ignore_ament_install'
[0.193s] [34mcolcon.colcon_core.package_identification[0m [1;30mLevel 1[0m _identify(created_model_NXPCUP_2026.v2-v1_yolov8/content/NXPCUP_2026.v2-v1_a.yolov8/train/images) by extensions ['colcon_pkg']
[0.194s] [34mcolcon.colcon_core.package_identification[0m [1;30mLevel 1[0m _identify(created_model_NXPCUP_2026.v2-v1_yolov8/content/NXPCUP_2026.v2-v1_a.yolov8/train/images) by extension 'colcon_pkg'
[0.194s] [34mcolcon.colcon_core.package_identification[0m [1;30mLevel 1[0m _identify(created_model_NXPCUP_2026.v2-v1_yolov8/content/NXPCUP_2026.v2-v1_a.yolov8/train/images) by extensions ['colcon_meta']
[0.194s] [34mcolcon.colcon_core.package_identification[0m [1;30mLevel 1[0m _identify(created_model_NXPCUP_2026.v2-v1_yolov8/content/NXPCUP_2026.v2-v1_a.yolov8/train/images) by extension 'colcon_meta'
[0.194s] [34mcolcon.colcon_core.package_identification[0m [1;30mLevel 1[0m _identify(created_model_NXPCUP_2026.v2-v1_yolov8/content/NXPCUP_2026.v2-v1_a.yolov8/train/images) by extensions ['ros']
[0.194s] [34mcolcon.colcon_core.package_identification[0m [1;30mLevel 1[0m _identify(created_model_NXPCUP_2026.v2-v1_yolov8/content/NXPCUP_2026.v2-v1_a.yolov8/train/images) by extension 'ros'
[0.194s] [34mcolcon.colcon_core.package_identification[0m [1;30mLevel 1[0m _identify(created_model_NXPCUP_2026.v2-v1_yolov8/content/NXPCUP_2026.v2-v1_a.yolov8/train/images) by extensions ['cmake', 'python']
[0.194s] [34mcolcon.colcon_core.package_identification[0m [1;30mLevel 1[0m _identify(created_model_NXPCUP_2026.v2-v1_yolov8/content/NXPCUP_2026.v2-v1_a.yolov8/train/images) by extension 'cmake'
[0.194s] [34mcolcon.colcon_core.package_identification[0m [1;30mLevel 1[0m _identify(created_model_NXPCUP_2026.v2-v1_yolov8/content/NXPCUP_2026.v2-v1_a.yolov8/train/images) by extension 'python'
[0.194s] [34mcolcon.colcon_core.package_identification[0m [1;30mLevel 1[0m _identify(created_model_NXPCUP_2026.v2-v1_yolov8/content/NXPCUP_2026.v2-v1_a.yolov8/train/images) by extensions ['python_setup_py']
[0.194s] [34mcolcon.colcon_core.package_identification[0m [1;30mLevel 1[0m _identify(created_model_NXPCUP_2026.v2-v1_yolov8/content/NXPCUP_2026.v2-v1_a.yolov8/train/images) by extension 'python_setup_py'
[0.195s] [34mcolcon.colcon_core.package_identification[0m [1;30mLevel 1[0m _identify(created_model_NXPCUP_2026.v2-v1_yolov8/content/NXPCUP_2026.v2-v1_a.yolov8/train/labels) by extensions ['ignore', 'ignore_ament_install']
[0.195s] [34mcolcon.colcon_core.package_identification[0m [1;30mLevel 1[0m _identify(created_model_NXPCUP_2026.v2-v1_yolov8/content/NXPCUP_2026.v2-v1_a.yolov8/train/labels) by extension 'ignore'
[0.195s] [34mcolcon.colcon_core.package_identification[0m [1;30mLevel 1[0m _identify(created_model_NXPCUP_2026.v2-v1_yolov8/content/NXPCUP_2026.v2-v1_a.yolov8/train/labels) by extension 'ignore_ament_install'
[0.195s] [34mcolcon.colcon_core.package_identification[0m [1;30mLevel 1[0m _identify(created_model_NXPCUP_2026.v2-v1_yolov8/content/NXPCUP_2026.v2-v1_a.yolov8/train/labels) by extensions ['colcon_pkg']
[0.195s] [34mcolcon.colcon_core.package_identification[0m [1;30mLevel 1[0m _identify(created_model_NXPCUP_2026.v2-v1_yolov8/content/NXPCUP_2026.v2-v1_a.yolov8/train/labels) by extension 'colcon_pkg'
[0.195s] [34mcolcon.colcon_core.package_identification[0m [1;30mLevel 1[0m _identify(created_model_NXPCUP_2026.v2-v1_yolov8/content/NXPCUP_2026.v2-v1_a.yolov8/train/labels) by extensions ['colcon_meta']
[0.195s] [34mcolcon.colcon_core.package_identification[0m [1;30mLevel 1[0m _identify(created_model_NXPCUP_2026.v2-v1_yolov8/content/NXPCUP_2026.v2-v1_a.yolov8/train/labels) by extension 'colcon_meta'
[0.195s] [34mcolcon.colcon_core.package_identification[0m [1;30mLevel 1[0m _identify(created_model_NXPCUP_2026.v2-v1_yolov8/content/NXPCUP_2026.v2-v1_a.yolov8/train/labels) by extensions ['ros']
[0.195s] [34mcolcon.colcon_core.package_identification[0m [1;30mLevel 1[0m _identify(created_model_NXPCUP_2026.v2-v1_yolov8/content/NXPCUP_2026.v2-v1_a.yolov8/train/labels) by extension 'ros'
[0.195s] [34mcolcon.colcon_core.package_identification[0m [1;30mLevel 1[0m _identify(created_model_NXPCUP_2026.v2-v1_yolov8/content/NXPCUP_2026.v2-v1_a.yolov8/train/labels) by extensions ['cmake', 'python']
[0.195s] [34mcolcon.colcon_core.package_identification[0m [1;30mLevel 1[0m _identify(created_model_NXPCUP_2026.v2-v1_yolov8/content/NXPCUP_2026.v2-v1_a.yolov8/train/labels) by extension 'cmake'
[0.195s] [34mcolcon.colcon_core.package_identification[0m [1;30mLevel 1[0m _identify(created_model_NXPCUP_2026.v2-v1_yolov8/content/NXPCUP_2026.v2-v1_a.yolov8/train/labels) by extension 'python'
[0.195s] [34mcolcon.colcon_core.package_identification[0m [1;30mLevel 1[0m _identify(created_model_NXPCUP_2026.v2-v1_yolov8/content/NXPCUP_2026.v2-v1_a.yolov8/train/labels) by extensions ['python_setup_py']
[0.195s] [34mcolcon.colcon_core.package_identification[0m [1;30mLevel 1[0m _identify(created_model_NXPCUP_2026.v2-v1_yolov8/content/NXPCUP_2026.v2-v1_a.yolov8/train/labels) by extension 'python_setup_py'
[0.195s] [34mcolcon.colcon_core.package_identification[0m [1;30mLevel 1[0m _identify(created_model_NXPCUP_2026.v2-v1_yolov8/content/NXPCUP_2026.v2-v1_a.yolov8/valid) by extensions ['ignore', 'ignore_ament_install']
[0.195s] [34mcolcon.colcon_core.package_identification[0m [1;30mLevel 1[0m _identify(created_model_NXPCUP_2026.v2-v1_yolov8/content/NXPCUP_2026.v2-v1_a.yolov8/valid) by extension 'ignore'
[0.195s] [34mcolcon.colcon_core.package_identification[0m [1;30mLevel 1[0m _identify(created_model_NXPCUP_2026.v2-v1_yolov8/content/NXPCUP_2026.v2-v1_a.yolov8/valid) by extension 'ignore_ament_install'
[0.195s] [34mcolcon.colcon_core.package_identification[0m [1;30mLevel 1[0m _identify(created_model_NXPCUP_2026.v2-v1_yolov8/content/NXPCUP_2026.v2-v1_a.yolov8/valid) by extensions ['colcon_pkg']
[0.195s] [34mcolcon.colcon_core.package_identification[0m [1;30mLevel 1[0m _identify(created_model_NXPCUP_2026.v2-v1_yolov8/content/NXPCUP_2026.v2-v1_a.yolov8/valid) by extension 'colcon_pkg'
[0.195s] [34mcolcon.colcon_core.package_identification[0m [1;30mLevel 1[0m _identify(created_model_NXPCUP_2026.v2-v1_yolov8/content/NXPCUP_2026.v2-v1_a.yolov8/valid) by extensions ['colcon_meta']
[0.195s] [34mcolcon.colcon_core.package_identification[0m [1;30mLevel 1[0m _identify(created_model_NXPCUP_2026.v2-v1_yolov8/content/NXPCUP_2026.v2-v1_a.yolov8/valid) by extension 'colcon_meta'
[0.195s] [34mcolcon.colcon_core.package_identification[0m [1;30mLevel 1[0m _identify(created_model_NXPCUP_2026.v2-v1_yolov8/content/NXPCUP_2026.v2-v1_a.yolov8/valid) by extensions ['ros']
[0.195s] [34mcolcon.colcon_core.package_identification[0m [1;30mLevel 1[0m _identify(created_model_NXPCUP_2026.v2-v1_yolov8/content/NXPCUP_2026.v2-v1_a.yolov8/valid) by extension 'ros'
[0.195s] [34mcolcon.colcon_core.package_identification[0m [1;30mLevel 1[0m _identify(created_model_NXPCUP_2026.v2-v1_yolov8/content/NXPCUP_2026.v2-v1_a.yolov8/valid) by extensions ['cmake', 'python']
[0.195s] [34mcolcon.colcon_core.package_identification[0m [1;30mLevel 1[0m _identify(created_model_NXPCUP_2026.v2-v1_yolov8/content/NXPCUP_2026.v2-v1_a.yolov8/valid) by extension 'cmake'
[0.195s] [34mcolcon.colcon_core.package_identification[0m [1;30mLevel 1[0m _identify(created_model_NXPCUP_2026.v2-v1_yolov8/content/NXPCUP_2026.v2-v1_a.yolov8/valid) by extension 'python'
[0.196s] [34mcolcon.colcon_core.package_identification[0m [1;30mLevel 1[0m _identify(created_model_NXPCUP_2026.v2-v1_yolov8/content/NXPCUP_2026.v2-v1_a.yolov8/valid) by extensions ['python_setup_py']
[0.196s] [34mcolcon.colcon_core.package_identification[0m [1;30mLevel 1[0m _identify(created_model_NXPCUP_2026.v2-v1_yolov8/content/NXPCUP_2026.v2-v1_a.yolov8/valid) by extension 'python_setup_py'
[0.196s] [34mcolcon.colcon_core.package_identification[0m [1;30mLevel 1[0m _identify(created_model_NXPCUP_2026.v2-v1_yolov8/content/NXPCUP_2026.v2-v1_a.yolov8/valid/images) by extensions ['ignore', 'ignore_ament_install']
[0.196s] [34mcolcon.colcon_core.package_identification[0m [1;30mLevel 1[0m _identify(created_model_NXPCUP_2026.v2-v1_yolov8/content/NXPCUP_2026.v2-v1_a.yolov8/valid/images) by extension 'ignore'
[0.196s] [34mcolcon.colcon_core.package_identification[0m [1;30mLevel 1[0m _identify(created_model_NXPCUP_2026.v2-v1_yolov8/content/NXPCUP_2026.v2-v1_a.yolov8/valid/images) by extension 'ignore_ament_install'
[0.196s] [34mcolcon.colcon_core.package_identification[0m [1;30mLevel 1[0m _identify(created_model_NXPCUP_2026.v2-v1_yolov8/content/NXPCUP_2026.v2-v1_a.yolov8/valid/images) by extensions ['colcon_pkg']
[0.196s] [34mcolcon.colcon_core.package_identification[0m [1;30mLevel 1[0m _identify(created_model_NXPCUP_2026.v2-v1_yolov8/content/NXPCUP_2026.v2-v1_a.yolov8/valid/images) by extension 'colcon_pkg'
[0.196s] [34mcolcon.colcon_core.package_identification[0m [1;30mLevel 1[0m _identify(created_model_NXPCUP_2026.v2-v1_yolov8/content/NXPCUP_2026.v2-v1_a.yolov8/valid/images) by extensions ['colcon_meta']
[0.196s] [34mcolcon.colcon_core.package_identification[0m [1;30mLevel 1[0m _identify(created_model_NXPCUP_2026.v2-v1_yolov8/content/NXPCUP_2026.v2-v1_a.yolov8/valid/images) by extension 'colcon_meta'
[0.196s] [34mcolcon.colcon_core.package_identification[0m [1;30mLevel 1[0m _identify(created_model_NXPCUP_2026.v2-v1_yolov8/content/NXPCUP_2026.v2-v1_a.yolov8/valid/images) by extensions ['ros']
[0.196s] [34mcolcon.colcon_core.package_identification[0m [1;30mLevel 1[0m _identify(created_model_NXPCUP_2026.v2-v1_yolov8/content/NXPCUP_2026.v2-v1_a.yolov8/valid/images) by extension 'ros'
[0.196s] [34mcolcon.colcon_core.package_identification[0m [1;30mLevel 1[0m _identify(created_model_NXPCUP_2026.v2-v1_yolov8/content/NXPCUP_2026.v2-v1_a.yolov8/valid/images) by extensions ['cmake', 'python']
[0.196s] [34mcolcon.colcon_core.package_identification[0m [1;30mLevel 1[0m _identify(created_model_NXPCUP_2026.v2-v1_yolov8/content/NXPCUP_2026.v2-v1_a.yolov8/valid/images) by extension 'cmake'
[0.196s] [34mcolcon.colcon_core.package_identification[0m [1;30mLevel 1[0m _identify(created_model_NXPCUP_2026.v2-v1_yolov8/content/NXPCUP_2026.v2-v1_a.yolov8/valid/images) by extension 'python'
[0.196s] [34mcolcon.colcon_core.package_identification[0m [1;30mLevel 1[0m _identify(created_model_NXPCUP_2026.v2-v1_yolov8/content/NXPCUP_2026.v2-v1_a.yolov8/valid/images) by extensions ['python_setup_py']
[0.196s] [34mcolcon.colcon_core.package_identification[0m [1;30mLevel 1[0m _identify(created_model_NXPCUP_2026.v2-v1_yolov8/content/NXPCUP_2026.v2-v1_a.yolov8/valid/images) by extension 'python_setup_py'
[0.196s] [34mcolcon.colcon_core.package_identification[0m [1;30mLevel 1[0m _identify(created_model_NXPCUP_2026.v2-v1_yolov8/content/NXPCUP_2026.v2-v1_a.yolov8/valid/labels) by extensions ['ignore', 'ignore_ament_install']
[0.196s] [34mcolcon.colcon_core.package_identification[0m [1;30mLevel 1[0m _identify(created_model_NXPCUP_2026.v2-v1_yolov8/content/NXPCUP_2026.v2-v1_a.yolov8/valid/labels) by extension 'ignore'
[0.196s] [34mcolcon.colcon_core.package_identification[0m [1;30mLevel 1[0m _identify(created_model_NXPCUP_2026.v2-v1_yolov8/content/NXPCUP_2026.v2-v1_a.yolov8/valid/labels) by extension 'ignore_ament_install'
[0.196s] [34mcolcon.colcon_core.package_identification[0m [1;30mLevel 1[0m _identify(created_model_NXPCUP_2026.v2-v1_yolov8/content/NXPCUP_2026.v2-v1_a.yolov8/valid/labels) by extensions ['colcon_pkg']
[0.196s] [34mcolcon.colcon_core.package_identification[0m [1;30mLevel 1[0m _identify(created_model_NXPCUP_2026.v2-v1_yolov8/content/NXPCUP_2026.v2-v1_a.yolov8/valid/labels) by extension 'colcon_pkg'
[0.196s] [34mcolcon.colcon_core.package_identification[0m [1;30mLevel 1[0m _identify(created_model_NXPCUP_2026.v2-v1_yolov8/content/NXPCUP_2026.v2-v1_a.yolov8/valid/labels) by extensions ['colcon_meta']
[0.196s] [34mcolcon.colcon_core.package_identification[0m [1;30mLevel 1[0m _identify(created_model_NXPCUP_2026.v2-v1_yolov8/content/NXPCUP_2026.v2-v1_a.yolov8/valid/labels) by extension 'colcon_meta'
[0.196s] [34mcolcon.colcon_core.package_identification[0m [1;30mLevel 1[0m _identify(created_model_NXPCUP_2026.v2-v1_yolov8/content/NXPCUP_2026.v2-v1_a.yolov8/valid/labels) by extensions ['ros']
[0.196s] [34mcolcon.colcon_core.package_identification[0m [1;30mLevel 1[0m _identify(created_model_NXPCUP_2026.v2-v1_yolov8/content/NXPCUP_2026.v2-v1_a.yolov8/valid/labels) by extension 'ros'
[0.196s] [34mcolcon.colcon_core.package_identification[0m [1;30mLevel 1[0m _identify(created_model_NXPCUP_2026.v2-v1_yolov8/content/NXPCUP_2026.v2-v1_a.yolov8/valid/labels) by extensions ['cmake', 'python']
[0.196s] [34mcolcon.colcon_core.package_identification[0m [1;30mLevel 1[0m _identify(created_model_NXPCUP_2026.v2-v1_yolov8/content/NXPCUP_2026.v2-v1_a.yolov8/valid/labels) by extension 'cmake'
[0.196s] [34mcolcon.colcon_core.package_identification[0m [1;30mLevel 1[0m _identify(created_model_NXPCUP_2026.v2-v1_yolov8/content/NXPCUP_2026.v2-v1_a.yolov8/valid/labels) by extension 'python'
[0.196s] [34mcolcon.colcon_core.package_identification[0m [1;30mLevel 1[0m _identify(created_model_NXPCUP_2026.v2-v1_yolov8/content/NXPCUP_2026.v2-v1_a.yolov8/valid/labels) by extensions ['python_setup_py']
[0.196s] [34mcolcon.colcon_core.package_identification[0m [1;30mLevel 1[0m _identify(created_model_NXPCUP_2026.v2-v1_yolov8/content/NXPCUP_2026.v2-v1_a.yolov8/valid/labels) by extension 'python_setup_py'
[0.196s] [34mcolcon.colcon_core.package_identification[0m [1;30mLevel 1[0m _identify(install) by extensions ['ignore', 'ignore_ament_install']
[0.196s] [34mcolcon.colcon_core.package_identification[0m [1;30mLevel 1[0m _identify(install) by extension 'ignore'
[0.196s] [34mcolcon.colcon_core.package_identification[0m [1;30mLevel 1[0m _identify(install) ignored
[0.197s] [34mcolcon.colcon_core.package_identification[0m [1;30mLevel 1[0m _identify(log) by extensions ['ignore', 'ignore_ament_install']
[0.197s] [34mcolcon.colcon_core.package_identification[0m [1;30mLevel 1[0m _identify(log) by extension 'ignore'
[0.197s] [34mcolcon.colcon_core.package_identification[0m [1;30mLevel 1[0m _identify(log) ignored
[0.197s] [34mcolcon.colcon_core.package_identification[0m [1;30mLevel 1[0m _identify(src) by extensions ['ignore', 'ignore_ament_install']
[0.197s] [34mcolcon.colcon_core.package_identification[0m [1;30mLevel 1[0m _identify(src) by extension 'ignore'
[0.197s] [34mcolcon.colcon_core.package_identification[0m [1;30mLevel 1[0m _identify(src) by extension 'ignore_ament_install'
[0.197s] [34mcolcon.colcon_core.package_identification[0m [1;30mLevel 1[0m _identify(src) by extensions ['colcon_pkg']
[0.197s] [34mcolcon.colcon_core.package_identification[0m [1;30mLevel 1[0m _identify(src) by extension 'colcon_pkg'
[0.197s] [34mcolcon.colcon_core.package_identification[0m [1;30mLevel 1[0m _identify(src) by extensions ['colcon_meta']
[0.197s] [34mcolcon.colcon_core.package_identification[0m [1;30mLevel 1[0m _identify(src) by extension 'colcon_meta'
[0.197s] [34mcolcon.colcon_core.package_identification[0m [1;30mLevel 1[0m _identify(src) by extensions ['ros']
[0.197s] [34mcolcon.colcon_core.package_identification[0m [1;30mLevel 1[0m _identify(src) by extension 'ros'
[0.197s] [34mcolcon.colcon_core.package_identification[0m [1;30mLevel 1[0m _identify(src) by extensions ['cmake', 'python']
[0.197s] [34mcolcon.colcon_core.package_identification[0m [1;30mLevel 1[0m _identify(src) by extension 'cmake'
[0.197s] [34mcolcon.colcon_core.package_identification[0m [1;30mLevel 1[0m _identify(src) by extension 'python'
[0.197s] [34mcolcon.colcon_core.package_identification[0m [1;30mLevel 1[0m _identify(src) by extensions ['python_setup_py']
[0.197s] [34mcolcon.colcon_core.package_identification[0m [1;30mLevel 1[0m _identify(src) by extension 'python_setup_py'
[0.197s] [34mcolcon.colcon_core.package_identification[0m [1;30mLevel 1[0m _identify(src/b3rb) by extensions ['ignore', 'ignore_ament_install']
[0.197s] [34mcolcon.colcon_core.package_identification[0m [1;30mLevel 1[0m _identify(src/b3rb) by extension 'ignore'
[0.197s] [34mcolcon.colcon_core.package_identification[0m [1;30mLevel 1[0m _identify(src/b3rb) by extension 'ignore_ament_install'
[0.197s] [34mcolcon.colcon_core.package_identification[0m [1;30mLevel 1[0m _identify(src/b3rb) by extensions ['colcon_pkg']
[0.197s] [34mcolcon.colcon_core.package_identification[0m [1;30mLevel 1[0m _identify(src/b3rb) by extension 'colcon_pkg'
[0.197s] [34mcolcon.colcon_core.package_identification[0m [1;30mLevel 1[0m _identify(src/b3rb) by extensions ['colcon_meta']
[0.197s] [34mcolcon.colcon_core.package_identification[0m [1;30mLevel 1[0m _identify(src/b3rb) by extension 'colcon_meta'
[0.197s] [34mcolcon.colcon_core.package_identification[0m [1;30mLevel 1[0m _identify(src/b3rb) by extensions ['ros']
[0.197s] [34mcolcon.colcon_core.package_identification[0m [1;30mLevel 1[0m _identify(src/b3rb) by extension 'ros'
[0.197s] [34mcolcon.colcon_core.package_identification[0m [1;30mLevel 1[0m _identify(src/b3rb) by extensions ['cmake', 'python']
[0.197s] [34mcolcon.colcon_core.package_identification[0m [1;30mLevel 1[0m _identify(src/b3rb) by extension 'cmake'
[0.197s] [34mcolcon.colcon_core.package_identification[0m [1;30mLevel 1[0m _identify(src/b3rb) by extension 'python'
[0.197s] [34mcolcon.colcon_core.package_identification[0m [1;30mLevel 1[0m _identify(src/b3rb) by extensions ['python_setup_py']
[0.197s] [34mcolcon.colcon_core.package_identification[0m [1;30mLevel 1[0m _identify(src/b3rb) by extension 'python_setup_py'
[0.197s] [34mcolcon.colcon_core.package_identification[0m [1;30mLevel 1[0m _identify(src/b3rb/b3rb_description) by extensions ['ignore', 'ignore_ament_install']
[0.197s] [34mcolcon.colcon_core.package_identification[0m [1;30mLevel 1[0m _identify(src/b3rb/b3rb_description) by extension 'ignore'
[0.197s] [34mcolcon.colcon_core.package_identification[0m [1;30mLevel 1[0m _identify(src/b3rb/b3rb_description) by extension 'ignore_ament_install'
[0.197s] [34mcolcon.colcon_core.package_identification[0m [1;30mLevel 1[0m _identify(src/b3rb/b3rb_description) by extensions ['colcon_pkg']
[0.197s] [34mcolcon.colcon_core.package_identification[0m [1;30mLevel 1[0m _identify(src/b3rb/b3rb_description) by extension 'colcon_pkg'
[0.197s] [34mcolcon.colcon_core.package_identification[0m [1;30mLevel 1[0m _identify(src/b3rb/b3rb_description) by extensions ['colcon_meta']
[0.198s] [34mcolcon.colcon_core.package_identification[0m [1;30mLevel 1[0m _identify(src/b3rb/b3rb_description) by extension 'colcon_meta'
[0.198s] [34mcolcon.colcon_core.package_identification[0m [1;30mLevel 1[0m _identify(src/b3rb/b3rb_description) by extensions ['ros']
[0.198s] [34mcolcon.colcon_core.package_identification[0m [1;30mLevel 1[0m _identify(src/b3rb/b3rb_description) by extension 'ros'
[0.199s] [34mcolcon.colcon_core.package_identification[0m [1;30mDEBUG[0m [32mPackage 'src/b3rb/b3rb_description' with type 'ros.ament_cmake' and name 'b3rb_description'[0m
[0.199s] [34mcolcon.colcon_core.package_identification[0m [1;30mLevel 1[0m _identify(src/b3rb/b3rb_nav2) by extensions ['ignore', 'ignore_ament_install']
[0.199s] [34mcolcon.colcon_core.package_identification[0m [1;30mLevel 1[0m _identify(src/b3rb/b3rb_nav2) by extension 'ignore'
[0.199s] [34mcolcon.colcon_core.package_identification[0m [1;30mLevel 1[0m _identify(src/b3rb/b3rb_nav2) by extension 'ignore_ament_install'
[0.199s] [34mcolcon.colcon_core.package_identification[0m [1;30mLevel 1[0m _identify(src/b3rb/b3rb_nav2) by extensions ['colcon_pkg']
[0.199s] [34mcolcon.colcon_core.package_identification[0m [1;30mLevel 1[0m _identify(src/b3rb/b3rb_nav2) by extension 'colcon_pkg'
[0.199s] [34mcolcon.colcon_core.package_identification[0m [1;30mLevel 1[0m _identify(src/b3rb/b3rb_nav2) by extensions ['colcon_meta']
[0.199s] [34mcolcon.colcon_core.package_identification[0m [1;30mLevel 1[0m _identify(src/b3rb/b3rb_nav2) by extension 'colcon_meta'
[0.199s] [34mcolcon.colcon_core.package_identification[0m [1;30mLevel 1[0m _identify(src/b3rb/b3rb_nav2) by extensions ['ros']
[0.199s] [34mcolcon.colcon_core.package_identification[0m [1;30mLevel 1[0m _identify(src/b3rb/b3rb_nav2) by extension 'ros'
[0.200s] [34mcolcon.colcon_core.package_identification[0m [1;30mDEBUG[0m [32mPackage 'src/b3rb/b3rb_nav2' with type 'ros.ament_cmake' and name 'b3rb_nav2'[0m
[0.200s] [34mcolcon.colcon_core.package_identification[0m [1;30mLevel 1[0m _identify(src/b3rb_desktop) by extensions ['ignore', 'ignore_ament_install']
[0.200s] [34mcolcon.colcon_core.package_identification[0m [1;30mLevel 1[0m _identify(src/b3rb_desktop) by extension 'ignore'
[0.200s] [34mcolcon.colcon_core.package_identification[0m [1;30mLevel 1[0m _identify(src/b3rb_desktop) by extension 'ignore_ament_install'
[0.200s] [34mcolcon.colcon_core.package_identification[0m [1;30mLevel 1[0m _identify(src/b3rb_desktop) by extensions ['colcon_pkg']
[0.200s] [34mcolcon.colcon_core.package_identification[0m [1;30mLevel 1[0m _identify(src/b3rb_desktop) by extension 'colcon_pkg'
[0.200s] [34mcolcon.colcon_core.package_identification[0m [1;30mLevel 1[0m _identify(src/b3rb_desktop) by extensions ['colcon_meta']
[0.200s] [34mcolcon.colcon_core.package_identification[0m [1;30mLevel 1[0m _identify(src/b3rb_desktop) by extension 'colcon_meta'
[0.200s] [34mcolcon.colcon_core.package_identification[0m [1;30mLevel 1[0m _identify(src/b3rb_desktop) by extensions ['ros']
[0.200s] [34mcolcon.colcon_core.package_identification[0m [1;30mLevel 1[0m _identify(src/b3rb_desktop) by extension 'ros'
[0.200s] [34mcolcon.colcon_core.package_identification[0m [1;30mLevel 1[0m _identify(src/b3rb_desktop) by extensions ['cmake', 'python']
[0.200s] [34mcolcon.colcon_core.package_identification[0m [1;30mLevel 1[0m _identify(src/b3rb_desktop) by extension 'cmake'
[0.200s] [34mcolcon.colcon_core.package_identification[0m [1;30mLevel 1[0m _identify(src/b3rb_desktop) by extension 'python'
[0.200s] [34mcolcon.colcon_core.package_identification[0m [1;30mLevel 1[0m _identify(src/b3rb_desktop) by extensions ['python_setup_py']
[0.200s] [34mcolcon.colcon_core.package_identification[0m [1;30mLevel 1[0m _identify(src/b3rb_desktop) by extension 'python_setup_py'
[0.200s] [34mcolcon.colcon_core.package_identification[0m [1;30mLevel 1[0m _identify(src/b3rb_desktop/b3rb_desktop) by extensions ['ignore', 'ignore_ament_install']
[0.200s] [34mcolcon.colcon_core.package_identification[0m [1;30mLevel 1[0m _identify(src/b3rb_desktop/b3rb_desktop) by extension 'ignore'
[0.200s] [34mcolcon.colcon_core.package_identification[0m [1;30mLevel 1[0m _identify(src/b3rb_desktop/b3rb_desktop) by extension 'ignore_ament_install'
[0.200s] [34mcolcon.colcon_core.package_identification[0m [1;30mLevel 1[0m _identify(src/b3rb_desktop/b3rb_desktop) by extensions ['colcon_pkg']
[0.200s] [34mcolcon.colcon_core.package_identification[0m [1;30mLevel 1[0m _identify(src/b3rb_desktop/b3rb_desktop) by extension 'colcon_pkg'
[0.200s] [34mcolcon.colcon_core.package_identification[0m [1;30mLevel 1[0m _identify(src/b3rb_desktop/b3rb_desktop) by extensions ['colcon_meta']
[0.200s] [34mcolcon.colcon_core.package_identification[0m [1;30mLevel 1[0m _identify(src/b3rb_desktop/b3rb_desktop) by extension 'colcon_meta'
[0.200s] [34mcolcon.colcon_core.package_identification[0m [1;30mLevel 1[0m _identify(src/b3rb_desktop/b3rb_desktop) by extensions ['ros']
[0.200s] [34mcolcon.colcon_core.package_identification[0m [1;30mLevel 1[0m _identify(src/b3rb_desktop/b3rb_desktop) by extension 'ros'
[0.201s] [34mcolcon.colcon_core.package_identification[0m [1;30mDEBUG[0m [32mPackage 'src/b3rb_desktop/b3rb_desktop' with type 'ros.ament_cmake' and name 'b3rb_desktop'[0m
[0.201s] [34mcolcon.colcon_core.package_identification[0m [1;30mLevel 1[0m _identify(src/b3rb_desktop/b3rb_rviz) by extensions ['ignore', 'ignore_ament_install']
[0.201s] [34mcolcon.colcon_core.package_identification[0m [1;30mLevel 1[0m _identify(src/b3rb_desktop/b3rb_rviz) by extension 'ignore'
[0.201s] [34mcolcon.colcon_core.package_identification[0m [1;30mLevel 1[0m _identify(src/b3rb_desktop/b3rb_rviz) by extension 'ignore_ament_install'
[0.201s] [34mcolcon.colcon_core.package_identification[0m [1;30mLevel 1[0m _identify(src/b3rb_desktop/b3rb_rviz) by extensions ['colcon_pkg']
[0.201s] [34mcolcon.colcon_core.package_identification[0m [1;30mLevel 1[0m _identify(src/b3rb_desktop/b3rb_rviz) by extension 'colcon_pkg'
[0.201s] [34mcolcon.colcon_core.package_identification[0m [1;30mLevel 1[0m _identify(src/b3rb_desktop/b3rb_rviz) by extensions ['colcon_meta']
[0.201s] [34mcolcon.colcon_core.package_identification[0m [1;30mLevel 1[0m _identify(src/b3rb_desktop/b3rb_rviz) by extension 'colcon_meta'
[0.201s] [34mcolcon.colcon_core.package_identification[0m [1;30mLevel 1[0m _identify(src/b3rb_desktop/b3rb_rviz) by extensions ['ros']
[0.201s] [34mcolcon.colcon_core.package_identification[0m [1;30mLevel 1[0m _identify(src/b3rb_desktop/b3rb_rviz) by extension 'ros'
[0.201s] [34mcolcon.colcon_core.package_identification[0m [1;30mDEBUG[0m [32mPackage 'src/b3rb_desktop/b3rb_rviz' with type 'ros.ament_cmake' and name 'b3rb_rviz'[0m
[0.202s] [34mcolcon.colcon_core.package_identification[0m [1;30mLevel 1[0m _identify(src/b3rb_ros_line_follower) by extensions ['ignore', 'ignore_ament_install']
[0.202s] [34mcolcon.colcon_core.package_identification[0m [1;30mLevel 1[0m _identify(src/b3rb_ros_line_follower) by extension 'ignore'
[0.202s] [34mcolcon.colcon_core.package_identification[0m [1;30mLevel 1[0m _identify(src/b3rb_ros_line_follower) by extension 'ignore_ament_install'
[0.202s] [34mcolcon.colcon_core.package_identification[0m [1;30mLevel 1[0m _identify(src/b3rb_ros_line_follower) by extensions ['colcon_pkg']
[0.202s] [34mcolcon.colcon_core.package_identification[0m [1;30mLevel 1[0m _identify(src/b3rb_ros_line_follower) by extension 'colcon_pkg'
[0.202s] [34mcolcon.colcon_core.package_identification[0m [1;30mLevel 1[0m _identify(src/b3rb_ros_line_follower) by extensions ['colcon_meta']
[0.202s] [34mcolcon.colcon_core.package_identification[0m [1;30mLevel 1[0m _identify(src/b3rb_ros_line_follower) by extension 'colcon_meta'
[0.202s] [34mcolcon.colcon_core.package_identification[0m [1;30mLevel 1[0m _identify(src/b3rb_ros_line_follower) by extensions ['ros']
[0.202s] [34mcolcon.colcon_core.package_identification[0m [1;30mLevel 1[0m _identify(src/b3rb_ros_line_follower) by extension 'ros'
[0.202s] [34mcolcon.colcon_core.package_identification[0m [1;30mLevel 1[0m _identify(src/b3rb_ros_line_follower) by extensions ['cmake', 'python']
[0.202s] [34mcolcon.colcon_core.package_identification[0m [1;30mLevel 1[0m _identify(src/b3rb_ros_line_follower) by extension 'cmake'
[0.202s] [34mcolcon.colcon_core.package_identification[0m [1;30mLevel 1[0m _identify(src/b3rb_ros_line_follower) by extension 'python'
[0.202s] [34mcolcon.colcon_core.package_identification[0m [1;30mLevel 1[0m _identify(src/b3rb_ros_line_follower) by extensions ['python_setup_py']
[0.202s] [34mcolcon.colcon_core.package_identification[0m [1;30mLevel 1[0m _identify(src/b3rb_ros_line_follower) by extension 'python_setup_py'
[0.202s] [34mcolcon.colcon_core.package_identification[0m [1;30mLevel 1[0m _identify(src/b3rb_ros_line_follower/b3rb_ros_line_follower) by extensions ['ignore', 'ignore_ament_install']
[0.202s] [34mcolcon.colcon_core.package_identification[0m [1;30mLevel 1[0m _identify(src/b3rb_ros_line_follower/b3rb_ros_line_follower) by extension 'ignore'
[0.202s] [34mcolcon.colcon_core.package_identification[0m [1;30mLevel 1[0m _identify(src/b3rb_ros_line_follower/b3rb_ros_line_follower) by extension 'ignore_ament_install'
[0.202s] [34mcolcon.colcon_core.package_identification[0m [1;30mLevel 1[0m _identify(src/b3rb_ros_line_follower/b3rb_ros_line_follower) by extensions ['colcon_pkg']
[0.202s] [34mcolcon.colcon_core.package_identification[0m [1;30mLevel 1[0m _identify(src/b3rb_ros_line_follower/b3rb_ros_line_follower) by extension 'colcon_pkg'
[0.202s] [34mcolcon.colcon_core.package_identification[0m [1;30mLevel 1[0m _identify(src/b3rb_ros_line_follower/b3rb_ros_line_follower) by extensions ['colcon_meta']
[0.202s] [34mcolcon.colcon_core.package_identification[0m [1;30mLevel 1[0m _identify(src/b3rb_ros_line_follower/b3rb_ros_line_follower) by extension 'colcon_meta'
[0.202s] [34mcolcon.colcon_core.package_identification[0m [1;30mLevel 1[0m _identify(src/b3rb_ros_line_follower/b3rb_ros_line_follower) by extensions ['ros']
[0.202s] [34mcolcon.colcon_core.package_identification[0m [1;30mLevel 1[0m _identify(src/b3rb_ros_line_follower/b3rb_ros_line_follower) by extension 'ros'
[0.202s] [34mcolcon.colcon_core.package_identification[0m [1;30mDEBUG[0m [32mPackage 'src/b3rb_ros_line_follower/b3rb_ros_line_follower' with type 'ros.ament_python' and name 'b3rb_ros_line_follower'[0m
[0.203s] [34mcolcon.colcon_core.package_identification[0m [1;30mLevel 1[0m _identify(src/b3rb_simulator) by extensions ['ignore', 'ignore_ament_install']
[0.203s] [34mcolcon.colcon_core.package_identification[0m [1;30mLevel 1[0m _identify(src/b3rb_simulator) by extension 'ignore'
[0.203s] [34mcolcon.colcon_core.package_identification[0m [1;30mLevel 1[0m _identify(src/b3rb_simulator) by extension 'ignore_ament_install'
[0.203s] [34mcolcon.colcon_core.package_identification[0m [1;30mLevel 1[0m _identify(src/b3rb_simulator) by extensions ['colcon_pkg']
[0.203s] [34mcolcon.colcon_core.package_identification[0m [1;30mLevel 1[0m _identify(src/b3rb_simulator) by extension 'colcon_pkg'
[0.203s] [34mcolcon.colcon_core.package_identification[0m [1;30mLevel 1[0m _identify(src/b3rb_simulator) by extensions ['colcon_meta']
[0.203s] [34mcolcon.colcon_core.package_identification[0m [1;30mLevel 1[0m _identify(src/b3rb_simulator) by extension 'colcon_meta'
[0.203s] [34mcolcon.colcon_core.package_identification[0m [1;30mLevel 1[0m _identify(src/b3rb_simulator) by extensions ['ros']
[0.203s] [34mcolcon.colcon_core.package_identification[0m [1;30mLevel 1[0m _identify(src/b3rb_simulator) by extension 'ros'
[0.203s] [34mcolcon.colcon_core.package_identification[0m [1;30mLevel 1[0m _identify(src/b3rb_simulator) by extensions ['cmake', 'python']
[0.203s] [34mcolcon.colcon_core.package_identification[0m [1;30mLevel 1[0m _identify(src/b3rb_simulator) by extension 'cmake'
[0.203s] [34mcolcon.colcon_core.package_identification[0m [1;30mLevel 1[0m _identify(src/b3rb_simulator) by extension 'python'
[0.203s] [34mcolcon.colcon_core.package_identification[0m [1;30mLevel 1[0m _identify(src/b3rb_simulator) by extensions ['python_setup_py']
[0.203s] [34mcolcon.colcon_core.package_identification[0m [1;30mLevel 1[0m _identify(src/b3rb_simulator) by extension 'python_setup_py'
[0.203s] [34mcolcon.colcon_core.package_identification[0m [1;30mLevel 1[0m _identify(src/b3rb_simulator/b3rb_gz_bringup) by extensions ['ignore', 'ignore_ament_install']
[0.203s] [34mcolcon.colcon_core.package_identification[0m [1;30mLevel 1[0m _identify(src/b3rb_simulator/b3rb_gz_bringup) by extension 'ignore'
[0.203s] [34mcolcon.colcon_core.package_identification[0m [1;30mLevel 1[0m _identify(src/b3rb_simulator/b3rb_gz_bringup) by extension 'ignore_ament_install'
[0.203s] [34mcolcon.colcon_core.package_identification[0m [1;30mLevel 1[0m _identify(src/b3rb_simulator/b3rb_gz_bringup) by extensions ['colcon_pkg']
[0.203s] [34mcolcon.colcon_core.package_identification[0m [1;30mLevel 1[0m _identify(src/b3rb_simulator/b3rb_gz_bringup) by extension 'colcon_pkg'
[0.203s] [34mcolcon.colcon_core.package_identification[0m [1;30mLevel 1[0m _identify(src/b3rb_simulator/b3rb_gz_bringup) by extensions ['colcon_meta']
[0.203s] [34mcolcon.colcon_core.package_identification[0m [1;30mLevel 1[0m _identify(src/b3rb_simulator/b3rb_gz_bringup) by extension 'colcon_meta'
[0.203s] [34mcolcon.colcon_core.package_identification[0m [1;30mLevel 1[0m _identify(src/b3rb_simulator/b3rb_gz_bringup) by extensions ['ros']
[0.203s] [34mcolcon.colcon_core.package_identification[0m [1;30mLevel 1[0m _identify(src/b3rb_simulator/b3rb_gz_bringup) by extension 'ros'
[0.203s] [34mcolcon.colcon_core.package_identification[0m [1;30mDEBUG[0m [32mPackage 'src/b3rb_simulator/b3rb_gz_bringup' with type 'ros.ament_cmake' and name 'b3rb_gz_bringup'[0m
[0.204s] [34mcolcon.colcon_core.package_identification[0m [1;30mLevel 1[0m _identify(src/b3rb_simulator/b3rb_gz_resource) by extensions ['ignore', 'ignore_ament_install']
[0.204s] [34mcolcon.colcon_core.package_identification[0m [1;30mLevel 1[0m _identify(src/b3rb_simulator/b3rb_gz_resource) by extension 'ignore'
[0.204s] [34mcolcon.colcon_core.package_identification[0m [1;30mLevel 1[0m _identify(src/b3rb_simulator/b3rb_gz_resource) by extension 'ignore_ament_install'
[0.204s] [34mcolcon.colcon_core.package_identification[0m [1;30mLevel 1[0m _identify(src/b3rb_simulator/b3rb_gz_resource) by extensions ['colcon_pkg']
[0.204s] [34mcolcon.colcon_core.package_identification[0m [1;30mLevel 1[0m _identify(src/b3rb_simulator/b3rb_gz_resource) by extension 'colcon_pkg'
[0.204s] [34mcolcon.colcon_core.package_identification[0m [1;30mLevel 1[0m _identify(src/b3rb_simulator/b3rb_gz_resource) by extensions ['colcon_meta']
[0.204s] [34mcolcon.colcon_core.package_identification[0m [1;30mLevel 1[0m _identify(src/b3rb_simulator/b3rb_gz_resource) by extension 'colcon_meta'
[0.204s] [34mcolcon.colcon_core.package_identification[0m [1;30mLevel 1[0m _identify(src/b3rb_simulator/b3rb_gz_resource) by extensions ['ros']
[0.204s] [34mcolcon.colcon_core.package_identification[0m [1;30mLevel 1[0m _identify(src/b3rb_simulator/b3rb_gz_resource) by extension 'ros'
[0.204s] [34mcolcon.colcon_core.package_identification[0m [1;30mDEBUG[0m [32mPackage 'src/b3rb_simulator/b3rb_gz_resource' with type 'ros.ament_cmake' and name 'b3rb_gz_resource'[0m
[0.204s] [34mcolcon.colcon_core.package_identification[0m [1;30mLevel 1[0m _identify(src/b3rb_simulator/b3rb_simulator) by extensions ['ignore', 'ignore_ament_install']
[0.204s] [34mcolcon.colcon_core.package_identification[0m [1;30mLevel 1[0m _identify(src/b3rb_simulator/b3rb_simulator) by extension 'ignore'
[0.204s] [34mcolcon.colcon_core.package_identification[0m [1;30mLevel 1[0m _identify(src/b3rb_simulator/b3rb_simulator) by extension 'ignore_ament_install'
[0.204s] [34mcolcon.colcon_core.package_identification[0m [1;30mLevel 1[0m _identify(src/b3rb_simulator/b3rb_simulator) by extensions ['colcon_pkg']
[0.204s] [34mcolcon.colcon_core.package_identification[0m [1;30mLevel 1[0m _identify(src/b3rb_simulator/b3rb_simulator) by extension 'colcon_pkg'
[0.204s] [34mcolcon.colcon_core.package_identification[0m [1;30mLevel 1[0m _identify(src/b3rb_simulator/b3rb_simulator) by extensions ['colcon_meta']
[0.204s] [34mcolcon.colcon_core.package_identification[0m [1;30mLevel 1[0m _identify(src/b3rb_simulator/b3rb_simulator) by extension 'colcon_meta'
[0.204s] [34mcolcon.colcon_core.package_identification[0m [1;30mLevel 1[0m _identify(src/b3rb_simulator/b3rb_simulator) by extensions ['ros']
[0.204s] [34mcolcon.colcon_core.package_identification[0m [1;30mLevel 1[0m _identify(src/b3rb_simulator/b3rb_simulator) by extension 'ros'
[0.205s] [34mcolcon.colcon_core.package_identification[0m [1;30mDEBUG[0m [32mPackage 'src/b3rb_simulator/b3rb_simulator' with type 'ros.ament_cmake' and name 'b3rb_simulator'[0m
[0.205s] [34mcolcon.colcon_core.package_identification[0m [1;30mLevel 1[0m _identify(src/cerebri_bringup) by extensions ['ignore', 'ignore_ament_install']
[0.205s] [34mcolcon.colcon_core.package_identification[0m [1;30mLevel 1[0m _identify(src/cerebri_bringup) by extension 'ignore'
[0.205s] [34mcolcon.colcon_core.package_identification[0m [1;30mLevel 1[0m _identify(src/cerebri_bringup) by extension 'ignore_ament_install'
[0.205s] [34mcolcon.colcon_core.package_identification[0m [1;30mLevel 1[0m _identify(src/cerebri_bringup) by extensions ['colcon_pkg']
[0.205s] [34mcolcon.colcon_core.package_identification[0m [1;30mLevel 1[0m _identify(src/cerebri_bringup) by extension 'colcon_pkg'
[0.205s] [34mcolcon.colcon_core.package_identification[0m [1;30mLevel 1[0m _identify(src/cerebri_bringup) by extensions ['colcon_meta']
[0.205s] [34mcolcon.colcon_core.package_identification[0m [1;30mLevel 1[0m _identify(src/cerebri_bringup) by extension 'colcon_meta'
[0.205s] [34mcolcon.colcon_core.package_identification[0m [1;30mLevel 1[0m _identify(src/cerebri_bringup) by extensions ['ros']
[0.205s] [34mcolcon.colcon_core.package_identification[0m [1;30mLevel 1[0m _identify(src/cerebri_bringup) by extension 'ros'
[0.205s] [34mcolcon.colcon_core.package_identification[0m [1;30mDEBUG[0m [32mPackage 'src/cerebri_bringup' with type 'ros.ament_cmake' and name 'cerebri_bringup'[0m
[0.205s] [34mcolcon.colcon_core.package_identification[0m [1;30mLevel 1[0m _identify(src/corti) by extensions ['ignore', 'ignore_ament_install']
[0.205s] [34mcolcon.colcon_core.package_identification[0m [1;30mLevel 1[0m _identify(src/corti) by extension 'ignore'
[0.205s] [34mcolcon.colcon_core.package_identification[0m [1;30mLevel 1[0m _identify(src/corti) by extension 'ignore_ament_install'
[0.205s] [34mcolcon.colcon_core.package_identification[0m [1;30mLevel 1[0m _identify(src/corti) by extensions ['colcon_pkg']
[0.205s] [34mcolcon.colcon_core.package_identification[0m [1;30mLevel 1[0m _identify(src/corti) by extension 'colcon_pkg'
[0.205s] [34mcolcon.colcon_core.package_identification[0m [1;30mLevel 1[0m _identify(src/corti) by extensions ['colcon_meta']
[0.205s] [34mcolcon.colcon_core.package_identification[0m [1;30mLevel 1[0m _identify(src/corti) by extension 'colcon_meta'
[0.205s] [34mcolcon.colcon_core.package_identification[0m [1;30mLevel 1[0m _identify(src/corti) by extensions ['ros']
[0.206s] [34mcolcon.colcon_core.package_identification[0m [1;30mLevel 1[0m _identify(src/corti) by extension 'ros'
[0.207s] [34mcolcon.colcon_core.package_identification[0m [1;30mDEBUG[0m [32mPackage 'src/corti' with type 'ros.ament_cmake' and name 'corti'[0m
[0.207s] [34mcolcon.colcon_core.package_identification[0m [1;30mLevel 1[0m _identify(src/dream_world) by extensions ['ignore', 'ignore_ament_install']
[0.207s] [34mcolcon.colcon_core.package_identification[0m [1;30mLevel 1[0m _identify(src/dream_world) by extension 'ignore'
[0.207s] [34mcolcon.colcon_core.package_identification[0m [1;30mLevel 1[0m _identify(src/dream_world) by extension 'ignore_ament_install'
[0.207s] [34mcolcon.colcon_core.package_identification[0m [1;30mLevel 1[0m _identify(src/dream_world) by extensions ['colcon_pkg']
[0.207s] [34mcolcon.colcon_core.package_identification[0m [1;30mLevel 1[0m _identify(src/dream_world) by extension 'colcon_pkg'
[0.207s] [34mcolcon.colcon_core.package_identification[0m [1;30mLevel 1[0m _identify(src/dream_world) by extensions ['colcon_meta']
[0.207s] [34mcolcon.colcon_core.package_identification[0m [1;30mLevel 1[0m _identify(src/dream_world) by extension 'colcon_meta'
[0.207s] [34mcolcon.colcon_core.package_identification[0m [1;30mLevel 1[0m _identify(src/dream_world) by extensions ['ros']
[0.207s] [34mcolcon.colcon_core.package_identification[0m [1;30mLevel 1[0m _identify(src/dream_world) by extension 'ros'
[0.207s] [34mcolcon.colcon_core.package_identification[0m [1;30mLevel 1[0m _identify(src/dream_world) by extensions ['cmake', 'python']
[0.207s] [34mcolcon.colcon_core.package_identification[0m [1;30mLevel 1[0m _identify(src/dream_world) by extension 'cmake'
[0.207s] [34mcolcon.colcon_core.package_identification[0m [1;30mLevel 1[0m _identify(src/dream_world) by extension 'python'
[0.207s] [34mcolcon.colcon_core.package_identification[0m [1;30mLevel 1[0m _identify(src/dream_world) by extensions ['python_setup_py']
[0.207s] [34mcolcon.colcon_core.package_identification[0m [1;30mLevel 1[0m _identify(src/dream_world) by extension 'python_setup_py'
[0.207s] [34mcolcon.colcon_core.package_identification[0m [1;30mLevel 1[0m _identify(src/dream_world/dream_world) by extensions ['ignore', 'ignore_ament_install']
[0.207s] [34mcolcon.colcon_core.package_identification[0m [1;30mLevel 1[0m _identify(src/dream_world/dream_world) by extension 'ignore'
[0.207s] [34mcolcon.colcon_core.package_identification[0m [1;30mLevel 1[0m _identify(src/dream_world/dream_world) by extension 'ignore_ament_install'
[0.207s] [34mcolcon.colcon_core.package_identification[0m [1;30mLevel 1[0m _identify(src/dream_world/dream_world) by extensions ['colcon_pkg']
[0.207s] [34mcolcon.colcon_core.package_identification[0m [1;30mLevel 1[0m _identify(src/dream_world/dream_world) by extension 'colcon_pkg'
[0.207s] [34mcolcon.colcon_core.package_identification[0m [1;30mLevel 1[0m _identify(src/dream_world/dream_world) by extensions ['colcon_meta']
[0.207s] [34mcolcon.colcon_core.package_identification[0m [1;30mLevel 1[0m _identify(src/dream_world/dream_world) by extension 'colcon_meta'
[0.207s] [34mcolcon.colcon_core.package_identification[0m [1;30mLevel 1[0m _identify(src/dream_world/dream_world) by extensions ['ros']
[0.207s] [34mcolcon.colcon_core.package_identification[0m [1;30mLevel 1[0m _identify(src/dream_world/dream_world) by extension 'ros'
[0.208s] [34mcolcon.colcon_core.package_identification[0m [1;30mDEBUG[0m [32mPackage 'src/dream_world/dream_world' with type 'ros.ament_cmake' and name 'dream_world'[0m
[0.208s] [34mcolcon.colcon_core.package_identification[0m [1;30mLevel 1[0m _identify(src/synapse_gz) by extensions ['ignore', 'ignore_ament_install']
[0.208s] [34mcolcon.colcon_core.package_identification[0m [1;30mLevel 1[0m _identify(src/synapse_gz) by extension 'ignore'
[0.208s] [34mcolcon.colcon_core.package_identification[0m [1;30mLevel 1[0m _identify(src/synapse_gz) by extension 'ignore_ament_install'
[0.208s] [34mcolcon.colcon_core.package_identification[0m [1;30mLevel 1[0m _identify(src/synapse_gz) by extensions ['colcon_pkg']
[0.208s] [34mcolcon.colcon_core.package_identification[0m [1;30mLevel 1[0m _identify(src/synapse_gz) by extension 'colcon_pkg'
[0.208s] [34mcolcon.colcon_core.package_identification[0m [1;30mLevel 1[0m _identify(src/synapse_gz) by extensions ['colcon_meta']
[0.208s] [34mcolcon.colcon_core.package_identification[0m [1;30mLevel 1[0m _identify(src/synapse_gz) by extension 'colcon_meta'
[0.208s] [34mcolcon.colcon_core.package_identification[0m [1;30mLevel 1[0m _identify(src/synapse_gz) by extensions ['ros']
[0.208s] [34mcolcon.colcon_core.package_identification[0m [1;30mLevel 1[0m _identify(src/synapse_gz) by extension 'ros'
[0.208s] [34mcolcon.colcon_core.package_identification[0m [1;30mDEBUG[0m [32mPackage 'src/synapse_gz' with type 'ros.ament_cmake' and name 'synapse_gz'[0m
[0.209s] [34mcolcon.colcon_core.package_identification[0m [1;30mLevel 1[0m _identify(src/synapse_msgs) by extensions ['ignore', 'ignore_ament_install']
[0.209s] [34mcolcon.colcon_core.package_identification[0m [1;30mLevel 1[0m _identify(src/synapse_msgs) by extension 'ignore'
[0.209s] [34mcolcon.colcon_core.package_identification[0m [1;30mLevel 1[0m _identify(src/synapse_msgs) by extension 'ignore_ament_install'
[0.209s] [34mcolcon.colcon_core.package_identification[0m [1;30mLevel 1[0m _identify(src/synapse_msgs) by extensions ['colcon_pkg']
[0.209s] [34mcolcon.colcon_core.package_identification[0m [1;30mLevel 1[0m _identify(src/synapse_msgs) by extension 'colcon_pkg'
[0.209s] [34mcolcon.colcon_core.package_identification[0m [1;30mLevel 1[0m _identify(src/synapse_msgs) by extensions ['colcon_meta']
[0.209s] [34mcolcon.colcon_core.package_identification[0m [1;30mLevel 1[0m _identify(src/synapse_msgs) by extension 'colcon_meta'
[0.209s] [34mcolcon.colcon_core.package_identification[0m [1;30mLevel 1[0m _identify(src/synapse_msgs) by extensions ['ros']
[0.209s] [34mcolcon.colcon_core.package_identification[0m [1;30mLevel 1[0m _identify(src/synapse_msgs) by extension 'ros'
[0.209s] [34mcolcon.colcon_core.package_identification[0m [1;30mDEBUG[0m [32mPackage 'src/synapse_msgs' with type 'ros.ament_cmake' and name 'synapse_msgs'[0m
[0.209s] [34mcolcon.colcon_core.package_identification[0m [1;30mLevel 1[0m _identify(src/synapse_protobuf) by extensions ['ignore', 'ignore_ament_install']
[0.209s] [34mcolcon.colcon_core.package_identification[0m [1;30mLevel 1[0m _identify(src/synapse_protobuf) by extension 'ignore'
[0.209s] [34mcolcon.colcon_core.package_identification[0m [1;30mLevel 1[0m _identify(src/synapse_protobuf) by extension 'ignore_ament_install'
[0.209s] [34mcolcon.colcon_core.package_identification[0m [1;30mLevel 1[0m _identify(src/synapse_protobuf) by extensions ['colcon_pkg']
[0.209s] [34mcolcon.colcon_core.package_identification[0m [1;30mLevel 1[0m _identify(src/synapse_protobuf) by extension 'colcon_pkg'
[0.209s] [34mcolcon.colcon_core.package_identification[0m [1;30mLevel 1[0m _identify(src/synapse_protobuf) by extensions ['colcon_meta']
[0.209s] [34mcolcon.colcon_core.package_identification[0m [1;30mLevel 1[0m _identify(src/synapse_protobuf) by extension 'colcon_meta'
[0.209s] [34mcolcon.colcon_core.package_identification[0m [1;30mLevel 1[0m _identify(src/synapse_protobuf) by extensions ['ros']
[0.209s] [34mcolcon.colcon_core.package_identification[0m [1;30mLevel 1[0m _identify(src/synapse_protobuf) by extension 'ros'
[0.210s] [34mcolcon.colcon_core.package_identification[0m [1;30mDEBUG[0m [32mPackage 'src/synapse_protobuf' with type 'ros.ament_cmake' and name 'synapse_protobuf'[0m
[0.210s] [34mcolcon.colcon_core.package_identification[0m [1;30mLevel 1[0m _identify(src/synapse_ros) by extensions ['ignore', 'ignore_ament_install']
[0.210s] [34mcolcon.colcon_core.package_identification[0m [1;30mLevel 1[0m _identify(src/synapse_ros) by extension 'ignore'
[0.210s] [34mcolcon.colcon_core.package_identification[0m [1;30mLevel 1[0m _identify(src/synapse_ros) by extension 'ignore_ament_install'
[0.210s] [34mcolcon.colcon_core.package_identification[0m [1;30mLevel 1[0m _identify(src/synapse_ros) by extensions ['colcon_pkg']
[0.210s] [34mcolcon.colcon_core.package_identification[0m [1;30mLevel 1[0m _identify(src/synapse_ros) by extension 'colcon_pkg'
[0.210s] [34mcolcon.colcon_core.package_identification[0m [1;30mLevel 1[0m _identify(src/synapse_ros) by extensions ['colcon_meta']
[0.210s] [34mcolcon.colcon_core.package_identification[0m [1;30mLevel 1[0m _identify(src/synapse_ros) by extension 'colcon_meta'
[0.210s] [34mcolcon.colcon_core.package_identification[0m [1;30mLevel 1[0m _identify(src/synapse_ros) by extensions ['ros']
[0.210s] [34mcolcon.colcon_core.package_identification[0m [1;30mLevel 1[0m _identify(src/synapse_ros) by extension 'ros'
[0.211s] [34mcolcon.colcon_core.package_identification[0m [1;30mDEBUG[0m [32mPackage 'src/synapse_ros' with type 'ros.ament_cmake' and name 'synapse_ros'[0m
[0.211s] [34mcolcon.colcon_core.package_identification[0m [1;30mLevel 1[0m _identify(src/synapse_tinyframe) by extensions ['ignore', 'ignore_ament_install']
[0.211s] [34mcolcon.colcon_core.package_identification[0m [1;30mLevel 1[0m _identify(src/synapse_tinyframe) by extension 'ignore'
[0.211s] [34mcolcon.colcon_core.package_identification[0m [1;30mLevel 1[0m _identify(src/synapse_tinyframe) by extension 'ignore_ament_install'
[0.211s] [34mcolcon.colcon_core.package_identification[0m [1;30mLevel 1[0m _identify(src/synapse_tinyframe) by extensions ['colcon_pkg']
[0.211s] [34mcolcon.colcon_core.package_identification[0m [1;30mLevel 1[0m _identify(src/synapse_tinyframe) by extension 'colcon_pkg'
[0.211s] [34mcolcon.colcon_core.package_identification[0m [1;30mLevel 1[0m _identify(src/synapse_tinyframe) by extensions ['colcon_meta']
[0.211s] [34mcolcon.colcon_core.package_identification[0m [1;30mLevel 1[0m _identify(src/synapse_tinyframe) by extension 'colcon_meta'
[0.211s] [34mcolcon.colcon_core.package_identification[0m [1;30mLevel 1[0m _identify(src/synapse_tinyframe) by extensions ['ros']
[0.211s] [34mcolcon.colcon_core.package_identification[0m [1;30mLevel 1[0m _identify(src/synapse_tinyframe) by extension 'ros'
[0.217s] [34mcolcon.colcon_core.package_identification[0m [1;30mDEBUG[0m [32mPackage 'src/synapse_tinyframe' with type 'ros.ament_cmake' and name 'synapse_tinyframe'[0m
[0.217s] [34mcolcon.colcon_core.package_discovery[0m [1;30mLevel 1[0m discover_packages(recursive) using defaults
[0.217s] [34mcolcon.colcon_core.package_discovery[0m [1;30mLevel 1[0m discover_packages(ignore) discover
[0.217s] [34mcolcon.colcon_core.package_discovery[0m [1;30mLevel 1[0m discover_packages(ignore) using defaults
[0.217s] [34mcolcon.colcon_core.package_discovery[0m [1;30mLevel 1[0m discover_packages(path) discover
[0.217s] [34mcolcon.colcon_core.package_discovery[0m [1;30mLevel 1[0m discover_packages(path) using defaults
[0.229s] [34mcolcon.colcon_core.verb[0m [1;30mLevel 5[0m set package 'b3rb_description' build argument 'cmake_args' from command line to 'None'
[0.229s] [34mcolcon.colcon_core.verb[0m [1;30mLevel 5[0m set package 'b3rb_description' build argument 'cmake_target' from command line to 'None'
[0.229s] [34mcolcon.colcon_core.verb[0m [1;30mLevel 5[0m set package 'b3rb_description' build argument 'cmake_target_skip_unavailable' from command line to 'False'
[0.229s] [34mcolcon.colcon_core.verb[0m [1;30mLevel 5[0m set package 'b3rb_description' build argument 'cmake_clean_cache' from command line to 'False'
[0.229s] [34mcolcon.colcon_core.verb[0m [1;30mLevel 5[0m set package 'b3rb_description' build argument 'cmake_clean_first' from command line to 'False'
[0.229s] [34mcolcon.colcon_core.verb[0m [1;30mLevel 5[0m set package 'b3rb_description' build argument 'cmake_force_configure' from command line to 'False'
[0.229s] [34mcolcon.colcon_core.verb[0m [1;30mLevel 5[0m set package 'b3rb_description' build argument 'ament_cmake_args' from command line to 'None'
[0.229s] [34mcolcon.colcon_core.verb[0m [1;30mLevel 5[0m set package 'b3rb_description' build argument 'catkin_cmake_args' from command line to 'None'
[0.229s] [34mcolcon.colcon_core.verb[0m [1;30mLevel 5[0m set package 'b3rb_description' build argument 'catkin_skip_building_tests' from command line to 'False'
[0.229s] [34mcolcon.colcon_core.verb[0m [1;30mDEBUG[0m [32mBuilding package 'b3rb_description' with the following arguments: {'ament_cmake_args': None, 'build_base': '/home/tharun/cognipilot/cranium/build/b3rb_description', 'catkin_cmake_args': None, 'catkin_skip_building_tests': False, 'cmake_args': None, 'cmake_clean_cache': False, 'cmake_clean_first': False, 'cmake_force_configure': False, 'cmake_target': None, 'cmake_target_skip_unavailable': False, 'install_base': '/home/tharun/cognipilot/cranium/install/b3rb_description', 'merge_install': False, 'path': '/home/tharun/cognipilot/cranium/src/b3rb/b3rb_description', 'symlink_install': False, 'test_result_base': None}[0m
[0.229s] [34mcolcon.colcon_core.verb[0m [1;30mLevel 5[0m set package 'b3rb_gz_bringup' build argument 'cmake_args' from command line to 'None'
[0.229s] [34mcolcon.colcon_core.verb[0m [1;30mLevel 5[0m set package 'b3rb_gz_bringup' build argument 'cmake_target' from command line to 'None'
[0.229s] [34mcolcon.colcon_core.verb[0m [1;30mLevel 5[0m set package 'b3rb_gz_bringup' build argument 'cmake_target_skip_unavailable' from command line to 'False'
[0.229s] [34mcolcon.colcon_core.verb[0m [1;30mLevel 5[0m set package 'b3rb_gz_bringup' build argument 'cmake_clean_cache' from command line to 'False'
[0.229s] [34mcolcon.colcon_core.verb[0m [1;30mLevel 5[0m set package 'b3rb_gz_bringup' build argument 'cmake_clean_first' from command line to 'False'
[0.229s] [34mcolcon.colcon_core.verb[0m [1;30mLevel 5[0m set package 'b3rb_gz_bringup' build argument 'cmake_force_configure' from command line to 'False'
[0.230s] [34mcolcon.colcon_core.verb[0m [1;30mLevel 5[0m set package 'b3rb_gz_bringup' build argument 'ament_cmake_args' from command line to 'None'
[0.230s] [34mcolcon.colcon_core.verb[0m [1;30mLevel 5[0m set package 'b3rb_gz_bringup' build argument 'catkin_cmake_args' from command line to 'None'
[0.230s] [34mcolcon.colcon_core.verb[0m [1;30mLevel 5[0m set package 'b3rb_gz_bringup' build argument 'catkin_skip_building_tests' from command line to 'False'
[0.230s] [34mcolcon.colcon_core.verb[0m [1;30mDEBUG[0m [32mBuilding package 'b3rb_gz_bringup' with the following arguments: {'ament_cmake_args': None, 'build_base': '/home/tharun/cognipilot/cranium/build/b3rb_gz_bringup', 'catkin_cmake_args': None, 'catkin_skip_building_tests': False, 'cmake_args': None, 'cmake_clean_cache': False, 'cmake_clean_first': False, 'cmake_force_configure': False, 'cmake_target': None, 'cmake_target_skip_unavailable': False, 'install_base': '/home/tharun/cognipilot/cranium/install/b3rb_gz_bringup', 'merge_install': False, 'path': '/home/tharun/cognipilot/cranium/src/b3rb_simulator/b3rb_gz_bringup', 'symlink_install': False, 'test_result_base': None}[0m
[0.230s] [34mcolcon.colcon_core.verb[0m [1;30mLevel 5[0m set package 'b3rb_gz_resource' build argument 'cmake_args' from command line to 'None'
[0.230s] [34mcolcon.colcon_core.verb[0m [1;30mLevel 5[0m set package 'b3rb_gz_resource' build argument 'cmake_target' from command line to 'None'
[0.230s] [34mcolcon.colcon_core.verb[0m [1;30mLevel 5[0m set package 'b3rb_gz_resource' build argument 'cmake_target_skip_unavailable' from command line to 'False'
[0.230s] [34mcolcon.colcon_core.verb[0m [1;30mLevel 5[0m set package 'b3rb_gz_resource' build argument 'cmake_clean_cache' from command line to 'False'
[0.230s] [34mcolcon.colcon_core.verb[0m [1;30mLevel 5[0m set package 'b3rb_gz_resource' build argument 'cmake_clean_first' from command line to 'False'
[0.230s] [34mcolcon.colcon_core.verb[0m [1;30mLevel 5[0m set package 'b3rb_gz_resource' build argument 'cmake_force_configure' from command line to 'False'
[0.230s] [34mcolcon.colcon_core.verb[0m [1;30mLevel 5[0m set package 'b3rb_gz_resource' build argument 'ament_cmake_args' from command line to 'None'
[0.230s] [34mcolcon.colcon_core.verb[0m [1;30mLevel 5[0m set package 'b3rb_gz_resource' build argument 'catkin_cmake_args' from command line to 'None'
[0.230s] [34mcolcon.colcon_core.verb[0m [1;30mLevel 5[0m set package 'b3rb_gz_resource' build argument 'catkin_skip_building_tests' from command line to 'False'
[0.230s] [34mcolcon.colcon_core.verb[0m [1;30mDEBUG[0m [32mBuilding package 'b3rb_gz_resource' with the following arguments: {'ament_cmake_args': None, 'build_base': '/home/tharun/cognipilot/cranium/build/b3rb_gz_resource', 'catkin_cmake_args': None, 'catkin_skip_building_tests': False, 'cmake_args': None, 'cmake_clean_cache': False, 'cmake_clean_first': False, 'cmake_force_configure': False, 'cmake_target': None, 'cmake_target_skip_unavailable': False, 'install_base': '/home/tharun/cognipilot/cranium/install/b3rb_gz_resource', 'merge_install': False, 'path': '/home/tharun/cognipilot/cranium/src/b3rb_simulator/b3rb_gz_resource', 'symlink_install': False, 'test_result_base': None}[0m
[0.230s] [34mcolcon.colcon_core.verb[0m [1;30mLevel 5[0m set package 'b3rb_nav2' build argument 'cmake_args' from command line to 'None'
[0.230s] [34mcolcon.colcon_core.verb[0m [1;30mLevel 5[0m set package 'b3rb_nav2' build argument 'cmake_target' from command line to 'None'
[0.230s] [34mcolcon.colcon_core.verb[0m [1;30mLevel 5[0m set package 'b3rb_nav2' build argument 'cmake_target_skip_unavailable' from command line to 'False'
[0.230s] [34mcolcon.colcon_core.verb[0m [1;30mLevel 5[0m set package 'b3rb_nav2' build argument 'cmake_clean_cache' from command line to 'False'
[0.230s] [34mcolcon.colcon_core.verb[0m [1;30mLevel 5[0m set package 'b3rb_nav2' build argument 'cmake_clean_first' from command line to 'False'
[0.230s] [34mcolcon.colcon_core.verb[0m [1;30mLevel 5[0m set package 'b3rb_nav2' build argument 'cmake_force_configure' from command line to 'False'
[0.230s] [34mcolcon.colcon_core.verb[0m [1;30mLevel 5[0m set package 'b3rb_nav2' build argument 'ament_cmake_args' from command line to 'None'
[0.230s] [34mcolcon.colcon_core.verb[0m [1;30mLevel 5[0m set package 'b3rb_nav2' build argument 'catkin_cmake_args' from command line to 'None'
[0.230s] [34mcolcon.colcon_core.verb[0m [1;30mLevel 5[0m set package 'b3rb_nav2' build argument 'catkin_skip_building_tests' from command line to 'False'
[0.230s] [34mcolcon.colcon_core.verb[0m [1;30mDEBUG[0m [32mBuilding package 'b3rb_nav2' with the following arguments: {'ament_cmake_args': None, 'build_base': '/home/tharun/cognipilot/cranium/build/b3rb_nav2', 'catkin_cmake_args': None, 'catkin_skip_building_tests': False, 'cmake_args': None, 'cmake_clean_cache': False, 'cmake_clean_first': False, 'cmake_force_configure': False, 'cmake_target': None, 'cmake_target_skip_unavailable': False, 'install_base': '/home/tharun/cognipilot/cranium/install/b3rb_nav2', 'merge_install': False, 'path': '/home/tharun/cognipilot/cranium/src/b3rb/b3rb_nav2', 'symlink_install': False, 'test_result_base': None}[0m
[0.230s] [34mcolcon.colcon_core.verb[0m [1;30mLevel 5[0m set package 'b3rb_rviz' build argument 'cmake_args' from command line to 'None'
[0.230s] [34mcolcon.colcon_core.verb[0m [1;30mLevel 5[0m set package 'b3rb_rviz' build argument 'cmake_target' from command line to 'None'
[0.230s] [34mcolcon.colcon_core.verb[0m [1;30mLevel 5[0m set package 'b3rb_rviz' build argument 'cmake_target_skip_unavailable' from command line to 'False'
[0.230s] [34mcolcon.colcon_core.verb[0m [1;30mLevel 5[0m set package 'b3rb_rviz' build argument 'cmake_clean_cache' from command line to 'False'
[0.230s] [34mcolcon.colcon_core.verb[0m [1;30mLevel 5[0m set package 'b3rb_rviz' build argument 'cmake_clean_first' from command line to 'False'
[0.230s] [34mcolcon.colcon_core.verb[0m [1;30mLevel 5[0m set package 'b3rb_rviz' build argument 'cmake_force_configure' from command line to 'False'
[0.231s] [34mcolcon.colcon_core.verb[0m [1;30mLevel 5[0m set package 'b3rb_rviz' build argument 'ament_cmake_args' from command line to 'None'
[0.231s] [34mcolcon.colcon_core.verb[0m [1;30mLevel 5[0m set package 'b3rb_rviz' build argument 'catkin_cmake_args' from command line to 'None'
[0.231s] [34mcolcon.colcon_core.verb[0m [1;30mLevel 5[0m set package 'b3rb_rviz' build argument 'catkin_skip_building_tests' from command line to 'False'
[0.231s] [34mcolcon.colcon_core.verb[0m [1;30mDEBUG[0m [32mBuilding package 'b3rb_rviz' with the following arguments: {'ament_cmake_args': None, 'build_base': '/home/tharun/cognipilot/cranium/build/b3rb_rviz', 'catkin_cmake_args': None, 'catkin_skip_building_tests': False, 'cmake_args': None, 'cmake_clean_cache': False, 'cmake_clean_first': False, 'cmake_force_configure': False, 'cmake_target': None, 'cmake_target_skip_unavailable': False, 'install_base': '/home/tharun/cognipilot/cranium/install/b3rb_rviz', 'merge_install': False, 'path': '/home/tharun/cognipilot/cranium/src/b3rb_desktop/b3rb_rviz', 'symlink_install': False, 'test_result_base': None}[0m
[0.231s] [34mcolcon.colcon_core.verb[0m [1;30mLevel 5[0m set package 'cerebri_bringup' build argument 'cmake_args' from command line to 'None'
[0.231s] [34mcolcon.colcon_core.verb[0m [1;30mLevel 5[0m set package 'cerebri_bringup' build argument 'cmake_target' from command line to 'None'
[0.231s] [34mcolcon.colcon_core.verb[0m [1;30mLevel 5[0m set package 'cerebri_bringup' build argument 'cmake_target_skip_unavailable' from command line to 'False'
[0.231s] [34mcolcon.colcon_core.verb[0m [1;30mLevel 5[0m set package 'cerebri_bringup' build argument 'cmake_clean_cache' from command line to 'False'
[0.231s] [34mcolcon.colcon_core.verb[0m [1;30mLevel 5[0m set package 'cerebri_bringup' build argument 'cmake_clean_first' from command line to 'False'
[0.231s] [34mcolcon.colcon_core.verb[0m [1;30mLevel 5[0m set package 'cerebri_bringup' build argument 'cmake_force_configure' from command line to 'False'
[0.231s] [34mcolcon.colcon_core.verb[0m [1;30mLevel 5[0m set package 'cerebri_bringup' build argument 'ament_cmake_args' from command line to 'None'
[0.231s] [34mcolcon.colcon_core.verb[0m [1;30mLevel 5[0m set package 'cerebri_bringup' build argument 'catkin_cmake_args' from command line to 'None'
[0.231s] [34mcolcon.colcon_core.verb[0m [1;30mLevel 5[0m set package 'cerebri_bringup' build argument 'catkin_skip_building_tests' from command line to 'False'
[0.231s] [34mcolcon.colcon_core.verb[0m [1;30mDEBUG[0m [32mBuilding package 'cerebri_bringup' with the following arguments: {'ament_cmake_args': None, 'build_base': '/home/tharun/cognipilot/cranium/build/cerebri_bringup', 'catkin_cmake_args': None, 'catkin_skip_building_tests': False, 'cmake_args': None, 'cmake_clean_cache': False, 'cmake_clean_first': False, 'cmake_force_configure': False, 'cmake_target': None, 'cmake_target_skip_unavailable': False, 'install_base': '/home/tharun/cognipilot/cranium/install/cerebri_bringup', 'merge_install': False, 'path': '/home/tharun/cognipilot/cranium/src/cerebri_bringup', 'symlink_install': False, 'test_result_base': None}[0m
[0.231s] [34mcolcon.colcon_core.verb[0m [1;30mLevel 5[0m set package 'dream_world' build argument 'cmake_args' from command line to 'None'
[0.231s] [34mcolcon.colcon_core.verb[0m [1;30mLevel 5[0m set package 'dream_world' build argument 'cmake_target' from command line to 'None'
[0.231s] [34mcolcon.colcon_core.verb[0m [1;30mLevel 5[0m set package 'dream_world' build argument 'cmake_target_skip_unavailable' from command line to 'False'
[0.231s] [34mcolcon.colcon_core.verb[0m [1;30mLevel 5[0m set package 'dream_world' build argument 'cmake_clean_cache' from command line to 'False'
[0.231s] [34mcolcon.colcon_core.verb[0m [1;30mLevel 5[0m set package 'dream_world' build argument 'cmake_clean_first' from command line to 'False'
[0.231s] [34mcolcon.colcon_core.verb[0m [1;30mLevel 5[0m set package 'dream_world' build argument 'cmake_force_configure' from command line to 'False'
[0.231s] [34mcolcon.colcon_core.verb[0m [1;30mLevel 5[0m set package 'dream_world' build argument 'ament_cmake_args' from command line to 'None'
[0.231s] [34mcolcon.colcon_core.verb[0m [1;30mLevel 5[0m set package 'dream_world' build argument 'catkin_cmake_args' from command line to 'None'
[0.231s] [34mcolcon.colcon_core.verb[0m [1;30mLevel 5[0m set package 'dream_world' build argument 'catkin_skip_building_tests' from command line to 'False'
[0.231s] [34mcolcon.colcon_core.verb[0m [1;30mDEBUG[0m [32mBuilding package 'dream_world' with the following arguments: {'ament_cmake_args': None, 'build_base': '/home/tharun/cognipilot/cranium/build/dream_world', 'catkin_cmake_args': None, 'catkin_skip_building_tests': False, 'cmake_args': None, 'cmake_clean_cache': False, 'cmake_clean_first': False, 'cmake_force_configure': False, 'cmake_target': None, 'cmake_target_skip_unavailable': False, 'install_base': '/home/tharun/cognipilot/cranium/install/dream_world', 'merge_install': False, 'path': '/home/tharun/cognipilot/cranium/src/dream_world/dream_world', 'symlink_install': False, 'test_result_base': None}[0m
[0.231s] [34mcolcon.colcon_core.verb[0m [1;30mLevel 5[0m set package 'synapse_msgs' build argument 'cmake_args' from command line to 'None'
[0.231s] [34mcolcon.colcon_core.verb[0m [1;30mLevel 5[0m set package 'synapse_msgs' build argument 'cmake_target' from command line to 'None'
[0.231s] [34mcolcon.colcon_core.verb[0m [1;30mLevel 5[0m set package 'synapse_msgs' build argument 'cmake_target_skip_unavailable' from command line to 'False'
[0.231s] [34mcolcon.colcon_core.verb[0m [1;30mLevel 5[0m set package 'synapse_msgs' build argument 'cmake_clean_cache' from command line to 'False'
[0.231s] [34mcolcon.colcon_core.verb[0m [1;30mLevel 5[0m set package 'synapse_msgs' build argument 'cmake_clean_first' from command line to 'False'
[0.231s] [34mcolcon.colcon_core.verb[0m [1;30mLevel 5[0m set package 'synapse_msgs' build argument 'cmake_force_configure' from command line to 'False'
[0.231s] [34mcolcon.colcon_core.verb[0m [1;30mLevel 5[0m set package 'synapse_msgs' build argument 'ament_cmake_args' from command line to 'None'
[0.231s] [34mcolcon.colcon_core.verb[0m [1;30mLevel 5[0m set package 'synapse_msgs' build argument 'catkin_cmake_args' from command line to 'None'
[0.231s] [34mcolcon.colcon_core.verb[0m [1;30mLevel 5[0m set package 'synapse_msgs' build argument 'catkin_skip_building_tests' from command line to 'False'
[0.232s] [34mcolcon.colcon_core.verb[0m [1;30mDEBUG[0m [32mBuilding package 'synapse_msgs' with the following arguments: {'ament_cmake_args': None, 'build_base': '/home/tharun/cognipilot/cranium/build/synapse_msgs', 'catkin_cmake_args': None, 'catkin_skip_building_tests': False, 'cmake_args': None, 'cmake_clean_cache': False, 'cmake_clean_first': False, 'cmake_force_configure': False, 'cmake_target': None, 'cmake_target_skip_unavailable': False, 'install_base': '/home/tharun/cognipilot/cranium/install/synapse_msgs', 'merge_install': False, 'path': '/home/tharun/cognipilot/cranium/src/synapse_msgs', 'symlink_install': False, 'test_result_base': None}[0m
[0.232s] [34mcolcon.colcon_core.verb[0m [1;30mLevel 5[0m set package 'synapse_protobuf' build argument 'cmake_args' from command line to 'None'
[0.232s] [34mcolcon.colcon_core.verb[0m [1;30mLevel 5[0m set package 'synapse_protobuf' build argument 'cmake_target' from command line to 'None'
[0.232s] [34mcolcon.colcon_core.verb[0m [1;30mLevel 5[0m set package 'synapse_protobuf' build argument 'cmake_target_skip_unavailable' from command line to 'False'
[0.232s] [34mcolcon.colcon_core.verb[0m [1;30mLevel 5[0m set package 'synapse_protobuf' build argument 'cmake_clean_cache' from command line to 'False'
[0.232s] [34mcolcon.colcon_core.verb[0m [1;30mLevel 5[0m set package 'synapse_protobuf' build argument 'cmake_clean_first' from command line to 'False'
[0.232s] [34mcolcon.colcon_core.verb[0m [1;30mLevel 5[0m set package 'synapse_protobuf' build argument 'cmake_force_configure' from command line to 'False'
[0.232s] [34mcolcon.colcon_core.verb[0m [1;30mLevel 5[0m set package 'synapse_protobuf' build argument 'ament_cmake_args' from command line to 'None'
[0.232s] [34mcolcon.colcon_core.verb[0m [1;30mLevel 5[0m set package 'synapse_protobuf' build argument 'catkin_cmake_args' from command line to 'None'
[0.232s] [34mcolcon.colcon_core.verb[0m [1;30mLevel 5[0m set package 'synapse_protobuf' build argument 'catkin_skip_building_tests' from command line to 'False'
[0.232s] [34mcolcon.colcon_core.verb[0m [1;30mDEBUG[0m [32mBuilding package 'synapse_protobuf' with the following arguments: {'ament_cmake_args': None, 'build_base': '/home/tharun/cognipilot/cranium/build/synapse_protobuf', 'catkin_cmake_args': None, 'catkin_skip_building_tests': False, 'cmake_args': None, 'cmake_clean_cache': False, 'cmake_clean_first': False, 'cmake_force_configure': False, 'cmake_target': None, 'cmake_target_skip_unavailable': False, 'install_base': '/home/tharun/cognipilot/cranium/install/synapse_protobuf', 'merge_install': False, 'path': '/home/tharun/cognipilot/cranium/src/synapse_protobuf', 'symlink_install': False, 'test_result_base': None}[0m
[0.232s] [34mcolcon.colcon_core.verb[0m [1;30mLevel 5[0m set package 'synapse_tinyframe' build argument 'cmake_args' from command line to 'None'
[0.232s] [34mcolcon.colcon_core.verb[0m [1;30mLevel 5[0m set package 'synapse_tinyframe' build argument 'cmake_target' from command line to 'None'
[0.232s] [34mcolcon.colcon_core.verb[0m [1;30mLevel 5[0m set package 'synapse_tinyframe' build argument 'cmake_target_skip_unavailable' from command line to 'False'
[0.232s] [34mcolcon.colcon_core.verb[0m [1;30mLevel 5[0m set package 'synapse_tinyframe' build argument 'cmake_clean_cache' from command line to 'False'
[0.232s] [34mcolcon.colcon_core.verb[0m [1;30mLevel 5[0m set package 'synapse_tinyframe' build argument 'cmake_clean_first' from command line to 'False'
[0.232s] [34mcolcon.colcon_core.verb[0m [1;30mLevel 5[0m set package 'synapse_tinyframe' build argument 'cmake_force_configure' from command line to 'False'
[0.232s] [34mcolcon.colcon_core.verb[0m [1;30mLevel 5[0m set package 'synapse_tinyframe' build argument 'ament_cmake_args' from command line to 'None'
[0.232s] [34mcolcon.colcon_core.verb[0m [1;30mLevel 5[0m set package 'synapse_tinyframe' build argument 'catkin_cmake_args' from command line to 'None'
[0.232s] [34mcolcon.colcon_core.verb[0m [1;30mLevel 5[0m set package 'synapse_tinyframe' build argument 'catkin_skip_building_tests' from command line to 'False'
[0.232s] [34mcolcon.colcon_core.verb[0m [1;30mDEBUG[0m [32mBuilding package 'synapse_tinyframe' with the following arguments: {'ament_cmake_args': None, 'build_base': '/home/tharun/cognipilot/cranium/build/synapse_tinyframe', 'catkin_cmake_args': None, 'catkin_skip_building_tests': False, 'cmake_args': None, 'cmake_clean_cache': False, 'cmake_clean_first': False, 'cmake_force_configure': False, 'cmake_target': None, 'cmake_target_skip_unavailable': False, 'install_base': '/home/tharun/cognipilot/cranium/install/synapse_tinyframe', 'merge_install': False, 'path': '/home/tharun/cognipilot/cranium/src/synapse_tinyframe', 'symlink_install': False, 'test_result_base': None}[0m
[0.232s] [34mcolcon.colcon_core.verb[0m [1;30mLevel 5[0m set package 'b3rb_desktop' build argument 'cmake_args' from command line to 'None'
[0.232s] [34mcolcon.colcon_core.verb[0m [1;30mLevel 5[0m set package 'b3rb_desktop' build argument 'cmake_target' from command line to 'None'
[0.232s] [34mcolcon.colcon_core.verb[0m [1;30mLevel 5[0m set package 'b3rb_desktop' build argument 'cmake_target_skip_unavailable' from command line to 'False'
[0.232s] [34mcolcon.colcon_core.verb[0m [1;30mLevel 5[0m set package 'b3rb_desktop' build argument 'cmake_clean_cache' from command line to 'False'
[0.232s] [34mcolcon.colcon_core.verb[0m [1;30mLevel 5[0m set package 'b3rb_desktop' build argument 'cmake_clean_first' from command line to 'False'
[0.232s] [34mcolcon.colcon_core.verb[0m [1;30mLevel 5[0m set package 'b3rb_desktop' build argument 'cmake_force_configure' from command line to 'False'
[0.232s] [34mcolcon.colcon_core.verb[0m [1;30mLevel 5[0m set package 'b3rb_desktop' build argument 'ament_cmake_args' from command line to 'None'
[0.232s] [34mcolcon.colcon_core.verb[0m [1;30mLevel 5[0m set package 'b3rb_desktop' build argument 'catkin_cmake_args' from command line to 'None'
[0.232s] [34mcolcon.colcon_core.verb[0m [1;30mLevel 5[0m set package 'b3rb_desktop' build argument 'catkin_skip_building_tests' from command line to 'False'
[0.232s] [34mcolcon.colcon_core.verb[0m [1;30mDEBUG[0m [32mBuilding package 'b3rb_desktop' with the following arguments: {'ament_cmake_args': None, 'build_base': '/home/tharun/cognipilot/cranium/build/b3rb_desktop', 'catkin_cmake_args': None, 'catkin_skip_building_tests': False, 'cmake_args': None, 'cmake_clean_cache': False, 'cmake_clean_first': False, 'cmake_force_configure': False, 'cmake_target': None, 'cmake_target_skip_unavailable': False, 'install_base': '/home/tharun/cognipilot/cranium/install/b3rb_desktop', 'merge_install': False, 'path': '/home/tharun/cognipilot/cranium/src/b3rb_desktop/b3rb_desktop', 'symlink_install': False, 'test_result_base': None}[0m
[0.233s] [34mcolcon.colcon_core.verb[0m [1;30mLevel 5[0m set package 'b3rb_ros_line_follower' build argument 'cmake_args' from command line to 'None'
[0.233s] [34mcolcon.colcon_core.verb[0m [1;30mLevel 5[0m set package 'b3rb_ros_line_follower' build argument 'cmake_target' from command line to 'None'
[0.233s] [34mcolcon.colcon_core.verb[0m [1;30mLevel 5[0m set package 'b3rb_ros_line_follower' build argument 'cmake_target_skip_unavailable' from command line to 'False'
[0.233s] [34mcolcon.colcon_core.verb[0m [1;30mLevel 5[0m set package 'b3rb_ros_line_follower' build argument 'cmake_clean_cache' from command line to 'False'
[0.233s] [34mcolcon.colcon_core.verb[0m [1;30mLevel 5[0m set package 'b3rb_ros_line_follower' build argument 'cmake_clean_first' from command line to 'False'
[0.233s] [34mcolcon.colcon_core.verb[0m [1;30mLevel 5[0m set package 'b3rb_ros_line_follower' build argument 'cmake_force_configure' from command line to 'False'
[0.233s] [34mcolcon.colcon_core.verb[0m [1;30mLevel 5[0m set package 'b3rb_ros_line_follower' build argument 'ament_cmake_args' from command line to 'None'
[0.233s] [34mcolcon.colcon_core.verb[0m [1;30mLevel 5[0m set package 'b3rb_ros_line_follower' build argument 'catkin_cmake_args' from command line to 'None'
[0.233s] [34mcolcon.colcon_core.verb[0m [1;30mLevel 5[0m set package 'b3rb_ros_line_follower' build argument 'catkin_skip_building_tests' from command line to 'False'
[0.233s] [34mcolcon.colcon_core.verb[0m [1;30mDEBUG[0m [32mBuilding package 'b3rb_ros_line_follower' with the following arguments: {'ament_cmake_args': None, 'build_base': '/home/tharun/cognipilot/cranium/build/b3rb_ros_line_follower', 'catkin_cmake_args': None, 'catkin_skip_building_tests': False, 'cmake_args': None, 'cmake_clean_cache': False, 'cmake_clean_first': False, 'cmake_force_configure': False, 'cmake_target': None, 'cmake_target_skip_unavailable': False, 'install_base': '/home/tharun/cognipilot/cranium/install/b3rb_ros_line_follower', 'merge_install': False, 'path': '/home/tharun/cognipilot/cranium/src/b3rb_ros_line_follower/b3rb_ros_line_follower', 'symlink_install': False, 'test_result_base': None}[0m
[0.233s] [34mcolcon.colcon_core.verb[0m [1;30mLevel 5[0m set package 'b3rb_simulator' build argument 'cmake_args' from command line to 'None'
[0.233s] [34mcolcon.colcon_core.verb[0m [1;30mLevel 5[0m set package 'b3rb_simulator' build argument 'cmake_target' from command line to 'None'
[0.233s] [34mcolcon.colcon_core.verb[0m [1;30mLevel 5[0m set package 'b3rb_simulator' build argument 'cmake_target_skip_unavailable' from command line to 'False'
[0.233s] [34mcolcon.colcon_core.verb[0m [1;30mLevel 5[0m set package 'b3rb_simulator' build argument 'cmake_clean_cache' from command line to 'False'
[0.233s] [34mcolcon.colcon_core.verb[0m [1;30mLevel 5[0m set package 'b3rb_simulator' build argument 'cmake_clean_first' from command line to 'False'
[0.233s] [34mcolcon.colcon_core.verb[0m [1;30mLevel 5[0m set package 'b3rb_simulator' build argument 'cmake_force_configure' from command line to 'False'
[0.233s] [34mcolcon.colcon_core.verb[0m [1;30mLevel 5[0m set package 'b3rb_simulator' build argument 'ament_cmake_args' from command line to 'None'
[0.233s] [34mcolcon.colcon_core.verb[0m [1;30mLevel 5[0m set package 'b3rb_simulator' build argument 'catkin_cmake_args' from command line to 'None'
[0.233s] [34mcolcon.colcon_core.verb[0m [1;30mLevel 5[0m set package 'b3rb_simulator' build argument 'catkin_skip_building_tests' from command line to 'False'
[0.233s] [34mcolcon.colcon_core.verb[0m [1;30mDEBUG[0m [32mBuilding package 'b3rb_simulator' with the following arguments: {'ament_cmake_args': None, 'build_base': '/home/tharun/cognipilot/cranium/build/b3rb_simulator', 'catkin_cmake_args': None, 'catkin_skip_building_tests': False, 'cmake_args': None, 'cmake_clean_cache': False, 'cmake_clean_first': False, 'cmake_force_configure': False, 'cmake_target': None, 'cmake_target_skip_unavailable': False, 'install_base': '/home/tharun/cognipilot/cranium/install/b3rb_simulator', 'merge_install': False, 'path': '/home/tharun/cognipilot/cranium/src/b3rb_simulator/b3rb_simulator', 'symlink_install': False, 'test_result_base': None}[0m
[0.233s] [34mcolcon.colcon_core.verb[0m [1;30mLevel 5[0m set package 'corti' build argument 'cmake_args' from command line to 'None'
[0.233s] [34mcolcon.colcon_core.verb[0m [1;30mLevel 5[0m set package 'corti' build argument 'cmake_target' from command line to 'None'
[0.233s] [34mcolcon.colcon_core.verb[0m [1;30mLevel 5[0m set package 'corti' build argument 'cmake_target_skip_unavailable' from command line to 'False'
[0.233s] [34mcolcon.colcon_core.verb[0m [1;30mLevel 5[0m set package 'corti' build argument 'cmake_clean_cache' from command line to 'False'
[0.233s] [34mcolcon.colcon_core.verb[0m [1;30mLevel 5[0m set package 'corti' build argument 'cmake_clean_first' from command line to 'False'
[0.233s] [34mcolcon.colcon_core.verb[0m [1;30mLevel 5[0m set package 'corti' build argument 'cmake_force_configure' from command line to 'False'
[0.233s] [34mcolcon.colcon_core.verb[0m [1;30mLevel 5[0m set package 'corti' build argument 'ament_cmake_args' from command line to 'None'
[0.233s] [34mcolcon.colcon_core.verb[0m [1;30mLevel 5[0m set package 'corti' build argument 'catkin_cmake_args' from command line to 'None'
[0.233s] [34mcolcon.colcon_core.verb[0m [1;30mLevel 5[0m set package 'corti' build argument 'catkin_skip_building_tests' from command line to 'False'
[0.233s] [34mcolcon.colcon_core.verb[0m [1;30mDEBUG[0m [32mBuilding package 'corti' with the following arguments: {'ament_cmake_args': None, 'build_base': '/home/tharun/cognipilot/cranium/build/corti', 'catkin_cmake_args': None, 'catkin_skip_building_tests': False, 'cmake_args': None, 'cmake_clean_cache': False, 'cmake_clean_first': False, 'cmake_force_configure': False, 'cmake_target': None, 'cmake_target_skip_unavailable': False, 'install_base': '/home/tharun/cognipilot/cranium/install/corti', 'merge_install': False, 'path': '/home/tharun/cognipilot/cranium/src/corti', 'symlink_install': False, 'test_result_base': None}[0m
[0.234s] [34mcolcon.colcon_core.verb[0m [1;30mLevel 5[0m set package 'synapse_gz' build argument 'cmake_args' from command line to 'None'
[0.234s] [34mcolcon.colcon_core.verb[0m [1;30mLevel 5[0m set package 'synapse_gz' build argument 'cmake_target' from command line to 'None'
[0.234s] [34mcolcon.colcon_core.verb[0m [1;30mLevel 5[0m set package 'synapse_gz' build argument 'cmake_target_skip_unavailable' from command line to 'False'
[0.234s] [34mcolcon.colcon_core.verb[0m [1;30mLevel 5[0m set package 'synapse_gz' build argument 'cmake_clean_cache' from command line to 'False'
[0.234s] [34mcolcon.colcon_core.verb[0m [1;30mLevel 5[0m set package 'synapse_gz' build argument 'cmake_clean_first' from command line to 'False'
[0.234s] [34mcolcon.colcon_core.verb[0m [1;30mLevel 5[0m set package 'synapse_gz' build argument 'cmake_force_configure' from command line to 'False'
[0.234s] [34mcolcon.colcon_core.verb[0m [1;30mLevel 5[0m set package 'synapse_gz' build argument 'ament_cmake_args' from command line to 'None'
[0.234s] [34mcolcon.colcon_core.verb[0m [1;30mLevel 5[0m set package 'synapse_gz' build argument 'catkin_cmake_args' from command line to 'None'
[0.234s] [34mcolcon.colcon_core.verb[0m [1;30mLevel 5[0m set package 'synapse_gz' build argument 'catkin_skip_building_tests' from command line to 'False'
[0.234s] [34mcolcon.colcon_core.verb[0m [1;30mDEBUG[0m [32mBuilding package 'synapse_gz' with the following arguments: {'ament_cmake_args': None, 'build_base': '/home/tharun/cognipilot/cranium/build/synapse_gz', 'catkin_cmake_args': None, 'catkin_skip_building_tests': False, 'cmake_args': None, 'cmake_clean_cache': False, 'cmake_clean_first': False, 'cmake_force_configure': False, 'cmake_target': None, 'cmake_target_skip_unavailable': False, 'install_base': '/home/tharun/cognipilot/cranium/install/synapse_gz', 'merge_install': False, 'path': '/home/tharun/cognipilot/cranium/src/synapse_gz', 'symlink_install': False, 'test_result_base': None}[0m
[0.234s] [34mcolcon.colcon_core.verb[0m [1;30mLevel 5[0m set package 'synapse_ros' build argument 'cmake_args' from command line to 'None'
[0.234s] [34mcolcon.colcon_core.verb[0m [1;30mLevel 5[0m set package 'synapse_ros' build argument 'cmake_target' from command line to 'None'
[0.234s] [34mcolcon.colcon_core.verb[0m [1;30mLevel 5[0m set package 'synapse_ros' build argument 'cmake_target_skip_unavailable' from command line to 'False'
[0.234s] [34mcolcon.colcon_core.verb[0m [1;30mLevel 5[0m set package 'synapse_ros' build argument 'cmake_clean_cache' from command line to 'False'
[0.234s] [34mcolcon.colcon_core.verb[0m [1;30mLevel 5[0m set package 'synapse_ros' build argument 'cmake_clean_first' from command line to 'False'
[0.234s] [34mcolcon.colcon_core.verb[0m [1;30mLevel 5[0m set package 'synapse_ros' build argument 'cmake_force_configure' from command line to 'False'
[0.234s] [34mcolcon.colcon_core.verb[0m [1;30mLevel 5[0m set package 'synapse_ros' build argument 'ament_cmake_args' from command line to 'None'
[0.234s] [34mcolcon.colcon_core.verb[0m [1;30mLevel 5[0m set package 'synapse_ros' build argument 'catkin_cmake_args' from command line to 'None'
[0.234s] [34mcolcon.colcon_core.verb[0m [1;30mLevel 5[0m set package 'synapse_ros' build argument 'catkin_skip_building_tests' from command line to 'False'
[0.234s] [34mcolcon.colcon_core.verb[0m [1;30mDEBUG[0m [32mBuilding package 'synapse_ros' with the following arguments: {'ament_cmake_args': None, 'build_base': '/home/tharun/cognipilot/cranium/build/synapse_ros', 'catkin_cmake_args': None, 'catkin_skip_building_tests': False, 'cmake_args': None, 'cmake_clean_cache': False, 'cmake_clean_first': False, 'cmake_force_configure': False, 'cmake_target': None, 'cmake_target_skip_unavailable': False, 'install_base': '/home/tharun/cognipilot/cranium/install/synapse_ros', 'merge_install': False, 'path': '/home/tharun/cognipilot/cranium/src/synapse_ros', 'symlink_install': False, 'test_result_base': None}[0m
[0.234s] [34mcolcon.colcon_core.executor[0m [1;30mINFO[0m Executing jobs using 'parallel' executor
[0.235s] [34mcolcon.colcon_parallel_executor.executor.parallel[0m [1;30mDEBUG[0m [32mrun_until_complete[0m
[0.235s] [34mcolcon.colcon_ros.task.ament_cmake.build[0m [1;30mINFO[0m Building ROS package in '/home/tharun/cognipilot/cranium/src/synapse_msgs' with build type 'ament_cmake'
[0.236s] [34mcolcon.colcon_cmake.task.cmake.build[0m [1;30mINFO[0m Building CMake package in '/home/tharun/cognipilot/cranium/src/synapse_msgs'
[0.237s] [34mcolcon.colcon_core.plugin_system[0m [1;30mINFO[0m Skipping extension 'colcon_core.shell.bat': Not used on non-Windows systems
[0.237s] [34mcolcon.colcon_core.shell[0m [1;30mINFO[0m Skip shell extension 'powershell' for command environment: Not usable outside of PowerShell
[0.237s] [34mcolcon.colcon_core.shell[0m [1;30mDEBUG[0m [32mSkip shell extension 'dsv' for command environment[0m
[0.241s] [34mcolcon.colcon_ros.task.ament_cmake.build[0m [1;30mINFO[0m Building ROS package in '/home/tharun/cognipilot/cranium/src/synapse_protobuf' with build type 'ament_cmake'
[0.241s] [34mcolcon.colcon_cmake.task.cmake.build[0m [1;30mINFO[0m Building CMake package in '/home/tharun/cognipilot/cranium/src/synapse_protobuf'
[0.241s] [34mcolcon.colcon_core.shell[0m [1;30mINFO[0m Skip shell extension 'powershell' for command environment: Not usable outside of PowerShell
[0.241s] [34mcolcon.colcon_core.shell[0m [1;30mDEBUG[0m [32mSkip shell extension 'dsv' for command environment[0m
[0.244s] [34mcolcon.colcon_ros.task.ament_cmake.build[0m [1;30mINFO[0m Building ROS package in '/home/tharun/cognipilot/cranium/src/synapse_tinyframe' with build type 'ament_cmake'
[0.244s] [34mcolcon.colcon_cmake.task.cmake.build[0m [1;30mINFO[0m Building CMake package in '/home/tharun/cognipilot/cranium/src/synapse_tinyframe'
[0.244s] [34mcolcon.colcon_core.shell[0m [1;30mINFO[0m Skip shell extension 'powershell' for command environment: Not usable outside of PowerShell
[0.244s] [34mcolcon.colcon_core.shell[0m [1;30mDEBUG[0m [32mSkip shell extension 'dsv' for command environment[0m
[0.247s] [34mcolcon.colcon_ros.task.ament_cmake.build[0m [1;30mINFO[0m Building ROS package in '/home/tharun/cognipilot/cranium/src/b3rb_simulator/b3rb_gz_bringup' with build type 'ament_cmake'
[0.247s] [34mcolcon.colcon_cmake.task.cmake.build[0m [1;30mINFO[0m Building CMake package in '/home/tharun/cognipilot/cranium/src/b3rb_simulator/b3rb_gz_bringup'
[0.247s] [34mcolcon.colcon_core.shell[0m [1;30mINFO[0m Skip shell extension 'powershell' for command environment: Not usable outside of PowerShell
[0.247s] [34mcolcon.colcon_core.shell[0m [1;30mDEBUG[0m [32mSkip shell extension 'dsv' for command environment[0m
[0.250s] [34mcolcon.colcon_ros.task.ament_cmake.build[0m [1;30mINFO[0m Building ROS package in '/home/tharun/cognipilot/cranium/src/b3rb_simulator/b3rb_gz_resource' with build type 'ament_cmake'
[0.250s] [34mcolcon.colcon_cmake.task.cmake.build[0m [1;30mINFO[0m Building CMake package in '/home/tharun/cognipilot/cranium/src/b3rb_simulator/b3rb_gz_resource'
[0.251s] [34mcolcon.colcon_core.shell[0m [1;30mINFO[0m Skip shell extension 'powershell' for command environment: Not usable outside of PowerShell
[0.251s] [34mcolcon.colcon_core.shell[0m [1;30mDEBUG[0m [32mSkip shell extension 'dsv' for command environment[0m
[0.253s] [34mcolcon.colcon_ros.task.ament_cmake.build[0m [1;30mINFO[0m Building ROS package in '/home/tharun/cognipilot/cranium/src/b3rb_desktop/b3rb_rviz' with build type 'ament_cmake'
[0.253s] [34mcolcon.colcon_cmake.task.cmake.build[0m [1;30mINFO[0m Building CMake package in '/home/tharun/cognipilot/cranium/src/b3rb_desktop/b3rb_rviz'
[0.254s] [34mcolcon.colcon_core.shell[0m [1;30mINFO[0m Skip shell extension 'powershell' for command environment: Not usable outside of PowerShell
[0.254s] [34mcolcon.colcon_core.shell[0m [1;30mDEBUG[0m [32mSkip shell extension 'dsv' for command environment[0m
[0.256s] [34mcolcon.colcon_ros.task.ament_cmake.build[0m [1;30mINFO[0m Building ROS package in '/home/tharun/cognipilot/cranium/src/b3rb/b3rb_description' with build type 'ament_cmake'
[0.256s] [34mcolcon.colcon_cmake.task.cmake.build[0m [1;30mINFO[0m Building CMake package in '/home/tharun/cognipilot/cranium/src/b3rb/b3rb_description'
[0.257s] [34mcolcon.colcon_core.shell[0m [1;30mINFO[0m Skip shell extension 'powershell' for command environment: Not usable outside of PowerShell
[0.257s] [34mcolcon.colcon_core.shell[0m [1;30mDEBUG[0m [32mSkip shell extension 'dsv' for command environment[0m
[0.259s] [34mcolcon.colcon_ros.task.ament_cmake.build[0m [1;30mINFO[0m Building ROS package in '/home/tharun/cognipilot/cranium/src/b3rb/b3rb_nav2' with build type 'ament_cmake'
[0.260s] [34mcolcon.colcon_cmake.task.cmake.build[0m [1;30mINFO[0m Building CMake package in '/home/tharun/cognipilot/cranium/src/b3rb/b3rb_nav2'
[0.260s] [34mcolcon.colcon_core.shell[0m [1;30mINFO[0m Skip shell extension 'powershell' for command environment: Not usable outside of PowerShell
[0.260s] [34mcolcon.colcon_core.shell[0m [1;30mDEBUG[0m [32mSkip shell extension 'dsv' for command environment[0m
[0.265s] [34mcolcon.colcon_ros.task.ament_cmake.build[0m [1;30mINFO[0m Building ROS package in '/home/tharun/cognipilot/cranium/src/cerebri_bringup' with build type 'ament_cmake'
[0.265s] [34mcolcon.colcon_cmake.task.cmake.build[0m [1;30mINFO[0m Building CMake package in '/home/tharun/cognipilot/cranium/src/cerebri_bringup'
[0.265s] [34mcolcon.colcon_core.shell[0m [1;30mINFO[0m Skip shell extension 'powershell' for command environment: Not usable outside of PowerShell
[0.265s] [34mcolcon.colcon_core.shell[0m [1;30mDEBUG[0m [32mSkip shell extension 'dsv' for command environment[0m
[0.268s] [34mcolcon.colcon_ros.task.ament_cmake.build[0m [1;30mINFO[0m Building ROS package in '/home/tharun/cognipilot/cranium/src/dream_world/dream_world' with build type 'ament_cmake'
[0.268s] [34mcolcon.colcon_cmake.task.cmake.build[0m [1;30mINFO[0m Building CMake package in '/home/tharun/cognipilot/cranium/src/dream_world/dream_world'
[0.268s] [34mcolcon.colcon_core.shell[0m [1;30mINFO[0m Skip shell extension 'powershell' for command environment: Not usable outside of PowerShell
[0.268s] [34mcolcon.colcon_core.shell[0m [1;30mDEBUG[0m [32mSkip shell extension 'dsv' for command environment[0m
[0.275s] [34mcolcon.colcon_core.event_handler.log_command[0m [1;30mDEBUG[0m [32mInvoking command in '/home/tharun/cognipilot/cranium/build/synapse_msgs': CMAKE_PREFIX_PATH=${CMAKE_PREFIX_PATH}:/home/tharun/cognipilot/cranium/install/b3rb_ros_line_follower:/opt/ros/humble /usr/bin/cmake /home/tharun/cognipilot/cranium/src/synapse_msgs -DCMAKE_INSTALL_PREFIX=/home/tharun/cognipilot/cranium/install/synapse_msgs[0m
[0.277s] [34mcolcon.colcon_core.event_handler.log_command[0m [1;30mDEBUG[0m [32mInvoking command in '/home/tharun/cognipilot/cranium/build/synapse_protobuf': CMAKE_PREFIX_PATH=${CMAKE_PREFIX_PATH}:/home/tharun/cognipilot/cranium/install/b3rb_ros_line_follower:/opt/ros/humble /usr/bin/cmake /home/tharun/cognipilot/cranium/src/synapse_protobuf -DCMAKE_INSTALL_PREFIX=/home/tharun/cognipilot/cranium/install/synapse_protobuf[0m
[0.279s] [34mcolcon.colcon_core.event_handler.log_command[0m [1;30mDEBUG[0m [32mInvoking command in '/home/tharun/cognipilot/cranium/build/synapse_tinyframe': CMAKE_PREFIX_PATH=${CMAKE_PREFIX_PATH}:/home/tharun/cognipilot/cranium/install/b3rb_ros_line_follower:/opt/ros/humble /usr/bin/cmake /home/tharun/cognipilot/cranium/src/synapse_tinyframe -DCMAKE_INSTALL_PREFIX=/home/tharun/cognipilot/cranium/install/synapse_tinyframe[0m
[0.282s] [34mcolcon.colcon_core.event_handler.log_command[0m [1;30mDEBUG[0m [32mInvoking command in '/home/tharun/cognipilot/cranium/build/b3rb_gz_bringup': CMAKE_PREFIX_PATH=${CMAKE_PREFIX_PATH}:/home/tharun/cognipilot/cranium/install/b3rb_ros_line_follower:/opt/ros/humble /usr/bin/cmake /home/tharun/cognipilot/cranium/src/b3rb_simulator/b3rb_gz_bringup -DCMAKE_INSTALL_PREFIX=/home/tharun/cognipilot/cranium/install/b3rb_gz_bringup[0m
[0.284s] [34mcolcon.colcon_core.event_handler.log_command[0m [1;30mDEBUG[0m [32mInvoking command in '/home/tharun/cognipilot/cranium/build/b3rb_gz_resource': CMAKE_PREFIX_PATH=${CMAKE_PREFIX_PATH}:/home/tharun/cognipilot/cranium/install/b3rb_ros_line_follower:/opt/ros/humble /usr/bin/cmake /home/tharun/cognipilot/cranium/src/b3rb_simulator/b3rb_gz_resource -DCMAKE_INSTALL_PREFIX=/home/tharun/cognipilot/cranium/install/b3rb_gz_resource[0m
[0.287s] [34mcolcon.colcon_core.event_handler.log_command[0m [1;30mDEBUG[0m [32mInvoking command in '/home/tharun/cognipilot/cranium/build/b3rb_rviz': CMAKE_PREFIX_PATH=${CMAKE_PREFIX_PATH}:/home/tharun/cognipilot/cranium/install/b3rb_ros_line_follower:/opt/ros/humble /usr/bin/cmake /home/tharun/cognipilot/cranium/src/b3rb_desktop/b3rb_rviz -DCMAKE_INSTALL_PREFIX=/home/tharun/cognipilot/cranium/install/b3rb_rviz[0m
[0.290s] [34mcolcon.colcon_core.event_handler.log_command[0m [1;30mDEBUG[0m [32mInvoking command in '/home/tharun/cognipilot/cranium/build/b3rb_description': CMAKE_PREFIX_PATH=${CMAKE_PREFIX_PATH}:/home/tharun/cognipilot/cranium/install/b3rb_ros_line_follower:/opt/ros/humble /usr/bin/cmake /home/tharun/cognipilot/cranium/src/b3rb/b3rb_description -DCMAKE_INSTALL_PREFIX=/home/tharun/cognipilot/cranium/install/b3rb_description[0m
[0.292s] [34mcolcon.colcon_core.event_handler.log_command[0m [1;30mDEBUG[0m [32mInvoking command in '/home/tharun/cognipilot/cranium/build/b3rb_nav2': CMAKE_PREFIX_PATH=${CMAKE_PREFIX_PATH}:/home/tharun/cognipilot/cranium/install/b3rb_ros_line_follower:/opt/ros/humble /usr/bin/cmake /home/tharun/cognipilot/cranium/src/b3rb/b3rb_nav2 -DCMAKE_INSTALL_PREFIX=/home/tharun/cognipilot/cranium/install/b3rb_nav2[0m
[0.294s] [34mcolcon.colcon_core.event_handler.log_command[0m [1;30mDEBUG[0m [32mInvoking command in '/home/tharun/cognipilot/cranium/build/cerebri_bringup': CMAKE_PREFIX_PATH=${CMAKE_PREFIX_PATH}:/home/tharun/cognipilot/cranium/install/b3rb_ros_line_follower:/opt/ros/humble /usr/bin/cmake /home/tharun/cognipilot/cranium/src/cerebri_bringup -DCMAKE_INSTALL_PREFIX=/home/tharun/cognipilot/cranium/install/cerebri_bringup[0m
[0.312s] [34mcolcon.colcon_core.event_handler.log_command[0m [1;30mDEBUG[0m [32mInvoking command in '/home/tharun/cognipilot/cranium/build/dream_world': CMAKE_PREFIX_PATH=${CMAKE_PREFIX_PATH}:/home/tharun/cognipilot/cranium/install/b3rb_ros_line_follower:/opt/ros/humble /usr/bin/cmake /home/tharun/cognipilot/cranium/src/dream_world/dream_world -DCMAKE_INSTALL_PREFIX=/home/tharun/cognipilot/cranium/install/dream_world[0m
[0.555s] [34mcolcon.colcon_core.event_handler.log_command[0m [1;30mDEBUG[0m [32mInvoked command in '/home/tharun/cognipilot/cranium/build/b3rb_gz_bringup' returned '0': CMAKE_PREFIX_PATH=${CMAKE_PREFIX_PATH}:/home/tharun/cognipilot/cranium/install/b3rb_ros_line_follower:/opt/ros/humble /usr/bin/cmake /home/tharun/cognipilot/cranium/src/b3rb_simulator/b3rb_gz_bringup -DCMAKE_INSTALL_PREFIX=/home/tharun/cognipilot/cranium/install/b3rb_gz_bringup[0m
[0.556s] [34mcolcon.colcon_core.event_handler.log_command[0m [1;30mDEBUG[0m [32mInvoking command in '/home/tharun/cognipilot/cranium/build/b3rb_gz_bringup': CMAKE_PREFIX_PATH=${CMAKE_PREFIX_PATH}:/home/tharun/cognipilot/cranium/install/b3rb_ros_line_follower:/opt/ros/humble /usr/bin/cmake --build /home/tharun/cognipilot/cranium/build/b3rb_gz_bringup -- -j12 -l12[0m
[0.559s] [34mcolcon.colcon_core.event_handler.log_command[0m [1;30mDEBUG[0m [32mInvoked command in '/home/tharun/cognipilot/cranium/build/cerebri_bringup' returned '0': CMAKE_PREFIX_PATH=${CMAKE_PREFIX_PATH}:/home/tharun/cognipilot/cranium/install/b3rb_ros_line_follower:/opt/ros/humble /usr/bin/cmake /home/tharun/cognipilot/cranium/src/cerebri_bringup -DCMAKE_INSTALL_PREFIX=/home/tharun/cognipilot/cranium/install/cerebri_bringup[0m
[0.560s] [34mcolcon.colcon_core.event_handler.log_command[0m [1;30mDEBUG[0m [32mInvoking command in '/home/tharun/cognipilot/cranium/build/cerebri_bringup': CMAKE_PREFIX_PATH=${CMAKE_PREFIX_PATH}:/home/tharun/cognipilot/cranium/install/b3rb_ros_line_follower:/opt/ros/humble /usr/bin/cmake --build /home/tharun/cognipilot/cranium/build/cerebri_bringup -- -j12 -l12[0m
[0.582s] [34mcolcon.colcon_core.event_handler.log_command[0m [1;30mDEBUG[0m [32mInvoked command in '/home/tharun/cognipilot/cranium/build/b3rb_nav2' returned '0': CMAKE_PREFIX_PATH=${CMAKE_PREFIX_PATH}:/home/tharun/cognipilot/cranium/install/b3rb_ros_line_follower:/opt/ros/humble /usr/bin/cmake /home/tharun/cognipilot/cranium/src/b3rb/b3rb_nav2 -DCMAKE_INSTALL_PREFIX=/home/tharun/cognipilot/cranium/install/b3rb_nav2[0m
[0.585s] [34mcolcon.colcon_core.event_handler.log_command[0m [1;30mDEBUG[0m [32mInvoking command in '/home/tharun/cognipilot/cranium/build/b3rb_nav2': CMAKE_PREFIX_PATH=${CMAKE_PREFIX_PATH}:/home/tharun/cognipilot/cranium/install/b3rb_ros_line_follower:/opt/ros/humble /usr/bin/cmake --build /home/tharun/cognipilot/cranium/build/b3rb_nav2 -- -j12 -l12[0m
[0.598s] [34mcolcon.colcon_core.event_handler.log_command[0m [1;30mDEBUG[0m [32mInvoked command in '/home/tharun/cognipilot/cranium/build/synapse_tinyframe' returned '0': CMAKE_PREFIX_PATH=${CMAKE_PREFIX_PATH}:/home/tharun/cognipilot/cranium/install/b3rb_ros_line_follower:/opt/ros/humble /usr/bin/cmake /home/tharun/cognipilot/cranium/src/synapse_tinyframe -DCMAKE_INSTALL_PREFIX=/home/tharun/cognipilot/cranium/install/synapse_tinyframe[0m
[0.598s] [34mcolcon.colcon_core.event_handler.log_command[0m [1;30mDEBUG[0m [32mInvoking command in '/home/tharun/cognipilot/cranium/build/synapse_tinyframe': CMAKE_PREFIX_PATH=${CMAKE_PREFIX_PATH}:/home/tharun/cognipilot/cranium/install/b3rb_ros_line_follower:/opt/ros/humble /usr/bin/cmake --build /home/tharun/cognipilot/cranium/build/synapse_tinyframe -- -j12 -l12[0m
[0.601s] [34mcolcon.colcon_core.event_handler.log_command[0m [1;30mDEBUG[0m [32mInvoked command in '/home/tharun/cognipilot/cranium/build/b3rb_gz_bringup' returned '0': CMAKE_PREFIX_PATH=${CMAKE_PREFIX_PATH}:/home/tharun/cognipilot/cranium/install/b3rb_ros_line_follower:/opt/ros/humble /usr/bin/cmake --build /home/tharun/cognipilot/cranium/build/b3rb_gz_bringup -- -j12 -l12[0m
[0.610s] [34mcolcon.colcon_core.event_handler.log_command[0m [1;30mDEBUG[0m [32mInvoking command in '/home/tharun/cognipilot/cranium/build/b3rb_gz_bringup': CMAKE_PREFIX_PATH=${CMAKE_PREFIX_PATH}:/home/tharun/cognipilot/cranium/install/b3rb_ros_line_follower:/opt/ros/humble /usr/bin/cmake --install /home/tharun/cognipilot/cranium/build/b3rb_gz_bringup[0m
[0.612s] [34mcolcon.colcon_core.event_handler.log_command[0m [1;30mDEBUG[0m [32mInvoked command in '/home/tharun/cognipilot/cranium/build/b3rb_rviz' returned '0': CMAKE_PREFIX_PATH=${CMAKE_PREFIX_PATH}:/home/tharun/cognipilot/cranium/install/b3rb_ros_line_follower:/opt/ros/humble /usr/bin/cmake /home/tharun/cognipilot/cranium/src/b3rb_desktop/b3rb_rviz -DCMAKE_INSTALL_PREFIX=/home/tharun/cognipilot/cranium/install/b3rb_rviz[0m
[0.613s] [34mcolcon.colcon_core.event_handler.log_command[0m [1;30mDEBUG[0m [32mInvoking command in '/home/tharun/cognipilot/cranium/build/b3rb_rviz': CMAKE_PREFIX_PATH=${CMAKE_PREFIX_PATH}:/home/tharun/cognipilot/cranium/install/b3rb_ros_line_follower:/opt/ros/humble /usr/bin/cmake --build /home/tharun/cognipilot/cranium/build/b3rb_rviz -- -j12 -l12[0m
[0.614s] [34mcolcon.colcon_core.event_handler.log_command[0m [1;30mDEBUG[0m [32mInvoked command in '/home/tharun/cognipilot/cranium/build/cerebri_bringup' returned '0': CMAKE_PREFIX_PATH=${CMAKE_PREFIX_PATH}:/home/tharun/cognipilot/cranium/install/b3rb_ros_line_follower:/opt/ros/humble /usr/bin/cmake --build /home/tharun/cognipilot/cranium/build/cerebri_bringup -- -j12 -l12[0m
[0.617s] [34mcolcon.colcon_core.event_handler.log_command[0m [1;30mDEBUG[0m [32mInvoking command in '/home/tharun/cognipilot/cranium/build/cerebri_bringup': CMAKE_PREFIX_PATH=${CMAKE_PREFIX_PATH}:/home/tharun/cognipilot/cranium/install/b3rb_ros_line_follower:/opt/ros/humble /usr/bin/cmake --install /home/tharun/cognipilot/cranium/build/cerebri_bringup[0m
[0.624s] [34mcolcon.colcon_core.event_handler.log_command[0m [1;30mDEBUG[0m [32mInvoked command in '/home/tharun/cognipilot/cranium/build/b3rb_gz_resource' returned '0': CMAKE_PREFIX_PATH=${CMAKE_PREFIX_PATH}:/home/tharun/cognipilot/cranium/install/b3rb_ros_line_follower:/opt/ros/humble /usr/bin/cmake /home/tharun/cognipilot/cranium/src/b3rb_simulator/b3rb_gz_resource -DCMAKE_INSTALL_PREFIX=/home/tharun/cognipilot/cranium/install/b3rb_gz_resource[0m
[0.627s] [34mcolcon.colcon_core.event_handler.log_command[0m [1;30mDEBUG[0m [32mInvoking command in '/home/tharun/cognipilot/cranium/build/b3rb_gz_resource': CMAKE_PREFIX_PATH=${CMAKE_PREFIX_PATH}:/home/tharun/cognipilot/cranium/install/b3rb_ros_line_follower:/opt/ros/humble /usr/bin/cmake --build /home/tharun/cognipilot/cranium/build/b3rb_gz_resource -- -j12 -l12[0m
[0.629s] [34mcolcon.colcon_core.event_handler.log_command[0m [1;30mDEBUG[0m [32mInvoked command in '/home/tharun/cognipilot/cranium/build/b3rb_description' returned '0': CMAKE_PREFIX_PATH=${CMAKE_PREFIX_PATH}:/home/tharun/cognipilot/cranium/install/b3rb_ros_line_follower:/opt/ros/humble /usr/bin/cmake /home/tharun/cognipilot/cranium/src/b3rb/b3rb_description -DCMAKE_INSTALL_PREFIX=/home/tharun/cognipilot/cranium/install/b3rb_description[0m
[0.631s] [34mcolcon.colcon_core.event_handler.log_command[0m [1;30mDEBUG[0m [32mInvoking command in '/home/tharun/cognipilot/cranium/build/b3rb_description': CMAKE_PREFIX_PATH=${CMAKE_PREFIX_PATH}:/home/tharun/cognipilot/cranium/install/b3rb_ros_line_follower:/opt/ros/humble /usr/bin/cmake --build /home/tharun/cognipilot/cranium/build/b3rb_description -- -j12 -l12[0m
[0.633s] [34mcolcon.colcon_core.event_handler.log_command[0m [1;30mDEBUG[0m [32mInvoked command in '/home/tharun/cognipilot/cranium/build/b3rb_nav2' returned '0': CMAKE_PREFIX_PATH=${CMAKE_PREFIX_PATH}:/home/tharun/cognipilot/cranium/install/b3rb_ros_line_follower:/opt/ros/humble /usr/bin/cmake --build /home/tharun/cognipilot/cranium/build/b3rb_nav2 -- -j12 -l12[0m
[0.635s] [34mcolcon.colcon_core.event_handler.log_command[0m [1;30mDEBUG[0m [32mInvoking command in '/home/tharun/cognipilot/cranium/build/b3rb_nav2': CMAKE_PREFIX_PATH=${CMAKE_PREFIX_PATH}:/home/tharun/cognipilot/cranium/install/b3rb_ros_line_follower:/opt/ros/humble /usr/bin/cmake --install /home/tharun/cognipilot/cranium/build/b3rb_nav2[0m
[0.636s] [34mcolcon.colcon_core.environment[0m [1;30mLevel 1[0m create_environment_scripts_only(b3rb_gz_bringup)
[0.637s] [34mcolcon.colcon_core.event_handler.log_command[0m [1;30mDEBUG[0m [32mInvoked command in '/home/tharun/cognipilot/cranium/build/b3rb_gz_bringup' returned '0': CMAKE_PREFIX_PATH=${CMAKE_PREFIX_PATH}:/home/tharun/cognipilot/cranium/install/b3rb_ros_line_follower:/opt/ros/humble /usr/bin/cmake --install /home/tharun/cognipilot/cranium/build/b3rb_gz_bringup[0m
[0.640s] [34mcolcon.colcon_core.environment[0m [1;30mLevel 1[0m checking '/home/tharun/cognipilot/cranium/install/b3rb_gz_bringup' for CMake module files
[0.642s] [34mcolcon.colcon_core.environment[0m [1;30mLevel 1[0m checking '/home/tharun/cognipilot/cranium/install/b3rb_gz_bringup' for CMake config files
[0.644s] [34mcolcon.colcon_core.shell[0m [1;30mLevel 1[0m create_environment_hook('b3rb_gz_bringup', 'cmake_prefix_path')
[0.645s] [34mcolcon.colcon_core.shell[0m [1;30mINFO[0m Creating environment hook '/home/tharun/cognipilot/cranium/install/b3rb_gz_bringup/share/b3rb_gz_bringup/hook/cmake_prefix_path.ps1'
[0.646s] [34mcolcon.colcon_core.shell[0m [1;30mINFO[0m Creating environment descriptor '/home/tharun/cognipilot/cranium/install/b3rb_gz_bringup/share/b3rb_gz_bringup/hook/cmake_prefix_path.dsv'
[0.646s] [34mcolcon.colcon_core.shell[0m [1;30mINFO[0m Creating environment hook '/home/tharun/cognipilot/cranium/install/b3rb_gz_bringup/share/b3rb_gz_bringup/hook/cmake_prefix_path.sh'
[0.648s] [34mcolcon.colcon_core.environment[0m [1;30mLevel 1[0m checking '/home/tharun/cognipilot/cranium/install/b3rb_gz_bringup/bin'
[0.648s] [34mcolcon.colcon_core.environment[0m [1;30mLevel 1[0m checking '/home/tharun/cognipilot/cranium/install/b3rb_gz_bringup/lib/pkgconfig/b3rb_gz_bringup.pc'
[0.649s] [34mcolcon.colcon_core.environment[0m [1;30mLevel 1[0m checking '/home/tharun/cognipilot/cranium/install/b3rb_gz_bringup/lib/python3.10/site-packages'
[0.650s] [34mcolcon.colcon_core.environment[0m [1;30mLevel 1[0m checking '/home/tharun/cognipilot/cranium/install/b3rb_gz_bringup/bin'
[0.650s] [34mcolcon.colcon_core.shell[0m [1;30mINFO[0m Creating package script '/home/tharun/cognipilot/cranium/install/b3rb_gz_bringup/share/b3rb_gz_bringup/package.ps1'
[0.652s] [34mcolcon.colcon_core.shell[0m [1;30mINFO[0m Creating package descriptor '/home/tharun/cognipilot/cranium/install/b3rb_gz_bringup/share/b3rb_gz_bringup/package.dsv'
[0.652s] [34mcolcon.colcon_core.shell[0m [1;30mINFO[0m Creating package script '/home/tharun/cognipilot/cranium/install/b3rb_gz_bringup/share/b3rb_gz_bringup/package.sh'
[0.653s] [34mcolcon.colcon_core.shell[0m [1;30mINFO[0m Creating package script '/home/tharun/cognipilot/cranium/install/b3rb_gz_bringup/share/b3rb_gz_bringup/package.bash'
[0.654s] [34mcolcon.colcon_core.shell[0m [1;30mINFO[0m Creating package script '/home/tharun/cognipilot/cranium/install/b3rb_gz_bringup/share/b3rb_gz_bringup/package.zsh'
[0.654s] [34mcolcon.colcon_core.environment[0m [1;30mLevel 1[0m create_file_with_runtime_dependencies(/home/tharun/cognipilot/cranium/install/b3rb_gz_bringup/share/colcon-core/packages/b3rb_gz_bringup)
[0.654s] [34mcolcon.colcon_core.environment[0m [1;30mLevel 1[0m create_environment_scripts_only(b3rb_gz_bringup)
[0.655s] [34mcolcon.colcon_core.environment[0m [1;30mLevel 1[0m checking '/home/tharun/cognipilot/cranium/install/b3rb_gz_bringup' for CMake module files
[0.655s] [34mcolcon.colcon_core.environment[0m [1;30mLevel 1[0m checking '/home/tharun/cognipilot/cranium/install/b3rb_gz_bringup' for CMake config files
[0.655s] [34mcolcon.colcon_core.shell[0m [1;30mLevel 1[0m create_environment_hook('b3rb_gz_bringup', 'cmake_prefix_path')
[0.655s] [34mcolcon.colcon_core.shell[0m [1;30mINFO[0m Creating environment hook '/home/tharun/cognipilot/cranium/install/b3rb_gz_bringup/share/b3rb_gz_bringup/hook/cmake_prefix_path.ps1'
[0.655s] [34mcolcon.colcon_core.shell[0m [1;30mINFO[0m Creating environment descriptor '/home/tharun/cognipilot/cranium/install/b3rb_gz_bringup/share/b3rb_gz_bringup/hook/cmake_prefix_path.dsv'
[0.656s] [34mcolcon.colcon_core.shell[0m [1;30mINFO[0m Creating environment hook '/home/tharun/cognipilot/cranium/install/b3rb_gz_bringup/share/b3rb_gz_bringup/hook/cmake_prefix_path.sh'
[0.656s] [34mcolcon.colcon_core.environment[0m [1;30mLevel 1[0m checking '/home/tharun/cognipilot/cranium/install/b3rb_gz_bringup/bin'
[0.656s] [34mcolcon.colcon_core.environment[0m [1;30mLevel 1[0m checking '/home/tharun/cognipilot/cranium/install/b3rb_gz_bringup/lib/pkgconfig/b3rb_gz_bringup.pc'
[0.656s] [34mcolcon.colcon_core.environment[0m [1;30mLevel 1[0m checking '/home/tharun/cognipilot/cranium/install/b3rb_gz_bringup/lib/python3.10/site-packages'
[0.656s] [34mcolcon.colcon_core.environment[0m [1;30mLevel 1[0m checking '/home/tharun/cognipilot/cranium/install/b3rb_gz_bringup/bin'
[0.657s] [34mcolcon.colcon_core.shell[0m [1;30mINFO[0m Creating package script '/home/tharun/cognipilot/cranium/install/b3rb_gz_bringup/share/b3rb_gz_bringup/package.ps1'
[0.657s] [34mcolcon.colcon_core.shell[0m [1;30mINFO[0m Creating package descriptor '/home/tharun/cognipilot/cranium/install/b3rb_gz_bringup/share/b3rb_gz_bringup/package.dsv'
[0.657s] [34mcolcon.colcon_core.shell[0m [1;30mINFO[0m Creating package script '/home/tharun/cognipilot/cranium/install/b3rb_gz_bringup/share/b3rb_gz_bringup/package.sh'
[0.658s] [34mcolcon.colcon_core.shell[0m [1;30mINFO[0m Creating package script '/home/tharun/cognipilot/cranium/install/b3rb_gz_bringup/share/b3rb_gz_bringup/package.bash'
[0.658s] [34mcolcon.colcon_core.shell[0m [1;30mINFO[0m Creating package script '/home/tharun/cognipilot/cranium/install/b3rb_gz_bringup/share/b3rb_gz_bringup/package.zsh'
[0.658s] [34mcolcon.colcon_core.environment[0m [1;30mLevel 1[0m create_file_with_runtime_dependencies(/home/tharun/cognipilot/cranium/install/b3rb_gz_bringup/share/colcon-core/packages/b3rb_gz_bringup)
[0.659s] [34mcolcon.colcon_core.event_handler.log_command[0m [1;30mDEBUG[0m [32mInvoked command in '/home/tharun/cognipilot/cranium/build/synapse_protobuf' returned '0': CMAKE_PREFIX_PATH=${CMAKE_PREFIX_PATH}:/home/tharun/cognipilot/cranium/install/b3rb_ros_line_follower:/opt/ros/humble /usr/bin/cmake /home/tharun/cognipilot/cranium/src/synapse_protobuf -DCMAKE_INSTALL_PREFIX=/home/tharun/cognipilot/cranium/install/synapse_protobuf[0m
[0.660s] [34mcolcon.colcon_core.event_handler.log_command[0m [1;30mDEBUG[0m [32mInvoking command in '/home/tharun/cognipilot/cranium/build/synapse_protobuf': CMAKE_PREFIX_PATH=${CMAKE_PREFIX_PATH}:/home/tharun/cognipilot/cranium/install/b3rb_ros_line_follower:/opt/ros/humble /usr/bin/cmake --build /home/tharun/cognipilot/cranium/build/synapse_protobuf -- -j12 -l12[0m
[0.661s] [34mcolcon.colcon_core.environment[0m [1;30mLevel 1[0m create_environment_scripts_only(cerebri_bringup)
[0.661s] [34mcolcon.colcon_core.environment[0m [1;30mLevel 1[0m checking '/home/tharun/cognipilot/cranium/install/cerebri_bringup' for CMake module files
[0.662s] [34mcolcon.colcon_core.event_handler.log_command[0m [1;30mDEBUG[0m [32mInvoked command in '/home/tharun/cognipilot/cranium/build/cerebri_bringup' returned '0': CMAKE_PREFIX_PATH=${CMAKE_PREFIX_PATH}:/home/tharun/cognipilot/cranium/install/b3rb_ros_line_follower:/opt/ros/humble /usr/bin/cmake --install /home/tharun/cognipilot/cranium/build/cerebri_bringup[0m
[0.662s] [34mcolcon.colcon_core.environment[0m [1;30mLevel 1[0m checking '/home/tharun/cognipilot/cranium/install/cerebri_bringup' for CMake config files
[0.662s] [34mcolcon.colcon_core.shell[0m [1;30mLevel 1[0m create_environment_hook('cerebri_bringup', 'cmake_prefix_path')
[0.663s] [34mcolcon.colcon_core.shell[0m [1;30mINFO[0m Creating environment hook '/home/tharun/cognipilot/cranium/install/cerebri_bringup/share/cerebri_bringup/hook/cmake_prefix_path.ps1'
[0.663s] [34mcolcon.colcon_core.shell[0m [1;30mINFO[0m Creating environment descriptor '/home/tharun/cognipilot/cranium/install/cerebri_bringup/share/cerebri_bringup/hook/cmake_prefix_path.dsv'
[0.663s] [34mcolcon.colcon_core.shell[0m [1;30mINFO[0m Creating environment hook '/home/tharun/cognipilot/cranium/install/cerebri_bringup/share/cerebri_bringup/hook/cmake_prefix_path.sh'
[0.664s] [34mcolcon.colcon_core.environment[0m [1;30mLevel 1[0m checking '/home/tharun/cognipilot/cranium/install/cerebri_bringup/bin'
[0.664s] [34mcolcon.colcon_core.environment[0m [1;30mLevel 1[0m checking '/home/tharun/cognipilot/cranium/install/cerebri_bringup/lib/pkgconfig/cerebri_bringup.pc'
[0.664s] [34mcolcon.colcon_core.environment[0m [1;30mLevel 1[0m checking '/home/tharun/cognipilot/cranium/install/cerebri_bringup/lib/python3.10/site-packages'
[0.664s] [34mcolcon.colcon_core.environment[0m [1;30mLevel 1[0m checking '/home/tharun/cognipilot/cranium/install/cerebri_bringup/bin'
[0.664s] [34mcolcon.colcon_core.shell[0m [1;30mINFO[0m Creating package script '/home/tharun/cognipilot/cranium/install/cerebri_bringup/share/cerebri_bringup/package.ps1'
[0.665s] [34mcolcon.colcon_core.shell[0m [1;30mINFO[0m Creating package descriptor '/home/tharun/cognipilot/cranium/install/cerebri_bringup/share/cerebri_bringup/package.dsv'
[0.665s] [34mcolcon.colcon_core.shell[0m [1;30mINFO[0m Creating package script '/home/tharun/cognipilot/cranium/install/cerebri_bringup/share/cerebri_bringup/package.sh'
[0.665s] [34mcolcon.colcon_core.shell[0m [1;30mINFO[0m Creating package script '/home/tharun/cognipilot/cranium/install/cerebri_bringup/share/cerebri_bringup/package.bash'
[0.666s] [34mcolcon.colcon_core.shell[0m [1;30mINFO[0m Creating package script '/home/tharun/cognipilot/cranium/install/cerebri_bringup/share/cerebri_bringup/package.zsh'
[0.666s] [34mcolcon.colcon_core.environment[0m [1;30mLevel 1[0m create_file_with_runtime_dependencies(/home/tharun/cognipilot/cranium/install/cerebri_bringup/share/colcon-core/packages/cerebri_bringup)
[0.666s] [34mcolcon.colcon_core.environment[0m [1;30mLevel 1[0m create_environment_scripts_only(cerebri_bringup)
[0.667s] [34mcolcon.colcon_core.environment[0m [1;30mLevel 1[0m checking '/home/tharun/cognipilot/cranium/install/cerebri_bringup' for CMake module files
[0.667s] [34mcolcon.colcon_core.environment[0m [1;30mLevel 1[0m checking '/home/tharun/cognipilot/cranium/install/cerebri_bringup' for CMake config files
[0.667s] [34mcolcon.colcon_core.shell[0m [1;30mLevel 1[0m create_environment_hook('cerebri_bringup', 'cmake_prefix_path')
[0.667s] [34mcolcon.colcon_core.shell[0m [1;30mINFO[0m Creating environment hook '/home/tharun/cognipilot/cranium/install/cerebri_bringup/share/cerebri_bringup/hook/cmake_prefix_path.ps1'
[0.667s] [34mcolcon.colcon_core.shell[0m [1;30mINFO[0m Creating environment descriptor '/home/tharun/cognipilot/cranium/install/cerebri_bringup/share/cerebri_bringup/hook/cmake_prefix_path.dsv'
[0.668s] [34mcolcon.colcon_core.shell[0m [1;30mINFO[0m Creating environment hook '/home/tharun/cognipilot/cranium/install/cerebri_bringup/share/cerebri_bringup/hook/cmake_prefix_path.sh'
[0.668s] [34mcolcon.colcon_core.environment[0m [1;30mLevel 1[0m checking '/home/tharun/cognipilot/cranium/install/cerebri_bringup/bin'
[0.668s] [34mcolcon.colcon_core.environment[0m [1;30mLevel 1[0m checking '/home/tharun/cognipilot/cranium/install/cerebri_bringup/lib/pkgconfig/cerebri_bringup.pc'
[0.668s] [34mcolcon.colcon_core.environment[0m [1;30mLevel 1[0m checking '/home/tharun/cognipilot/cranium/install/cerebri_bringup/lib/python3.10/site-packages'
[0.668s] [34mcolcon.colcon_core.environment[0m [1;30mLevel 1[0m checking '/home/tharun/cognipilot/cranium/install/cerebri_bringup/bin'
[0.669s] [34mcolcon.colcon_core.shell[0m [1;30mINFO[0m Creating package script '/home/tharun/cognipilot/cranium/install/cerebri_bringup/share/cerebri_bringup/package.ps1'
[0.669s] [34mcolcon.colcon_core.shell[0m [1;30mINFO[0m Creating package descriptor '/home/tharun/cognipilot/cranium/install/cerebri_bringup/share/cerebri_bringup/package.dsv'
[0.669s] [34mcolcon.colcon_core.shell[0m [1;30mINFO[0m Creating package script '/home/tharun/cognipilot/cranium/install/cerebri_bringup/share/cerebri_bringup/package.sh'
[0.670s] [34mcolcon.colcon_core.shell[0m [1;30mINFO[0m Creating package script '/home/tharun/cognipilot/cranium/install/cerebri_bringup/share/cerebri_bringup/package.bash'
[0.670s] [34mcolcon.colcon_core.shell[0m [1;30mINFO[0m Creating package script '/home/tharun/cognipilot/cranium/install/cerebri_bringup/share/cerebri_bringup/package.zsh'
[0.670s] [34mcolcon.colcon_core.environment[0m [1;30mLevel 1[0m create_file_with_runtime_dependencies(/home/tharun/cognipilot/cranium/install/cerebri_bringup/share/colcon-core/packages/cerebri_bringup)
[0.673s] [34mcolcon.colcon_core.environment[0m [1;30mLevel 1[0m create_environment_scripts_only(b3rb_nav2)
[0.673s] [34mcolcon.colcon_core.environment[0m [1;30mLevel 1[0m checking '/home/tharun/cognipilot/cranium/install/b3rb_nav2' for CMake module files
[0.674s] [34mcolcon.colcon_core.event_handler.log_command[0m [1;30mDEBUG[0m [32mInvoked command in '/home/tharun/cognipilot/cranium/build/dream_world' returned '0': CMAKE_PREFIX_PATH=${CMAKE_PREFIX_PATH}:/home/tharun/cognipilot/cranium/install/b3rb_ros_line_follower:/opt/ros/humble /usr/bin/cmake /home/tharun/cognipilot/cranium/src/dream_world/dream_world -DCMAKE_INSTALL_PREFIX=/home/tharun/cognipilot/cranium/install/dream_world[0m
[0.674s] [34mcolcon.colcon_core.event_handler.log_command[0m [1;30mDEBUG[0m [32mInvoking command in '/home/tharun/cognipilot/cranium/build/dream_world': CMAKE_PREFIX_PATH=${CMAKE_PREFIX_PATH}:/home/tharun/cognipilot/cranium/install/b3rb_ros_line_follower:/opt/ros/humble /usr/bin/cmake --build /home/tharun/cognipilot/cranium/build/dream_world -- -j12 -l12[0m
[0.675s] [34mcolcon.colcon_core.event_handler.log_command[0m [1;30mDEBUG[0m [32mInvoked command in '/home/tharun/cognipilot/cranium/build/b3rb_gz_resource' returned '0': CMAKE_PREFIX_PATH=${CMAKE_PREFIX_PATH}:/home/tharun/cognipilot/cranium/install/b3rb_ros_line_follower:/opt/ros/humble /usr/bin/cmake --build /home/tharun/cognipilot/cranium/build/b3rb_gz_resource -- -j12 -l12[0m
[0.675s] [34mcolcon.colcon_core.event_handler.log_command[0m [1;30mDEBUG[0m [32mInvoking command in '/home/tharun/cognipilot/cranium/build/b3rb_gz_resource': CMAKE_PREFIX_PATH=${CMAKE_PREFIX_PATH}:/home/tharun/cognipilot/cranium/install/b3rb_ros_line_follower:/opt/ros/humble /usr/bin/cmake --install /home/tharun/cognipilot/cranium/build/b3rb_gz_resource[0m
[0.676s] [34mcolcon.colcon_core.event_handler.log_command[0m [1;30mDEBUG[0m [32mInvoked command in '/home/tharun/cognipilot/cranium/build/b3rb_nav2' returned '0': CMAKE_PREFIX_PATH=${CMAKE_PREFIX_PATH}:/home/tharun/cognipilot/cranium/install/b3rb_ros_line_follower:/opt/ros/humble /usr/bin/cmake --install /home/tharun/cognipilot/cranium/build/b3rb_nav2[0m
[0.676s] [34mcolcon.colcon_core.environment[0m [1;30mLevel 1[0m checking '/home/tharun/cognipilot/cranium/install/b3rb_nav2' for CMake config files
[0.676s] [34mcolcon.colcon_core.shell[0m [1;30mLevel 1[0m create_environment_hook('b3rb_nav2', 'cmake_prefix_path')
[0.676s] [34mcolcon.colcon_core.shell[0m [1;30mINFO[0m Creating environment hook '/home/tharun/cognipilot/cranium/install/b3rb_nav2/share/b3rb_nav2/hook/cmake_prefix_path.ps1'
[0.677s] [34mcolcon.colcon_core.shell[0m [1;30mINFO[0m Creating environment descriptor '/home/tharun/cognipilot/cranium/install/b3rb_nav2/share/b3rb_nav2/hook/cmake_prefix_path.dsv'
[0.677s] [34mcolcon.colcon_core.shell[0m [1;30mINFO[0m Creating environment hook '/home/tharun/cognipilot/cranium/install/b3rb_nav2/share/b3rb_nav2/hook/cmake_prefix_path.sh'
[0.678s] [34mcolcon.colcon_core.environment[0m [1;30mLevel 1[0m checking '/home/tharun/cognipilot/cranium/install/b3rb_nav2/bin'
[0.678s] [34mcolcon.colcon_core.environment[0m [1;30mLevel 1[0m checking '/home/tharun/cognipilot/cranium/install/b3rb_nav2/lib/pkgconfig/b3rb_nav2.pc'
[0.678s] [34mcolcon.colcon_core.environment[0m [1;30mLevel 1[0m checking '/home/tharun/cognipilot/cranium/install/b3rb_nav2/lib/python3.10/site-packages'
[0.678s] [34mcolcon.colcon_core.environment[0m [1;30mLevel 1[0m checking '/home/tharun/cognipilot/cranium/install/b3rb_nav2/bin'
[0.679s] [34mcolcon.colcon_core.shell[0m [1;30mINFO[0m Creating package script '/home/tharun/cognipilot/cranium/install/b3rb_nav2/share/b3rb_nav2/package.ps1'
[0.679s] [34mcolcon.colcon_core.shell[0m [1;30mINFO[0m Creating package descriptor '/home/tharun/cognipilot/cranium/install/b3rb_nav2/share/b3rb_nav2/package.dsv'
[0.680s] [34mcolcon.colcon_core.shell[0m [1;30mINFO[0m Creating package script '/home/tharun/cognipilot/cranium/install/b3rb_nav2/share/b3rb_nav2/package.sh'
[0.680s] [34mcolcon.colcon_core.shell[0m [1;30mINFO[0m Creating package script '/home/tharun/cognipilot/cranium/install/b3rb_nav2/share/b3rb_nav2/package.bash'
[0.680s] [34mcolcon.colcon_core.shell[0m [1;30mINFO[0m Creating package script '/home/tharun/cognipilot/cranium/install/b3rb_nav2/share/b3rb_nav2/package.zsh'
[0.680s] [34mcolcon.colcon_core.environment[0m [1;30mLevel 1[0m create_file_with_runtime_dependencies(/home/tharun/cognipilot/cranium/install/b3rb_nav2/share/colcon-core/packages/b3rb_nav2)
[0.681s] [34mcolcon.colcon_core.environment[0m [1;30mLevel 1[0m create_environment_scripts_only(b3rb_nav2)
[0.681s] [34mcolcon.colcon_core.environment[0m [1;30mLevel 1[0m checking '/home/tharun/cognipilot/cranium/install/b3rb_nav2' for CMake module files
[0.681s] [34mcolcon.colcon_core.environment[0m [1;30mLevel 1[0m checking '/home/tharun/cognipilot/cranium/install/b3rb_nav2' for CMake config files
[0.681s] [34mcolcon.colcon_core.shell[0m [1;30mLevel 1[0m create_environment_hook('b3rb_nav2', 'cmake_prefix_path')
[0.682s] [34mcolcon.colcon_core.shell[0m [1;30mINFO[0m Creating environment hook '/home/tharun/cognipilot/cranium/install/b3rb_nav2/share/b3rb_nav2/hook/cmake_prefix_path.ps1'
[0.682s] [34mcolcon.colcon_core.shell[0m [1;30mINFO[0m Creating environment descriptor '/home/tharun/cognipilot/cranium/install/b3rb_nav2/share/b3rb_nav2/hook/cmake_prefix_path.dsv'
[0.682s] [34mcolcon.colcon_core.shell[0m [1;30mINFO[0m Creating environment hook '/home/tharun/cognipilot/cranium/install/b3rb_nav2/share/b3rb_nav2/hook/cmake_prefix_path.sh'
[0.683s] [34mcolcon.colcon_core.environment[0m [1;30mLevel 1[0m checking '/home/tharun/cognipilot/cranium/install/b3rb_nav2/bin'
[0.683s] [34mcolcon.colcon_core.environment[0m [1;30mLevel 1[0m checking '/home/tharun/cognipilot/cranium/install/b3rb_nav2/lib/pkgconfig/b3rb_nav2.pc'
[0.683s] [34mcolcon.colcon_core.environment[0m [1;30mLevel 1[0m checking '/home/tharun/cognipilot/cranium/install/b3rb_nav2/lib/python3.10/site-packages'
[0.683s] [34mcolcon.colcon_core.environment[0m [1;30mLevel 1[0m checking '/home/tharun/cognipilot/cranium/install/b3rb_nav2/bin'
[0.683s] [34mcolcon.colcon_core.shell[0m [1;30mINFO[0m Creating package script '/home/tharun/cognipilot/cranium/install/b3rb_nav2/share/b3rb_nav2/package.ps1'
[0.684s] [34mcolcon.colcon_core.shell[0m [1;30mINFO[0m Creating package descriptor '/home/tharun/cognipilot/cranium/install/b3rb_nav2/share/b3rb_nav2/package.dsv'
[0.684s] [34mcolcon.colcon_core.shell[0m [1;30mINFO[0m Creating package script '/home/tharun/cognipilot/cranium/install/b3rb_nav2/share/b3rb_nav2/package.sh'
[0.684s] [34mcolcon.colcon_core.shell[0m [1;30mINFO[0m Creating package script '/home/tharun/cognipilot/cranium/install/b3rb_nav2/share/b3rb_nav2/package.bash'
[0.684s] [34mcolcon.colcon_core.shell[0m [1;30mINFO[0m Creating package script '/home/tharun/cognipilot/cranium/install/b3rb_nav2/share/b3rb_nav2/package.zsh'
[0.685s] [34mcolcon.colcon_core.environment[0m [1;30mLevel 1[0m create_file_with_runtime_dependencies(/home/tharun/cognipilot/cranium/install/b3rb_nav2/share/colcon-core/packages/b3rb_nav2)
[0.686s] [34mcolcon.colcon_core.event_handler.log_command[0m [1;30mDEBUG[0m [32mInvoked command in '/home/tharun/cognipilot/cranium/build/synapse_tinyframe' returned '0': CMAKE_PREFIX_PATH=${CMAKE_PREFIX_PATH}:/home/tharun/cognipilot/cranium/install/b3rb_ros_line_follower:/opt/ros/humble /usr/bin/cmake --build /home/tharun/cognipilot/cranium/build/synapse_tinyframe -- -j12 -l12[0m
[0.688s] [34mcolcon.colcon_core.event_handler.log_command[0m [1;30mDEBUG[0m [32mInvoking command in '/home/tharun/cognipilot/cranium/build/synapse_tinyframe': CMAKE_PREFIX_PATH=${CMAKE_PREFIX_PATH}:/home/tharun/cognipilot/cranium/install/b3rb_ros_line_follower:/opt/ros/humble /usr/bin/cmake --install /home/tharun/cognipilot/cranium/build/synapse_tinyframe[0m
[0.688s] [34mcolcon.colcon_core.event_handler.log_command[0m [1;30mDEBUG[0m [32mInvoked command in '/home/tharun/cognipilot/cranium/build/b3rb_rviz' returned '0': CMAKE_PREFIX_PATH=${CMAKE_PREFIX_PATH}:/home/tharun/cognipilot/cranium/install/b3rb_ros_line_follower:/opt/ros/humble /usr/bin/cmake --build /home/tharun/cognipilot/cranium/build/b3rb_rviz -- -j12 -l12[0m
[0.690s] [34mcolcon.colcon_core.event_handler.log_command[0m [1;30mDEBUG[0m [32mInvoking command in '/home/tharun/cognipilot/cranium/build/b3rb_rviz': CMAKE_PREFIX_PATH=${CMAKE_PREFIX_PATH}:/home/tharun/cognipilot/cranium/install/b3rb_ros_line_follower:/opt/ros/humble /usr/bin/cmake --install /home/tharun/cognipilot/cranium/build/b3rb_rviz[0m
[0.696s] [34mcolcon.colcon_core.event_handler.log_command[0m [1;30mDEBUG[0m [32mInvoked command in '/home/tharun/cognipilot/cranium/build/b3rb_description' returned '0': CMAKE_PREFIX_PATH=${CMAKE_PREFIX_PATH}:/home/tharun/cognipilot/cranium/install/b3rb_ros_line_follower:/opt/ros/humble /usr/bin/cmake --build /home/tharun/cognipilot/cranium/build/b3rb_description -- -j12 -l12[0m
[0.697s] [34mcolcon.colcon_core.event_handler.log_command[0m [1;30mDEBUG[0m [32mInvoking command in '/home/tharun/cognipilot/cranium/build/b3rb_description': CMAKE_PREFIX_PATH=${CMAKE_PREFIX_PATH}:/home/tharun/cognipilot/cranium/install/b3rb_ros_line_follower:/opt/ros/humble /usr/bin/cmake --install /home/tharun/cognipilot/cranium/build/b3rb_description[0m
[0.697s] [34mcolcon.colcon_core.environment[0m [1;30mLevel 1[0m create_environment_scripts_only(b3rb_gz_resource)
[0.698s] [34mcolcon.colcon_core.environment[0m [1;30mLevel 1[0m checking '/home/tharun/cognipilot/cranium/install/b3rb_gz_resource' for CMake module files
[0.698s] [34mcolcon.colcon_core.event_handler.log_command[0m [1;30mDEBUG[0m [32mInvoked command in '/home/tharun/cognipilot/cranium/build/b3rb_gz_resource' returned '0': CMAKE_PREFIX_PATH=${CMAKE_PREFIX_PATH}:/home/tharun/cognipilot/cranium/install/b3rb_ros_line_follower:/opt/ros/humble /usr/bin/cmake --install /home/tharun/cognipilot/cranium/build/b3rb_gz_resource[0m
[0.700s] [34mcolcon.colcon_core.environment[0m [1;30mLevel 1[0m checking '/home/tharun/cognipilot/cranium/install/b3rb_gz_resource' for CMake config files
[0.700s] [34mcolcon.colcon_core.shell[0m [1;30mLevel 1[0m create_environment_hook('b3rb_gz_resource', 'cmake_prefix_path')
[0.700s] [34mcolcon.colcon_core.shell[0m [1;30mINFO[0m Creating environment hook '/home/tharun/cognipilot/cranium/install/b3rb_gz_resource/share/b3rb_gz_resource/hook/cmake_prefix_path.ps1'
[0.701s] [34mcolcon.colcon_core.shell[0m [1;30mINFO[0m Creating environment descriptor '/home/tharun/cognipilot/cranium/install/b3rb_gz_resource/share/b3rb_gz_resource/hook/cmake_prefix_path.dsv'
[0.701s] [34mcolcon.colcon_core.shell[0m [1;30mINFO[0m Creating environment hook '/home/tharun/cognipilot/cranium/install/b3rb_gz_resource/share/b3rb_gz_resource/hook/cmake_prefix_path.sh'
[0.702s] [34mcolcon.colcon_core.environment[0m [1;30mLevel 1[0m checking '/home/tharun/cognipilot/cranium/install/b3rb_gz_resource/bin'
[0.702s] [34mcolcon.colcon_core.environment[0m [1;30mLevel 1[0m checking '/home/tharun/cognipilot/cranium/install/b3rb_gz_resource/lib/pkgconfig/b3rb_gz_resource.pc'
[0.702s] [34mcolcon.colcon_core.environment[0m [1;30mLevel 1[0m checking '/home/tharun/cognipilot/cranium/install/b3rb_gz_resource/lib/python3.10/site-packages'
[0.702s] [34mcolcon.colcon_core.environment[0m [1;30mLevel 1[0m checking '/home/tharun/cognipilot/cranium/install/b3rb_gz_resource/bin'
[0.703s] [34mcolcon.colcon_core.shell[0m [1;30mINFO[0m Creating package script '/home/tharun/cognipilot/cranium/install/b3rb_gz_resource/share/b3rb_gz_resource/package.ps1'
[0.703s] [34mcolcon.colcon_core.shell[0m [1;30mINFO[0m Creating package descriptor '/home/tharun/cognipilot/cranium/install/b3rb_gz_resource/share/b3rb_gz_resource/package.dsv'
[0.705s] [34mcolcon.colcon_core.shell[0m [1;30mINFO[0m Creating package script '/home/tharun/cognipilot/cranium/install/b3rb_gz_resource/share/b3rb_gz_resource/package.sh'
[0.706s] [34mcolcon.colcon_core.shell[0m [1;30mINFO[0m Creating package script '/home/tharun/cognipilot/cranium/install/b3rb_gz_resource/share/b3rb_gz_resource/package.bash'
[0.707s] [34mcolcon.colcon_core.shell[0m [1;30mINFO[0m Creating package script '/home/tharun/cognipilot/cranium/install/b3rb_gz_resource/share/b3rb_gz_resource/package.zsh'
[0.708s] [34mcolcon.colcon_core.environment[0m [1;30mLevel 1[0m create_file_with_runtime_dependencies(/home/tharun/cognipilot/cranium/install/b3rb_gz_resource/share/colcon-core/packages/b3rb_gz_resource)
[0.709s] [34mcolcon.colcon_core.environment[0m [1;30mLevel 1[0m create_environment_scripts_only(b3rb_gz_resource)
[0.710s] [34mcolcon.colcon_core.environment[0m [1;30mLevel 1[0m checking '/home/tharun/cognipilot/cranium/install/b3rb_gz_resource' for CMake module files
[0.711s] [34mcolcon.colcon_core.environment[0m [1;30mLevel 1[0m checking '/home/tharun/cognipilot/cranium/install/b3rb_gz_resource' for CMake config files
[0.711s] [34mcolcon.colcon_core.shell[0m [1;30mLevel 1[0m create_environment_hook('b3rb_gz_resource', 'cmake_prefix_path')
[0.712s] [34mcolcon.colcon_core.shell[0m [1;30mINFO[0m Creating environment hook '/home/tharun/cognipilot/cranium/install/b3rb_gz_resource/share/b3rb_gz_resource/hook/cmake_prefix_path.ps1'
[0.713s] [34mcolcon.colcon_core.shell[0m [1;30mINFO[0m Creating environment descriptor '/home/tharun/cognipilot/cranium/install/b3rb_gz_resource/share/b3rb_gz_resource/hook/cmake_prefix_path.dsv'
[0.714s] [34mcolcon.colcon_core.shell[0m [1;30mINFO[0m Creating environment hook '/home/tharun/cognipilot/cranium/install/b3rb_gz_resource/share/b3rb_gz_resource/hook/cmake_prefix_path.sh'
[0.714s] [34mcolcon.colcon_core.environment[0m [1;30mLevel 1[0m checking '/home/tharun/cognipilot/cranium/install/b3rb_gz_resource/bin'
[0.714s] [34mcolcon.colcon_core.environment[0m [1;30mLevel 1[0m checking '/home/tharun/cognipilot/cranium/install/b3rb_gz_resource/lib/pkgconfig/b3rb_gz_resource.pc'
[0.714s] [34mcolcon.colcon_core.environment[0m [1;30mLevel 1[0m checking '/home/tharun/cognipilot/cranium/install/b3rb_gz_resource/lib/python3.10/site-packages'
[0.715s] [34mcolcon.colcon_core.environment[0m [1;30mLevel 1[0m checking '/home/tharun/cognipilot/cranium/install/b3rb_gz_resource/bin'
[0.715s] [34mcolcon.colcon_core.shell[0m [1;30mINFO[0m Creating package script '/home/tharun/cognipilot/cranium/install/b3rb_gz_resource/share/b3rb_gz_resource/package.ps1'
[0.715s] [34mcolcon.colcon_core.shell[0m [1;30mINFO[0m Creating package descriptor '/home/tharun/cognipilot/cranium/install/b3rb_gz_resource/share/b3rb_gz_resource/package.dsv'
[0.716s] [34mcolcon.colcon_core.shell[0m [1;30mINFO[0m Creating package script '/home/tharun/cognipilot/cranium/install/b3rb_gz_resource/share/b3rb_gz_resource/package.sh'
[0.716s] [34mcolcon.colcon_core.shell[0m [1;30mINFO[0m Creating package script '/home/tharun/cognipilot/cranium/install/b3rb_gz_resource/share/b3rb_gz_resource/package.bash'
[0.716s] [34mcolcon.colcon_core.shell[0m [1;30mINFO[0m Creating package script '/home/tharun/cognipilot/cranium/install/b3rb_gz_resource/share/b3rb_gz_resource/package.zsh'
[0.716s] [34mcolcon.colcon_core.environment[0m [1;30mLevel 1[0m create_file_with_runtime_dependencies(/home/tharun/cognipilot/cranium/install/b3rb_gz_resource/share/colcon-core/packages/b3rb_gz_resource)
[0.717s] [34mcolcon.colcon_ros.task.ament_cmake.build[0m [1;30mINFO[0m Building ROS package in '/home/tharun/cognipilot/cranium/src/b3rb_simulator/b3rb_simulator' with build type 'ament_cmake'
[0.717s] [34mcolcon.colcon_cmake.task.cmake.build[0m [1;30mINFO[0m Building CMake package in '/home/tharun/cognipilot/cranium/src/b3rb_simulator/b3rb_simulator'
[0.717s] [34mcolcon.colcon_core.shell[0m [1;30mINFO[0m Skip shell extension 'powershell' for command environment: Not usable outside of PowerShell
[0.717s] [34mcolcon.colcon_core.shell[0m [1;30mDEBUG[0m [32mSkip shell extension 'dsv' for command environment[0m
[0.722s] [34mcolcon.colcon_core.event_handler.log_command[0m [1;30mDEBUG[0m [32mInvoked command in '/home/tharun/cognipilot/cranium/build/dream_world' returned '0': CMAKE_PREFIX_PATH=${CMAKE_PREFIX_PATH}:/home/tharun/cognipilot/cranium/install/b3rb_ros_line_follower:/opt/ros/humble /usr/bin/cmake --build /home/tharun/cognipilot/cranium/build/dream_world -- -j12 -l12[0m
[0.724s] [34mcolcon.colcon_core.environment[0m [1;30mLevel 1[0m create_environment_scripts_only(synapse_tinyframe)
[0.724s] [34mcolcon.colcon_core.event_handler.log_command[0m [1;30mDEBUG[0m [32mInvoking command in '/home/tharun/cognipilot/cranium/build/dream_world': CMAKE_PREFIX_PATH=${CMAKE_PREFIX_PATH}:/home/tharun/cognipilot/cranium/install/b3rb_ros_line_follower:/opt/ros/humble /usr/bin/cmake --install /home/tharun/cognipilot/cranium/build/dream_world[0m
[0.724s] [34mcolcon.colcon_core.environment[0m [1;30mLevel 1[0m checking '/home/tharun/cognipilot/cranium/install/synapse_tinyframe' for CMake module files
[0.725s] [34mcolcon.colcon_core.event_handler.log_command[0m [1;30mDEBUG[0m [32mInvoked command in '/home/tharun/cognipilot/cranium/build/synapse_tinyframe' returned '0': CMAKE_PREFIX_PATH=${CMAKE_PREFIX_PATH}:/home/tharun/cognipilot/cranium/install/b3rb_ros_line_follower:/opt/ros/humble /usr/bin/cmake --install /home/tharun/cognipilot/cranium/build/synapse_tinyframe[0m
[0.725s] [34mcolcon.colcon_core.environment[0m [1;30mLevel 1[0m checking '/home/tharun/cognipilot/cranium/install/synapse_tinyframe' for CMake config files
[0.726s] [34mcolcon.colcon_core.shell[0m [1;30mLevel 1[0m create_environment_hook('synapse_tinyframe', 'cmake_prefix_path')
[0.726s] [34mcolcon.colcon_core.shell[0m [1;30mINFO[0m Creating environment hook '/home/tharun/cognipilot/cranium/install/synapse_tinyframe/share/synapse_tinyframe/hook/cmake_prefix_path.ps1'
[0.727s] [34mcolcon.colcon_core.shell[0m [1;30mINFO[0m Creating environment descriptor '/home/tharun/cognipilot/cranium/install/synapse_tinyframe/share/synapse_tinyframe/hook/cmake_prefix_path.dsv'
[0.727s] [34mcolcon.colcon_core.shell[0m [1;30mINFO[0m Creating environment hook '/home/tharun/cognipilot/cranium/install/synapse_tinyframe/share/synapse_tinyframe/hook/cmake_prefix_path.sh'
[0.728s] [34mcolcon.colcon_core.environment[0m [1;30mLevel 1[0m checking '/home/tharun/cognipilot/cranium/install/synapse_tinyframe/lib'
[0.728s] [34mcolcon.colcon_core.environment[0m [1;30mLevel 1[0m checking '/home/tharun/cognipilot/cranium/install/synapse_tinyframe/bin'
[0.729s] [34mcolcon.colcon_core.environment[0m [1;30mLevel 1[0m checking '/home/tharun/cognipilot/cranium/install/synapse_tinyframe/lib/pkgconfig/synapse_tinyframe.pc'
[0.729s] [34mcolcon.colcon_core.environment[0m [1;30mLevel 1[0m checking '/home/tharun/cognipilot/cranium/install/synapse_tinyframe/lib/python3.10/site-packages'
[0.729s] [34mcolcon.colcon_core.environment[0m [1;30mLevel 1[0m checking '/home/tharun/cognipilot/cranium/install/synapse_tinyframe/bin'
[0.730s] [34mcolcon.colcon_core.shell[0m [1;30mINFO[0m Creating package script '/home/tharun/cognipilot/cranium/install/synapse_tinyframe/share/synapse_tinyframe/package.ps1'
[0.731s] [34mcolcon.colcon_core.shell[0m [1;30mINFO[0m Creating package descriptor '/home/tharun/cognipilot/cranium/install/synapse_tinyframe/share/synapse_tinyframe/package.dsv'
[0.731s] [34mcolcon.colcon_core.shell[0m [1;30mINFO[0m Creating package script '/home/tharun/cognipilot/cranium/install/synapse_tinyframe/share/synapse_tinyframe/package.sh'
[0.732s] [34mcolcon.colcon_core.shell[0m [1;30mINFO[0m Creating package script '/home/tharun/cognipilot/cranium/install/synapse_tinyframe/share/synapse_tinyframe/package.bash'
[0.732s] [34mcolcon.colcon_core.shell[0m [1;30mINFO[0m Creating package script '/home/tharun/cognipilot/cranium/install/synapse_tinyframe/share/synapse_tinyframe/package.zsh'
[0.733s] [34mcolcon.colcon_core.environment[0m [1;30mLevel 1[0m create_file_with_runtime_dependencies(/home/tharun/cognipilot/cranium/install/synapse_tinyframe/share/colcon-core/packages/synapse_tinyframe)
[0.733s] [34mcolcon.colcon_core.environment[0m [1;30mLevel 1[0m create_environment_scripts_only(synapse_tinyframe)
[0.734s] [34mcolcon.colcon_core.environment[0m [1;30mLevel 1[0m checking '/home/tharun/cognipilot/cranium/install/synapse_tinyframe' for CMake module files
[0.734s] [34mcolcon.colcon_core.environment[0m [1;30mLevel 1[0m checking '/home/tharun/cognipilot/cranium/install/synapse_tinyframe' for CMake config files
[0.735s] [34mcolcon.colcon_core.shell[0m [1;30mLevel 1[0m create_environment_hook('synapse_tinyframe', 'cmake_prefix_path')
[0.735s] [34mcolcon.colcon_core.shell[0m [1;30mINFO[0m Creating environment hook '/home/tharun/cognipilot/cranium/install/synapse_tinyframe/share/synapse_tinyframe/hook/cmake_prefix_path.ps1'
[0.735s] [34mcolcon.colcon_core.shell[0m [1;30mINFO[0m Creating environment descriptor '/home/tharun/cognipilot/cranium/install/synapse_tinyframe/share/synapse_tinyframe/hook/cmake_prefix_path.dsv'
[0.736s] [34mcolcon.colcon_core.shell[0m [1;30mINFO[0m Creating environment hook '/home/tharun/cognipilot/cranium/install/synapse_tinyframe/share/synapse_tinyframe/hook/cmake_prefix_path.sh'
[0.737s] [34mcolcon.colcon_core.environment[0m [1;30mLevel 1[0m checking '/home/tharun/cognipilot/cranium/install/synapse_tinyframe/lib'
[0.737s] [34mcolcon.colcon_core.environment[0m [1;30mLevel 1[0m checking '/home/tharun/cognipilot/cranium/install/synapse_tinyframe/bin'
[0.737s] [34mcolcon.colcon_core.environment[0m [1;30mLevel 1[0m checking '/home/tharun/cognipilot/cranium/install/synapse_tinyframe/lib/pkgconfig/synapse_tinyframe.pc'
[0.737s] [34mcolcon.colcon_core.environment[0m [1;30mLevel 1[0m checking '/home/tharun/cognipilot/cranium/install/synapse_tinyframe/lib/python3.10/site-packages'
[0.738s] [34mcolcon.colcon_core.environment[0m [1;30mLevel 1[0m checking '/home/tharun/cognipilot/cranium/install/synapse_tinyframe/bin'
[0.738s] [34mcolcon.colcon_core.shell[0m [1;30mINFO[0m Creating package script '/home/tharun/cognipilot/cranium/install/synapse_tinyframe/share/synapse_tinyframe/package.ps1'
[0.739s] [34mcolcon.colcon_core.shell[0m [1;30mINFO[0m Creating package descriptor '/home/tharun/cognipilot/cranium/install/synapse_tinyframe/share/synapse_tinyframe/package.dsv'
[0.740s] [34mcolcon.colcon_core.shell[0m [1;30mINFO[0m Creating package script '/home/tharun/cognipilot/cranium/install/synapse_tinyframe/share/synapse_tinyframe/package.sh'
[0.741s] [34mcolcon.colcon_core.shell[0m [1;30mINFO[0m Creating package script '/home/tharun/cognipilot/cranium/install/synapse_tinyframe/share/synapse_tinyframe/package.bash'
[0.741s] [34mcolcon.colcon_core.shell[0m [1;30mINFO[0m Creating package script '/home/tharun/cognipilot/cranium/install/synapse_tinyframe/share/synapse_tinyframe/package.zsh'
[0.742s] [34mcolcon.colcon_core.environment[0m [1;30mLevel 1[0m create_file_with_runtime_dependencies(/home/tharun/cognipilot/cranium/install/synapse_tinyframe/share/colcon-core/packages/synapse_tinyframe)
[0.742s] [34mcolcon.colcon_core.environment[0m [1;30mLevel 1[0m create_environment_scripts_only(b3rb_rviz)
[0.742s] [34mcolcon.colcon_core.environment[0m [1;30mLevel 1[0m checking '/home/tharun/cognipilot/cranium/install/b3rb_rviz' for CMake module files
[0.743s] [34mcolcon.colcon_core.environment[0m [1;30mLevel 1[0m checking '/home/tharun/cognipilot/cranium/install/b3rb_rviz' for CMake config files
[0.744s] [34mcolcon.colcon_core.event_handler.log_command[0m [1;30mDEBUG[0m [32mInvoked command in '/home/tharun/cognipilot/cranium/build/b3rb_rviz' returned '0': CMAKE_PREFIX_PATH=${CMAKE_PREFIX_PATH}:/home/tharun/cognipilot/cranium/install/b3rb_ros_line_follower:/opt/ros/humble /usr/bin/cmake --install /home/tharun/cognipilot/cranium/build/b3rb_rviz[0m
[0.744s] [34mcolcon.colcon_core.shell[0m [1;30mLevel 1[0m create_environment_hook('b3rb_rviz', 'cmake_prefix_path')
[0.745s] [34mcolcon.colcon_core.shell[0m [1;30mINFO[0m Creating environment hook '/home/tharun/cognipilot/cranium/install/b3rb_rviz/share/b3rb_rviz/hook/cmake_prefix_path.ps1'
[0.745s] [34mcolcon.colcon_core.shell[0m [1;30mINFO[0m Creating environment descriptor '/home/tharun/cognipilot/cranium/install/b3rb_rviz/share/b3rb_rviz/hook/cmake_prefix_path.dsv'
[0.746s] [34mcolcon.colcon_core.shell[0m [1;30mINFO[0m Creating environment hook '/home/tharun/cognipilot/cranium/install/b3rb_rviz/share/b3rb_rviz/hook/cmake_prefix_path.sh'
[0.746s] [34mcolcon.colcon_core.environment[0m [1;30mLevel 1[0m checking '/home/tharun/cognipilot/cranium/install/b3rb_rviz/bin'
[0.747s] [34mcolcon.colcon_core.environment[0m [1;30mLevel 1[0m checking '/home/tharun/cognipilot/cranium/install/b3rb_rviz/lib/pkgconfig/b3rb_rviz.pc'
[0.747s] [34mcolcon.colcon_core.environment[0m [1;30mLevel 1[0m checking '/home/tharun/cognipilot/cranium/install/b3rb_rviz/lib/python3.10/site-packages'
[0.747s] [34mcolcon.colcon_core.environment[0m [1;30mLevel 1[0m checking '/home/tharun/cognipilot/cranium/install/b3rb_rviz/bin'
[0.748s] [34mcolcon.colcon_core.shell[0m [1;30mINFO[0m Creating package script '/home/tharun/cognipilot/cranium/install/b3rb_rviz/share/b3rb_rviz/package.ps1'
[0.749s] [34mcolcon.colcon_core.shell[0m [1;30mINFO[0m Creating package descriptor '/home/tharun/cognipilot/cranium/install/b3rb_rviz/share/b3rb_rviz/package.dsv'
[0.749s] [34mcolcon.colcon_core.shell[0m [1;30mINFO[0m Creating package script '/home/tharun/cognipilot/cranium/install/b3rb_rviz/share/b3rb_rviz/package.sh'
[0.750s] [34mcolcon.colcon_core.shell[0m [1;30mINFO[0m Creating package script '/home/tharun/cognipilot/cranium/install/b3rb_rviz/share/b3rb_rviz/package.bash'
[0.750s] [34mcolcon.colcon_core.shell[0m [1;30mINFO[0m Creating package script '/home/tharun/cognipilot/cranium/install/b3rb_rviz/share/b3rb_rviz/package.zsh'
[0.751s] [34mcolcon.colcon_core.environment[0m [1;30mLevel 1[0m create_file_with_runtime_dependencies(/home/tharun/cognipilot/cranium/install/b3rb_rviz/share/colcon-core/packages/b3rb_rviz)
[0.751s] [34mcolcon.colcon_core.environment[0m [1;30mLevel 1[0m create_environment_scripts_only(b3rb_rviz)
[0.752s] [34mcolcon.colcon_core.environment[0m [1;30mLevel 1[0m checking '/home/tharun/cognipilot/cranium/install/b3rb_rviz' for CMake module files
[0.752s] [34mcolcon.colcon_core.environment[0m [1;30mLevel 1[0m checking '/home/tharun/cognipilot/cranium/install/b3rb_rviz' for CMake config files
[0.753s] [34mcolcon.colcon_core.shell[0m [1;30mLevel 1[0m create_environment_hook('b3rb_rviz', 'cmake_prefix_path')
[0.753s] [34mcolcon.colcon_core.shell[0m [1;30mINFO[0m Creating environment hook '/home/tharun/cognipilot/cranium/install/b3rb_rviz/share/b3rb_rviz/hook/cmake_prefix_path.ps1'
[0.754s] [34mcolcon.colcon_core.shell[0m [1;30mINFO[0m Creating environment descriptor '/home/tharun/cognipilot/cranium/install/b3rb_rviz/share/b3rb_rviz/hook/cmake_prefix_path.dsv'
[0.754s] [34mcolcon.colcon_core.shell[0m [1;30mINFO[0m Creating environment hook '/home/tharun/cognipilot/cranium/install/b3rb_rviz/share/b3rb_rviz/hook/cmake_prefix_path.sh'
[0.755s] [34mcolcon.colcon_core.environment[0m [1;30mLevel 1[0m checking '/home/tharun/cognipilot/cranium/install/b3rb_rviz/bin'
[0.755s] [34mcolcon.colcon_core.environment[0m [1;30mLevel 1[0m checking '/home/tharun/cognipilot/cranium/install/b3rb_rviz/lib/pkgconfig/b3rb_rviz.pc'
[0.755s] [34mcolcon.colcon_core.environment[0m [1;30mLevel 1[0m checking '/home/tharun/cognipilot/cranium/install/b3rb_rviz/lib/python3.10/site-packages'
[0.756s] [34mcolcon.colcon_core.environment[0m [1;30mLevel 1[0m checking '/home/tharun/cognipilot/cranium/install/b3rb_rviz/bin'
[0.756s] [34mcolcon.colcon_core.shell[0m [1;30mINFO[0m Creating package script '/home/tharun/cognipilot/cranium/install/b3rb_rviz/share/b3rb_rviz/package.ps1'
[0.757s] [34mcolcon.colcon_core.shell[0m [1;30mINFO[0m Creating package descriptor '/home/tharun/cognipilot/cranium/install/b3rb_rviz/share/b3rb_rviz/package.dsv'
[0.757s] [34mcolcon.colcon_core.shell[0m [1;30mINFO[0m Creating package script '/home/tharun/cognipilot/cranium/install/b3rb_rviz/share/b3rb_rviz/package.sh'
[0.758s] [34mcolcon.colcon_core.shell[0m [1;30mINFO[0m Creating package script '/home/tharun/cognipilot/cranium/install/b3rb_rviz/share/b3rb_rviz/package.bash'
[0.758s] [34mcolcon.colcon_core.shell[0m [1;30mINFO[0m Creating package script '/home/tharun/cognipilot/cranium/install/b3rb_rviz/share/b3rb_rviz/package.zsh'
[0.758s] [34mcolcon.colcon_core.environment[0m [1;30mLevel 1[0m create_file_with_runtime_dependencies(/home/tharun/cognipilot/cranium/install/b3rb_rviz/share/colcon-core/packages/b3rb_rviz)
[0.759s] [34mcolcon.colcon_ros.task.ament_cmake.build[0m [1;30mINFO[0m Building ROS package in '/home/tharun/cognipilot/cranium/src/b3rb_desktop/b3rb_desktop' with build type 'ament_cmake'
[0.759s] [34mcolcon.colcon_cmake.task.cmake.build[0m [1;30mINFO[0m Building CMake package in '/home/tharun/cognipilot/cranium/src/b3rb_desktop/b3rb_desktop'
[0.759s] [34mcolcon.colcon_core.shell[0m [1;30mINFO[0m Skip shell extension 'powershell' for command environment: Not usable outside of PowerShell
[0.760s] [34mcolcon.colcon_core.shell[0m [1;30mDEBUG[0m [32mSkip shell extension 'dsv' for command environment[0m
[0.782s] [34mcolcon.colcon_core.environment[0m [1;30mLevel 1[0m create_environment_scripts_only(b3rb_description)
[0.782s] [34mcolcon.colcon_core.environment[0m [1;30mLevel 1[0m checking '/home/tharun/cognipilot/cranium/install/b3rb_description' for CMake module files
[0.785s] [34mcolcon.colcon_core.event_handler.log_command[0m [1;30mDEBUG[0m [32mInvoked command in '/home/tharun/cognipilot/cranium/build/b3rb_description' returned '0': CMAKE_PREFIX_PATH=${CMAKE_PREFIX_PATH}:/home/tharun/cognipilot/cranium/install/b3rb_ros_line_follower:/opt/ros/humble /usr/bin/cmake --install /home/tharun/cognipilot/cranium/build/b3rb_description[0m
[0.785s] [34mcolcon.colcon_core.environment[0m [1;30mLevel 1[0m checking '/home/tharun/cognipilot/cranium/install/b3rb_description' for CMake config files
[0.785s] [34mcolcon.colcon_core.shell[0m [1;30mLevel 1[0m create_environment_hook('b3rb_description', 'cmake_prefix_path')
[0.786s] [34mcolcon.colcon_core.shell[0m [1;30mINFO[0m Creating environment hook '/home/tharun/cognipilot/cranium/install/b3rb_description/share/b3rb_description/hook/cmake_prefix_path.ps1'
[0.786s] [34mcolcon.colcon_core.shell[0m [1;30mINFO[0m Creating environment descriptor '/home/tharun/cognipilot/cranium/install/b3rb_description/share/b3rb_description/hook/cmake_prefix_path.dsv'
[0.787s] [34mcolcon.colcon_core.shell[0m [1;30mINFO[0m Creating environment hook '/home/tharun/cognipilot/cranium/install/b3rb_description/share/b3rb_description/hook/cmake_prefix_path.sh'
[0.787s] [34mcolcon.colcon_core.environment[0m [1;30mLevel 1[0m checking '/home/tharun/cognipilot/cranium/install/b3rb_description/bin'
[0.787s] [34mcolcon.colcon_core.environment[0m [1;30mLevel 1[0m checking '/home/tharun/cognipilot/cranium/install/b3rb_description/lib/pkgconfig/b3rb_description.pc'
[0.787s] [34mcolcon.colcon_core.environment[0m [1;30mLevel 1[0m checking '/home/tharun/cognipilot/cranium/install/b3rb_description/lib/python3.10/site-packages'
[0.788s] [34mcolcon.colcon_core.environment[0m [1;30mLevel 1[0m checking '/home/tharun/cognipilot/cranium/install/b3rb_description/bin'
[0.788s] [34mcolcon.colcon_core.shell[0m [1;30mINFO[0m Creating package script '/home/tharun/cognipilot/cranium/install/b3rb_description/share/b3rb_description/package.ps1'
[0.789s] [34mcolcon.colcon_core.shell[0m [1;30mINFO[0m Creating package descriptor '/home/tharun/cognipilot/cranium/install/b3rb_description/share/b3rb_description/package.dsv'
[0.789s] [34mcolcon.colcon_core.shell[0m [1;30mINFO[0m Creating package script '/home/tharun/cognipilot/cranium/install/b3rb_description/share/b3rb_description/package.sh'
[0.789s] [34mcolcon.colcon_core.shell[0m [1;30mINFO[0m Creating package script '/home/tharun/cognipilot/cranium/install/b3rb_description/share/b3rb_description/package.bash'
[0.790s] [34mcolcon.colcon_core.shell[0m [1;30mINFO[0m Creating package script '/home/tharun/cognipilot/cranium/install/b3rb_description/share/b3rb_description/package.zsh'
[0.790s] [34mcolcon.colcon_core.environment[0m [1;30mLevel 1[0m create_file_with_runtime_dependencies(/home/tharun/cognipilot/cranium/install/b3rb_description/share/colcon-core/packages/b3rb_description)
[0.790s] [34mcolcon.colcon_core.environment[0m [1;30mLevel 1[0m create_environment_scripts_only(b3rb_description)
[0.791s] [34mcolcon.colcon_core.environment[0m [1;30mLevel 1[0m checking '/home/tharun/cognipilot/cranium/install/b3rb_description' for CMake module files
[0.791s] [34mcolcon.colcon_core.environment[0m [1;30mLevel 1[0m checking '/home/tharun/cognipilot/cranium/install/b3rb_description' for CMake config files
[0.791s] [34mcolcon.colcon_core.shell[0m [1;30mLevel 1[0m create_environment_hook('b3rb_description', 'cmake_prefix_path')
[0.792s] [34mcolcon.colcon_core.shell[0m [1;30mINFO[0m Creating environment hook '/home/tharun/cognipilot/cranium/install/b3rb_description/share/b3rb_description/hook/cmake_prefix_path.ps1'
[0.792s] [34mcolcon.colcon_core.shell[0m [1;30mINFO[0m Creating environment descriptor '/home/tharun/cognipilot/cranium/install/b3rb_description/share/b3rb_description/hook/cmake_prefix_path.dsv'
[0.792s] [34mcolcon.colcon_core.shell[0m [1;30mINFO[0m Creating environment hook '/home/tharun/cognipilot/cranium/install/b3rb_description/share/b3rb_description/hook/cmake_prefix_path.sh'
[0.793s] [34mcolcon.colcon_core.environment[0m [1;30mLevel 1[0m checking '/home/tharun/cognipilot/cranium/install/b3rb_description/bin'
[0.793s] [34mcolcon.colcon_core.environment[0m [1;30mLevel 1[0m checking '/home/tharun/cognipilot/cranium/install/b3rb_description/lib/pkgconfig/b3rb_description.pc'
[0.793s] [34mcolcon.colcon_core.environment[0m [1;30mLevel 1[0m checking '/home/tharun/cognipilot/cranium/install/b3rb_description/lib/python3.10/site-packages'
[0.794s] [34mcolcon.colcon_core.environment[0m [1;30mLevel 1[0m checking '/home/tharun/cognipilot/cranium/install/b3rb_description/bin'
[0.794s] [34mcolcon.colcon_core.shell[0m [1;30mINFO[0m Creating package script '/home/tharun/cognipilot/cranium/install/b3rb_description/share/b3rb_description/package.ps1'
[0.794s] [34mcolcon.colcon_core.shell[0m [1;30mINFO[0m Creating package descriptor '/home/tharun/cognipilot/cranium/install/b3rb_description/share/b3rb_description/package.dsv'
[0.795s] [34mcolcon.colcon_core.shell[0m [1;30mINFO[0m Creating package script '/home/tharun/cognipilot/cranium/install/b3rb_description/share/b3rb_description/package.sh'
[0.795s] [34mcolcon.colcon_core.shell[0m [1;30mINFO[0m Creating package script '/home/tharun/cognipilot/cranium/install/b3rb_description/share/b3rb_description/package.bash'
[0.795s] [34mcolcon.colcon_core.shell[0m [1;30mINFO[0m Creating package script '/home/tharun/cognipilot/cranium/install/b3rb_description/share/b3rb_description/package.zsh'
[0.795s] [34mcolcon.colcon_core.environment[0m [1;30mLevel 1[0m create_file_with_runtime_dependencies(/home/tharun/cognipilot/cranium/install/b3rb_description/share/colcon-core/packages/b3rb_description)
[0.800s] [34mcolcon.colcon_core.environment[0m [1;30mLevel 1[0m create_environment_scripts_only(dream_world)
[0.800s] [34mcolcon.colcon_core.environment[0m [1;30mLevel 1[0m checking '/home/tharun/cognipilot/cranium/install/dream_world' for CMake module files
[0.801s] [34mcolcon.colcon_core.event_handler.log_command[0m [1;30mDEBUG[0m [32mInvoking command in '/home/tharun/cognipilot/cranium/build/b3rb_simulator': CMAKE_PREFIX_PATH=/home/tharun/cognipilot/cranium/install/b3rb_gz_resource:/home/tharun/cognipilot/cranium/install/b3rb_gz_bringup:/home/tharun/cognipilot/cranium/install/synapse_ros:/home/tharun/cognipilot/cranium/install/synapse_gz:/home/tharun/cognipilot/cranium/install/synapse_tinyframe:/home/tharun/cognipilot/cranium/install/synapse_protobuf:/home/tharun/cognipilot/cranium/install/corti:/home/tharun/cognipilot/cranium/install/synapse_msgs:/home/tharun/cognipilot/cranium/install/dream_world:/home/tharun/cognipilot/cranium/install/cerebri_bringup:/home/tharun/cognipilot/cranium/install/b3rb_simulator:/home/tharun/cognipilot/cranium/install/b3rb_desktop:/home/tharun/cognipilot/cranium/install/b3rb_rviz:/home/tharun/cognipilot/cranium/install/b3rb_nav2:/home/tharun/cognipilot/cranium/install/b3rb_description:/home/tharun/cognipilot/electrode/install/electrode:/home/tharun/cognipilot/cranium/install/b3rb_ros_line_follower:/opt/ros/humble /usr/bin/cmake /home/tharun/cognipilot/cranium/src/b3rb_simulator/b3rb_simulator -DCMAKE_INSTALL_PREFIX=/home/tharun/cognipilot/cranium/install/b3rb_simulator[0m
[0.801s] [34mcolcon.colcon_core.event_handler.log_command[0m [1;30mDEBUG[0m [32mInvoked command in '/home/tharun/cognipilot/cranium/build/synapse_protobuf' returned '0': CMAKE_PREFIX_PATH=${CMAKE_PREFIX_PATH}:/home/tharun/cognipilot/cranium/install/b3rb_ros_line_follower:/opt/ros/humble /usr/bin/cmake --build /home/tharun/cognipilot/cranium/build/synapse_protobuf -- -j12 -l12[0m
[0.802s] [34mcolcon.colcon_core.event_handler.log_command[0m [1;30mDEBUG[0m [32mInvoking command in '/home/tharun/cognipilot/cranium/build/synapse_protobuf': CMAKE_PREFIX_PATH=${CMAKE_PREFIX_PATH}:/home/tharun/cognipilot/cranium/install/b3rb_ros_line_follower:/opt/ros/humble /usr/bin/cmake --install /home/tharun/cognipilot/cranium/build/synapse_protobuf[0m
[0.802s] [34mcolcon.colcon_core.event_handler.log_command[0m [1;30mDEBUG[0m [32mInvoked command in '/home/tharun/cognipilot/cranium/build/dream_world' returned '0': CMAKE_PREFIX_PATH=${CMAKE_PREFIX_PATH}:/home/tharun/cognipilot/cranium/install/b3rb_ros_line_follower:/opt/ros/humble /usr/bin/cmake --install /home/tharun/cognipilot/cranium/build/dream_world[0m
[0.802s] [34mcolcon.colcon_core.environment[0m [1;30mLevel 1[0m checking '/home/tharun/cognipilot/cranium/install/dream_world' for CMake config files
[0.805s] [34mcolcon.colcon_core.shell[0m [1;30mLevel 1[0m create_environment_hook('dream_world', 'cmake_prefix_path')
[0.805s] [34mcolcon.colcon_core.shell[0m [1;30mINFO[0m Creating environment hook '/home/tharun/cognipilot/cranium/install/dream_world/share/dream_world/hook/cmake_prefix_path.ps1'
[0.805s] [34mcolcon.colcon_core.shell[0m [1;30mINFO[0m Creating environment descriptor '/home/tharun/cognipilot/cranium/install/dream_world/share/dream_world/hook/cmake_prefix_path.dsv'
[0.805s] [34mcolcon.colcon_core.shell[0m [1;30mINFO[0m Creating environment hook '/home/tharun/cognipilot/cranium/install/dream_world/share/dream_world/hook/cmake_prefix_path.sh'
[0.806s] [34mcolcon.colcon_core.environment[0m [1;30mLevel 1[0m checking '/home/tharun/cognipilot/cranium/install/dream_world/lib'
[0.806s] [34mcolcon.colcon_core.environment[0m [1;30mLevel 1[0m checking '/home/tharun/cognipilot/cranium/install/dream_world/bin'
[0.806s] [34mcolcon.colcon_core.environment[0m [1;30mLevel 1[0m checking '/home/tharun/cognipilot/cranium/install/dream_world/lib/pkgconfig/dream_world.pc'
[0.806s] [34mcolcon.colcon_core.environment[0m [1;30mLevel 1[0m checking '/home/tharun/cognipilot/cranium/install/dream_world/lib/python3.10/site-packages'
[0.806s] [34mcolcon.colcon_core.environment[0m [1;30mLevel 1[0m checking '/home/tharun/cognipilot/cranium/install/dream_world/bin'
[0.806s] [34mcolcon.colcon_core.shell[0m [1;30mINFO[0m Creating package script '/home/tharun/cognipilot/cranium/install/dream_world/share/dream_world/package.ps1'
[0.807s] [34mcolcon.colcon_core.shell[0m [1;30mINFO[0m Creating package descriptor '/home/tharun/cognipilot/cranium/install/dream_world/share/dream_world/package.dsv'
[0.807s] [34mcolcon.colcon_core.shell[0m [1;30mINFO[0m Creating package script '/home/tharun/cognipilot/cranium/install/dream_world/share/dream_world/package.sh'
[0.807s] [34mcolcon.colcon_core.shell[0m [1;30mINFO[0m Creating package script '/home/tharun/cognipilot/cranium/install/dream_world/share/dream_world/package.bash'
[0.808s] [34mcolcon.colcon_core.shell[0m [1;30mINFO[0m Creating package script '/home/tharun/cognipilot/cranium/install/dream_world/share/dream_world/package.zsh'
[0.808s] [34mcolcon.colcon_core.environment[0m [1;30mLevel 1[0m create_file_with_runtime_dependencies(/home/tharun/cognipilot/cranium/install/dream_world/share/colcon-core/packages/dream_world)
[0.808s] [34mcolcon.colcon_core.environment[0m [1;30mLevel 1[0m create_environment_scripts_only(dream_world)
[0.808s] [34mcolcon.colcon_core.environment[0m [1;30mLevel 1[0m checking '/home/tharun/cognipilot/cranium/install/dream_world' for CMake module files
[0.808s] [34mcolcon.colcon_core.environment[0m [1;30mLevel 1[0m checking '/home/tharun/cognipilot/cranium/install/dream_world' for CMake config files
[0.811s] [34mcolcon.colcon_core.shell[0m [1;30mLevel 1[0m create_environment_hook('dream_world', 'cmake_prefix_path')
[0.811s] [34mcolcon.colcon_core.shell[0m [1;30mINFO[0m Creating environment hook '/home/tharun/cognipilot/cranium/install/dream_world/share/dream_world/hook/cmake_prefix_path.ps1'
[0.811s] [34mcolcon.colcon_core.shell[0m [1;30mINFO[0m Creating environment descriptor '/home/tharun/cognipilot/cranium/install/dream_world/share/dream_world/hook/cmake_prefix_path.dsv'
[0.811s] [34mcolcon.colcon_core.shell[0m [1;30mINFO[0m Creating environment hook '/home/tharun/cognipilot/cranium/install/dream_world/share/dream_world/hook/cmake_prefix_path.sh'
[0.812s] [34mcolcon.colcon_core.environment[0m [1;30mLevel 1[0m checking '/home/tharun/cognipilot/cranium/install/dream_world/lib'
[0.812s] [34mcolcon.colcon_core.environment[0m [1;30mLevel 1[0m checking '/home/tharun/cognipilot/cranium/install/dream_world/bin'
[0.812s] [34mcolcon.colcon_core.environment[0m [1;30mLevel 1[0m checking '/home/tharun/cognipilot/cranium/install/dream_world/lib/pkgconfig/dream_world.pc'
[0.812s] [34mcolcon.colcon_core.environment[0m [1;30mLevel 1[0m checking '/home/tharun/cognipilot/cranium/install/dream_world/lib/python3.10/site-packages'
[0.812s] [34mcolcon.colcon_core.environment[0m [1;30mLevel 1[0m checking '/home/tharun/cognipilot/cranium/install/dream_world/bin'
[0.812s] [34mcolcon.colcon_core.shell[0m [1;30mINFO[0m Creating package script '/home/tharun/cognipilot/cranium/install/dream_world/share/dream_world/package.ps1'
[0.813s] [34mcolcon.colcon_core.shell[0m [1;30mINFO[0m Creating package descriptor '/home/tharun/cognipilot/cranium/install/dream_world/share/dream_world/package.dsv'
[0.813s] [34mcolcon.colcon_core.shell[0m [1;30mINFO[0m Creating package script '/home/tharun/cognipilot/cranium/install/dream_world/share/dream_world/package.sh'
[0.814s] [34mcolcon.colcon_core.shell[0m [1;30mINFO[0m Creating package script '/home/tharun/cognipilot/cranium/install/dream_world/share/dream_world/package.bash'
[0.814s] [34mcolcon.colcon_core.shell[0m [1;30mINFO[0m Creating package script '/home/tharun/cognipilot/cranium/install/dream_world/share/dream_world/package.zsh'
[0.814s] [34mcolcon.colcon_core.environment[0m [1;30mLevel 1[0m create_file_with_runtime_dependencies(/home/tharun/cognipilot/cranium/install/dream_world/share/colcon-core/packages/dream_world)
[0.821s] [34mcolcon.colcon_core.event_handler.log_command[0m [1;30mDEBUG[0m [32mInvoking command in '/home/tharun/cognipilot/cranium/build/b3rb_desktop': CMAKE_PREFIX_PATH=/home/tharun/cognipilot/cranium/install/b3rb_rviz:/home/tharun/cognipilot/cranium/install/synapse_ros:/home/tharun/cognipilot/cranium/install/synapse_gz:/home/tharun/cognipilot/cranium/install/synapse_tinyframe:/home/tharun/cognipilot/cranium/install/synapse_protobuf:/home/tharun/cognipilot/cranium/install/corti:/home/tharun/cognipilot/cranium/install/synapse_msgs:/home/tharun/cognipilot/cranium/install/dream_world:/home/tharun/cognipilot/cranium/install/cerebri_bringup:/home/tharun/cognipilot/cranium/install/b3rb_simulator:/home/tharun/cognipilot/cranium/install/b3rb_desktop:/home/tharun/cognipilot/cranium/install/b3rb_nav2:/home/tharun/cognipilot/cranium/install/b3rb_gz_resource:/home/tharun/cognipilot/cranium/install/b3rb_gz_bringup:/home/tharun/cognipilot/cranium/install/b3rb_description:/home/tharun/cognipilot/electrode/install/electrode:/home/tharun/cognipilot/cranium/install/b3rb_ros_line_follower:/opt/ros/humble /usr/bin/cmake /home/tharun/cognipilot/cranium/src/b3rb_desktop/b3rb_desktop -DCMAKE_INSTALL_PREFIX=/home/tharun/cognipilot/cranium/install/b3rb_desktop[0m
[0.826s] [34mcolcon.colcon_core.environment[0m [1;30mLevel 1[0m create_environment_scripts_only(synapse_protobuf)
[0.827s] [34mcolcon.colcon_core.environment[0m [1;30mLevel 1[0m checking '/home/tharun/cognipilot/cranium/install/synapse_protobuf' for CMake module files
[0.827s] [34mcolcon.colcon_core.event_handler.log_command[0m [1;30mDEBUG[0m [32mInvoked command in '/home/tharun/cognipilot/cranium/build/synapse_protobuf' returned '0': CMAKE_PREFIX_PATH=${CMAKE_PREFIX_PATH}:/home/tharun/cognipilot/cranium/install/b3rb_ros_line_follower:/opt/ros/humble /usr/bin/cmake --install /home/tharun/cognipilot/cranium/build/synapse_protobuf[0m
[0.828s] [34mcolcon.colcon_core.environment[0m [1;30mLevel 1[0m checking '/home/tharun/cognipilot/cranium/install/synapse_protobuf' for CMake config files
[0.828s] [34mcolcon.colcon_core.shell[0m [1;30mLevel 1[0m create_environment_hook('synapse_protobuf', 'cmake_prefix_path')
[0.828s] [34mcolcon.colcon_core.shell[0m [1;30mINFO[0m Creating environment hook '/home/tharun/cognipilot/cranium/install/synapse_protobuf/share/synapse_protobuf/hook/cmake_prefix_path.ps1'
[0.829s] [34mcolcon.colcon_core.shell[0m [1;30mINFO[0m Creating environment descriptor '/home/tharun/cognipilot/cranium/install/synapse_protobuf/share/synapse_protobuf/hook/cmake_prefix_path.dsv'
[0.830s] [34mcolcon.colcon_core.shell[0m [1;30mINFO[0m Creating environment hook '/home/tharun/cognipilot/cranium/install/synapse_protobuf/share/synapse_protobuf/hook/cmake_prefix_path.sh'
[0.830s] [34mcolcon.colcon_core.environment[0m [1;30mLevel 1[0m checking '/home/tharun/cognipilot/cranium/install/synapse_protobuf/lib'
[0.831s] [34mcolcon.colcon_core.environment[0m [1;30mLevel 1[0m checking '/home/tharun/cognipilot/cranium/install/synapse_protobuf/bin'
[0.831s] [34mcolcon.colcon_core.environment[0m [1;30mLevel 1[0m checking '/home/tharun/cognipilot/cranium/install/synapse_protobuf/lib/pkgconfig/synapse_protobuf.pc'
[0.831s] [34mcolcon.colcon_core.environment[0m [1;30mLevel 1[0m checking '/home/tharun/cognipilot/cranium/install/synapse_protobuf/lib/python3.10/site-packages'
[0.832s] [34mcolcon.colcon_core.environment[0m [1;30mLevel 1[0m checking '/home/tharun/cognipilot/cranium/install/synapse_protobuf/bin'
[0.832s] [34mcolcon.colcon_core.shell[0m [1;30mINFO[0m Creating package script '/home/tharun/cognipilot/cranium/install/synapse_protobuf/share/synapse_protobuf/package.ps1'
[0.833s] [34mcolcon.colcon_core.shell[0m [1;30mINFO[0m Creating package descriptor '/home/tharun/cognipilot/cranium/install/synapse_protobuf/share/synapse_protobuf/package.dsv'
[0.833s] [34mcolcon.colcon_core.shell[0m [1;30mINFO[0m Creating package script '/home/tharun/cognipilot/cranium/install/synapse_protobuf/share/synapse_protobuf/package.sh'
[0.834s] [34mcolcon.colcon_core.shell[0m [1;30mINFO[0m Creating package script '/home/tharun/cognipilot/cranium/install/synapse_protobuf/share/synapse_protobuf/package.bash'
[0.835s] [34mcolcon.colcon_core.shell[0m [1;30mINFO[0m Creating package script '/home/tharun/cognipilot/cranium/install/synapse_protobuf/share/synapse_protobuf/package.zsh'
[0.835s] [34mcolcon.colcon_core.environment[0m [1;30mLevel 1[0m create_file_with_runtime_dependencies(/home/tharun/cognipilot/cranium/install/synapse_protobuf/share/colcon-core/packages/synapse_protobuf)
[0.836s] [34mcolcon.colcon_core.environment[0m [1;30mLevel 1[0m create_environment_scripts_only(synapse_protobuf)
[0.836s] [34mcolcon.colcon_core.environment[0m [1;30mLevel 1[0m checking '/home/tharun/cognipilot/cranium/install/synapse_protobuf' for CMake module files
[0.837s] [34mcolcon.colcon_core.environment[0m [1;30mLevel 1[0m checking '/home/tharun/cognipilot/cranium/install/synapse_protobuf' for CMake config files
[0.837s] [34mcolcon.colcon_core.shell[0m [1;30mLevel 1[0m create_environment_hook('synapse_protobuf', 'cmake_prefix_path')
[0.837s] [34mcolcon.colcon_core.shell[0m [1;30mINFO[0m Creating environment hook '/home/tharun/cognipilot/cranium/install/synapse_protobuf/share/synapse_protobuf/hook/cmake_prefix_path.ps1'
[0.838s] [34mcolcon.colcon_core.shell[0m [1;30mINFO[0m Creating environment descriptor '/home/tharun/cognipilot/cranium/install/synapse_protobuf/share/synapse_protobuf/hook/cmake_prefix_path.dsv'
[0.838s] [34mcolcon.colcon_core.shell[0m [1;30mINFO[0m Creating environment hook '/home/tharun/cognipilot/cranium/install/synapse_protobuf/share/synapse_protobuf/hook/cmake_prefix_path.sh'
[0.839s] [34mcolcon.colcon_core.environment[0m [1;30mLevel 1[0m checking '/home/tharun/cognipilot/cranium/install/synapse_protobuf/lib'
[0.839s] [34mcolcon.colcon_core.environment[0m [1;30mLevel 1[0m checking '/home/tharun/cognipilot/cranium/install/synapse_protobuf/bin'
[0.839s] [34mcolcon.colcon_core.environment[0m [1;30mLevel 1[0m checking '/home/tharun/cognipilot/cranium/install/synapse_protobuf/lib/pkgconfig/synapse_protobuf.pc'
[0.840s] [34mcolcon.colcon_core.environment[0m [1;30mLevel 1[0m checking '/home/tharun/cognipilot/cranium/install/synapse_protobuf/lib/python3.10/site-packages'
[0.840s] [34mcolcon.colcon_core.environment[0m [1;30mLevel 1[0m checking '/home/tharun/cognipilot/cranium/install/synapse_protobuf/bin'
[0.841s] [34mcolcon.colcon_core.shell[0m [1;30mINFO[0m Creating package script '/home/tharun/cognipilot/cranium/install/synapse_protobuf/share/synapse_protobuf/package.ps1'
[0.841s] [34mcolcon.colcon_core.shell[0m [1;30mINFO[0m Creating package descriptor '/home/tharun/cognipilot/cranium/install/synapse_protobuf/share/synapse_protobuf/package.dsv'
[0.842s] [34mcolcon.colcon_core.shell[0m [1;30mINFO[0m Creating package script '/home/tharun/cognipilot/cranium/install/synapse_protobuf/share/synapse_protobuf/package.sh'
[0.843s] [34mcolcon.colcon_core.shell[0m [1;30mINFO[0m Creating package script '/home/tharun/cognipilot/cranium/install/synapse_protobuf/share/synapse_protobuf/package.bash'
[0.843s] [34mcolcon.colcon_core.shell[0m [1;30mINFO[0m Creating package script '/home/tharun/cognipilot/cranium/install/synapse_protobuf/share/synapse_protobuf/package.zsh'
[0.844s] [34mcolcon.colcon_core.environment[0m [1;30mLevel 1[0m create_file_with_runtime_dependencies(/home/tharun/cognipilot/cranium/install/synapse_protobuf/share/colcon-core/packages/synapse_protobuf)
[0.844s] [34mcolcon.colcon_ros.task.ament_cmake.build[0m [1;30mINFO[0m Building ROS package in '/home/tharun/cognipilot/cranium/src/synapse_gz' with build type 'ament_cmake'
[0.845s] [34mcolcon.colcon_cmake.task.cmake.build[0m [1;30mINFO[0m Building CMake package in '/home/tharun/cognipilot/cranium/src/synapse_gz'
[0.845s] [34mcolcon.colcon_core.shell[0m [1;30mINFO[0m Skip shell extension 'powershell' for command environment: Not usable outside of PowerShell
[0.845s] [34mcolcon.colcon_core.shell[0m [1;30mDEBUG[0m [32mSkip shell extension 'dsv' for command environment[0m
[0.862s] [34mcolcon.colcon_core.event_handler.log_command[0m [1;30mDEBUG[0m [32mInvoking command in '/home/tharun/cognipilot/cranium/build/synapse_gz': CMAKE_PREFIX_PATH=/home/tharun/cognipilot/cranium/install/synapse_tinyframe:/home/tharun/cognipilot/cranium/install/synapse_protobuf:/home/tharun/cognipilot/cranium/install/synapse_ros:/home/tharun/cognipilot/cranium/install/synapse_gz:/home/tharun/cognipilot/cranium/install/corti:/home/tharun/cognipilot/cranium/install/synapse_msgs:/home/tharun/cognipilot/cranium/install/dream_world:/home/tharun/cognipilot/cranium/install/cerebri_bringup:/home/tharun/cognipilot/cranium/install/b3rb_simulator:/home/tharun/cognipilot/cranium/install/b3rb_desktop:/home/tharun/cognipilot/cranium/install/b3rb_rviz:/home/tharun/cognipilot/cranium/install/b3rb_nav2:/home/tharun/cognipilot/cranium/install/b3rb_gz_resource:/home/tharun/cognipilot/cranium/install/b3rb_gz_bringup:/home/tharun/cognipilot/cranium/install/b3rb_description:/home/tharun/cognipilot/electrode/install/electrode:/home/tharun/cognipilot/cranium/install/b3rb_ros_line_follower:/opt/ros/humble /usr/bin/cmake /home/tharun/cognipilot/cranium/src/synapse_gz -DCMAKE_INSTALL_PREFIX=/home/tharun/cognipilot/cranium/install/synapse_gz[0m
[0.969s] [34mcolcon.colcon_core.event_handler.log_command[0m [1;30mDEBUG[0m [32mInvoked command in '/home/tharun/cognipilot/cranium/build/b3rb_simulator' returned '0': CMAKE_PREFIX_PATH=/home/tharun/cognipilot/cranium/install/b3rb_gz_resource:/home/tharun/cognipilot/cranium/install/b3rb_gz_bringup:/home/tharun/cognipilot/cranium/install/synapse_ros:/home/tharun/cognipilot/cranium/install/synapse_gz:/home/tharun/cognipilot/cranium/install/synapse_tinyframe:/home/tharun/cognipilot/cranium/install/synapse_protobuf:/home/tharun/cognipilot/cranium/install/corti:/home/tharun/cognipilot/cranium/install/synapse_msgs:/home/tharun/cognipilot/cranium/install/dream_world:/home/tharun/cognipilot/cranium/install/cerebri_bringup:/home/tharun/cognipilot/cranium/install/b3rb_simulator:/home/tharun/cognipilot/cranium/install/b3rb_desktop:/home/tharun/cognipilot/cranium/install/b3rb_rviz:/home/tharun/cognipilot/cranium/install/b3rb_nav2:/home/tharun/cognipilot/cranium/install/b3rb_description:/home/tharun/cognipilot/electrode/install/electrode:/home/tharun/cognipilot/cranium/install/b3rb_ros_line_follower:/opt/ros/humble /usr/bin/cmake /home/tharun/cognipilot/cranium/src/b3rb_simulator/b3rb_simulator -DCMAKE_INSTALL_PREFIX=/home/tharun/cognipilot/cranium/install/b3rb_simulator[0m
[0.970s] [34mcolcon.colcon_core.event_handler.log_command[0m [1;30mDEBUG[0m [32mInvoking command in '/home/tharun/cognipilot/cranium/build/b3rb_simulator': CMAKE_PREFIX_PATH=/home/tharun/cognipilot/cranium/install/b3rb_gz_resource:/home/tharun/cognipilot/cranium/install/b3rb_gz_bringup:/home/tharun/cognipilot/cranium/install/synapse_ros:/home/tharun/cognipilot/cranium/install/synapse_gz:/home/tharun/cognipilot/cranium/install/synapse_tinyframe:/home/tharun/cognipilot/cranium/install/synapse_protobuf:/home/tharun/cognipilot/cranium/install/corti:/home/tharun/cognipilot/cranium/install/synapse_msgs:/home/tharun/cognipilot/cranium/install/dream_world:/home/tharun/cognipilot/cranium/install/cerebri_bringup:/home/tharun/cognipilot/cranium/install/b3rb_simulator:/home/tharun/cognipilot/cranium/install/b3rb_desktop:/home/tharun/cognipilot/cranium/install/b3rb_rviz:/home/tharun/cognipilot/cranium/install/b3rb_nav2:/home/tharun/cognipilot/cranium/install/b3rb_description:/home/tharun/cognipilot/electrode/install/electrode:/home/tharun/cognipilot/cranium/install/b3rb_ros_line_follower:/opt/ros/humble /usr/bin/cmake --build /home/tharun/cognipilot/cranium/build/b3rb_simulator -- -j12 -l12[0m
[0.984s] [34mcolcon.colcon_core.event_handler.log_command[0m [1;30mDEBUG[0m [32mInvoked command in '/home/tharun/cognipilot/cranium/build/b3rb_desktop' returned '0': CMAKE_PREFIX_PATH=/home/tharun/cognipilot/cranium/install/b3rb_rviz:/home/tharun/cognipilot/cranium/install/synapse_ros:/home/tharun/cognipilot/cranium/install/synapse_gz:/home/tharun/cognipilot/cranium/install/synapse_tinyframe:/home/tharun/cognipilot/cranium/install/synapse_protobuf:/home/tharun/cognipilot/cranium/install/corti:/home/tharun/cognipilot/cranium/install/synapse_msgs:/home/tharun/cognipilot/cranium/install/dream_world:/home/tharun/cognipilot/cranium/install/cerebri_bringup:/home/tharun/cognipilot/cranium/install/b3rb_simulator:/home/tharun/cognipilot/cranium/install/b3rb_desktop:/home/tharun/cognipilot/cranium/install/b3rb_nav2:/home/tharun/cognipilot/cranium/install/b3rb_gz_resource:/home/tharun/cognipilot/cranium/install/b3rb_gz_bringup:/home/tharun/cognipilot/cranium/install/b3rb_description:/home/tharun/cognipilot/electrode/install/electrode:/home/tharun/cognipilot/cranium/install/b3rb_ros_line_follower:/opt/ros/humble /usr/bin/cmake /home/tharun/cognipilot/cranium/src/b3rb_desktop/b3rb_desktop -DCMAKE_INSTALL_PREFIX=/home/tharun/cognipilot/cranium/install/b3rb_desktop[0m
[0.985s] [34mcolcon.colcon_core.event_handler.log_command[0m [1;30mDEBUG[0m [32mInvoking command in '/home/tharun/cognipilot/cranium/build/b3rb_desktop': CMAKE_PREFIX_PATH=/home/tharun/cognipilot/cranium/install/b3rb_rviz:/home/tharun/cognipilot/cranium/install/synapse_ros:/home/tharun/cognipilot/cranium/install/synapse_gz:/home/tharun/cognipilot/cranium/install/synapse_tinyframe:/home/tharun/cognipilot/cranium/install/synapse_protobuf:/home/tharun/cognipilot/cranium/install/corti:/home/tharun/cognipilot/cranium/install/synapse_msgs:/home/tharun/cognipilot/cranium/install/dream_world:/home/tharun/cognipilot/cranium/install/cerebri_bringup:/home/tharun/cognipilot/cranium/install/b3rb_simulator:/home/tharun/cognipilot/cranium/install/b3rb_desktop:/home/tharun/cognipilot/cranium/install/b3rb_nav2:/home/tharun/cognipilot/cranium/install/b3rb_gz_resource:/home/tharun/cognipilot/cranium/install/b3rb_gz_bringup:/home/tharun/cognipilot/cranium/install/b3rb_description:/home/tharun/cognipilot/electrode/install/electrode:/home/tharun/cognipilot/cranium/install/b3rb_ros_line_follower:/opt/ros/humble /usr/bin/cmake --build /home/tharun/cognipilot/cranium/build/b3rb_desktop -- -j12 -l12[0m
[1.009s] [34mcolcon.colcon_core.event_handler.log_command[0m [1;30mDEBUG[0m [32mInvoked command in '/home/tharun/cognipilot/cranium/build/b3rb_simulator' returned '0': CMAKE_PREFIX_PATH=/home/tharun/cognipilot/cranium/install/b3rb_gz_resource:/home/tharun/cognipilot/cranium/install/b3rb_gz_bringup:/home/tharun/cognipilot/cranium/install/synapse_ros:/home/tharun/cognipilot/cranium/install/synapse_gz:/home/tharun/cognipilot/cranium/install/synapse_tinyframe:/home/tharun/cognipilot/cranium/install/synapse_protobuf:/home/tharun/cognipilot/cranium/install/corti:/home/tharun/cognipilot/cranium/install/synapse_msgs:/home/tharun/cognipilot/cranium/install/dream_world:/home/tharun/cognipilot/cranium/install/cerebri_bringup:/home/tharun/cognipilot/cranium/install/b3rb_simulator:/home/tharun/cognipilot/cranium/install/b3rb_desktop:/home/tharun/cognipilot/cranium/install/b3rb_rviz:/home/tharun/cognipilot/cranium/install/b3rb_nav2:/home/tharun/cognipilot/cranium/install/b3rb_description:/home/tharun/cognipilot/electrode/install/electrode:/home/tharun/cognipilot/cranium/install/b3rb_ros_line_follower:/opt/ros/humble /usr/bin/cmake --build /home/tharun/cognipilot/cranium/build/b3rb_simulator -- -j12 -l12[0m
[1.011s] [34mcolcon.colcon_core.event_handler.log_command[0m [1;30mDEBUG[0m [32mInvoking command in '/home/tharun/cognipilot/cranium/build/b3rb_simulator': CMAKE_PREFIX_PATH=/home/tharun/cognipilot/cranium/install/b3rb_gz_resource:/home/tharun/cognipilot/cranium/install/b3rb_gz_bringup:/home/tharun/cognipilot/cranium/install/synapse_ros:/home/tharun/cognipilot/cranium/install/synapse_gz:/home/tharun/cognipilot/cranium/install/synapse_tinyframe:/home/tharun/cognipilot/cranium/install/synapse_protobuf:/home/tharun/cognipilot/cranium/install/corti:/home/tharun/cognipilot/cranium/install/synapse_msgs:/home/tharun/cognipilot/cranium/install/dream_world:/home/tharun/cognipilot/cranium/install/cerebri_bringup:/home/tharun/cognipilot/cranium/install/b3rb_simulator:/home/tharun/cognipilot/cranium/install/b3rb_desktop:/home/tharun/cognipilot/cranium/install/b3rb_rviz:/home/tharun/cognipilot/cranium/install/b3rb_nav2:/home/tharun/cognipilot/cranium/install/b3rb_description:/home/tharun/cognipilot/electrode/install/electrode:/home/tharun/cognipilot/cranium/install/b3rb_ros_line_follower:/opt/ros/humble /usr/bin/cmake --install /home/tharun/cognipilot/cranium/build/b3rb_simulator[0m
[1.017s] [34mcolcon.colcon_core.event_handler.log_command[0m [1;30mDEBUG[0m [32mInvoked command in '/home/tharun/cognipilot/cranium/build/b3rb_desktop' returned '0': CMAKE_PREFIX_PATH=/home/tharun/cognipilot/cranium/install/b3rb_rviz:/home/tharun/cognipilot/cranium/install/synapse_ros:/home/tharun/cognipilot/cranium/install/synapse_gz:/home/tharun/cognipilot/cranium/install/synapse_tinyframe:/home/tharun/cognipilot/cranium/install/synapse_protobuf:/home/tharun/cognipilot/cranium/install/corti:/home/tharun/cognipilot/cranium/install/synapse_msgs:/home/tharun/cognipilot/cranium/install/dream_world:/home/tharun/cognipilot/cranium/install/cerebri_bringup:/home/tharun/cognipilot/cranium/install/b3rb_simulator:/home/tharun/cognipilot/cranium/install/b3rb_desktop:/home/tharun/cognipilot/cranium/install/b3rb_nav2:/home/tharun/cognipilot/cranium/install/b3rb_gz_resource:/home/tharun/cognipilot/cranium/install/b3rb_gz_bringup:/home/tharun/cognipilot/cranium/install/b3rb_description:/home/tharun/cognipilot/electrode/install/electrode:/home/tharun/cognipilot/cranium/install/b3rb_ros_line_follower:/opt/ros/humble /usr/bin/cmake --build /home/tharun/cognipilot/cranium/build/b3rb_desktop -- -j12 -l12[0m
[1.018s] [34mcolcon.colcon_core.event_handler.log_command[0m [1;30mDEBUG[0m [32mInvoking command in '/home/tharun/cognipilot/cranium/build/b3rb_desktop': CMAKE_PREFIX_PATH=/home/tharun/cognipilot/cranium/install/b3rb_rviz:/home/tharun/cognipilot/cranium/install/synapse_ros:/home/tharun/cognipilot/cranium/install/synapse_gz:/home/tharun/cognipilot/cranium/install/synapse_tinyframe:/home/tharun/cognipilot/cranium/install/synapse_protobuf:/home/tharun/cognipilot/cranium/install/corti:/home/tharun/cognipilot/cranium/install/synapse_msgs:/home/tharun/cognipilot/cranium/install/dream_world:/home/tharun/cognipilot/cranium/install/cerebri_bringup:/home/tharun/cognipilot/cranium/install/b3rb_simulator:/home/tharun/cognipilot/cranium/install/b3rb_desktop:/home/tharun/cognipilot/cranium/install/b3rb_nav2:/home/tharun/cognipilot/cranium/install/b3rb_gz_resource:/home/tharun/cognipilot/cranium/install/b3rb_gz_bringup:/home/tharun/cognipilot/cranium/install/b3rb_description:/home/tharun/cognipilot/electrode/install/electrode:/home/tharun/cognipilot/cranium/install/b3rb_ros_line_follower:/opt/ros/humble /usr/bin/cmake --install /home/tharun/cognipilot/cranium/build/b3rb_desktop[0m
[1.025s] [34mcolcon.colcon_core.environment[0m [1;30mLevel 1[0m create_environment_scripts_only(b3rb_simulator)
[1.026s] [34mcolcon.colcon_core.environment[0m [1;30mLevel 1[0m checking '/home/tharun/cognipilot/cranium/install/b3rb_simulator' for CMake module files
[1.026s] [34mcolcon.colcon_core.event_handler.log_command[0m [1;30mDEBUG[0m [32mInvoked command in '/home/tharun/cognipilot/cranium/build/b3rb_simulator' returned '0': CMAKE_PREFIX_PATH=/home/tharun/cognipilot/cranium/install/b3rb_gz_resource:/home/tharun/cognipilot/cranium/install/b3rb_gz_bringup:/home/tharun/cognipilot/cranium/install/synapse_ros:/home/tharun/cognipilot/cranium/install/synapse_gz:/home/tharun/cognipilot/cranium/install/synapse_tinyframe:/home/tharun/cognipilot/cranium/install/synapse_protobuf:/home/tharun/cognipilot/cranium/install/corti:/home/tharun/cognipilot/cranium/install/synapse_msgs:/home/tharun/cognipilot/cranium/install/dream_world:/home/tharun/cognipilot/cranium/install/cerebri_bringup:/home/tharun/cognipilot/cranium/install/b3rb_simulator:/home/tharun/cognipilot/cranium/install/b3rb_desktop:/home/tharun/cognipilot/cranium/install/b3rb_rviz:/home/tharun/cognipilot/cranium/install/b3rb_nav2:/home/tharun/cognipilot/cranium/install/b3rb_description:/home/tharun/cognipilot/electrode/install/electrode:/home/tharun/cognipilot/cranium/install/b3rb_ros_line_follower:/opt/ros/humble /usr/bin/cmake --install /home/tharun/cognipilot/cranium/build/b3rb_simulator[0m
[1.027s] [34mcolcon.colcon_core.environment[0m [1;30mLevel 1[0m checking '/home/tharun/cognipilot/cranium/install/b3rb_simulator' for CMake config files
[1.027s] [34mcolcon.colcon_core.shell[0m [1;30mLevel 1[0m create_environment_hook('b3rb_simulator', 'cmake_prefix_path')
[1.028s] [34mcolcon.colcon_core.shell[0m [1;30mINFO[0m Creating environment hook '/home/tharun/cognipilot/cranium/install/b3rb_simulator/share/b3rb_simulator/hook/cmake_prefix_path.ps1'
[1.028s] [34mcolcon.colcon_core.shell[0m [1;30mINFO[0m Creating environment descriptor '/home/tharun/cognipilot/cranium/install/b3rb_simulator/share/b3rb_simulator/hook/cmake_prefix_path.dsv'
[1.029s] [34mcolcon.colcon_core.shell[0m [1;30mINFO[0m Creating environment hook '/home/tharun/cognipilot/cranium/install/b3rb_simulator/share/b3rb_simulator/hook/cmake_prefix_path.sh'
[1.030s] [34mcolcon.colcon_core.environment[0m [1;30mLevel 1[0m checking '/home/tharun/cognipilot/cranium/install/b3rb_simulator/bin'
[1.030s] [34mcolcon.colcon_core.environment[0m [1;30mLevel 1[0m checking '/home/tharun/cognipilot/cranium/install/b3rb_simulator/lib/pkgconfig/b3rb_simulator.pc'
[1.030s] [34mcolcon.colcon_core.environment[0m [1;30mLevel 1[0m checking '/home/tharun/cognipilot/cranium/install/b3rb_simulator/lib/python3.10/site-packages'
[1.030s] [34mcolcon.colcon_core.environment[0m [1;30mLevel 1[0m checking '/home/tharun/cognipilot/cranium/install/b3rb_simulator/bin'
[1.031s] [34mcolcon.colcon_core.shell[0m [1;30mINFO[0m Creating package script '/home/tharun/cognipilot/cranium/install/b3rb_simulator/share/b3rb_simulator/package.ps1'
[1.031s] [34mcolcon.colcon_core.shell[0m [1;30mINFO[0m Creating package descriptor '/home/tharun/cognipilot/cranium/install/b3rb_simulator/share/b3rb_simulator/package.dsv'
[1.032s] [34mcolcon.colcon_core.shell[0m [1;30mINFO[0m Creating package script '/home/tharun/cognipilot/cranium/install/b3rb_simulator/share/b3rb_simulator/package.sh'
[1.032s] [34mcolcon.colcon_core.shell[0m [1;30mINFO[0m Creating package script '/home/tharun/cognipilot/cranium/install/b3rb_simulator/share/b3rb_simulator/package.bash'
[1.032s] [34mcolcon.colcon_core.shell[0m [1;30mINFO[0m Creating package script '/home/tharun/cognipilot/cranium/install/b3rb_simulator/share/b3rb_simulator/package.zsh'
[1.032s] [34mcolcon.colcon_core.environment[0m [1;30mLevel 1[0m create_file_with_runtime_dependencies(/home/tharun/cognipilot/cranium/install/b3rb_simulator/share/colcon-core/packages/b3rb_simulator)
[1.033s] [34mcolcon.colcon_core.environment[0m [1;30mLevel 1[0m create_environment_scripts_only(b3rb_simulator)
[1.033s] [34mcolcon.colcon_core.environment[0m [1;30mLevel 1[0m checking '/home/tharun/cognipilot/cranium/install/b3rb_simulator' for CMake module files
[1.033s] [34mcolcon.colcon_core.environment[0m [1;30mLevel 1[0m checking '/home/tharun/cognipilot/cranium/install/b3rb_simulator' for CMake config files
[1.033s] [34mcolcon.colcon_core.shell[0m [1;30mLevel 1[0m create_environment_hook('b3rb_simulator', 'cmake_prefix_path')
[1.034s] [34mcolcon.colcon_core.shell[0m [1;30mINFO[0m Creating environment hook '/home/tharun/cognipilot/cranium/install/b3rb_simulator/share/b3rb_simulator/hook/cmake_prefix_path.ps1'
[1.034s] [34mcolcon.colcon_core.shell[0m [1;30mINFO[0m Creating environment descriptor '/home/tharun/cognipilot/cranium/install/b3rb_simulator/share/b3rb_simulator/hook/cmake_prefix_path.dsv'
[1.034s] [34mcolcon.colcon_core.shell[0m [1;30mINFO[0m Creating environment hook '/home/tharun/cognipilot/cranium/install/b3rb_simulator/share/b3rb_simulator/hook/cmake_prefix_path.sh'
[1.034s] [34mcolcon.colcon_core.environment[0m [1;30mLevel 1[0m checking '/home/tharun/cognipilot/cranium/install/b3rb_simulator/bin'
[1.034s] [34mcolcon.colcon_core.environment[0m [1;30mLevel 1[0m checking '/home/tharun/cognipilot/cranium/install/b3rb_simulator/lib/pkgconfig/b3rb_simulator.pc'
[1.035s] [34mcolcon.colcon_core.environment[0m [1;30mLevel 1[0m checking '/home/tharun/cognipilot/cranium/install/b3rb_simulator/lib/python3.10/site-packages'
[1.035s] [34mcolcon.colcon_core.environment[0m [1;30mLevel 1[0m checking '/home/tharun/cognipilot/cranium/install/b3rb_simulator/bin'
[1.035s] [34mcolcon.colcon_core.shell[0m [1;30mINFO[0m Creating package script '/home/tharun/cognipilot/cranium/install/b3rb_simulator/share/b3rb_simulator/package.ps1'
[1.036s] [34mcolcon.colcon_core.shell[0m [1;30mINFO[0m Creating package descriptor '/home/tharun/cognipilot/cranium/install/b3rb_simulator/share/b3rb_simulator/package.dsv'
[1.036s] [34mcolcon.colcon_core.shell[0m [1;30mINFO[0m Creating package script '/home/tharun/cognipilot/cranium/install/b3rb_simulator/share/b3rb_simulator/package.sh'
[1.036s] [34mcolcon.colcon_core.shell[0m [1;30mINFO[0m Creating package script '/home/tharun/cognipilot/cranium/install/b3rb_simulator/share/b3rb_simulator/package.bash'
[1.036s] [34mcolcon.colcon_core.shell[0m [1;30mINFO[0m Creating package script '/home/tharun/cognipilot/cranium/install/b3rb_simulator/share/b3rb_simulator/package.zsh'
[1.037s] [34mcolcon.colcon_core.environment[0m [1;30mLevel 1[0m create_file_with_runtime_dependencies(/home/tharun/cognipilot/cranium/install/b3rb_simulator/share/colcon-core/packages/b3rb_simulator)
[1.037s] [34mcolcon.colcon_core.environment[0m [1;30mLevel 1[0m create_environment_scripts_only(b3rb_desktop)
[1.038s] [34mcolcon.colcon_core.environment[0m [1;30mLevel 1[0m checking '/home/tharun/cognipilot/cranium/install/b3rb_desktop' for CMake module files
[1.039s] [34mcolcon.colcon_core.event_handler.log_command[0m [1;30mDEBUG[0m [32mInvoked command in '/home/tharun/cognipilot/cranium/build/b3rb_desktop' returned '0': CMAKE_PREFIX_PATH=/home/tharun/cognipilot/cranium/install/b3rb_rviz:/home/tharun/cognipilot/cranium/install/synapse_ros:/home/tharun/cognipilot/cranium/install/synapse_gz:/home/tharun/cognipilot/cranium/install/synapse_tinyframe:/home/tharun/cognipilot/cranium/install/synapse_protobuf:/home/tharun/cognipilot/cranium/install/corti:/home/tharun/cognipilot/cranium/install/synapse_msgs:/home/tharun/cognipilot/cranium/install/dream_world:/home/tharun/cognipilot/cranium/install/cerebri_bringup:/home/tharun/cognipilot/cranium/install/b3rb_simulator:/home/tharun/cognipilot/cranium/install/b3rb_desktop:/home/tharun/cognipilot/cranium/install/b3rb_nav2:/home/tharun/cognipilot/cranium/install/b3rb_gz_resource:/home/tharun/cognipilot/cranium/install/b3rb_gz_bringup:/home/tharun/cognipilot/cranium/install/b3rb_description:/home/tharun/cognipilot/electrode/install/electrode:/home/tharun/cognipilot/cranium/install/b3rb_ros_line_follower:/opt/ros/humble /usr/bin/cmake --install /home/tharun/cognipilot/cranium/build/b3rb_desktop[0m
[1.039s] [34mcolcon.colcon_core.environment[0m [1;30mLevel 1[0m checking '/home/tharun/cognipilot/cranium/install/b3rb_desktop' for CMake config files
[1.039s] [34mcolcon.colcon_core.shell[0m [1;30mLevel 1[0m create_environment_hook('b3rb_desktop', 'cmake_prefix_path')
[1.040s] [34mcolcon.colcon_core.shell[0m [1;30mINFO[0m Creating environment hook '/home/tharun/cognipilot/cranium/install/b3rb_desktop/share/b3rb_desktop/hook/cmake_prefix_path.ps1'
[1.040s] [34mcolcon.colcon_core.shell[0m [1;30mINFO[0m Creating environment descriptor '/home/tharun/cognipilot/cranium/install/b3rb_desktop/share/b3rb_desktop/hook/cmake_prefix_path.dsv'
[1.041s] [34mcolcon.colcon_core.shell[0m [1;30mINFO[0m Creating environment hook '/home/tharun/cognipilot/cranium/install/b3rb_desktop/share/b3rb_desktop/hook/cmake_prefix_path.sh'
[1.041s] [34mcolcon.colcon_core.environment[0m [1;30mLevel 1[0m checking '/home/tharun/cognipilot/cranium/install/b3rb_desktop/bin'
[1.041s] [34mcolcon.colcon_core.environment[0m [1;30mLevel 1[0m checking '/home/tharun/cognipilot/cranium/install/b3rb_desktop/lib/pkgconfig/b3rb_desktop.pc'
[1.042s] [34mcolcon.colcon_core.environment[0m [1;30mLevel 1[0m checking '/home/tharun/cognipilot/cranium/install/b3rb_desktop/lib/python3.10/site-packages'
[1.042s] [34mcolcon.colcon_core.environment[0m [1;30mLevel 1[0m checking '/home/tharun/cognipilot/cranium/install/b3rb_desktop/bin'
[1.043s] [34mcolcon.colcon_core.shell[0m [1;30mINFO[0m Creating package script '/home/tharun/cognipilot/cranium/install/b3rb_desktop/share/b3rb_desktop/package.ps1'
[1.043s] [34mcolcon.colcon_core.shell[0m [1;30mINFO[0m Creating package descriptor '/home/tharun/cognipilot/cranium/install/b3rb_desktop/share/b3rb_desktop/package.dsv'
[1.044s] [34mcolcon.colcon_core.shell[0m [1;30mINFO[0m Creating package script '/home/tharun/cognipilot/cranium/install/b3rb_desktop/share/b3rb_desktop/package.sh'
[1.044s] [34mcolcon.colcon_core.shell[0m [1;30mINFO[0m Creating package script '/home/tharun/cognipilot/cranium/install/b3rb_desktop/share/b3rb_desktop/package.bash'
[1.045s] [34mcolcon.colcon_core.shell[0m [1;30mINFO[0m Creating package script '/home/tharun/cognipilot/cranium/install/b3rb_desktop/share/b3rb_desktop/package.zsh'
[1.045s] [34mcolcon.colcon_core.environment[0m [1;30mLevel 1[0m create_file_with_runtime_dependencies(/home/tharun/cognipilot/cranium/install/b3rb_desktop/share/colcon-core/packages/b3rb_desktop)
[1.046s] [34mcolcon.colcon_core.environment[0m [1;30mLevel 1[0m create_environment_scripts_only(b3rb_desktop)
[1.046s] [34mcolcon.colcon_core.environment[0m [1;30mLevel 1[0m checking '/home/tharun/cognipilot/cranium/install/b3rb_desktop' for CMake module files
[1.047s] [34mcolcon.colcon_core.environment[0m [1;30mLevel 1[0m checking '/home/tharun/cognipilot/cranium/install/b3rb_desktop' for CMake config files
[1.047s] [34mcolcon.colcon_core.shell[0m [1;30mLevel 1[0m create_environment_hook('b3rb_desktop', 'cmake_prefix_path')
[1.048s] [34mcolcon.colcon_core.shell[0m [1;30mINFO[0m Creating environment hook '/home/tharun/cognipilot/cranium/install/b3rb_desktop/share/b3rb_desktop/hook/cmake_prefix_path.ps1'
[1.048s] [34mcolcon.colcon_core.shell[0m [1;30mINFO[0m Creating environment descriptor '/home/tharun/cognipilot/cranium/install/b3rb_desktop/share/b3rb_desktop/hook/cmake_prefix_path.dsv'
[1.049s] [34mcolcon.colcon_core.shell[0m [1;30mINFO[0m Creating environment hook '/home/tharun/cognipilot/cranium/install/b3rb_desktop/share/b3rb_desktop/hook/cmake_prefix_path.sh'
[1.049s] [34mcolcon.colcon_core.environment[0m [1;30mLevel 1[0m checking '/home/tharun/cognipilot/cranium/install/b3rb_desktop/bin'
[1.049s] [34mcolcon.colcon_core.environment[0m [1;30mLevel 1[0m checking '/home/tharun/cognipilot/cranium/install/b3rb_desktop/lib/pkgconfig/b3rb_desktop.pc'
[1.050s] [34mcolcon.colcon_core.environment[0m [1;30mLevel 1[0m checking '/home/tharun/cognipilot/cranium/install/b3rb_desktop/lib/python3.10/site-packages'
[1.050s] [34mcolcon.colcon_core.environment[0m [1;30mLevel 1[0m checking '/home/tharun/cognipilot/cranium/install/b3rb_desktop/bin'
[1.051s] [34mcolcon.colcon_core.shell[0m [1;30mINFO[0m Creating package script '/home/tharun/cognipilot/cranium/install/b3rb_desktop/share/b3rb_desktop/package.ps1'
[1.052s] [34mcolcon.colcon_core.shell[0m [1;30mINFO[0m Creating package descriptor '/home/tharun/cognipilot/cranium/install/b3rb_desktop/share/b3rb_desktop/package.dsv'
[1.052s] [34mcolcon.colcon_core.shell[0m [1;30mINFO[0m Creating package script '/home/tharun/cognipilot/cranium/install/b3rb_desktop/share/b3rb_desktop/package.sh'
[1.053s] [34mcolcon.colcon_core.shell[0m [1;30mINFO[0m Creating package script '/home/tharun/cognipilot/cranium/install/b3rb_desktop/share/b3rb_desktop/package.bash'
[1.054s] [34mcolcon.colcon_core.shell[0m [1;30mINFO[0m Creating package script '/home/tharun/cognipilot/cranium/install/b3rb_desktop/share/b3rb_desktop/package.zsh'
[1.054s] [34mcolcon.colcon_core.environment[0m [1;30mLevel 1[0m create_file_with_runtime_dependencies(/home/tharun/cognipilot/cranium/install/b3rb_desktop/share/colcon-core/packages/b3rb_desktop)
[1.364s] [34mcolcon.colcon_core.event_handler.log_command[0m [1;30mDEBUG[0m [32mInvoked command in '/home/tharun/cognipilot/cranium/build/synapse_gz' returned '0': CMAKE_PREFIX_PATH=/home/tharun/cognipilot/cranium/install/synapse_tinyframe:/home/tharun/cognipilot/cranium/install/synapse_protobuf:/home/tharun/cognipilot/cranium/install/synapse_ros:/home/tharun/cognipilot/cranium/install/synapse_gz:/home/tharun/cognipilot/cranium/install/corti:/home/tharun/cognipilot/cranium/install/synapse_msgs:/home/tharun/cognipilot/cranium/install/dream_world:/home/tharun/cognipilot/cranium/install/cerebri_bringup:/home/tharun/cognipilot/cranium/install/b3rb_simulator:/home/tharun/cognipilot/cranium/install/b3rb_desktop:/home/tharun/cognipilot/cranium/install/b3rb_rviz:/home/tharun/cognipilot/cranium/install/b3rb_nav2:/home/tharun/cognipilot/cranium/install/b3rb_gz_resource:/home/tharun/cognipilot/cranium/install/b3rb_gz_bringup:/home/tharun/cognipilot/cranium/install/b3rb_description:/home/tharun/cognipilot/electrode/install/electrode:/home/tharun/cognipilot/cranium/install/b3rb_ros_line_follower:/opt/ros/humble /usr/bin/cmake /home/tharun/cognipilot/cranium/src/synapse_gz -DCMAKE_INSTALL_PREFIX=/home/tharun/cognipilot/cranium/install/synapse_gz[0m
[1.366s] [34mcolcon.colcon_core.event_handler.log_command[0m [1;30mDEBUG[0m [32mInvoking command in '/home/tharun/cognipilot/cranium/build/synapse_gz': CMAKE_PREFIX_PATH=/home/tharun/cognipilot/cranium/install/synapse_tinyframe:/home/tharun/cognipilot/cranium/install/synapse_protobuf:/home/tharun/cognipilot/cranium/install/synapse_ros:/home/tharun/cognipilot/cranium/install/synapse_gz:/home/tharun/cognipilot/cranium/install/corti:/home/tharun/cognipilot/cranium/install/synapse_msgs:/home/tharun/cognipilot/cranium/install/dream_world:/home/tharun/cognipilot/cranium/install/cerebri_bringup:/home/tharun/cognipilot/cranium/install/b3rb_simulator:/home/tharun/cognipilot/cranium/install/b3rb_desktop:/home/tharun/cognipilot/cranium/install/b3rb_rviz:/home/tharun/cognipilot/cranium/install/b3rb_nav2:/home/tharun/cognipilot/cranium/install/b3rb_gz_resource:/home/tharun/cognipilot/cranium/install/b3rb_gz_bringup:/home/tharun/cognipilot/cranium/install/b3rb_description:/home/tharun/cognipilot/electrode/install/electrode:/home/tharun/cognipilot/cranium/install/b3rb_ros_line_follower:/opt/ros/humble /usr/bin/cmake --build /home/tharun/cognipilot/cranium/build/synapse_gz -- -j12 -l12[0m
[1.439s] [34mcolcon.colcon_core.event_handler.log_command[0m [1;30mDEBUG[0m [32mInvoked command in '/home/tharun/cognipilot/cranium/build/synapse_gz' returned '0': CMAKE_PREFIX_PATH=/home/tharun/cognipilot/cranium/install/synapse_tinyframe:/home/tharun/cognipilot/cranium/install/synapse_protobuf:/home/tharun/cognipilot/cranium/install/synapse_ros:/home/tharun/cognipilot/cranium/install/synapse_gz:/home/tharun/cognipilot/cranium/install/corti:/home/tharun/cognipilot/cranium/install/synapse_msgs:/home/tharun/cognipilot/cranium/install/dream_world:/home/tharun/cognipilot/cranium/install/cerebri_bringup:/home/tharun/cognipilot/cranium/install/b3rb_simulator:/home/tharun/cognipilot/cranium/install/b3rb_desktop:/home/tharun/cognipilot/cranium/install/b3rb_rviz:/home/tharun/cognipilot/cranium/install/b3rb_nav2:/home/tharun/cognipilot/cranium/install/b3rb_gz_resource:/home/tharun/cognipilot/cranium/install/b3rb_gz_bringup:/home/tharun/cognipilot/cranium/install/b3rb_description:/home/tharun/cognipilot/electrode/install/electrode:/home/tharun/cognipilot/cranium/install/b3rb_ros_line_follower:/opt/ros/humble /usr/bin/cmake --build /home/tharun/cognipilot/cranium/build/synapse_gz -- -j12 -l12[0m
[1.441s] [34mcolcon.colcon_core.event_handler.log_command[0m [1;30mDEBUG[0m [32mInvoking command in '/home/tharun/cognipilot/cranium/build/synapse_gz': CMAKE_PREFIX_PATH=/home/tharun/cognipilot/cranium/install/synapse_tinyframe:/home/tharun/cognipilot/cranium/install/synapse_protobuf:/home/tharun/cognipilot/cranium/install/synapse_ros:/home/tharun/cognipilot/cranium/install/synapse_gz:/home/tharun/cognipilot/cranium/install/corti:/home/tharun/cognipilot/cranium/install/synapse_msgs:/home/tharun/cognipilot/cranium/install/dream_world:/home/tharun/cognipilot/cranium/install/cerebri_bringup:/home/tharun/cognipilot/cranium/install/b3rb_simulator:/home/tharun/cognipilot/cranium/install/b3rb_desktop:/home/tharun/cognipilot/cranium/install/b3rb_rviz:/home/tharun/cognipilot/cranium/install/b3rb_nav2:/home/tharun/cognipilot/cranium/install/b3rb_gz_resource:/home/tharun/cognipilot/cranium/install/b3rb_gz_bringup:/home/tharun/cognipilot/cranium/install/b3rb_description:/home/tharun/cognipilot/electrode/install/electrode:/home/tharun/cognipilot/cranium/install/b3rb_ros_line_follower:/opt/ros/humble /usr/bin/cmake --install /home/tharun/cognipilot/cranium/build/synapse_gz[0m
[1.567s] [34mcolcon.colcon_core.event_handler.log_command[0m [1;30mDEBUG[0m [32mInvoked command in '/home/tharun/cognipilot/cranium/build/synapse_msgs' returned '0': CMAKE_PREFIX_PATH=${CMAKE_PREFIX_PATH}:/home/tharun/cognipilot/cranium/install/b3rb_ros_line_follower:/opt/ros/humble /usr/bin/cmake /home/tharun/cognipilot/cranium/src/synapse_msgs -DCMAKE_INSTALL_PREFIX=/home/tharun/cognipilot/cranium/install/synapse_msgs[0m
[1.568s] [34mcolcon.colcon_core.event_handler.log_command[0m [1;30mDEBUG[0m [32mInvoking command in '/home/tharun/cognipilot/cranium/build/synapse_msgs': CMAKE_PREFIX_PATH=${CMAKE_PREFIX_PATH}:/home/tharun/cognipilot/cranium/install/b3rb_ros_line_follower:/opt/ros/humble /usr/bin/cmake --build /home/tharun/cognipilot/cranium/build/synapse_msgs -- -j12 -l12[0m
[1.578s] [34mcolcon.colcon_core.environment[0m [1;30mLevel 1[0m create_environment_scripts_only(synapse_gz)
[1.578s] [34mcolcon.colcon_core.environment[0m [1;30mLevel 1[0m checking '/home/tharun/cognipilot/cranium/install/synapse_gz' for CMake module files
[1.578s] [34mcolcon.colcon_core.event_handler.log_command[0m [1;30mDEBUG[0m [32mInvoked command in '/home/tharun/cognipilot/cranium/build/synapse_gz' returned '0': CMAKE_PREFIX_PATH=/home/tharun/cognipilot/cranium/install/synapse_tinyframe:/home/tharun/cognipilot/cranium/install/synapse_protobuf:/home/tharun/cognipilot/cranium/install/synapse_ros:/home/tharun/cognipilot/cranium/install/synapse_gz:/home/tharun/cognipilot/cranium/install/corti:/home/tharun/cognipilot/cranium/install/synapse_msgs:/home/tharun/cognipilot/cranium/install/dream_world:/home/tharun/cognipilot/cranium/install/cerebri_bringup:/home/tharun/cognipilot/cranium/install/b3rb_simulator:/home/tharun/cognipilot/cranium/install/b3rb_desktop:/home/tharun/cognipilot/cranium/install/b3rb_rviz:/home/tharun/cognipilot/cranium/install/b3rb_nav2:/home/tharun/cognipilot/cranium/install/b3rb_gz_resource:/home/tharun/cognipilot/cranium/install/b3rb_gz_bringup:/home/tharun/cognipilot/cranium/install/b3rb_description:/home/tharun/cognipilot/electrode/install/electrode:/home/tharun/cognipilot/cranium/install/b3rb_ros_line_follower:/opt/ros/humble /usr/bin/cmake --install /home/tharun/cognipilot/cranium/build/synapse_gz[0m
[1.579s] [34mcolcon.colcon_core.environment[0m [1;30mLevel 1[0m checking '/home/tharun/cognipilot/cranium/install/synapse_gz' for CMake config files
[1.580s] [34mcolcon.colcon_core.shell[0m [1;30mLevel 1[0m create_environment_hook('synapse_gz', 'cmake_prefix_path')
[1.580s] [34mcolcon.colcon_core.shell[0m [1;30mINFO[0m Creating environment hook '/home/tharun/cognipilot/cranium/install/synapse_gz/share/synapse_gz/hook/cmake_prefix_path.ps1'
[1.581s] [34mcolcon.colcon_core.shell[0m [1;30mINFO[0m Creating environment descriptor '/home/tharun/cognipilot/cranium/install/synapse_gz/share/synapse_gz/hook/cmake_prefix_path.dsv'
[1.581s] [34mcolcon.colcon_core.shell[0m [1;30mINFO[0m Creating environment hook '/home/tharun/cognipilot/cranium/install/synapse_gz/share/synapse_gz/hook/cmake_prefix_path.sh'
[1.582s] [34mcolcon.colcon_core.environment[0m [1;30mLevel 1[0m checking '/home/tharun/cognipilot/cranium/install/synapse_gz/lib'
[1.582s] [34mcolcon.colcon_core.environment[0m [1;30mLevel 1[0m checking '/home/tharun/cognipilot/cranium/install/synapse_gz/bin'
[1.582s] [34mcolcon.colcon_core.environment[0m [1;30mLevel 1[0m checking '/home/tharun/cognipilot/cranium/install/synapse_gz/lib/pkgconfig/synapse_gz.pc'
[1.583s] [34mcolcon.colcon_core.environment[0m [1;30mLevel 1[0m checking '/home/tharun/cognipilot/cranium/install/synapse_gz/lib/python3.10/site-packages'
[1.583s] [34mcolcon.colcon_core.environment[0m [1;30mLevel 1[0m checking '/home/tharun/cognipilot/cranium/install/synapse_gz/bin'
[1.584s] [34mcolcon.colcon_core.shell[0m [1;30mINFO[0m Creating package script '/home/tharun/cognipilot/cranium/install/synapse_gz/share/synapse_gz/package.ps1'
[1.584s] [34mcolcon.colcon_core.shell[0m [1;30mINFO[0m Creating package descriptor '/home/tharun/cognipilot/cranium/install/synapse_gz/share/synapse_gz/package.dsv'
[1.585s] [34mcolcon.colcon_core.shell[0m [1;30mINFO[0m Creating package script '/home/tharun/cognipilot/cranium/install/synapse_gz/share/synapse_gz/package.sh'
[1.585s] [34mcolcon.colcon_core.shell[0m [1;30mINFO[0m Creating package script '/home/tharun/cognipilot/cranium/install/synapse_gz/share/synapse_gz/package.bash'
[1.586s] [34mcolcon.colcon_core.shell[0m [1;30mINFO[0m Creating package script '/home/tharun/cognipilot/cranium/install/synapse_gz/share/synapse_gz/package.zsh'
[1.586s] [34mcolcon.colcon_core.environment[0m [1;30mLevel 1[0m create_file_with_runtime_dependencies(/home/tharun/cognipilot/cranium/install/synapse_gz/share/colcon-core/packages/synapse_gz)
[1.586s] [34mcolcon.colcon_core.environment[0m [1;30mLevel 1[0m create_environment_scripts_only(synapse_gz)
[1.586s] [34mcolcon.colcon_core.environment[0m [1;30mLevel 1[0m checking '/home/tharun/cognipilot/cranium/install/synapse_gz' for CMake module files
[1.587s] [34mcolcon.colcon_core.environment[0m [1;30mLevel 1[0m checking '/home/tharun/cognipilot/cranium/install/synapse_gz' for CMake config files
[1.587s] [34mcolcon.colcon_core.shell[0m [1;30mLevel 1[0m create_environment_hook('synapse_gz', 'cmake_prefix_path')
[1.587s] [34mcolcon.colcon_core.shell[0m [1;30mINFO[0m Creating environment hook '/home/tharun/cognipilot/cranium/install/synapse_gz/share/synapse_gz/hook/cmake_prefix_path.ps1'
[1.587s] [34mcolcon.colcon_core.shell[0m [1;30mINFO[0m Creating environment descriptor '/home/tharun/cognipilot/cranium/install/synapse_gz/share/synapse_gz/hook/cmake_prefix_path.dsv'
[1.588s] [34mcolcon.colcon_core.shell[0m [1;30mINFO[0m Creating environment hook '/home/tharun/cognipilot/cranium/install/synapse_gz/share/synapse_gz/hook/cmake_prefix_path.sh'
[1.588s] [34mcolcon.colcon_core.environment[0m [1;30mLevel 1[0m checking '/home/tharun/cognipilot/cranium/install/synapse_gz/lib'
[1.588s] [34mcolcon.colcon_core.environment[0m [1;30mLevel 1[0m checking '/home/tharun/cognipilot/cranium/install/synapse_gz/bin'
[1.588s] [34mcolcon.colcon_core.environment[0m [1;30mLevel 1[0m checking '/home/tharun/cognipilot/cranium/install/synapse_gz/lib/pkgconfig/synapse_gz.pc'
[1.588s] [34mcolcon.colcon_core.environment[0m [1;30mLevel 1[0m checking '/home/tharun/cognipilot/cranium/install/synapse_gz/lib/python3.10/site-packages'
[1.589s] [34mcolcon.colcon_core.environment[0m [1;30mLevel 1[0m checking '/home/tharun/cognipilot/cranium/install/synapse_gz/bin'
[1.589s] [34mcolcon.colcon_core.shell[0m [1;30mINFO[0m Creating package script '/home/tharun/cognipilot/cranium/install/synapse_gz/share/synapse_gz/package.ps1'
[1.590s] [34mcolcon.colcon_core.shell[0m [1;30mINFO[0m Creating package descriptor '/home/tharun/cognipilot/cranium/install/synapse_gz/share/synapse_gz/package.dsv'
[1.590s] [34mcolcon.colcon_core.shell[0m [1;30mINFO[0m Creating package script '/home/tharun/cognipilot/cranium/install/synapse_gz/share/synapse_gz/package.sh'
[1.591s] [34mcolcon.colcon_core.shell[0m [1;30mINFO[0m Creating package script '/home/tharun/cognipilot/cranium/install/synapse_gz/share/synapse_gz/package.bash'
[1.591s] [34mcolcon.colcon_core.shell[0m [1;30mINFO[0m Creating package script '/home/tharun/cognipilot/cranium/install/synapse_gz/share/synapse_gz/package.zsh'
[1.591s] [34mcolcon.colcon_core.environment[0m [1;30mLevel 1[0m create_file_with_runtime_dependencies(/home/tharun/cognipilot/cranium/install/synapse_gz/share/colcon-core/packages/synapse_gz)
[2.408s] [34mcolcon.colcon_core.event_handler.log_command[0m [1;30mDEBUG[0m [32mInvoked command in '/home/tharun/cognipilot/cranium/build/synapse_msgs' returned '0': CMAKE_PREFIX_PATH=${CMAKE_PREFIX_PATH}:/home/tharun/cognipilot/cranium/install/b3rb_ros_line_follower:/opt/ros/humble /usr/bin/cmake --build /home/tharun/cognipilot/cranium/build/synapse_msgs -- -j12 -l12[0m
[2.410s] [34mcolcon.colcon_core.event_handler.log_command[0m [1;30mDEBUG[0m [32mInvoking command in '/home/tharun/cognipilot/cranium/build/synapse_msgs': CMAKE_PREFIX_PATH=${CMAKE_PREFIX_PATH}:/home/tharun/cognipilot/cranium/install/b3rb_ros_line_follower:/opt/ros/humble /usr/bin/cmake --install /home/tharun/cognipilot/cranium/build/synapse_msgs[0m
[3.851s] [34mcolcon.colcon_core.environment[0m [1;30mLevel 1[0m create_environment_scripts_only(synapse_msgs)
[3.852s] [34mcolcon.colcon_core.environment[0m [1;30mLevel 1[0m checking '/home/tharun/cognipilot/cranium/install/synapse_msgs' for CMake module files
[3.852s] [34mcolcon.colcon_core.event_handler.log_command[0m [1;30mDEBUG[0m [32mInvoked command in '/home/tharun/cognipilot/cranium/build/synapse_msgs' returned '0': CMAKE_PREFIX_PATH=${CMAKE_PREFIX_PATH}:/home/tharun/cognipilot/cranium/install/b3rb_ros_line_follower:/opt/ros/humble /usr/bin/cmake --install /home/tharun/cognipilot/cranium/build/synapse_msgs[0m
[3.852s] [34mcolcon.colcon_core.environment[0m [1;30mLevel 1[0m checking '/home/tharun/cognipilot/cranium/install/synapse_msgs' for CMake config files
[3.853s] [34mcolcon.colcon_core.shell[0m [1;30mLevel 1[0m create_environment_hook('synapse_msgs', 'cmake_prefix_path')
[3.853s] [34mcolcon.colcon_core.shell[0m [1;30mINFO[0m Creating environment hook '/home/tharun/cognipilot/cranium/install/synapse_msgs/share/synapse_msgs/hook/cmake_prefix_path.ps1'
[3.854s] [34mcolcon.colcon_core.shell[0m [1;30mINFO[0m Creating environment descriptor '/home/tharun/cognipilot/cranium/install/synapse_msgs/share/synapse_msgs/hook/cmake_prefix_path.dsv'
[3.854s] [34mcolcon.colcon_core.shell[0m [1;30mINFO[0m Creating environment hook '/home/tharun/cognipilot/cranium/install/synapse_msgs/share/synapse_msgs/hook/cmake_prefix_path.sh'
[3.854s] [34mcolcon.colcon_core.environment[0m [1;30mLevel 1[0m checking '/home/tharun/cognipilot/cranium/install/synapse_msgs/lib'
[3.854s] [34mcolcon.colcon_core.shell[0m [1;30mLevel 1[0m create_environment_hook('synapse_msgs', 'ld_library_path_lib')
[3.854s] [34mcolcon.colcon_core.shell[0m [1;30mINFO[0m Creating environment hook '/home/tharun/cognipilot/cranium/install/synapse_msgs/share/synapse_msgs/hook/ld_library_path_lib.ps1'
[3.855s] [34mcolcon.colcon_core.shell[0m [1;30mINFO[0m Creating environment descriptor '/home/tharun/cognipilot/cranium/install/synapse_msgs/share/synapse_msgs/hook/ld_library_path_lib.dsv'
[3.855s] [34mcolcon.colcon_core.shell[0m [1;30mINFO[0m Creating environment hook '/home/tharun/cognipilot/cranium/install/synapse_msgs/share/synapse_msgs/hook/ld_library_path_lib.sh'
[3.855s] [34mcolcon.colcon_core.environment[0m [1;30mLevel 1[0m checking '/home/tharun/cognipilot/cranium/install/synapse_msgs/bin'
[3.855s] [34mcolcon.colcon_core.environment[0m [1;30mLevel 1[0m checking '/home/tharun/cognipilot/cranium/install/synapse_msgs/lib/pkgconfig/synapse_msgs.pc'
[3.855s] [34mcolcon.colcon_core.environment[0m [1;30mLevel 1[0m checking '/home/tharun/cognipilot/cranium/install/synapse_msgs/lib/python3.10/site-packages'
[3.855s] [34mcolcon.colcon_core.environment[0m [1;30mLevel 1[0m checking '/home/tharun/cognipilot/cranium/install/synapse_msgs/bin'
[3.856s] [34mcolcon.colcon_core.shell[0m [1;30mINFO[0m Creating package script '/home/tharun/cognipilot/cranium/install/synapse_msgs/share/synapse_msgs/package.ps1'
[3.856s] [34mcolcon.colcon_core.shell[0m [1;30mINFO[0m Creating package descriptor '/home/tharun/cognipilot/cranium/install/synapse_msgs/share/synapse_msgs/package.dsv'
[3.856s] [34mcolcon.colcon_core.shell[0m [1;30mINFO[0m Creating package script '/home/tharun/cognipilot/cranium/install/synapse_msgs/share/synapse_msgs/package.sh'
[3.856s] [34mcolcon.colcon_core.shell[0m [1;30mINFO[0m Creating package script '/home/tharun/cognipilot/cranium/install/synapse_msgs/share/synapse_msgs/package.bash'
[3.857s] [34mcolcon.colcon_core.shell[0m [1;30mINFO[0m Creating package script '/home/tharun/cognipilot/cranium/install/synapse_msgs/share/synapse_msgs/package.zsh'
[3.857s] [34mcolcon.colcon_core.environment[0m [1;30mLevel 1[0m create_file_with_runtime_dependencies(/home/tharun/cognipilot/cranium/install/synapse_msgs/share/colcon-core/packages/synapse_msgs)
[3.857s] [34mcolcon.colcon_core.environment[0m [1;30mLevel 1[0m create_environment_scripts_only(synapse_msgs)
[3.857s] [34mcolcon.colcon_core.environment[0m [1;30mLevel 1[0m checking '/home/tharun/cognipilot/cranium/install/synapse_msgs' for CMake module files
[3.858s] [34mcolcon.colcon_core.environment[0m [1;30mLevel 1[0m checking '/home/tharun/cognipilot/cranium/install/synapse_msgs' for CMake config files
[3.858s] [34mcolcon.colcon_core.shell[0m [1;30mLevel 1[0m create_environment_hook('synapse_msgs', 'cmake_prefix_path')
[3.858s] [34mcolcon.colcon_core.shell[0m [1;30mINFO[0m Creating environment hook '/home/tharun/cognipilot/cranium/install/synapse_msgs/share/synapse_msgs/hook/cmake_prefix_path.ps1'
[3.858s] [34mcolcon.colcon_core.shell[0m [1;30mINFO[0m Creating environment descriptor '/home/tharun/cognipilot/cranium/install/synapse_msgs/share/synapse_msgs/hook/cmake_prefix_path.dsv'
[3.858s] [34mcolcon.colcon_core.shell[0m [1;30mINFO[0m Creating environment hook '/home/tharun/cognipilot/cranium/install/synapse_msgs/share/synapse_msgs/hook/cmake_prefix_path.sh'
[3.859s] [34mcolcon.colcon_core.environment[0m [1;30mLevel 1[0m checking '/home/tharun/cognipilot/cranium/install/synapse_msgs/lib'
[3.859s] [34mcolcon.colcon_core.shell[0m [1;30mLevel 1[0m create_environment_hook('synapse_msgs', 'ld_library_path_lib')
[3.859s] [34mcolcon.colcon_core.shell[0m [1;30mINFO[0m Creating environment hook '/home/tharun/cognipilot/cranium/install/synapse_msgs/share/synapse_msgs/hook/ld_library_path_lib.ps1'
[3.859s] [34mcolcon.colcon_core.shell[0m [1;30mINFO[0m Creating environment descriptor '/home/tharun/cognipilot/cranium/install/synapse_msgs/share/synapse_msgs/hook/ld_library_path_lib.dsv'
[3.859s] [34mcolcon.colcon_core.shell[0m [1;30mINFO[0m Creating environment hook '/home/tharun/cognipilot/cranium/install/synapse_msgs/share/synapse_msgs/hook/ld_library_path_lib.sh'
[3.860s] [34mcolcon.colcon_core.environment[0m [1;30mLevel 1[0m checking '/home/tharun/cognipilot/cranium/install/synapse_msgs/bin'
[3.860s] [34mcolcon.colcon_core.environment[0m [1;30mLevel 1[0m checking '/home/tharun/cognipilot/cranium/install/synapse_msgs/lib/pkgconfig/synapse_msgs.pc'
[3.860s] [34mcolcon.colcon_core.environment[0m [1;30mLevel 1[0m checking '/home/tharun/cognipilot/cranium/install/synapse_msgs/lib/python3.10/site-packages'
[3.860s] [34mcolcon.colcon_core.environment[0m [1;30mLevel 1[0m checking '/home/tharun/cognipilot/cranium/install/synapse_msgs/bin'
[3.860s] [34mcolcon.colcon_core.shell[0m [1;30mINFO[0m Creating package script '/home/tharun/cognipilot/cranium/install/synapse_msgs/share/synapse_msgs/package.ps1'
[3.861s] [34mcolcon.colcon_core.shell[0m [1;30mINFO[0m Creating package descriptor '/home/tharun/cognipilot/cranium/install/synapse_msgs/share/synapse_msgs/package.dsv'
[3.861s] [34mcolcon.colcon_core.shell[0m [1;30mINFO[0m Creating package script '/home/tharun/cognipilot/cranium/install/synapse_msgs/share/synapse_msgs/package.sh'
[3.861s] [34mcolcon.colcon_core.shell[0m [1;30mINFO[0m Creating package script '/home/tharun/cognipilot/cranium/install/synapse_msgs/share/synapse_msgs/package.bash'
[3.861s] [34mcolcon.colcon_core.shell[0m [1;30mINFO[0m Creating package script '/home/tharun/cognipilot/cranium/install/synapse_msgs/share/synapse_msgs/package.zsh'
[3.862s] [34mcolcon.colcon_core.environment[0m [1;30mLevel 1[0m create_file_with_runtime_dependencies(/home/tharun/cognipilot/cranium/install/synapse_msgs/share/colcon-core/packages/synapse_msgs)
[3.862s] [34mcolcon.colcon_ros.task.ament_python.build[0m [1;30mINFO[0m Building ROS package in '/home/tharun/cognipilot/cranium/src/b3rb_ros_line_follower/b3rb_ros_line_follower' with build type 'ament_python'
[3.862s] [34mcolcon.colcon_core.shell[0m [1;30mLevel 1[0m create_environment_hook('b3rb_ros_line_follower', 'ament_prefix_path')
[3.862s] [34mcolcon.colcon_core.shell[0m [1;30mINFO[0m Creating environment hook '/home/tharun/cognipilot/cranium/install/b3rb_ros_line_follower/share/b3rb_ros_line_follower/hook/ament_prefix_path.ps1'
[3.863s] [34mcolcon.colcon_core.shell[0m [1;30mINFO[0m Creating environment descriptor '/home/tharun/cognipilot/cranium/install/b3rb_ros_line_follower/share/b3rb_ros_line_follower/hook/ament_prefix_path.dsv'
[3.863s] [34mcolcon.colcon_core.shell[0m [1;30mINFO[0m Creating environment hook '/home/tharun/cognipilot/cranium/install/b3rb_ros_line_follower/share/b3rb_ros_line_follower/hook/ament_prefix_path.sh'
[3.863s] [34mcolcon.colcon_core.shell[0m [1;30mINFO[0m Skip shell extension 'powershell' for command environment: Not usable outside of PowerShell
[3.863s] [34mcolcon.colcon_core.shell[0m [1;30mDEBUG[0m [32mSkip shell extension 'dsv' for command environment[0m
[3.868s] [34mcolcon.colcon_ros.task.ament_cmake.build[0m [1;30mINFO[0m Building ROS package in '/home/tharun/cognipilot/cranium/src/corti' with build type 'ament_cmake'
[3.868s] [34mcolcon.colcon_cmake.task.cmake.build[0m [1;30mINFO[0m Building CMake package in '/home/tharun/cognipilot/cranium/src/corti'
[3.868s] [34mcolcon.colcon_core.shell[0m [1;30mINFO[0m Skip shell extension 'powershell' for command environment: Not usable outside of PowerShell
[3.868s] [34mcolcon.colcon_core.shell[0m [1;30mDEBUG[0m [32mSkip shell extension 'dsv' for command environment[0m
[3.871s] [34mcolcon.colcon_ros.task.ament_cmake.build[0m [1;30mINFO[0m Building ROS package in '/home/tharun/cognipilot/cranium/src/synapse_ros' with build type 'ament_cmake'
[3.872s] [34mcolcon.colcon_cmake.task.cmake.build[0m [1;30mINFO[0m Building CMake package in '/home/tharun/cognipilot/cranium/src/synapse_ros'
[3.872s] [34mcolcon.colcon_core.shell[0m [1;30mINFO[0m Skip shell extension 'powershell' for command environment: Not usable outside of PowerShell
[3.872s] [34mcolcon.colcon_core.shell[0m [1;30mDEBUG[0m [32mSkip shell extension 'dsv' for command environment[0m
[4.040s] [34mcolcon.colcon_core.task.python.build[0m [1;30mINFO[0m Building Python package in '/home/tharun/cognipilot/cranium/src/b3rb_ros_line_follower/b3rb_ros_line_follower'
[4.041s] [34mcolcon.colcon_core.shell[0m [1;30mINFO[0m Skip shell extension 'powershell' for command environment: Not usable outside of PowerShell
[4.041s] [34mcolcon.colcon_core.shell[0m [1;30mDEBUG[0m [32mSkip shell extension 'dsv' for command environment[0m
[4.047s] [34mcolcon.colcon_core.event_handler.log_command[0m [1;30mDEBUG[0m [32mInvoking command in '/home/tharun/cognipilot/cranium/build/corti': CMAKE_PREFIX_PATH=/home/tharun/cognipilot/cranium/install/synapse_msgs:/home/tharun/cognipilot/cranium/install/synapse_ros:/home/tharun/cognipilot/cranium/install/synapse_gz:/home/tharun/cognipilot/cranium/install/synapse_tinyframe:/home/tharun/cognipilot/cranium/install/synapse_protobuf:/home/tharun/cognipilot/cranium/install/corti:/home/tharun/cognipilot/cranium/install/dream_world:/home/tharun/cognipilot/cranium/install/cerebri_bringup:/home/tharun/cognipilot/cranium/install/b3rb_simulator:/home/tharun/cognipilot/cranium/install/b3rb_desktop:/home/tharun/cognipilot/cranium/install/b3rb_rviz:/home/tharun/cognipilot/cranium/install/b3rb_nav2:/home/tharun/cognipilot/cranium/install/b3rb_gz_resource:/home/tharun/cognipilot/cranium/install/b3rb_gz_bringup:/home/tharun/cognipilot/cranium/install/b3rb_description:/home/tharun/cognipilot/electrode/install/electrode:/home/tharun/cognipilot/cranium/install/b3rb_ros_line_follower:/opt/ros/humble LD_LIBRARY_PATH=/home/tharun/cognipilot/cranium/install/synapse_msgs/lib:/home/tharun/cognipilot/cranium/install/synapse_tinyframe/lib:/home/tharun/cognipilot/cranium/install/synapse_protobuf/lib:/opt/ros/humble/opt/rviz_ogre_vendor/lib:/opt/ros/humble/lib/x86_64-linux-gnu:/opt/ros/humble/lib /usr/bin/cmake --build /home/tharun/cognipilot/cranium/build/corti -- -j12 -l12[0m
[4.049s] [34mcolcon.colcon_core.event_handler.log_command[0m [1;30mDEBUG[0m [32mInvoking command in '/home/tharun/cognipilot/cranium/build/synapse_ros': CMAKE_PREFIX_PATH=/home/tharun/cognipilot/cranium/install/synapse_tinyframe:/home/tharun/cognipilot/cranium/install/synapse_protobuf:/home/tharun/cognipilot/cranium/install/synapse_msgs:/home/tharun/cognipilot/cranium/install/synapse_ros:/home/tharun/cognipilot/cranium/install/synapse_gz:/home/tharun/cognipilot/cranium/install/corti:/home/tharun/cognipilot/cranium/install/dream_world:/home/tharun/cognipilot/cranium/install/cerebri_bringup:/home/tharun/cognipilot/cranium/install/b3rb_simulator:/home/tharun/cognipilot/cranium/install/b3rb_desktop:/home/tharun/cognipilot/cranium/install/b3rb_rviz:/home/tharun/cognipilot/cranium/install/b3rb_nav2:/home/tharun/cognipilot/cranium/install/b3rb_gz_resource:/home/tharun/cognipilot/cranium/install/b3rb_gz_bringup:/home/tharun/cognipilot/cranium/install/b3rb_description:/home/tharun/cognipilot/electrode/install/electrode:/home/tharun/cognipilot/cranium/install/b3rb_ros_line_follower:/opt/ros/humble LD_LIBRARY_PATH=/home/tharun/cognipilot/cranium/install/synapse_msgs/lib:/home/tharun/cognipilot/cranium/install/synapse_tinyframe/lib:/home/tharun/cognipilot/cranium/install/synapse_protobuf/lib:/opt/ros/humble/opt/rviz_ogre_vendor/lib:/opt/ros/humble/lib/x86_64-linux-gnu:/opt/ros/humble/lib /usr/bin/cmake --build /home/tharun/cognipilot/cranium/build/synapse_ros -- -j12 -l12[0m
[4.128s] [34mcolcon.colcon_core.event_handler.log_command[0m [1;30mDEBUG[0m [32mInvoked command in '/home/tharun/cognipilot/cranium/build/synapse_ros' returned '0': CMAKE_PREFIX_PATH=/home/tharun/cognipilot/cranium/install/synapse_tinyframe:/home/tharun/cognipilot/cranium/install/synapse_protobuf:/home/tharun/cognipilot/cranium/install/synapse_msgs:/home/tharun/cognipilot/cranium/install/synapse_ros:/home/tharun/cognipilot/cranium/install/synapse_gz:/home/tharun/cognipilot/cranium/install/corti:/home/tharun/cognipilot/cranium/install/dream_world:/home/tharun/cognipilot/cranium/install/cerebri_bringup:/home/tharun/cognipilot/cranium/install/b3rb_simulator:/home/tharun/cognipilot/cranium/install/b3rb_desktop:/home/tharun/cognipilot/cranium/install/b3rb_rviz:/home/tharun/cognipilot/cranium/install/b3rb_nav2:/home/tharun/cognipilot/cranium/install/b3rb_gz_resource:/home/tharun/cognipilot/cranium/install/b3rb_gz_bringup:/home/tharun/cognipilot/cranium/install/b3rb_description:/home/tharun/cognipilot/electrode/install/electrode:/home/tharun/cognipilot/cranium/install/b3rb_ros_line_follower:/opt/ros/humble LD_LIBRARY_PATH=/home/tharun/cognipilot/cranium/install/synapse_msgs/lib:/home/tharun/cognipilot/cranium/install/synapse_tinyframe/lib:/home/tharun/cognipilot/cranium/install/synapse_protobuf/lib:/opt/ros/humble/opt/rviz_ogre_vendor/lib:/opt/ros/humble/lib/x86_64-linux-gnu:/opt/ros/humble/lib /usr/bin/cmake --build /home/tharun/cognipilot/cranium/build/synapse_ros -- -j12 -l12[0m
[4.129s] [34mcolcon.colcon_core.event_handler.log_command[0m [1;30mDEBUG[0m [32mInvoking command in '/home/tharun/cognipilot/cranium/build/synapse_ros': CMAKE_PREFIX_PATH=/home/tharun/cognipilot/cranium/install/synapse_tinyframe:/home/tharun/cognipilot/cranium/install/synapse_protobuf:/home/tharun/cognipilot/cranium/install/synapse_msgs:/home/tharun/cognipilot/cranium/install/synapse_ros:/home/tharun/cognipilot/cranium/install/synapse_gz:/home/tharun/cognipilot/cranium/install/corti:/home/tharun/cognipilot/cranium/install/dream_world:/home/tharun/cognipilot/cranium/install/cerebri_bringup:/home/tharun/cognipilot/cranium/install/b3rb_simulator:/home/tharun/cognipilot/cranium/install/b3rb_desktop:/home/tharun/cognipilot/cranium/install/b3rb_rviz:/home/tharun/cognipilot/cranium/install/b3rb_nav2:/home/tharun/cognipilot/cranium/install/b3rb_gz_resource:/home/tharun/cognipilot/cranium/install/b3rb_gz_bringup:/home/tharun/cognipilot/cranium/install/b3rb_description:/home/tharun/cognipilot/electrode/install/electrode:/home/tharun/cognipilot/cranium/install/b3rb_ros_line_follower:/opt/ros/humble LD_LIBRARY_PATH=/home/tharun/cognipilot/cranium/install/synapse_msgs/lib:/home/tharun/cognipilot/cranium/install/synapse_tinyframe/lib:/home/tharun/cognipilot/cranium/install/synapse_protobuf/lib:/opt/ros/humble/opt/rviz_ogre_vendor/lib:/opt/ros/humble/lib/x86_64-linux-gnu:/opt/ros/humble/lib /usr/bin/cmake --install /home/tharun/cognipilot/cranium/build/synapse_ros[0m
[4.138s] [34mcolcon.colcon_core.environment[0m [1;30mLevel 1[0m create_environment_scripts_only(synapse_ros)
[4.138s] [34mcolcon.colcon_core.event_handler.log_command[0m [1;30mDEBUG[0m [32mInvoked command in '/home/tharun/cognipilot/cranium/build/synapse_ros' returned '0': CMAKE_PREFIX_PATH=/home/tharun/cognipilot/cranium/install/synapse_tinyframe:/home/tharun/cognipilot/cranium/install/synapse_protobuf:/home/tharun/cognipilot/cranium/install/synapse_msgs:/home/tharun/cognipilot/cranium/install/synapse_ros:/home/tharun/cognipilot/cranium/install/synapse_gz:/home/tharun/cognipilot/cranium/install/corti:/home/tharun/cognipilot/cranium/install/dream_world:/home/tharun/cognipilot/cranium/install/cerebri_bringup:/home/tharun/cognipilot/cranium/install/b3rb_simulator:/home/tharun/cognipilot/cranium/install/b3rb_desktop:/home/tharun/cognipilot/cranium/install/b3rb_rviz:/home/tharun/cognipilot/cranium/install/b3rb_nav2:/home/tharun/cognipilot/cranium/install/b3rb_gz_resource:/home/tharun/cognipilot/cranium/install/b3rb_gz_bringup:/home/tharun/cognipilot/cranium/install/b3rb_description:/home/tharun/cognipilot/electrode/install/electrode:/home/tharun/cognipilot/cranium/install/b3rb_ros_line_follower:/opt/ros/humble LD_LIBRARY_PATH=/home/tharun/cognipilot/cranium/install/synapse_msgs/lib:/home/tharun/cognipilot/cranium/install/synapse_tinyframe/lib:/home/tharun/cognipilot/cranium/install/synapse_protobuf/lib:/opt/ros/humble/opt/rviz_ogre_vendor/lib:/opt/ros/humble/lib/x86_64-linux-gnu:/opt/ros/humble/lib /usr/bin/cmake --install /home/tharun/cognipilot/cranium/build/synapse_ros[0m
[4.139s] [34mcolcon.colcon_core.environment[0m [1;30mLevel 1[0m checking '/home/tharun/cognipilot/cranium/install/synapse_ros' for CMake module files
[4.139s] [34mcolcon.colcon_core.environment[0m [1;30mLevel 1[0m checking '/home/tharun/cognipilot/cranium/install/synapse_ros' for CMake config files
[4.140s] [34mcolcon.colcon_core.shell[0m [1;30mLevel 1[0m create_environment_hook('synapse_ros', 'cmake_prefix_path')
[4.140s] [34mcolcon.colcon_core.shell[0m [1;30mINFO[0m Creating environment hook '/home/tharun/cognipilot/cranium/install/synapse_ros/share/synapse_ros/hook/cmake_prefix_path.ps1'
[4.140s] [34mcolcon.colcon_core.shell[0m [1;30mINFO[0m Creating environment descriptor '/home/tharun/cognipilot/cranium/install/synapse_ros/share/synapse_ros/hook/cmake_prefix_path.dsv'
[4.141s] [34mcolcon.colcon_core.shell[0m [1;30mINFO[0m Creating environment hook '/home/tharun/cognipilot/cranium/install/synapse_ros/share/synapse_ros/hook/cmake_prefix_path.sh'
[4.142s] [34mcolcon.colcon_core.environment[0m [1;30mLevel 1[0m checking '/home/tharun/cognipilot/cranium/install/synapse_ros/lib'
[4.142s] [34mcolcon.colcon_core.environment[0m [1;30mLevel 1[0m checking '/home/tharun/cognipilot/cranium/install/synapse_ros/bin'
[4.142s] [34mcolcon.colcon_core.environment[0m [1;30mLevel 1[0m checking '/home/tharun/cognipilot/cranium/install/synapse_ros/lib/pkgconfig/synapse_ros.pc'
[4.142s] [34mcolcon.colcon_core.environment[0m [1;30mLevel 1[0m checking '/home/tharun/cognipilot/cranium/install/synapse_ros/lib/python3.10/site-packages'
[4.143s] [34mcolcon.colcon_core.environment[0m [1;30mLevel 1[0m checking '/home/tharun/cognipilot/cranium/install/synapse_ros/bin'
[4.143s] [34mcolcon.colcon_core.shell[0m [1;30mINFO[0m Creating package script '/home/tharun/cognipilot/cranium/install/synapse_ros/share/synapse_ros/package.ps1'
[4.144s] [34mcolcon.colcon_core.shell[0m [1;30mINFO[0m Creating package descriptor '/home/tharun/cognipilot/cranium/install/synapse_ros/share/synapse_ros/package.dsv'
[4.144s] [34mcolcon.colcon_core.shell[0m [1;30mINFO[0m Creating package script '/home/tharun/cognipilot/cranium/install/synapse_ros/share/synapse_ros/package.sh'
[4.145s] [34mcolcon.colcon_core.shell[0m [1;30mINFO[0m Creating package script '/home/tharun/cognipilot/cranium/install/synapse_ros/share/synapse_ros/package.bash'
[4.145s] [34mcolcon.colcon_core.shell[0m [1;30mINFO[0m Creating package script '/home/tharun/cognipilot/cranium/install/synapse_ros/share/synapse_ros/package.zsh'
[4.146s] [34mcolcon.colcon_core.environment[0m [1;30mLevel 1[0m create_file_with_runtime_dependencies(/home/tharun/cognipilot/cranium/install/synapse_ros/share/colcon-core/packages/synapse_ros)
[4.147s] [34mcolcon.colcon_core.environment[0m [1;30mLevel 1[0m create_environment_scripts_only(synapse_ros)
[4.147s] [34mcolcon.colcon_core.environment[0m [1;30mLevel 1[0m checking '/home/tharun/cognipilot/cranium/install/synapse_ros' for CMake module files
[4.147s] [34mcolcon.colcon_core.environment[0m [1;30mLevel 1[0m checking '/home/tharun/cognipilot/cranium/install/synapse_ros' for CMake config files
[4.148s] [34mcolcon.colcon_core.shell[0m [1;30mLevel 1[0m create_environment_hook('synapse_ros', 'cmake_prefix_path')
[4.148s] [34mcolcon.colcon_core.shell[0m [1;30mINFO[0m Creating environment hook '/home/tharun/cognipilot/cranium/install/synapse_ros/share/synapse_ros/hook/cmake_prefix_path.ps1'
[4.149s] [34mcolcon.colcon_core.shell[0m [1;30mINFO[0m Creating environment descriptor '/home/tharun/cognipilot/cranium/install/synapse_ros/share/synapse_ros/hook/cmake_prefix_path.dsv'
[4.149s] [34mcolcon.colcon_core.shell[0m [1;30mINFO[0m Creating environment hook '/home/tharun/cognipilot/cranium/install/synapse_ros/share/synapse_ros/hook/cmake_prefix_path.sh'
[4.150s] [34mcolcon.colcon_core.environment[0m [1;30mLevel 1[0m checking '/home/tharun/cognipilot/cranium/install/synapse_ros/lib'
[4.150s] [34mcolcon.colcon_core.environment[0m [1;30mLevel 1[0m checking '/home/tharun/cognipilot/cranium/install/synapse_ros/bin'
[4.151s] [34mcolcon.colcon_core.environment[0m [1;30mLevel 1[0m checking '/home/tharun/cognipilot/cranium/install/synapse_ros/lib/pkgconfig/synapse_ros.pc'
[4.151s] [34mcolcon.colcon_core.environment[0m [1;30mLevel 1[0m checking '/home/tharun/cognipilot/cranium/install/synapse_ros/lib/python3.10/site-packages'
[4.151s] [34mcolcon.colcon_core.environment[0m [1;30mLevel 1[0m checking '/home/tharun/cognipilot/cranium/install/synapse_ros/bin'
[4.152s] [34mcolcon.colcon_core.shell[0m [1;30mINFO[0m Creating package script '/home/tharun/cognipilot/cranium/install/synapse_ros/share/synapse_ros/package.ps1'
[4.152s] [34mcolcon.colcon_core.shell[0m [1;30mINFO[0m Creating package descriptor '/home/tharun/cognipilot/cranium/install/synapse_ros/share/synapse_ros/package.dsv'
[4.153s] [34mcolcon.colcon_core.shell[0m [1;30mINFO[0m Creating package script '/home/tharun/cognipilot/cranium/install/synapse_ros/share/synapse_ros/package.sh'
[4.153s] [34mcolcon.colcon_core.shell[0m [1;30mINFO[0m Creating package script '/home/tharun/cognipilot/cranium/install/synapse_ros/share/synapse_ros/package.bash'
[4.153s] [34mcolcon.colcon_core.shell[0m [1;30mINFO[0m Creating package script '/home/tharun/cognipilot/cranium/install/synapse_ros/share/synapse_ros/package.zsh'
[4.153s] [34mcolcon.colcon_core.environment[0m [1;30mLevel 1[0m create_file_with_runtime_dependencies(/home/tharun/cognipilot/cranium/install/synapse_ros/share/colcon-core/packages/synapse_ros)
[4.286s] [34mcolcon.colcon_core.task.python.build[0m [1;30mDEBUG[0m [32mAvailable setuptools commands: init_catalog, setopt, build, build_scripts, upload_docs, egg_info, bdist, install, develop, install_egg_info, register, install_headers, bdist_egg, bdist_rpm, bdist_dumb, update_catalog, install_scripts, easy_install, sdist, build_clib, symlink_data, bdist_wheel, alias, upload, build_ext, test, check, compile_catalog, extract_messages, install_lib, clean, dist_info, install_data, rotate, saveopts, build_py[0m
[4.288s] [34mcolcon.colcon_core.event_handler.log_command[0m [1;30mDEBUG[0m [32mInvoking command in '/home/tharun/cognipilot/cranium/src/b3rb_ros_line_follower/b3rb_ros_line_follower': CMAKE_PREFIX_PATH=/home/tharun/cognipilot/cranium/install/synapse_msgs:/home/tharun/cognipilot/cranium/install/synapse_ros:/home/tharun/cognipilot/cranium/install/synapse_gz:/home/tharun/cognipilot/cranium/install/synapse_tinyframe:/home/tharun/cognipilot/cranium/install/synapse_protobuf:/home/tharun/cognipilot/cranium/install/corti:/home/tharun/cognipilot/cranium/install/dream_world:/home/tharun/cognipilot/cranium/install/cerebri_bringup:/home/tharun/cognipilot/cranium/install/b3rb_simulator:/home/tharun/cognipilot/cranium/install/b3rb_desktop:/home/tharun/cognipilot/cranium/install/b3rb_rviz:/home/tharun/cognipilot/cranium/install/b3rb_nav2:/home/tharun/cognipilot/cranium/install/b3rb_gz_resource:/home/tharun/cognipilot/cranium/install/b3rb_gz_bringup:/home/tharun/cognipilot/cranium/install/b3rb_description:/home/tharun/cognipilot/electrode/install/electrode LD_LIBRARY_PATH=/home/tharun/cognipilot/cranium/install/synapse_msgs/lib:/home/tharun/cognipilot/cranium/install/synapse_tinyframe/lib:/home/tharun/cognipilot/cranium/install/synapse_protobuf/lib:/opt/ros/humble/opt/rviz_ogre_vendor/lib:/opt/ros/humble/lib/x86_64-linux-gnu:/opt/ros/humble/lib PYTHONPATH=/home/tharun/cognipilot/cranium/build/b3rb_ros_line_follower/prefix_override:/usr/lib/python3/dist-packages/colcon_core/task/python/colcon_distutils_commands:/home/tharun/cognipilot/cranium/install/b3rb_ros_line_follower/lib/python3.10/site-packages:${PYTHONPATH} /usr/bin/python3 -W ignore:setup.py install is deprecated -W ignore:easy_install command is deprecated setup.py egg_info --egg-base ../../../build/b3rb_ros_line_follower build --build-base /home/tharun/cognipilot/cranium/build/b3rb_ros_line_follower/build install --record /home/tharun/cognipilot/cranium/build/b3rb_ros_line_follower/install.log --install-scripts $base/lib/b3rb_ros_line_follower --single-version-externally-managed install_data[0m
[4.394s] [34mcolcon.colcon_core.event_handler.log_command[0m [1;30mDEBUG[0m [32mInvoked command in '/home/tharun/cognipilot/cranium/build/corti' returned '0': CMAKE_PREFIX_PATH=/home/tharun/cognipilot/cranium/install/synapse_msgs:/home/tharun/cognipilot/cranium/install/synapse_ros:/home/tharun/cognipilot/cranium/install/synapse_gz:/home/tharun/cognipilot/cranium/install/synapse_tinyframe:/home/tharun/cognipilot/cranium/install/synapse_protobuf:/home/tharun/cognipilot/cranium/install/corti:/home/tharun/cognipilot/cranium/install/dream_world:/home/tharun/cognipilot/cranium/install/cerebri_bringup:/home/tharun/cognipilot/cranium/install/b3rb_simulator:/home/tharun/cognipilot/cranium/install/b3rb_desktop:/home/tharun/cognipilot/cranium/install/b3rb_rviz:/home/tharun/cognipilot/cranium/install/b3rb_nav2:/home/tharun/cognipilot/cranium/install/b3rb_gz_resource:/home/tharun/cognipilot/cranium/install/b3rb_gz_bringup:/home/tharun/cognipilot/cranium/install/b3rb_description:/home/tharun/cognipilot/electrode/install/electrode:/home/tharun/cognipilot/cranium/install/b3rb_ros_line_follower:/opt/ros/humble LD_LIBRARY_PATH=/home/tharun/cognipilot/cranium/install/synapse_msgs/lib:/home/tharun/cognipilot/cranium/install/synapse_tinyframe/lib:/home/tharun/cognipilot/cranium/install/synapse_protobuf/lib:/opt/ros/humble/opt/rviz_ogre_vendor/lib:/opt/ros/humble/lib/x86_64-linux-gnu:/opt/ros/humble/lib /usr/bin/cmake --build /home/tharun/cognipilot/cranium/build/corti -- -j12 -l12[0m
[4.396s] [34mcolcon.colcon_core.event_handler.log_command[0m [1;30mDEBUG[0m [32mInvoking command in '/home/tharun/cognipilot/cranium/build/corti': CMAKE_PREFIX_PATH=/home/tharun/cognipilot/cranium/install/synapse_msgs:/home/tharun/cognipilot/cranium/install/synapse_ros:/home/tharun/cognipilot/cranium/install/synapse_gz:/home/tharun/cognipilot/cranium/install/synapse_tinyframe:/home/tharun/cognipilot/cranium/install/synapse_protobuf:/home/tharun/cognipilot/cranium/install/corti:/home/tharun/cognipilot/cranium/install/dream_world:/home/tharun/cognipilot/cranium/install/cerebri_bringup:/home/tharun/cognipilot/cranium/install/b3rb_simulator:/home/tharun/cognipilot/cranium/install/b3rb_desktop:/home/tharun/cognipilot/cranium/install/b3rb_rviz:/home/tharun/cognipilot/cranium/install/b3rb_nav2:/home/tharun/cognipilot/cranium/install/b3rb_gz_resource:/home/tharun/cognipilot/cranium/install/b3rb_gz_bringup:/home/tharun/cognipilot/cranium/install/b3rb_description:/home/tharun/cognipilot/electrode/install/electrode:/home/tharun/cognipilot/cranium/install/b3rb_ros_line_follower:/opt/ros/humble LD_LIBRARY_PATH=/home/tharun/cognipilot/cranium/install/synapse_msgs/lib:/home/tharun/cognipilot/cranium/install/synapse_tinyframe/lib:/home/tharun/cognipilot/cranium/install/synapse_protobuf/lib:/opt/ros/humble/opt/rviz_ogre_vendor/lib:/opt/ros/humble/lib/x86_64-linux-gnu:/opt/ros/humble/lib /usr/bin/cmake --install /home/tharun/cognipilot/cranium/build/corti[0m
[4.431s] [34mcolcon.colcon_core.environment[0m [1;30mLevel 1[0m create_environment_scripts_only(corti)
[4.431s] [34mcolcon.colcon_core.event_handler.log_command[0m [1;30mDEBUG[0m [32mInvoked command in '/home/tharun/cognipilot/cranium/build/corti' returned '0': CMAKE_PREFIX_PATH=/home/tharun/cognipilot/cranium/install/synapse_msgs:/home/tharun/cognipilot/cranium/install/synapse_ros:/home/tharun/cognipilot/cranium/install/synapse_gz:/home/tharun/cognipilot/cranium/install/synapse_tinyframe:/home/tharun/cognipilot/cranium/install/synapse_protobuf:/home/tharun/cognipilot/cranium/install/corti:/home/tharun/cognipilot/cranium/install/dream_world:/home/tharun/cognipilot/cranium/install/cerebri_bringup:/home/tharun/cognipilot/cranium/install/b3rb_simulator:/home/tharun/cognipilot/cranium/install/b3rb_desktop:/home/tharun/cognipilot/cranium/install/b3rb_rviz:/home/tharun/cognipilot/cranium/install/b3rb_nav2:/home/tharun/cognipilot/cranium/install/b3rb_gz_resource:/home/tharun/cognipilot/cranium/install/b3rb_gz_bringup:/home/tharun/cognipilot/cranium/install/b3rb_description:/home/tharun/cognipilot/electrode/install/electrode:/home/tharun/cognipilot/cranium/install/b3rb_ros_line_follower:/opt/ros/humble LD_LIBRARY_PATH=/home/tharun/cognipilot/cranium/install/synapse_msgs/lib:/home/tharun/cognipilot/cranium/install/synapse_tinyframe/lib:/home/tharun/cognipilot/cranium/install/synapse_protobuf/lib:/opt/ros/humble/opt/rviz_ogre_vendor/lib:/opt/ros/humble/lib/x86_64-linux-gnu:/opt/ros/humble/lib /usr/bin/cmake --install /home/tharun/cognipilot/cranium/build/corti[0m
[4.432s] [34mcolcon.colcon_core.environment[0m [1;30mLevel 1[0m checking '/home/tharun/cognipilot/cranium/install/corti' for CMake module files
[4.432s] [34mcolcon.colcon_core.environment[0m [1;30mLevel 1[0m checking '/home/tharun/cognipilot/cranium/install/corti' for CMake config files
[4.433s] [34mcolcon.colcon_core.shell[0m [1;30mLevel 1[0m create_environment_hook('corti', 'cmake_prefix_path')
[4.433s] [34mcolcon.colcon_core.shell[0m [1;30mINFO[0m Creating environment hook '/home/tharun/cognipilot/cranium/install/corti/share/corti/hook/cmake_prefix_path.ps1'
[4.433s] [34mcolcon.colcon_core.shell[0m [1;30mINFO[0m Creating environment descriptor '/home/tharun/cognipilot/cranium/install/corti/share/corti/hook/cmake_prefix_path.dsv'
[4.433s] [34mcolcon.colcon_core.shell[0m [1;30mINFO[0m Creating environment hook '/home/tharun/cognipilot/cranium/install/corti/share/corti/hook/cmake_prefix_path.sh'
[4.434s] [34mcolcon.colcon_core.environment[0m [1;30mLevel 1[0m checking '/home/tharun/cognipilot/cranium/install/corti/lib'
[4.434s] [34mcolcon.colcon_core.environment[0m [1;30mLevel 1[0m checking '/home/tharun/cognipilot/cranium/install/corti/bin'
[4.434s] [34mcolcon.colcon_core.environment[0m [1;30mLevel 1[0m checking '/home/tharun/cognipilot/cranium/install/corti/lib/pkgconfig/corti.pc'
[4.434s] [34mcolcon.colcon_core.environment[0m [1;30mLevel 1[0m checking '/home/tharun/cognipilot/cranium/install/corti/lib/python3.10/site-packages'
[4.434s] [34mcolcon.colcon_core.environment[0m [1;30mLevel 1[0m checking '/home/tharun/cognipilot/cranium/install/corti/bin'
[4.434s] [34mcolcon.colcon_core.shell[0m [1;30mINFO[0m Creating package script '/home/tharun/cognipilot/cranium/install/corti/share/corti/package.ps1'
[4.435s] [34mcolcon.colcon_core.shell[0m [1;30mINFO[0m Creating package descriptor '/home/tharun/cognipilot/cranium/install/corti/share/corti/package.dsv'
[4.435s] [34mcolcon.colcon_core.shell[0m [1;30mINFO[0m Creating package script '/home/tharun/cognipilot/cranium/install/corti/share/corti/package.sh'
[4.435s] [34mcolcon.colcon_core.shell[0m [1;30mINFO[0m Creating package script '/home/tharun/cognipilot/cranium/install/corti/share/corti/package.bash'
[4.435s] [34mcolcon.colcon_core.shell[0m [1;30mINFO[0m Creating package script '/home/tharun/cognipilot/cranium/install/corti/share/corti/package.zsh'
[4.436s] [34mcolcon.colcon_core.environment[0m [1;30mLevel 1[0m create_file_with_runtime_dependencies(/home/tharun/cognipilot/cranium/install/corti/share/colcon-core/packages/corti)
[4.436s] [34mcolcon.colcon_core.environment[0m [1;30mLevel 1[0m create_environment_scripts_only(corti)
[4.436s] [34mcolcon.colcon_core.environment[0m [1;30mLevel 1[0m checking '/home/tharun/cognipilot/cranium/install/corti' for CMake module files
[4.436s] [34mcolcon.colcon_core.environment[0m [1;30mLevel 1[0m checking '/home/tharun/cognipilot/cranium/install/corti' for CMake config files
[4.437s] [34mcolcon.colcon_core.shell[0m [1;30mLevel 1[0m create_environment_hook('corti', 'cmake_prefix_path')
[4.437s] [34mcolcon.colcon_core.shell[0m [1;30mINFO[0m Creating environment hook '/home/tharun/cognipilot/cranium/install/corti/share/corti/hook/cmake_prefix_path.ps1'
[4.437s] [34mcolcon.colcon_core.shell[0m [1;30mINFO[0m Creating environment descriptor '/home/tharun/cognipilot/cranium/install/corti/share/corti/hook/cmake_prefix_path.dsv'
[4.437s] [34mcolcon.colcon_core.shell[0m [1;30mINFO[0m Creating environment hook '/home/tharun/cognipilot/cranium/install/corti/share/corti/hook/cmake_prefix_path.sh'
[4.438s] [34mcolcon.colcon_core.environment[0m [1;30mLevel 1[0m checking '/home/tharun/cognipilot/cranium/install/corti/lib'
[4.438s] [34mcolcon.colcon_core.environment[0m [1;30mLevel 1[0m checking '/home/tharun/cognipilot/cranium/install/corti/bin'
[4.438s] [34mcolcon.colcon_core.environment[0m [1;30mLevel 1[0m checking '/home/tharun/cognipilot/cranium/install/corti/lib/pkgconfig/corti.pc'
[4.438s] [34mcolcon.colcon_core.environment[0m [1;30mLevel 1[0m checking '/home/tharun/cognipilot/cranium/install/corti/lib/python3.10/site-packages'
[4.438s] [34mcolcon.colcon_core.environment[0m [1;30mLevel 1[0m checking '/home/tharun/cognipilot/cranium/install/corti/bin'
[4.438s] [34mcolcon.colcon_core.shell[0m [1;30mINFO[0m Creating package script '/home/tharun/cognipilot/cranium/install/corti/share/corti/package.ps1'
[4.439s] [34mcolcon.colcon_core.shell[0m [1;30mINFO[0m Creating package descriptor '/home/tharun/cognipilot/cranium/install/corti/share/corti/package.dsv'
[4.440s] [34mcolcon.colcon_core.shell[0m [1;30mINFO[0m Creating package script '/home/tharun/cognipilot/cranium/install/corti/share/corti/package.sh'
[4.441s] [34mcolcon.colcon_core.shell[0m [1;30mINFO[0m Creating package script '/home/tharun/cognipilot/cranium/install/corti/share/corti/package.bash'
[4.441s] [34mcolcon.colcon_core.shell[0m [1;30mINFO[0m Creating package script '/home/tharun/cognipilot/cranium/install/corti/share/corti/package.zsh'
[4.442s] [34mcolcon.colcon_core.environment[0m [1;30mLevel 1[0m create_file_with_runtime_dependencies(/home/tharun/cognipilot/cranium/install/corti/share/colcon-core/packages/corti)
[4.478s] [34mcolcon.colcon_core.environment[0m [1;30mLevel 1[0m checking '/home/tharun/cognipilot/cranium/install/b3rb_ros_line_follower' for CMake module files
[4.478s] [34mcolcon.colcon_core.event_handler.log_command[0m [1;30mDEBUG[0m [32mInvoked command in '/home/tharun/cognipilot/cranium/src/b3rb_ros_line_follower/b3rb_ros_line_follower' returned '0': CMAKE_PREFIX_PATH=/home/tharun/cognipilot/cranium/install/synapse_msgs:/home/tharun/cognipilot/cranium/install/synapse_ros:/home/tharun/cognipilot/cranium/install/synapse_gz:/home/tharun/cognipilot/cranium/install/synapse_tinyframe:/home/tharun/cognipilot/cranium/install/synapse_protobuf:/home/tharun/cognipilot/cranium/install/corti:/home/tharun/cognipilot/cranium/install/dream_world:/home/tharun/cognipilot/cranium/install/cerebri_bringup:/home/tharun/cognipilot/cranium/install/b3rb_simulator:/home/tharun/cognipilot/cranium/install/b3rb_desktop:/home/tharun/cognipilot/cranium/install/b3rb_rviz:/home/tharun/cognipilot/cranium/install/b3rb_nav2:/home/tharun/cognipilot/cranium/install/b3rb_gz_resource:/home/tharun/cognipilot/cranium/install/b3rb_gz_bringup:/home/tharun/cognipilot/cranium/install/b3rb_description:/home/tharun/cognipilot/electrode/install/electrode LD_LIBRARY_PATH=/home/tharun/cognipilot/cranium/install/synapse_msgs/lib:/home/tharun/cognipilot/cranium/install/synapse_tinyframe/lib:/home/tharun/cognipilot/cranium/install/synapse_protobuf/lib:/opt/ros/humble/opt/rviz_ogre_vendor/lib:/opt/ros/humble/lib/x86_64-linux-gnu:/opt/ros/humble/lib PYTHONPATH=/home/tharun/cognipilot/cranium/build/b3rb_ros_line_follower/prefix_override:/usr/lib/python3/dist-packages/colcon_core/task/python/colcon_distutils_commands:/home/tharun/cognipilot/cranium/install/b3rb_ros_line_follower/lib/python3.10/site-packages:${PYTHONPATH} /usr/bin/python3 -W ignore:setup.py install is deprecated -W ignore:easy_install command is deprecated setup.py egg_info --egg-base ../../../build/b3rb_ros_line_follower build --build-base /home/tharun/cognipilot/cranium/build/b3rb_ros_line_follower/build install --record /home/tharun/cognipilot/cranium/build/b3rb_ros_line_follower/install.log --install-scripts $base/lib/b3rb_ros_line_follower --single-version-externally-managed install_data[0m
[4.479s] [34mcolcon.colcon_core.environment[0m [1;30mLevel 1[0m checking '/home/tharun/cognipilot/cranium/install/b3rb_ros_line_follower' for CMake config files
[4.479s] [34mcolcon.colcon_core.environment[0m [1;30mLevel 1[0m checking '/home/tharun/cognipilot/cranium/install/b3rb_ros_line_follower/lib'
[4.479s] [34mcolcon.colcon_core.environment[0m [1;30mLevel 1[0m checking '/home/tharun/cognipilot/cranium/install/b3rb_ros_line_follower/bin'
[4.479s] [34mcolcon.colcon_core.environment[0m [1;30mLevel 1[0m checking '/home/tharun/cognipilot/cranium/install/b3rb_ros_line_follower/lib/pkgconfig/b3rb_ros_line_follower.pc'
[4.479s] [34mcolcon.colcon_core.environment[0m [1;30mLevel 1[0m checking '/home/tharun/cognipilot/cranium/install/b3rb_ros_line_follower/lib/python3.10/site-packages'
[4.479s] [34mcolcon.colcon_core.shell[0m [1;30mLevel 1[0m create_environment_hook('b3rb_ros_line_follower', 'pythonpath')
[4.480s] [34mcolcon.colcon_core.shell[0m [1;30mINFO[0m Creating environment hook '/home/tharun/cognipilot/cranium/install/b3rb_ros_line_follower/share/b3rb_ros_line_follower/hook/pythonpath.ps1'
[4.480s] [34mcolcon.colcon_core.shell[0m [1;30mINFO[0m Creating environment descriptor '/home/tharun/cognipilot/cranium/install/b3rb_ros_line_follower/share/b3rb_ros_line_follower/hook/pythonpath.dsv'
[4.480s] [34mcolcon.colcon_core.shell[0m [1;30mINFO[0m Creating environment hook '/home/tharun/cognipilot/cranium/install/b3rb_ros_line_follower/share/b3rb_ros_line_follower/hook/pythonpath.sh'
[4.481s] [34mcolcon.colcon_core.environment[0m [1;30mLevel 1[0m checking '/home/tharun/cognipilot/cranium/install/b3rb_ros_line_follower/bin'
[4.481s] [34mcolcon.colcon_core.environment[0m [1;30mLevel 1[0m create_environment_scripts_only(b3rb_ros_line_follower)
[4.481s] [34mcolcon.colcon_core.shell[0m [1;30mINFO[0m Creating package script '/home/tharun/cognipilot/cranium/install/b3rb_ros_line_follower/share/b3rb_ros_line_follower/package.ps1'
[4.482s] [34mcolcon.colcon_core.shell[0m [1;30mINFO[0m Creating package descriptor '/home/tharun/cognipilot/cranium/install/b3rb_ros_line_follower/share/b3rb_ros_line_follower/package.dsv'
[4.482s] [34mcolcon.colcon_core.shell[0m [1;30mINFO[0m Creating package script '/home/tharun/cognipilot/cranium/install/b3rb_ros_line_follower/share/b3rb_ros_line_follower/package.sh'
[4.482s] [34mcolcon.colcon_core.shell[0m [1;30mINFO[0m Creating package script '/home/tharun/cognipilot/cranium/install/b3rb_ros_line_follower/share/b3rb_ros_line_follower/package.bash'
[4.483s] [34mcolcon.colcon_core.shell[0m [1;30mINFO[0m Creating package script '/home/tharun/cognipilot/cranium/install/b3rb_ros_line_follower/share/b3rb_ros_line_follower/package.zsh'
[4.483s] [34mcolcon.colcon_core.environment[0m [1;30mLevel 1[0m create_file_with_runtime_dependencies(/home/tharun/cognipilot/cranium/install/b3rb_ros_line_follower/share/colcon-core/packages/b3rb_ros_line_follower)
[4.483s] [34mcolcon.colcon_parallel_executor.executor.parallel[0m [1;30mDEBUG[0m [32mclosing loop[0m
[4.483s] [34mcolcon.colcon_parallel_executor.executor.parallel[0m [1;30mDEBUG[0m [32mloop closed[0m
[4.483s] [34mcolcon.colcon_parallel_executor.executor.parallel[0m [1;30mDEBUG[0m [32mrun_until_complete finished with '0'[0m
[4.484s] [34mcolcon.colcon_core.event_reactor[0m [1;30mDEBUG[0m [32mjoining thread[0m
[4.488s] [34mcolcon.colcon_core.plugin_system[0m [1;30mINFO[0m Skipping extension 'colcon_notification.desktop_notification.terminal_notifier': Not used on non-Darwin systems
[4.488s] [34mcolcon.colcon_core.plugin_system[0m [1;30mINFO[0m Skipping extension 'colcon_notification.desktop_notification.win32': Not used on non-Windows systems
[4.488s] [34mcolcon.colcon_notification.desktop_notification[0m [1;30mINFO[0m Sending desktop notification using 'notify2'
[4.502s] [34mcolcon.colcon_core.event_reactor[0m [1;30mDEBUG[0m [32mjoined thread[0m
[4.502s] [34mcolcon.colcon_core.shell[0m [1;30mINFO[0m Creating prefix script '/home/tharun/cognipilot/cranium/install/local_setup.ps1'
[4.503s] [34mcolcon.colcon_core.shell[0m [1;30mINFO[0m Creating prefix util module '/home/tharun/cognipilot/cranium/install/_local_setup_util_ps1.py'
[4.504s] [34mcolcon.colcon_core.shell[0m [1;30mINFO[0m Creating prefix chain script '/home/tharun/cognipilot/cranium/install/setup.ps1'
[4.505s] [34mcolcon.colcon_core.shell[0m [1;30mINFO[0m Creating prefix script '/home/tharun/cognipilot/cranium/install/local_setup.sh'
[4.506s] [34mcolcon.colcon_core.shell[0m [1;30mINFO[0m Creating prefix util module '/home/tharun/cognipilot/cranium/install/_local_setup_util_sh.py'
[4.506s] [34mcolcon.colcon_core.shell[0m [1;30mINFO[0m Creating prefix chain script '/home/tharun/cognipilot/cranium/install/setup.sh'
[4.507s] [34mcolcon.colcon_core.shell[0m [1;30mINFO[0m Creating prefix script '/home/tharun/cognipilot/cranium/install/local_setup.bash'
[4.507s] [34mcolcon.colcon_core.shell[0m [1;30mINFO[0m Creating prefix chain script '/home/tharun/cognipilot/cranium/install/setup.bash'
[4.508s] [34mcolcon.colcon_core.shell[0m [1;30mINFO[0m Creating prefix script '/home/tharun/cognipilot/cranium/install/local_setup.zsh'
[4.508s] [34mcolcon.colcon_core.shell[0m [1;30mINFO[0m Creating prefix chain script '/home/tharun/cognipilot/cranium/install/setup.zsh'
