[0.067s] DEBUG:colcon:Command line arguments: ['/usr/bin/colcon', 'build']
[0.067s] DEBUG:colcon:Parsed command line arguments: Namespace(log_base=None, log_level=None, verb_name='build', build_base='build', install_base='install', merge_install=False, symlink_install=False, test_result_base=None, continue_on_error=False, executor='parallel', parallel_workers=12, event_handlers=None, ignore_user_meta=False, metas=['./colcon.meta'], base_paths=['.'], packages_ignore=None, packages_ignore_regex=None, paths=None, packages_up_to=None, packages_up_to_regex=None, packages_above=None, packages_above_and_dependencies=None, packages_above_depth=None, packages_select_by_dep=None, packages_skip_by_dep=None, packages_skip_up_to=None, packages_select_build_failed=False, packages_skip_build_finished=False, packages_select_test_failures=False, packages_skip_test_passed=False, packages_select=None, packages_skip=None, packages_select_regex=None, packages_skip_regex=None, packages_start=None, packages_end=None, cmake_args=None, cmake_target=None, cmake_target_skip_unavailable=False, cmake_clean_cache=False, cmake_clean_first=False, cmake_force_configure=False, ament_cmake_args=None, catkin_cmake_args=None, catkin_skip_building_tests=False, verb_parser=<colcon_defaults.argument_parser.defaults.DefaultArgumentsDecorator object at 0x7d19cfc10af0>, verb_extension=<colcon_core.verb.build.BuildVerb object at 0x7d19cfd061d0>, main=<bound method BuildVerb.main of <colcon_core.verb.build.BuildVerb object at 0x7d19cfd061d0>>)
[0.166s] Level 1:colcon.colcon_core.package_discovery:discover_packages(colcon_meta) check parameters
[0.166s] Level 1:colcon.colcon_core.package_discovery:discover_packages(recursive) check parameters
[0.166s] Level 1:colcon.colcon_core.package_discovery:discover_packages(ignore) check parameters
[0.166s] Level 1:colcon.colcon_core.package_discovery:discover_packages(path) check parameters
[0.166s] Level 1:colcon.colcon_core.package_discovery:discover_packages(colcon_meta) discover
[0.166s] Level 1:colcon.colcon_core.package_discovery:discover_packages(recursive) discover
[0.166s] INFO:colcon.colcon_core.package_discovery:Crawling recursively for packages in '/home/tharun/cognipilot/cranium'
[0.166s] Level 1:colcon.colcon_core.package_identification:_identify(.) by extensions ['ignore', 'ignore_ament_install']
[0.166s] Level 1:colcon.colcon_core.package_identification:_identify(.) by extension 'ignore'
[0.166s] Level 1:colcon.colcon_core.package_identification:_identify(.) by extension 'ignore_ament_install'
[0.166s] Level 1:colcon.colcon_core.package_identification:_identify(.) by extensions ['colcon_pkg']
[0.166s] Level 1:colcon.colcon_core.package_identification:_identify(.) by extension 'colcon_pkg'
[0.166s] Level 1:colcon.colcon_core.package_identification:_identify(.) by extensions ['colcon_meta']
[0.166s] Level 1:colcon.colcon_core.package_identification:_identify(.) by extension 'colcon_meta'
[0.166s] Level 1:colcon.colcon_core.package_identification:_identify(.) by extensions ['ros']
[0.166s] Level 1:colcon.colcon_core.package_identification:_identify(.) by extension 'ros'
[0.173s] Level 1:colcon.colcon_core.package_identification:_identify(.) by extensions ['cmake', 'python']
[0.174s] Level 1:colcon.colcon_core.package_identification:_identify(.) by extension 'cmake'
[0.174s] Level 1:colcon.colcon_core.package_identification:_identify(.) by extension 'python'
[0.174s] Level 1:colcon.colcon_core.package_identification:_identify(.) by extensions ['python_setup_py']
[0.174s] Level 1:colcon.colcon_core.package_identification:_identify(.) by extension 'python_setup_py'
[0.174s] Level 1:colcon.colcon_core.package_identification:_identify(NXP_CUP_INDIA_2026) by extensions ['ignore', 'ignore_ament_install']
[0.174s] Level 1:colcon.colcon_core.package_identification:_identify(NXP_CUP_INDIA_2026) by extension 'ignore'
[0.174s] Level 1:colcon.colcon_core.package_identification:_identify(NXP_CUP_INDIA_2026) by extension 'ignore_ament_install'
[0.174s] Level 1:colcon.colcon_core.package_identification:_identify(NXP_CUP_INDIA_2026) by extensions ['colcon_pkg']
[0.174s] Level 1:colcon.colcon_core.package_identification:_identify(NXP_CUP_INDIA_2026) by extension 'colcon_pkg'
[0.174s] Level 1:colcon.colcon_core.package_identification:_identify(NXP_CUP_INDIA_2026) by extensions ['colcon_meta']
[0.174s] Level 1:colcon.colcon_core.package_identification:_identify(NXP_CUP_INDIA_2026) by extension 'colcon_meta'
[0.174s] Level 1:colcon.colcon_core.package_identification:_identify(NXP_CUP_INDIA_2026) by extensions ['ros']
[0.174s] Level 1:colcon.colcon_core.package_identification:_identify(NXP_CUP_INDIA_2026) by extension 'ros'
[0.174s] Level 1:colcon.colcon_core.package_identification:_identify(NXP_CUP_INDIA_2026) by extensions ['cmake', 'python']
[0.174s] Level 1:colcon.colcon_core.package_identification:_identify(NXP_CUP_INDIA_2026) by extension 'cmake'
[0.174s] Level 1:colcon.colcon_core.package_identification:_identify(NXP_CUP_INDIA_2026) by extension 'python'
[0.174s] Level 1:colcon.colcon_core.package_identification:_identify(NXP_CUP_INDIA_2026) by extensions ['python_setup_py']
[0.174s] Level 1:colcon.colcon_core.package_identification:_identify(NXP_CUP_INDIA_2026) by extension 'python_setup_py'
[0.174s] Level 1:colcon.colcon_core.package_identification:_identify(NXP_CUP_INDIA_2026/Images) by extensions ['ignore', 'ignore_ament_install']
[0.174s] Level 1:colcon.colcon_core.package_identification:_identify(NXP_CUP_INDIA_2026/Images) by extension 'ignore'
[0.174s] Level 1:colcon.colcon_core.package_identification:_identify(NXP_CUP_INDIA_2026/Images) by extension 'ignore_ament_install'
[0.174s] Level 1:colcon.colcon_core.package_identification:_identify(NXP_CUP_INDIA_2026/Images) by extensions ['colcon_pkg']
[0.174s] Level 1:colcon.colcon_core.package_identification:_identify(NXP_CUP_INDIA_2026/Images) by extension 'colcon_pkg'
[0.174s] Level 1:colcon.colcon_core.package_identification:_identify(NXP_CUP_INDIA_2026/Images) by extensions ['colcon_meta']
[0.174s] Level 1:colcon.colcon_core.package_identification:_identify(NXP_CUP_INDIA_2026/Images) by extension 'colcon_meta'
[0.174s] Level 1:colcon.colcon_core.package_identification:_identify(NXP_CUP_INDIA_2026/Images) by extensions ['ros']
[0.174s] Level 1:colcon.colcon_core.package_identification:_identify(NXP_CUP_INDIA_2026/Images) by extension 'ros'
[0.174s] Level 1:colcon.colcon_core.package_identification:_identify(NXP_CUP_INDIA_2026/Images) by extensions ['cmake', 'python']
[0.174s] Level 1:colcon.colcon_core.package_identification:_identify(NXP_CUP_INDIA_2026/Images) by extension 'cmake'
[0.174s] Level 1:colcon.colcon_core.package_identification:_identify(NXP_CUP_INDIA_2026/Images) by extension 'python'
[0.174s] Level 1:colcon.colcon_core.package_identification:_identify(NXP_CUP_INDIA_2026/Images) by extensions ['python_setup_py']
[0.174s] Level 1:colcon.colcon_core.package_identification:_identify(NXP_CUP_INDIA_2026/Images) by extension 'python_setup_py'
[0.174s] Level 1:colcon.colcon_core.package_identification:_identify(build) by extensions ['ignore', 'ignore_ament_install']
[0.174s] Level 1:colcon.colcon_core.package_identification:_identify(build) by extension 'ignore'
[0.175s] Level 1:colcon.colcon_core.package_identification:_identify(build) ignored
[0.175s] Level 1:colcon.colcon_core.package_identification:_identify(created_model_NXPCUP_2026.v2-v1_yolov8) by extensions ['ignore', 'ignore_ament_install']
[0.175s] Level 1:colcon.colcon_core.package_identification:_identify(created_model_NXPCUP_2026.v2-v1_yolov8) by extension 'ignore'
[0.175s] Level 1:colcon.colcon_core.package_identification:_identify(created_model_NXPCUP_2026.v2-v1_yolov8) by extension 'ignore_ament_install'
[0.175s] Level 1:colcon.colcon_core.package_identification:_identify(created_model_NXPCUP_2026.v2-v1_yolov8) by extensions ['colcon_pkg']
[0.175s] Level 1:colcon.colcon_core.package_identification:_identify(created_model_NXPCUP_2026.v2-v1_yolov8) by extension 'colcon_pkg'
[0.175s] Level 1:colcon.colcon_core.package_identification:_identify(created_model_NXPCUP_2026.v2-v1_yolov8) by extensions ['colcon_meta']
[0.175s] Level 1:colcon.colcon_core.package_identification:_identify(created_model_NXPCUP_2026.v2-v1_yolov8) by extension 'colcon_meta'
[0.175s] Level 1:colcon.colcon_core.package_identification:_identify(created_model_NXPCUP_2026.v2-v1_yolov8) by extensions ['ros']
[0.175s] Level 1:colcon.colcon_core.package_identification:_identify(created_model_NXPCUP_2026.v2-v1_yolov8) by extension 'ros'
[0.175s] Level 1:colcon.colcon_core.package_identification:_identify(created_model_NXPCUP_2026.v2-v1_yolov8) by extensions ['cmake', 'python']
[0.175s] Level 1:colcon.colcon_core.package_identification:_identify(created_model_NXPCUP_2026.v2-v1_yolov8) by extension 'cmake'
[0.175s] Level 1:colcon.colcon_core.package_identification:_identify(created_model_NXPCUP_2026.v2-v1_yolov8) by extension 'python'
[0.175s] Level 1:colcon.colcon_core.package_identification:_identify(created_model_NXPCUP_2026.v2-v1_yolov8) by extensions ['python_setup_py']
[0.175s] Level 1:colcon.colcon_core.package_identification:_identify(created_model_NXPCUP_2026.v2-v1_yolov8) by extension 'python_setup_py'
[0.175s] Level 1:colcon.colcon_core.package_identification:_identify(created_model_NXPCUP_2026.v2-v1_yolov8/content) by extensions ['ignore', 'ignore_ament_install']
[0.175s] Level 1:colcon.colcon_core.package_identification:_identify(created_model_NXPCUP_2026.v2-v1_yolov8/content) by extension 'ignore'
[0.175s] Level 1:colcon.colcon_core.package_identification:_identify(created_model_NXPCUP_2026.v2-v1_yolov8/content) by extension 'ignore_ament_install'
[0.175s] Level 1:colcon.colcon_core.package_identification:_identify(created_model_NXPCUP_2026.v2-v1_yolov8/content) by extensions ['colcon_pkg']
[0.175s] Level 1:colcon.colcon_core.package_identification:_identify(created_model_NXPCUP_2026.v2-v1_yolov8/content) by extension 'colcon_pkg'
[0.175s] Level 1:colcon.colcon_core.package_identification:_identify(created_model_NXPCUP_2026.v2-v1_yolov8/content) by extensions ['colcon_meta']
[0.175s] Level 1:colcon.colcon_core.package_identification:_identify(created_model_NXPCUP_2026.v2-v1_yolov8/content) by extension 'colcon_meta'
[0.175s] Level 1:colcon.colcon_core.package_identification:_identify(created_model_NXPCUP_2026.v2-v1_yolov8/content) by extensions ['ros']
[0.175s] Level 1:colcon.colcon_core.package_identification:_identify(created_model_NXPCUP_2026.v2-v1_yolov8/content) by extension 'ros'
[0.175s] Level 1:colcon.colcon_core.package_identification:_identify(created_model_NXPCUP_2026.v2-v1_yolov8/content) by extensions ['cmake', 'python']
[0.175s] Level 1:colcon.colcon_core.package_identification:_identify(created_model_NXPCUP_2026.v2-v1_yolov8/content) by extension 'cmake'
[0.175s] Level 1:colcon.colcon_core.package_identification:_identify(created_model_NXPCUP_2026.v2-v1_yolov8/content) by extension 'python'
[0.175s] Level 1:colcon.colcon_core.package_identification:_identify(created_model_NXPCUP_2026.v2-v1_yolov8/content) by extensions ['python_setup_py']
[0.175s] Level 1:colcon.colcon_core.package_identification:_identify(created_model_NXPCUP_2026.v2-v1_yolov8/content) by extension 'python_setup_py'
[0.175s] Level 1:colcon.colcon_core.package_identification:_identify(created_model_NXPCUP_2026.v2-v1_yolov8/content/NXPCUP_2026.v2-v1_a.yolov8) by extensions ['ignore', 'ignore_ament_install']
[0.175s] Level 1:colcon.colcon_core.package_identification:_identify(created_model_NXPCUP_2026.v2-v1_yolov8/content/NXPCUP_2026.v2-v1_a.yolov8) by extension 'ignore'
[0.175s] Level 1:colcon.colcon_core.package_identification:_identify(created_model_NXPCUP_2026.v2-v1_yolov8/content/NXPCUP_2026.v2-v1_a.yolov8) by extension 'ignore_ament_install'
[0.175s] Level 1:colcon.colcon_core.package_identification:_identify(created_model_NXPCUP_2026.v2-v1_yolov8/content/NXPCUP_2026.v2-v1_a.yolov8) by extensions ['colcon_pkg']
[0.175s] Level 1:colcon.colcon_core.package_identification:_identify(created_model_NXPCUP_2026.v2-v1_yolov8/content/NXPCUP_2026.v2-v1_a.yolov8) by extension 'colcon_pkg'
[0.175s] Level 1:colcon.colcon_core.package_identification:_identify(created_model_NXPCUP_2026.v2-v1_yolov8/content/NXPCUP_2026.v2-v1_a.yolov8) by extensions ['colcon_meta']
[0.175s] Level 1:colcon.colcon_core.package_identification:_identify(created_model_NXPCUP_2026.v2-v1_yolov8/content/NXPCUP_2026.v2-v1_a.yolov8) by extension 'colcon_meta'
[0.175s] Level 1:colcon.colcon_core.package_identification:_identify(created_model_NXPCUP_2026.v2-v1_yolov8/content/NXPCUP_2026.v2-v1_a.yolov8) by extensions ['ros']
[0.175s] Level 1:colcon.colcon_core.package_identification:_identify(created_model_NXPCUP_2026.v2-v1_yolov8/content/NXPCUP_2026.v2-v1_a.yolov8) by extension 'ros'
[0.176s] Level 1:colcon.colcon_core.package_identification:_identify(created_model_NXPCUP_2026.v2-v1_yolov8/content/NXPCUP_2026.v2-v1_a.yolov8) by extensions ['cmake', 'python']
[0.176s] Level 1:colcon.colcon_core.package_identification:_identify(created_model_NXPCUP_2026.v2-v1_yolov8/content/NXPCUP_2026.v2-v1_a.yolov8) by extension 'cmake'
[0.176s] Level 1:colcon.colcon_core.package_identification:_identify(created_model_NXPCUP_2026.v2-v1_yolov8/content/NXPCUP_2026.v2-v1_a.yolov8) by extension 'python'
[0.176s] Level 1:colcon.colcon_core.package_identification:_identify(created_model_NXPCUP_2026.v2-v1_yolov8/content/NXPCUP_2026.v2-v1_a.yolov8) by extensions ['python_setup_py']
[0.176s] Level 1:colcon.colcon_core.package_identification:_identify(created_model_NXPCUP_2026.v2-v1_yolov8/content/NXPCUP_2026.v2-v1_a.yolov8) by extension 'python_setup_py'
[0.176s] Level 1:colcon.colcon_core.package_identification:_identify(created_model_NXPCUP_2026.v2-v1_yolov8/content/NXPCUP_2026.v2-v1_a.yolov8/configs) by extensions ['ignore', 'ignore_ament_install']
[0.176s] Level 1:colcon.colcon_core.package_identification:_identify(created_model_NXPCUP_2026.v2-v1_yolov8/content/NXPCUP_2026.v2-v1_a.yolov8/configs) by extension 'ignore'
[0.176s] Level 1:colcon.colcon_core.package_identification:_identify(created_model_NXPCUP_2026.v2-v1_yolov8/content/NXPCUP_2026.v2-v1_a.yolov8/configs) by extension 'ignore_ament_install'
[0.176s] Level 1:colcon.colcon_core.package_identification:_identify(created_model_NXPCUP_2026.v2-v1_yolov8/content/NXPCUP_2026.v2-v1_a.yolov8/configs) by extensions ['colcon_pkg']
[0.176s] Level 1:colcon.colcon_core.package_identification:_identify(created_model_NXPCUP_2026.v2-v1_yolov8/content/NXPCUP_2026.v2-v1_a.yolov8/configs) by extension 'colcon_pkg'
[0.176s] Level 1:colcon.colcon_core.package_identification:_identify(created_model_NXPCUP_2026.v2-v1_yolov8/content/NXPCUP_2026.v2-v1_a.yolov8/configs) by extensions ['colcon_meta']
[0.176s] Level 1:colcon.colcon_core.package_identification:_identify(created_model_NXPCUP_2026.v2-v1_yolov8/content/NXPCUP_2026.v2-v1_a.yolov8/configs) by extension 'colcon_meta'
[0.176s] Level 1:colcon.colcon_core.package_identification:_identify(created_model_NXPCUP_2026.v2-v1_yolov8/content/NXPCUP_2026.v2-v1_a.yolov8/configs) by extensions ['ros']
[0.176s] Level 1:colcon.colcon_core.package_identification:_identify(created_model_NXPCUP_2026.v2-v1_yolov8/content/NXPCUP_2026.v2-v1_a.yolov8/configs) by extension 'ros'
[0.176s] Level 1:colcon.colcon_core.package_identification:_identify(created_model_NXPCUP_2026.v2-v1_yolov8/content/NXPCUP_2026.v2-v1_a.yolov8/configs) by extensions ['cmake', 'python']
[0.176s] Level 1:colcon.colcon_core.package_identification:_identify(created_model_NXPCUP_2026.v2-v1_yolov8/content/NXPCUP_2026.v2-v1_a.yolov8/configs) by extension 'cmake'
[0.176s] Level 1:colcon.colcon_core.package_identification:_identify(created_model_NXPCUP_2026.v2-v1_yolov8/content/NXPCUP_2026.v2-v1_a.yolov8/configs) by extension 'python'
[0.176s] Level 1:colcon.colcon_core.package_identification:_identify(created_model_NXPCUP_2026.v2-v1_yolov8/content/NXPCUP_2026.v2-v1_a.yolov8/configs) by extensions ['python_setup_py']
[0.176s] Level 1:colcon.colcon_core.package_identification:_identify(created_model_NXPCUP_2026.v2-v1_yolov8/content/NXPCUP_2026.v2-v1_a.yolov8/configs) by extension 'python_setup_py'
[0.176s] Level 1:colcon.colcon_core.package_identification:_identify(created_model_NXPCUP_2026.v2-v1_yolov8/content/NXPCUP_2026.v2-v1_a.yolov8/docs) by extensions ['ignore', 'ignore_ament_install']
[0.176s] Level 1:colcon.colcon_core.package_identification:_identify(created_model_NXPCUP_2026.v2-v1_yolov8/content/NXPCUP_2026.v2-v1_a.yolov8/docs) by extension 'ignore'
[0.176s] Level 1:colcon.colcon_core.package_identification:_identify(created_model_NXPCUP_2026.v2-v1_yolov8/content/NXPCUP_2026.v2-v1_a.yolov8/docs) by extension 'ignore_ament_install'
[0.176s] Level 1:colcon.colcon_core.package_identification:_identify(created_model_NXPCUP_2026.v2-v1_yolov8/content/NXPCUP_2026.v2-v1_a.yolov8/docs) by extensions ['colcon_pkg']
[0.176s] Level 1:colcon.colcon_core.package_identification:_identify(created_model_NXPCUP_2026.v2-v1_yolov8/content/NXPCUP_2026.v2-v1_a.yolov8/docs) by extension 'colcon_pkg'
[0.176s] Level 1:colcon.colcon_core.package_identification:_identify(created_model_NXPCUP_2026.v2-v1_yolov8/content/NXPCUP_2026.v2-v1_a.yolov8/docs) by extensions ['colcon_meta']
[0.176s] Level 1:colcon.colcon_core.package_identification:_identify(created_model_NXPCUP_2026.v2-v1_yolov8/content/NXPCUP_2026.v2-v1_a.yolov8/docs) by extension 'colcon_meta'
[0.176s] Level 1:colcon.colcon_core.package_identification:_identify(created_model_NXPCUP_2026.v2-v1_yolov8/content/NXPCUP_2026.v2-v1_a.yolov8/docs) by extensions ['ros']
[0.176s] Level 1:colcon.colcon_core.package_identification:_identify(created_model_NXPCUP_2026.v2-v1_yolov8/content/NXPCUP_2026.v2-v1_a.yolov8/docs) by extension 'ros'
[0.176s] Level 1:colcon.colcon_core.package_identification:_identify(created_model_NXPCUP_2026.v2-v1_yolov8/content/NXPCUP_2026.v2-v1_a.yolov8/docs) by extensions ['cmake', 'python']
[0.176s] Level 1:colcon.colcon_core.package_identification:_identify(created_model_NXPCUP_2026.v2-v1_yolov8/content/NXPCUP_2026.v2-v1_a.yolov8/docs) by extension 'cmake'
[0.176s] Level 1:colcon.colcon_core.package_identification:_identify(created_model_NXPCUP_2026.v2-v1_yolov8/content/NXPCUP_2026.v2-v1_a.yolov8/docs) by extension 'python'
[0.176s] Level 1:colcon.colcon_core.package_identification:_identify(created_model_NXPCUP_2026.v2-v1_yolov8/content/NXPCUP_2026.v2-v1_a.yolov8/docs) by extensions ['python_setup_py']
[0.176s] Level 1:colcon.colcon_core.package_identification:_identify(created_model_NXPCUP_2026.v2-v1_yolov8/content/NXPCUP_2026.v2-v1_a.yolov8/docs) by extension 'python_setup_py'
[0.176s] Level 1:colcon.colcon_core.package_identification:_identify(created_model_NXPCUP_2026.v2-v1_yolov8/content/NXPCUP_2026.v2-v1_a.yolov8/exports) by extensions ['ignore', 'ignore_ament_install']
[0.176s] Level 1:colcon.colcon_core.package_identification:_identify(created_model_NXPCUP_2026.v2-v1_yolov8/content/NXPCUP_2026.v2-v1_a.yolov8/exports) by extension 'ignore'
[0.176s] Level 1:colcon.colcon_core.package_identification:_identify(created_model_NXPCUP_2026.v2-v1_yolov8/content/NXPCUP_2026.v2-v1_a.yolov8/exports) by extension 'ignore_ament_install'
[0.176s] Level 1:colcon.colcon_core.package_identification:_identify(created_model_NXPCUP_2026.v2-v1_yolov8/content/NXPCUP_2026.v2-v1_a.yolov8/exports) by extensions ['colcon_pkg']
[0.176s] Level 1:colcon.colcon_core.package_identification:_identify(created_model_NXPCUP_2026.v2-v1_yolov8/content/NXPCUP_2026.v2-v1_a.yolov8/exports) by extension 'colcon_pkg'
[0.176s] Level 1:colcon.colcon_core.package_identification:_identify(created_model_NXPCUP_2026.v2-v1_yolov8/content/NXPCUP_2026.v2-v1_a.yolov8/exports) by extensions ['colcon_meta']
[0.177s] Level 1:colcon.colcon_core.package_identification:_identify(created_model_NXPCUP_2026.v2-v1_yolov8/content/NXPCUP_2026.v2-v1_a.yolov8/exports) by extension 'colcon_meta'
[0.177s] Level 1:colcon.colcon_core.package_identification:_identify(created_model_NXPCUP_2026.v2-v1_yolov8/content/NXPCUP_2026.v2-v1_a.yolov8/exports) by extensions ['ros']
[0.177s] Level 1:colcon.colcon_core.package_identification:_identify(created_model_NXPCUP_2026.v2-v1_yolov8/content/NXPCUP_2026.v2-v1_a.yolov8/exports) by extension 'ros'
[0.177s] Level 1:colcon.colcon_core.package_identification:_identify(created_model_NXPCUP_2026.v2-v1_yolov8/content/NXPCUP_2026.v2-v1_a.yolov8/exports) by extensions ['cmake', 'python']
[0.177s] Level 1:colcon.colcon_core.package_identification:_identify(created_model_NXPCUP_2026.v2-v1_yolov8/content/NXPCUP_2026.v2-v1_a.yolov8/exports) by extension 'cmake'
[0.177s] Level 1:colcon.colcon_core.package_identification:_identify(created_model_NXPCUP_2026.v2-v1_yolov8/content/NXPCUP_2026.v2-v1_a.yolov8/exports) by extension 'python'
[0.177s] Level 1:colcon.colcon_core.package_identification:_identify(created_model_NXPCUP_2026.v2-v1_yolov8/content/NXPCUP_2026.v2-v1_a.yolov8/exports) by extensions ['python_setup_py']
[0.177s] Level 1:colcon.colcon_core.package_identification:_identify(created_model_NXPCUP_2026.v2-v1_yolov8/content/NXPCUP_2026.v2-v1_a.yolov8/exports) by extension 'python_setup_py'
[0.177s] Level 1:colcon.colcon_core.package_identification:_identify(created_model_NXPCUP_2026.v2-v1_yolov8/content/NXPCUP_2026.v2-v1_a.yolov8/inference) by extensions ['ignore', 'ignore_ament_install']
[0.177s] Level 1:colcon.colcon_core.package_identification:_identify(created_model_NXPCUP_2026.v2-v1_yolov8/content/NXPCUP_2026.v2-v1_a.yolov8/inference) by extension 'ignore'
[0.177s] Level 1:colcon.colcon_core.package_identification:_identify(created_model_NXPCUP_2026.v2-v1_yolov8/content/NXPCUP_2026.v2-v1_a.yolov8/inference) by extension 'ignore_ament_install'
[0.177s] Level 1:colcon.colcon_core.package_identification:_identify(created_model_NXPCUP_2026.v2-v1_yolov8/content/NXPCUP_2026.v2-v1_a.yolov8/inference) by extensions ['colcon_pkg']
[0.177s] Level 1:colcon.colcon_core.package_identification:_identify(created_model_NXPCUP_2026.v2-v1_yolov8/content/NXPCUP_2026.v2-v1_a.yolov8/inference) by extension 'colcon_pkg'
[0.177s] Level 1:colcon.colcon_core.package_identification:_identify(created_model_NXPCUP_2026.v2-v1_yolov8/content/NXPCUP_2026.v2-v1_a.yolov8/inference) by extensions ['colcon_meta']
[0.177s] Level 1:colcon.colcon_core.package_identification:_identify(created_model_NXPCUP_2026.v2-v1_yolov8/content/NXPCUP_2026.v2-v1_a.yolov8/inference) by extension 'colcon_meta'
[0.177s] Level 1:colcon.colcon_core.package_identification:_identify(created_model_NXPCUP_2026.v2-v1_yolov8/content/NXPCUP_2026.v2-v1_a.yolov8/inference) by extensions ['ros']
[0.177s] Level 1:colcon.colcon_core.package_identification:_identify(created_model_NXPCUP_2026.v2-v1_yolov8/content/NXPCUP_2026.v2-v1_a.yolov8/inference) by extension 'ros'
[0.177s] Level 1:colcon.colcon_core.package_identification:_identify(created_model_NXPCUP_2026.v2-v1_yolov8/content/NXPCUP_2026.v2-v1_a.yolov8/inference) by extensions ['cmake', 'python']
[0.177s] Level 1:colcon.colcon_core.package_identification:_identify(created_model_NXPCUP_2026.v2-v1_yolov8/content/NXPCUP_2026.v2-v1_a.yolov8/inference) by extension 'cmake'
[0.177s] Level 1:colcon.colcon_core.package_identification:_identify(created_model_NXPCUP_2026.v2-v1_yolov8/content/NXPCUP_2026.v2-v1_a.yolov8/inference) by extension 'python'
[0.177s] Level 1:colcon.colcon_core.package_identification:_identify(created_model_NXPCUP_2026.v2-v1_yolov8/content/NXPCUP_2026.v2-v1_a.yolov8/inference) by extensions ['python_setup_py']
[0.177s] Level 1:colcon.colcon_core.package_identification:_identify(created_model_NXPCUP_2026.v2-v1_yolov8/content/NXPCUP_2026.v2-v1_a.yolov8/inference) by extension 'python_setup_py'
[0.177s] Level 1:colcon.colcon_core.package_identification:_identify(created_model_NXPCUP_2026.v2-v1_yolov8/content/NXPCUP_2026.v2-v1_a.yolov8/logs) by extensions ['ignore', 'ignore_ament_install']
[0.177s] Level 1:colcon.colcon_core.package_identification:_identify(created_model_NXPCUP_2026.v2-v1_yolov8/content/NXPCUP_2026.v2-v1_a.yolov8/logs) by extension 'ignore'
[0.177s] Level 1:colcon.colcon_core.package_identification:_identify(created_model_NXPCUP_2026.v2-v1_yolov8/content/NXPCUP_2026.v2-v1_a.yolov8/logs) by extension 'ignore_ament_install'
[0.177s] Level 1:colcon.colcon_core.package_identification:_identify(created_model_NXPCUP_2026.v2-v1_yolov8/content/NXPCUP_2026.v2-v1_a.yolov8/logs) by extensions ['colcon_pkg']
[0.177s] Level 1:colcon.colcon_core.package_identification:_identify(created_model_NXPCUP_2026.v2-v1_yolov8/content/NXPCUP_2026.v2-v1_a.yolov8/logs) by extension 'colcon_pkg'
[0.177s] Level 1:colcon.colcon_core.package_identification:_identify(created_model_NXPCUP_2026.v2-v1_yolov8/content/NXPCUP_2026.v2-v1_a.yolov8/logs) by extensions ['colcon_meta']
[0.177s] Level 1:colcon.colcon_core.package_identification:_identify(created_model_NXPCUP_2026.v2-v1_yolov8/content/NXPCUP_2026.v2-v1_a.yolov8/logs) by extension 'colcon_meta'
[0.177s] Level 1:colcon.colcon_core.package_identification:_identify(created_model_NXPCUP_2026.v2-v1_yolov8/content/NXPCUP_2026.v2-v1_a.yolov8/logs) by extensions ['ros']
[0.177s] Level 1:colcon.colcon_core.package_identification:_identify(created_model_NXPCUP_2026.v2-v1_yolov8/content/NXPCUP_2026.v2-v1_a.yolov8/logs) by extension 'ros'
[0.177s] Level 1:colcon.colcon_core.package_identification:_identify(created_model_NXPCUP_2026.v2-v1_yolov8/content/NXPCUP_2026.v2-v1_a.yolov8/logs) by extensions ['cmake', 'python']
[0.177s] Level 1:colcon.colcon_core.package_identification:_identify(created_model_NXPCUP_2026.v2-v1_yolov8/content/NXPCUP_2026.v2-v1_a.yolov8/logs) by extension 'cmake'
[0.177s] Level 1:colcon.colcon_core.package_identification:_identify(created_model_NXPCUP_2026.v2-v1_yolov8/content/NXPCUP_2026.v2-v1_a.yolov8/logs) by extension 'python'
[0.177s] Level 1:colcon.colcon_core.package_identification:_identify(created_model_NXPCUP_2026.v2-v1_yolov8/content/NXPCUP_2026.v2-v1_a.yolov8/logs) by extensions ['python_setup_py']
[0.177s] Level 1:colcon.colcon_core.package_identification:_identify(created_model_NXPCUP_2026.v2-v1_yolov8/content/NXPCUP_2026.v2-v1_a.yolov8/logs) by extension 'python_setup_py'
[0.177s] Level 1:colcon.colcon_core.package_identification:_identify(created_model_NXPCUP_2026.v2-v1_yolov8/content/NXPCUP_2026.v2-v1_a.yolov8/models) by extensions ['ignore', 'ignore_ament_install']
[0.177s] Level 1:colcon.colcon_core.package_identification:_identify(created_model_NXPCUP_2026.v2-v1_yolov8/content/NXPCUP_2026.v2-v1_a.yolov8/models) by extension 'ignore'
[0.177s] Level 1:colcon.colcon_core.package_identification:_identify(created_model_NXPCUP_2026.v2-v1_yolov8/content/NXPCUP_2026.v2-v1_a.yolov8/models) by extension 'ignore_ament_install'
[0.177s] Level 1:colcon.colcon_core.package_identification:_identify(created_model_NXPCUP_2026.v2-v1_yolov8/content/NXPCUP_2026.v2-v1_a.yolov8/models) by extensions ['colcon_pkg']
[0.178s] Level 1:colcon.colcon_core.package_identification:_identify(created_model_NXPCUP_2026.v2-v1_yolov8/content/NXPCUP_2026.v2-v1_a.yolov8/models) by extension 'colcon_pkg'
[0.178s] Level 1:colcon.colcon_core.package_identification:_identify(created_model_NXPCUP_2026.v2-v1_yolov8/content/NXPCUP_2026.v2-v1_a.yolov8/models) by extensions ['colcon_meta']
[0.178s] Level 1:colcon.colcon_core.package_identification:_identify(created_model_NXPCUP_2026.v2-v1_yolov8/content/NXPCUP_2026.v2-v1_a.yolov8/models) by extension 'colcon_meta'
[0.178s] Level 1:colcon.colcon_core.package_identification:_identify(created_model_NXPCUP_2026.v2-v1_yolov8/content/NXPCUP_2026.v2-v1_a.yolov8/models) by extensions ['ros']
[0.178s] Level 1:colcon.colcon_core.package_identification:_identify(created_model_NXPCUP_2026.v2-v1_yolov8/content/NXPCUP_2026.v2-v1_a.yolov8/models) by extension 'ros'
[0.178s] Level 1:colcon.colcon_core.package_identification:_identify(created_model_NXPCUP_2026.v2-v1_yolov8/content/NXPCUP_2026.v2-v1_a.yolov8/models) by extensions ['cmake', 'python']
[0.178s] Level 1:colcon.colcon_core.package_identification:_identify(created_model_NXPCUP_2026.v2-v1_yolov8/content/NXPCUP_2026.v2-v1_a.yolov8/models) by extension 'cmake'
[0.178s] Level 1:colcon.colcon_core.package_identification:_identify(created_model_NXPCUP_2026.v2-v1_yolov8/content/NXPCUP_2026.v2-v1_a.yolov8/models) by extension 'python'
[0.178s] Level 1:colcon.colcon_core.package_identification:_identify(created_model_NXPCUP_2026.v2-v1_yolov8/content/NXPCUP_2026.v2-v1_a.yolov8/models) by extensions ['python_setup_py']
[0.178s] Level 1:colcon.colcon_core.package_identification:_identify(created_model_NXPCUP_2026.v2-v1_yolov8/content/NXPCUP_2026.v2-v1_a.yolov8/models) by extension 'python_setup_py'
[0.178s] Level 1:colcon.colcon_core.package_identification:_identify(created_model_NXPCUP_2026.v2-v1_yolov8/content/NXPCUP_2026.v2-v1_a.yolov8/reports) by extensions ['ignore', 'ignore_ament_install']
[0.178s] Level 1:colcon.colcon_core.package_identification:_identify(created_model_NXPCUP_2026.v2-v1_yolov8/content/NXPCUP_2026.v2-v1_a.yolov8/reports) by extension 'ignore'
[0.178s] Level 1:colcon.colcon_core.package_identification:_identify(created_model_NXPCUP_2026.v2-v1_yolov8/content/NXPCUP_2026.v2-v1_a.yolov8/reports) by extension 'ignore_ament_install'
[0.178s] Level 1:colcon.colcon_core.package_identification:_identify(created_model_NXPCUP_2026.v2-v1_yolov8/content/NXPCUP_2026.v2-v1_a.yolov8/reports) by extensions ['colcon_pkg']
[0.178s] Level 1:colcon.colcon_core.package_identification:_identify(created_model_NXPCUP_2026.v2-v1_yolov8/content/NXPCUP_2026.v2-v1_a.yolov8/reports) by extension 'colcon_pkg'
[0.178s] Level 1:colcon.colcon_core.package_identification:_identify(created_model_NXPCUP_2026.v2-v1_yolov8/content/NXPCUP_2026.v2-v1_a.yolov8/reports) by extensions ['colcon_meta']
[0.178s] Level 1:colcon.colcon_core.package_identification:_identify(created_model_NXPCUP_2026.v2-v1_yolov8/content/NXPCUP_2026.v2-v1_a.yolov8/reports) by extension 'colcon_meta'
[0.178s] Level 1:colcon.colcon_core.package_identification:_identify(created_model_NXPCUP_2026.v2-v1_yolov8/content/NXPCUP_2026.v2-v1_a.yolov8/reports) by extensions ['ros']
[0.178s] Level 1:colcon.colcon_core.package_identification:_identify(created_model_NXPCUP_2026.v2-v1_yolov8/content/NXPCUP_2026.v2-v1_a.yolov8/reports) by extension 'ros'
[0.178s] Level 1:colcon.colcon_core.package_identification:_identify(created_model_NXPCUP_2026.v2-v1_yolov8/content/NXPCUP_2026.v2-v1_a.yolov8/reports) by extensions ['cmake', 'python']
[0.178s] Level 1:colcon.colcon_core.package_identification:_identify(created_model_NXPCUP_2026.v2-v1_yolov8/content/NXPCUP_2026.v2-v1_a.yolov8/reports) by extension 'cmake'
[0.178s] Level 1:colcon.colcon_core.package_identification:_identify(created_model_NXPCUP_2026.v2-v1_yolov8/content/NXPCUP_2026.v2-v1_a.yolov8/reports) by extension 'python'
[0.178s] Level 1:colcon.colcon_core.package_identification:_identify(created_model_NXPCUP_2026.v2-v1_yolov8/content/NXPCUP_2026.v2-v1_a.yolov8/reports) by extensions ['python_setup_py']
[0.178s] Level 1:colcon.colcon_core.package_identification:_identify(created_model_NXPCUP_2026.v2-v1_yolov8/content/NXPCUP_2026.v2-v1_a.yolov8/reports) by extension 'python_setup_py'
[0.178s] Level 1:colcon.colcon_core.package_identification:_identify(created_model_NXPCUP_2026.v2-v1_yolov8/content/NXPCUP_2026.v2-v1_a.yolov8/results) by extensions ['ignore', 'ignore_ament_install']
[0.178s] Level 1:colcon.colcon_core.package_identification:_identify(created_model_NXPCUP_2026.v2-v1_yolov8/content/NXPCUP_2026.v2-v1_a.yolov8/results) by extension 'ignore'
[0.178s] Level 1:colcon.colcon_core.package_identification:_identify(created_model_NXPCUP_2026.v2-v1_yolov8/content/NXPCUP_2026.v2-v1_a.yolov8/results) by extension 'ignore_ament_install'
[0.178s] Level 1:colcon.colcon_core.package_identification:_identify(created_model_NXPCUP_2026.v2-v1_yolov8/content/NXPCUP_2026.v2-v1_a.yolov8/results) by extensions ['colcon_pkg']
[0.178s] Level 1:colcon.colcon_core.package_identification:_identify(created_model_NXPCUP_2026.v2-v1_yolov8/content/NXPCUP_2026.v2-v1_a.yolov8/results) by extension 'colcon_pkg'
[0.178s] Level 1:colcon.colcon_core.package_identification:_identify(created_model_NXPCUP_2026.v2-v1_yolov8/content/NXPCUP_2026.v2-v1_a.yolov8/results) by extensions ['colcon_meta']
[0.178s] Level 1:colcon.colcon_core.package_identification:_identify(created_model_NXPCUP_2026.v2-v1_yolov8/content/NXPCUP_2026.v2-v1_a.yolov8/results) by extension 'colcon_meta'
[0.178s] Level 1:colcon.colcon_core.package_identification:_identify(created_model_NXPCUP_2026.v2-v1_yolov8/content/NXPCUP_2026.v2-v1_a.yolov8/results) by extensions ['ros']
[0.178s] Level 1:colcon.colcon_core.package_identification:_identify(created_model_NXPCUP_2026.v2-v1_yolov8/content/NXPCUP_2026.v2-v1_a.yolov8/results) by extension 'ros'
[0.178s] Level 1:colcon.colcon_core.package_identification:_identify(created_model_NXPCUP_2026.v2-v1_yolov8/content/NXPCUP_2026.v2-v1_a.yolov8/results) by extensions ['cmake', 'python']
[0.178s] Level 1:colcon.colcon_core.package_identification:_identify(created_model_NXPCUP_2026.v2-v1_yolov8/content/NXPCUP_2026.v2-v1_a.yolov8/results) by extension 'cmake'
[0.178s] Level 1:colcon.colcon_core.package_identification:_identify(created_model_NXPCUP_2026.v2-v1_yolov8/content/NXPCUP_2026.v2-v1_a.yolov8/results) by extension 'python'
[0.178s] Level 1:colcon.colcon_core.package_identification:_identify(created_model_NXPCUP_2026.v2-v1_yolov8/content/NXPCUP_2026.v2-v1_a.yolov8/results) by extensions ['python_setup_py']
[0.178s] Level 1:colcon.colcon_core.package_identification:_identify(created_model_NXPCUP_2026.v2-v1_yolov8/content/NXPCUP_2026.v2-v1_a.yolov8/results) by extension 'python_setup_py'
[0.178s] Level 1:colcon.colcon_core.package_identification:_identify(created_model_NXPCUP_2026.v2-v1_yolov8/content/NXPCUP_2026.v2-v1_a.yolov8/runs) by extensions ['ignore', 'ignore_ament_install']
[0.178s] Level 1:colcon.colcon_core.package_identification:_identify(created_model_NXPCUP_2026.v2-v1_yolov8/content/NXPCUP_2026.v2-v1_a.yolov8/runs) by extension 'ignore'
[0.179s] Level 1:colcon.colcon_core.package_identification:_identify(created_model_NXPCUP_2026.v2-v1_yolov8/content/NXPCUP_2026.v2-v1_a.yolov8/runs) by extension 'ignore_ament_install'
[0.179s] Level 1:colcon.colcon_core.package_identification:_identify(created_model_NXPCUP_2026.v2-v1_yolov8/content/NXPCUP_2026.v2-v1_a.yolov8/runs) by extensions ['colcon_pkg']
[0.179s] Level 1:colcon.colcon_core.package_identification:_identify(created_model_NXPCUP_2026.v2-v1_yolov8/content/NXPCUP_2026.v2-v1_a.yolov8/runs) by extension 'colcon_pkg'
[0.179s] Level 1:colcon.colcon_core.package_identification:_identify(created_model_NXPCUP_2026.v2-v1_yolov8/content/NXPCUP_2026.v2-v1_a.yolov8/runs) by extensions ['colcon_meta']
[0.179s] Level 1:colcon.colcon_core.package_identification:_identify(created_model_NXPCUP_2026.v2-v1_yolov8/content/NXPCUP_2026.v2-v1_a.yolov8/runs) by extension 'colcon_meta'
[0.179s] Level 1:colcon.colcon_core.package_identification:_identify(created_model_NXPCUP_2026.v2-v1_yolov8/content/NXPCUP_2026.v2-v1_a.yolov8/runs) by extensions ['ros']
[0.179s] Level 1:colcon.colcon_core.package_identification:_identify(created_model_NXPCUP_2026.v2-v1_yolov8/content/NXPCUP_2026.v2-v1_a.yolov8/runs) by extension 'ros'
[0.179s] Level 1:colcon.colcon_core.package_identification:_identify(created_model_NXPCUP_2026.v2-v1_yolov8/content/NXPCUP_2026.v2-v1_a.yolov8/runs) by extensions ['cmake', 'python']
[0.179s] Level 1:colcon.colcon_core.package_identification:_identify(created_model_NXPCUP_2026.v2-v1_yolov8/content/NXPCUP_2026.v2-v1_a.yolov8/runs) by extension 'cmake'
[0.179s] Level 1:colcon.colcon_core.package_identification:_identify(created_model_NXPCUP_2026.v2-v1_yolov8/content/NXPCUP_2026.v2-v1_a.yolov8/runs) by extension 'python'
[0.179s] Level 1:colcon.colcon_core.package_identification:_identify(created_model_NXPCUP_2026.v2-v1_yolov8/content/NXPCUP_2026.v2-v1_a.yolov8/runs) by extensions ['python_setup_py']
[0.179s] Level 1:colcon.colcon_core.package_identification:_identify(created_model_NXPCUP_2026.v2-v1_yolov8/content/NXPCUP_2026.v2-v1_a.yolov8/runs) by extension 'python_setup_py'
[0.179s] Level 1:colcon.colcon_core.package_identification:_identify(created_model_NXPCUP_2026.v2-v1_yolov8/content/NXPCUP_2026.v2-v1_a.yolov8/runs/eval) by extensions ['ignore', 'ignore_ament_install']
[0.179s] Level 1:colcon.colcon_core.package_identification:_identify(created_model_NXPCUP_2026.v2-v1_yolov8/content/NXPCUP_2026.v2-v1_a.yolov8/runs/eval) by extension 'ignore'
[0.179s] Level 1:colcon.colcon_core.package_identification:_identify(created_model_NXPCUP_2026.v2-v1_yolov8/content/NXPCUP_2026.v2-v1_a.yolov8/runs/eval) by extension 'ignore_ament_install'
[0.179s] Level 1:colcon.colcon_core.package_identification:_identify(created_model_NXPCUP_2026.v2-v1_yolov8/content/NXPCUP_2026.v2-v1_a.yolov8/runs/eval) by extensions ['colcon_pkg']
[0.179s] Level 1:colcon.colcon_core.package_identification:_identify(created_model_NXPCUP_2026.v2-v1_yolov8/content/NXPCUP_2026.v2-v1_a.yolov8/runs/eval) by extension 'colcon_pkg'
[0.179s] Level 1:colcon.colcon_core.package_identification:_identify(created_model_NXPCUP_2026.v2-v1_yolov8/content/NXPCUP_2026.v2-v1_a.yolov8/runs/eval) by extensions ['colcon_meta']
[0.179s] Level 1:colcon.colcon_core.package_identification:_identify(created_model_NXPCUP_2026.v2-v1_yolov8/content/NXPCUP_2026.v2-v1_a.yolov8/runs/eval) by extension 'colcon_meta'
[0.179s] Level 1:colcon.colcon_core.package_identification:_identify(created_model_NXPCUP_2026.v2-v1_yolov8/content/NXPCUP_2026.v2-v1_a.yolov8/runs/eval) by extensions ['ros']
[0.179s] Level 1:colcon.colcon_core.package_identification:_identify(created_model_NXPCUP_2026.v2-v1_yolov8/content/NXPCUP_2026.v2-v1_a.yolov8/runs/eval) by extension 'ros'
[0.179s] Level 1:colcon.colcon_core.package_identification:_identify(created_model_NXPCUP_2026.v2-v1_yolov8/content/NXPCUP_2026.v2-v1_a.yolov8/runs/eval) by extensions ['cmake', 'python']
[0.179s] Level 1:colcon.colcon_core.package_identification:_identify(created_model_NXPCUP_2026.v2-v1_yolov8/content/NXPCUP_2026.v2-v1_a.yolov8/runs/eval) by extension 'cmake'
[0.179s] Level 1:colcon.colcon_core.package_identification:_identify(created_model_NXPCUP_2026.v2-v1_yolov8/content/NXPCUP_2026.v2-v1_a.yolov8/runs/eval) by extension 'python'
[0.179s] Level 1:colcon.colcon_core.package_identification:_identify(created_model_NXPCUP_2026.v2-v1_yolov8/content/NXPCUP_2026.v2-v1_a.yolov8/runs/eval) by extensions ['python_setup_py']
[0.179s] Level 1:colcon.colcon_core.package_identification:_identify(created_model_NXPCUP_2026.v2-v1_yolov8/content/NXPCUP_2026.v2-v1_a.yolov8/runs/eval) by extension 'python_setup_py'
[0.179s] Level 1:colcon.colcon_core.package_identification:_identify(created_model_NXPCUP_2026.v2-v1_yolov8/content/NXPCUP_2026.v2-v1_a.yolov8/runs/eval/conf_sweep) by extensions ['ignore', 'ignore_ament_install']
[0.179s] Level 1:colcon.colcon_core.package_identification:_identify(created_model_NXPCUP_2026.v2-v1_yolov8/content/NXPCUP_2026.v2-v1_a.yolov8/runs/eval/conf_sweep) by extension 'ignore'
[0.179s] Level 1:colcon.colcon_core.package_identification:_identify(created_model_NXPCUP_2026.v2-v1_yolov8/content/NXPCUP_2026.v2-v1_a.yolov8/runs/eval/conf_sweep) by extension 'ignore_ament_install'
[0.179s] Level 1:colcon.colcon_core.package_identification:_identify(created_model_NXPCUP_2026.v2-v1_yolov8/content/NXPCUP_2026.v2-v1_a.yolov8/runs/eval/conf_sweep) by extensions ['colcon_pkg']
[0.179s] Level 1:colcon.colcon_core.package_identification:_identify(created_model_NXPCUP_2026.v2-v1_yolov8/content/NXPCUP_2026.v2-v1_a.yolov8/runs/eval/conf_sweep) by extension 'colcon_pkg'
[0.179s] Level 1:colcon.colcon_core.package_identification:_identify(created_model_NXPCUP_2026.v2-v1_yolov8/content/NXPCUP_2026.v2-v1_a.yolov8/runs/eval/conf_sweep) by extensions ['colcon_meta']
[0.179s] Level 1:colcon.colcon_core.package_identification:_identify(created_model_NXPCUP_2026.v2-v1_yolov8/content/NXPCUP_2026.v2-v1_a.yolov8/runs/eval/conf_sweep) by extension 'colcon_meta'
[0.179s] Level 1:colcon.colcon_core.package_identification:_identify(created_model_NXPCUP_2026.v2-v1_yolov8/content/NXPCUP_2026.v2-v1_a.yolov8/runs/eval/conf_sweep) by extensions ['ros']
[0.179s] Level 1:colcon.colcon_core.package_identification:_identify(created_model_NXPCUP_2026.v2-v1_yolov8/content/NXPCUP_2026.v2-v1_a.yolov8/runs/eval/conf_sweep) by extension 'ros'
[0.179s] Level 1:colcon.colcon_core.package_identification:_identify(created_model_NXPCUP_2026.v2-v1_yolov8/content/NXPCUP_2026.v2-v1_a.yolov8/runs/eval/conf_sweep) by extensions ['cmake', 'python']
[0.179s] Level 1:colcon.colcon_core.package_identification:_identify(created_model_NXPCUP_2026.v2-v1_yolov8/content/NXPCUP_2026.v2-v1_a.yolov8/runs/eval/conf_sweep) by extension 'cmake'
[0.179s] Level 1:colcon.colcon_core.package_identification:_identify(created_model_NXPCUP_2026.v2-v1_yolov8/content/NXPCUP_2026.v2-v1_a.yolov8/runs/eval/conf_sweep) by extension 'python'
[0.179s] Level 1:colcon.colcon_core.package_identification:_identify(created_model_NXPCUP_2026.v2-v1_yolov8/content/NXPCUP_2026.v2-v1_a.yolov8/runs/eval/conf_sweep) by extensions ['python_setup_py']
[0.179s] Level 1:colcon.colcon_core.package_identification:_identify(created_model_NXPCUP_2026.v2-v1_yolov8/content/NXPCUP_2026.v2-v1_a.yolov8/runs/eval/conf_sweep) by extension 'python_setup_py'
[0.180s] Level 1:colcon.colcon_core.package_identification:_identify(created_model_NXPCUP_2026.v2-v1_yolov8/content/NXPCUP_2026.v2-v1_a.yolov8/runs/eval/conf_sweep/conf_0.05) by extensions ['ignore', 'ignore_ament_install']
[0.180s] Level 1:colcon.colcon_core.package_identification:_identify(created_model_NXPCUP_2026.v2-v1_yolov8/content/NXPCUP_2026.v2-v1_a.yolov8/runs/eval/conf_sweep/conf_0.05) by extension 'ignore'
[0.180s] Level 1:colcon.colcon_core.package_identification:_identify(created_model_NXPCUP_2026.v2-v1_yolov8/content/NXPCUP_2026.v2-v1_a.yolov8/runs/eval/conf_sweep/conf_0.05) by extension 'ignore_ament_install'
[0.180s] Level 1:colcon.colcon_core.package_identification:_identify(created_model_NXPCUP_2026.v2-v1_yolov8/content/NXPCUP_2026.v2-v1_a.yolov8/runs/eval/conf_sweep/conf_0.05) by extensions ['colcon_pkg']
[0.180s] Level 1:colcon.colcon_core.package_identification:_identify(created_model_NXPCUP_2026.v2-v1_yolov8/content/NXPCUP_2026.v2-v1_a.yolov8/runs/eval/conf_sweep/conf_0.05) by extension 'colcon_pkg'
[0.180s] Level 1:colcon.colcon_core.package_identification:_identify(created_model_NXPCUP_2026.v2-v1_yolov8/content/NXPCUP_2026.v2-v1_a.yolov8/runs/eval/conf_sweep/conf_0.05) by extensions ['colcon_meta']
[0.180s] Level 1:colcon.colcon_core.package_identification:_identify(created_model_NXPCUP_2026.v2-v1_yolov8/content/NXPCUP_2026.v2-v1_a.yolov8/runs/eval/conf_sweep/conf_0.05) by extension 'colcon_meta'
[0.180s] Level 1:colcon.colcon_core.package_identification:_identify(created_model_NXPCUP_2026.v2-v1_yolov8/content/NXPCUP_2026.v2-v1_a.yolov8/runs/eval/conf_sweep/conf_0.05) by extensions ['ros']
[0.180s] Level 1:colcon.colcon_core.package_identification:_identify(created_model_NXPCUP_2026.v2-v1_yolov8/content/NXPCUP_2026.v2-v1_a.yolov8/runs/eval/conf_sweep/conf_0.05) by extension 'ros'
[0.180s] Level 1:colcon.colcon_core.package_identification:_identify(created_model_NXPCUP_2026.v2-v1_yolov8/content/NXPCUP_2026.v2-v1_a.yolov8/runs/eval/conf_sweep/conf_0.05) by extensions ['cmake', 'python']
[0.180s] Level 1:colcon.colcon_core.package_identification:_identify(created_model_NXPCUP_2026.v2-v1_yolov8/content/NXPCUP_2026.v2-v1_a.yolov8/runs/eval/conf_sweep/conf_0.05) by extension 'cmake'
[0.180s] Level 1:colcon.colcon_core.package_identification:_identify(created_model_NXPCUP_2026.v2-v1_yolov8/content/NXPCUP_2026.v2-v1_a.yolov8/runs/eval/conf_sweep/conf_0.05) by extension 'python'
[0.180s] Level 1:colcon.colcon_core.package_identification:_identify(created_model_NXPCUP_2026.v2-v1_yolov8/content/NXPCUP_2026.v2-v1_a.yolov8/runs/eval/conf_sweep/conf_0.05) by extensions ['python_setup_py']
[0.180s] Level 1:colcon.colcon_core.package_identification:_identify(created_model_NXPCUP_2026.v2-v1_yolov8/content/NXPCUP_2026.v2-v1_a.yolov8/runs/eval/conf_sweep/conf_0.05) by extension 'python_setup_py'
[0.180s] Level 1:colcon.colcon_core.package_identification:_identify(created_model_NXPCUP_2026.v2-v1_yolov8/content/NXPCUP_2026.v2-v1_a.yolov8/runs/eval/conf_sweep/conf_0.10) by extensions ['ignore', 'ignore_ament_install']
[0.180s] Level 1:colcon.colcon_core.package_identification:_identify(created_model_NXPCUP_2026.v2-v1_yolov8/content/NXPCUP_2026.v2-v1_a.yolov8/runs/eval/conf_sweep/conf_0.10) by extension 'ignore'
[0.180s] Level 1:colcon.colcon_core.package_identification:_identify(created_model_NXPCUP_2026.v2-v1_yolov8/content/NXPCUP_2026.v2-v1_a.yolov8/runs/eval/conf_sweep/conf_0.10) by extension 'ignore_ament_install'
[0.180s] Level 1:colcon.colcon_core.package_identification:_identify(created_model_NXPCUP_2026.v2-v1_yolov8/content/NXPCUP_2026.v2-v1_a.yolov8/runs/eval/conf_sweep/conf_0.10) by extensions ['colcon_pkg']
[0.180s] Level 1:colcon.colcon_core.package_identification:_identify(created_model_NXPCUP_2026.v2-v1_yolov8/content/NXPCUP_2026.v2-v1_a.yolov8/runs/eval/conf_sweep/conf_0.10) by extension 'colcon_pkg'
[0.180s] Level 1:colcon.colcon_core.package_identification:_identify(created_model_NXPCUP_2026.v2-v1_yolov8/content/NXPCUP_2026.v2-v1_a.yolov8/runs/eval/conf_sweep/conf_0.10) by extensions ['colcon_meta']
[0.180s] Level 1:colcon.colcon_core.package_identification:_identify(created_model_NXPCUP_2026.v2-v1_yolov8/content/NXPCUP_2026.v2-v1_a.yolov8/runs/eval/conf_sweep/conf_0.10) by extension 'colcon_meta'
[0.180s] Level 1:colcon.colcon_core.package_identification:_identify(created_model_NXPCUP_2026.v2-v1_yolov8/content/NXPCUP_2026.v2-v1_a.yolov8/runs/eval/conf_sweep/conf_0.10) by extensions ['ros']
[0.180s] Level 1:colcon.colcon_core.package_identification:_identify(created_model_NXPCUP_2026.v2-v1_yolov8/content/NXPCUP_2026.v2-v1_a.yolov8/runs/eval/conf_sweep/conf_0.10) by extension 'ros'
[0.180s] Level 1:colcon.colcon_core.package_identification:_identify(created_model_NXPCUP_2026.v2-v1_yolov8/content/NXPCUP_2026.v2-v1_a.yolov8/runs/eval/conf_sweep/conf_0.10) by extensions ['cmake', 'python']
[0.180s] Level 1:colcon.colcon_core.package_identification:_identify(created_model_NXPCUP_2026.v2-v1_yolov8/content/NXPCUP_2026.v2-v1_a.yolov8/runs/eval/conf_sweep/conf_0.10) by extension 'cmake'
[0.180s] Level 1:colcon.colcon_core.package_identification:_identify(created_model_NXPCUP_2026.v2-v1_yolov8/content/NXPCUP_2026.v2-v1_a.yolov8/runs/eval/conf_sweep/conf_0.10) by extension 'python'
[0.180s] Level 1:colcon.colcon_core.package_identification:_identify(created_model_NXPCUP_2026.v2-v1_yolov8/content/NXPCUP_2026.v2-v1_a.yolov8/runs/eval/conf_sweep/conf_0.10) by extensions ['python_setup_py']
[0.180s] Level 1:colcon.colcon_core.package_identification:_identify(created_model_NXPCUP_2026.v2-v1_yolov8/content/NXPCUP_2026.v2-v1_a.yolov8/runs/eval/conf_sweep/conf_0.10) by extension 'python_setup_py'
[0.180s] Level 1:colcon.colcon_core.package_identification:_identify(created_model_NXPCUP_2026.v2-v1_yolov8/content/NXPCUP_2026.v2-v1_a.yolov8/runs/eval/conf_sweep/conf_0.15) by extensions ['ignore', 'ignore_ament_install']
[0.180s] Level 1:colcon.colcon_core.package_identification:_identify(created_model_NXPCUP_2026.v2-v1_yolov8/content/NXPCUP_2026.v2-v1_a.yolov8/runs/eval/conf_sweep/conf_0.15) by extension 'ignore'
[0.180s] Level 1:colcon.colcon_core.package_identification:_identify(created_model_NXPCUP_2026.v2-v1_yolov8/content/NXPCUP_2026.v2-v1_a.yolov8/runs/eval/conf_sweep/conf_0.15) by extension 'ignore_ament_install'
[0.180s] Level 1:colcon.colcon_core.package_identification:_identify(created_model_NXPCUP_2026.v2-v1_yolov8/content/NXPCUP_2026.v2-v1_a.yolov8/runs/eval/conf_sweep/conf_0.15) by extensions ['colcon_pkg']
[0.180s] Level 1:colcon.colcon_core.package_identification:_identify(created_model_NXPCUP_2026.v2-v1_yolov8/content/NXPCUP_2026.v2-v1_a.yolov8/runs/eval/conf_sweep/conf_0.15) by extension 'colcon_pkg'
[0.180s] Level 1:colcon.colcon_core.package_identification:_identify(created_model_NXPCUP_2026.v2-v1_yolov8/content/NXPCUP_2026.v2-v1_a.yolov8/runs/eval/conf_sweep/conf_0.15) by extensions ['colcon_meta']
[0.180s] Level 1:colcon.colcon_core.package_identification:_identify(created_model_NXPCUP_2026.v2-v1_yolov8/content/NXPCUP_2026.v2-v1_a.yolov8/runs/eval/conf_sweep/conf_0.15) by extension 'colcon_meta'
[0.180s] Level 1:colcon.colcon_core.package_identification:_identify(created_model_NXPCUP_2026.v2-v1_yolov8/content/NXPCUP_2026.v2-v1_a.yolov8/runs/eval/conf_sweep/conf_0.15) by extensions ['ros']
[0.180s] Level 1:colcon.colcon_core.package_identification:_identify(created_model_NXPCUP_2026.v2-v1_yolov8/content/NXPCUP_2026.v2-v1_a.yolov8/runs/eval/conf_sweep/conf_0.15) by extension 'ros'
[0.180s] Level 1:colcon.colcon_core.package_identification:_identify(created_model_NXPCUP_2026.v2-v1_yolov8/content/NXPCUP_2026.v2-v1_a.yolov8/runs/eval/conf_sweep/conf_0.15) by extensions ['cmake', 'python']
[0.180s] Level 1:colcon.colcon_core.package_identification:_identify(created_model_NXPCUP_2026.v2-v1_yolov8/content/NXPCUP_2026.v2-v1_a.yolov8/runs/eval/conf_sweep/conf_0.15) by extension 'cmake'
[0.181s] Level 1:colcon.colcon_core.package_identification:_identify(created_model_NXPCUP_2026.v2-v1_yolov8/content/NXPCUP_2026.v2-v1_a.yolov8/runs/eval/conf_sweep/conf_0.15) by extension 'python'
[0.181s] Level 1:colcon.colcon_core.package_identification:_identify(created_model_NXPCUP_2026.v2-v1_yolov8/content/NXPCUP_2026.v2-v1_a.yolov8/runs/eval/conf_sweep/conf_0.15) by extensions ['python_setup_py']
[0.181s] Level 1:colcon.colcon_core.package_identification:_identify(created_model_NXPCUP_2026.v2-v1_yolov8/content/NXPCUP_2026.v2-v1_a.yolov8/runs/eval/conf_sweep/conf_0.15) by extension 'python_setup_py'
[0.181s] Level 1:colcon.colcon_core.package_identification:_identify(created_model_NXPCUP_2026.v2-v1_yolov8/content/NXPCUP_2026.v2-v1_a.yolov8/runs/eval/conf_sweep/conf_0.20) by extensions ['ignore', 'ignore_ament_install']
[0.181s] Level 1:colcon.colcon_core.package_identification:_identify(created_model_NXPCUP_2026.v2-v1_yolov8/content/NXPCUP_2026.v2-v1_a.yolov8/runs/eval/conf_sweep/conf_0.20) by extension 'ignore'
[0.181s] Level 1:colcon.colcon_core.package_identification:_identify(created_model_NXPCUP_2026.v2-v1_yolov8/content/NXPCUP_2026.v2-v1_a.yolov8/runs/eval/conf_sweep/conf_0.20) by extension 'ignore_ament_install'
[0.181s] Level 1:colcon.colcon_core.package_identification:_identify(created_model_NXPCUP_2026.v2-v1_yolov8/content/NXPCUP_2026.v2-v1_a.yolov8/runs/eval/conf_sweep/conf_0.20) by extensions ['colcon_pkg']
[0.181s] Level 1:colcon.colcon_core.package_identification:_identify(created_model_NXPCUP_2026.v2-v1_yolov8/content/NXPCUP_2026.v2-v1_a.yolov8/runs/eval/conf_sweep/conf_0.20) by extension 'colcon_pkg'
[0.181s] Level 1:colcon.colcon_core.package_identification:_identify(created_model_NXPCUP_2026.v2-v1_yolov8/content/NXPCUP_2026.v2-v1_a.yolov8/runs/eval/conf_sweep/conf_0.20) by extensions ['colcon_meta']
[0.181s] Level 1:colcon.colcon_core.package_identification:_identify(created_model_NXPCUP_2026.v2-v1_yolov8/content/NXPCUP_2026.v2-v1_a.yolov8/runs/eval/conf_sweep/conf_0.20) by extension 'colcon_meta'
[0.181s] Level 1:colcon.colcon_core.package_identification:_identify(created_model_NXPCUP_2026.v2-v1_yolov8/content/NXPCUP_2026.v2-v1_a.yolov8/runs/eval/conf_sweep/conf_0.20) by extensions ['ros']
[0.181s] Level 1:colcon.colcon_core.package_identification:_identify(created_model_NXPCUP_2026.v2-v1_yolov8/content/NXPCUP_2026.v2-v1_a.yolov8/runs/eval/conf_sweep/conf_0.20) by extension 'ros'
[0.181s] Level 1:colcon.colcon_core.package_identification:_identify(created_model_NXPCUP_2026.v2-v1_yolov8/content/NXPCUP_2026.v2-v1_a.yolov8/runs/eval/conf_sweep/conf_0.20) by extensions ['cmake', 'python']
[0.181s] Level 1:colcon.colcon_core.package_identification:_identify(created_model_NXPCUP_2026.v2-v1_yolov8/content/NXPCUP_2026.v2-v1_a.yolov8/runs/eval/conf_sweep/conf_0.20) by extension 'cmake'
[0.181s] Level 1:colcon.colcon_core.package_identification:_identify(created_model_NXPCUP_2026.v2-v1_yolov8/content/NXPCUP_2026.v2-v1_a.yolov8/runs/eval/conf_sweep/conf_0.20) by extension 'python'
[0.181s] Level 1:colcon.colcon_core.package_identification:_identify(created_model_NXPCUP_2026.v2-v1_yolov8/content/NXPCUP_2026.v2-v1_a.yolov8/runs/eval/conf_sweep/conf_0.20) by extensions ['python_setup_py']
[0.181s] Level 1:colcon.colcon_core.package_identification:_identify(created_model_NXPCUP_2026.v2-v1_yolov8/content/NXPCUP_2026.v2-v1_a.yolov8/runs/eval/conf_sweep/conf_0.20) by extension 'python_setup_py'
[0.181s] Level 1:colcon.colcon_core.package_identification:_identify(created_model_NXPCUP_2026.v2-v1_yolov8/content/NXPCUP_2026.v2-v1_a.yolov8/runs/eval/conf_sweep/conf_0.25) by extensions ['ignore', 'ignore_ament_install']
[0.181s] Level 1:colcon.colcon_core.package_identification:_identify(created_model_NXPCUP_2026.v2-v1_yolov8/content/NXPCUP_2026.v2-v1_a.yolov8/runs/eval/conf_sweep/conf_0.25) by extension 'ignore'
[0.181s] Level 1:colcon.colcon_core.package_identification:_identify(created_model_NXPCUP_2026.v2-v1_yolov8/content/NXPCUP_2026.v2-v1_a.yolov8/runs/eval/conf_sweep/conf_0.25) by extension 'ignore_ament_install'
[0.181s] Level 1:colcon.colcon_core.package_identification:_identify(created_model_NXPCUP_2026.v2-v1_yolov8/content/NXPCUP_2026.v2-v1_a.yolov8/runs/eval/conf_sweep/conf_0.25) by extensions ['colcon_pkg']
[0.181s] Level 1:colcon.colcon_core.package_identification:_identify(created_model_NXPCUP_2026.v2-v1_yolov8/content/NXPCUP_2026.v2-v1_a.yolov8/runs/eval/conf_sweep/conf_0.25) by extension 'colcon_pkg'
[0.181s] Level 1:colcon.colcon_core.package_identification:_identify(created_model_NXPCUP_2026.v2-v1_yolov8/content/NXPCUP_2026.v2-v1_a.yolov8/runs/eval/conf_sweep/conf_0.25) by extensions ['colcon_meta']
[0.181s] Level 1:colcon.colcon_core.package_identification:_identify(created_model_NXPCUP_2026.v2-v1_yolov8/content/NXPCUP_2026.v2-v1_a.yolov8/runs/eval/conf_sweep/conf_0.25) by extension 'colcon_meta'
[0.181s] Level 1:colcon.colcon_core.package_identification:_identify(created_model_NXPCUP_2026.v2-v1_yolov8/content/NXPCUP_2026.v2-v1_a.yolov8/runs/eval/conf_sweep/conf_0.25) by extensions ['ros']
[0.181s] Level 1:colcon.colcon_core.package_identification:_identify(created_model_NXPCUP_2026.v2-v1_yolov8/content/NXPCUP_2026.v2-v1_a.yolov8/runs/eval/conf_sweep/conf_0.25) by extension 'ros'
[0.181s] Level 1:colcon.colcon_core.package_identification:_identify(created_model_NXPCUP_2026.v2-v1_yolov8/content/NXPCUP_2026.v2-v1_a.yolov8/runs/eval/conf_sweep/conf_0.25) by extensions ['cmake', 'python']
[0.181s] Level 1:colcon.colcon_core.package_identification:_identify(created_model_NXPCUP_2026.v2-v1_yolov8/content/NXPCUP_2026.v2-v1_a.yolov8/runs/eval/conf_sweep/conf_0.25) by extension 'cmake'
[0.181s] Level 1:colcon.colcon_core.package_identification:_identify(created_model_NXPCUP_2026.v2-v1_yolov8/content/NXPCUP_2026.v2-v1_a.yolov8/runs/eval/conf_sweep/conf_0.25) by extension 'python'
[0.181s] Level 1:colcon.colcon_core.package_identification:_identify(created_model_NXPCUP_2026.v2-v1_yolov8/content/NXPCUP_2026.v2-v1_a.yolov8/runs/eval/conf_sweep/conf_0.25) by extensions ['python_setup_py']
[0.181s] Level 1:colcon.colcon_core.package_identification:_identify(created_model_NXPCUP_2026.v2-v1_yolov8/content/NXPCUP_2026.v2-v1_a.yolov8/runs/eval/conf_sweep/conf_0.25) by extension 'python_setup_py'
[0.181s] Level 1:colcon.colcon_core.package_identification:_identify(created_model_NXPCUP_2026.v2-v1_yolov8/content/NXPCUP_2026.v2-v1_a.yolov8/runs/eval/conf_sweep/conf_0.30) by extensions ['ignore', 'ignore_ament_install']
[0.181s] Level 1:colcon.colcon_core.package_identification:_identify(created_model_NXPCUP_2026.v2-v1_yolov8/content/NXPCUP_2026.v2-v1_a.yolov8/runs/eval/conf_sweep/conf_0.30) by extension 'ignore'
[0.181s] Level 1:colcon.colcon_core.package_identification:_identify(created_model_NXPCUP_2026.v2-v1_yolov8/content/NXPCUP_2026.v2-v1_a.yolov8/runs/eval/conf_sweep/conf_0.30) by extension 'ignore_ament_install'
[0.181s] Level 1:colcon.colcon_core.package_identification:_identify(created_model_NXPCUP_2026.v2-v1_yolov8/content/NXPCUP_2026.v2-v1_a.yolov8/runs/eval/conf_sweep/conf_0.30) by extensions ['colcon_pkg']
[0.181s] Level 1:colcon.colcon_core.package_identification:_identify(created_model_NXPCUP_2026.v2-v1_yolov8/content/NXPCUP_2026.v2-v1_a.yolov8/runs/eval/conf_sweep/conf_0.30) by extension 'colcon_pkg'
[0.181s] Level 1:colcon.colcon_core.package_identification:_identify(created_model_NXPCUP_2026.v2-v1_yolov8/content/NXPCUP_2026.v2-v1_a.yolov8/runs/eval/conf_sweep/conf_0.30) by extensions ['colcon_meta']
[0.181s] Level 1:colcon.colcon_core.package_identification:_identify(created_model_NXPCUP_2026.v2-v1_yolov8/content/NXPCUP_2026.v2-v1_a.yolov8/runs/eval/conf_sweep/conf_0.30) by extension 'colcon_meta'
[0.181s] Level 1:colcon.colcon_core.package_identification:_identify(created_model_NXPCUP_2026.v2-v1_yolov8/content/NXPCUP_2026.v2-v1_a.yolov8/runs/eval/conf_sweep/conf_0.30) by extensions ['ros']
[0.181s] Level 1:colcon.colcon_core.package_identification:_identify(created_model_NXPCUP_2026.v2-v1_yolov8/content/NXPCUP_2026.v2-v1_a.yolov8/runs/eval/conf_sweep/conf_0.30) by extension 'ros'
[0.182s] Level 1:colcon.colcon_core.package_identification:_identify(created_model_NXPCUP_2026.v2-v1_yolov8/content/NXPCUP_2026.v2-v1_a.yolov8/runs/eval/conf_sweep/conf_0.30) by extensions ['cmake', 'python']
[0.182s] Level 1:colcon.colcon_core.package_identification:_identify(created_model_NXPCUP_2026.v2-v1_yolov8/content/NXPCUP_2026.v2-v1_a.yolov8/runs/eval/conf_sweep/conf_0.30) by extension 'cmake'
[0.182s] Level 1:colcon.colcon_core.package_identification:_identify(created_model_NXPCUP_2026.v2-v1_yolov8/content/NXPCUP_2026.v2-v1_a.yolov8/runs/eval/conf_sweep/conf_0.30) by extension 'python'
[0.182s] Level 1:colcon.colcon_core.package_identification:_identify(created_model_NXPCUP_2026.v2-v1_yolov8/content/NXPCUP_2026.v2-v1_a.yolov8/runs/eval/conf_sweep/conf_0.30) by extensions ['python_setup_py']
[0.182s] Level 1:colcon.colcon_core.package_identification:_identify(created_model_NXPCUP_2026.v2-v1_yolov8/content/NXPCUP_2026.v2-v1_a.yolov8/runs/eval/conf_sweep/conf_0.30) by extension 'python_setup_py'
[0.182s] Level 1:colcon.colcon_core.package_identification:_identify(created_model_NXPCUP_2026.v2-v1_yolov8/content/NXPCUP_2026.v2-v1_a.yolov8/runs/eval/conf_sweep/conf_0.35) by extensions ['ignore', 'ignore_ament_install']
[0.182s] Level 1:colcon.colcon_core.package_identification:_identify(created_model_NXPCUP_2026.v2-v1_yolov8/content/NXPCUP_2026.v2-v1_a.yolov8/runs/eval/conf_sweep/conf_0.35) by extension 'ignore'
[0.182s] Level 1:colcon.colcon_core.package_identification:_identify(created_model_NXPCUP_2026.v2-v1_yolov8/content/NXPCUP_2026.v2-v1_a.yolov8/runs/eval/conf_sweep/conf_0.35) by extension 'ignore_ament_install'
[0.182s] Level 1:colcon.colcon_core.package_identification:_identify(created_model_NXPCUP_2026.v2-v1_yolov8/content/NXPCUP_2026.v2-v1_a.yolov8/runs/eval/conf_sweep/conf_0.35) by extensions ['colcon_pkg']
[0.182s] Level 1:colcon.colcon_core.package_identification:_identify(created_model_NXPCUP_2026.v2-v1_yolov8/content/NXPCUP_2026.v2-v1_a.yolov8/runs/eval/conf_sweep/conf_0.35) by extension 'colcon_pkg'
[0.182s] Level 1:colcon.colcon_core.package_identification:_identify(created_model_NXPCUP_2026.v2-v1_yolov8/content/NXPCUP_2026.v2-v1_a.yolov8/runs/eval/conf_sweep/conf_0.35) by extensions ['colcon_meta']
[0.182s] Level 1:colcon.colcon_core.package_identification:_identify(created_model_NXPCUP_2026.v2-v1_yolov8/content/NXPCUP_2026.v2-v1_a.yolov8/runs/eval/conf_sweep/conf_0.35) by extension 'colcon_meta'
[0.182s] Level 1:colcon.colcon_core.package_identification:_identify(created_model_NXPCUP_2026.v2-v1_yolov8/content/NXPCUP_2026.v2-v1_a.yolov8/runs/eval/conf_sweep/conf_0.35) by extensions ['ros']
[0.182s] Level 1:colcon.colcon_core.package_identification:_identify(created_model_NXPCUP_2026.v2-v1_yolov8/content/NXPCUP_2026.v2-v1_a.yolov8/runs/eval/conf_sweep/conf_0.35) by extension 'ros'
[0.182s] Level 1:colcon.colcon_core.package_identification:_identify(created_model_NXPCUP_2026.v2-v1_yolov8/content/NXPCUP_2026.v2-v1_a.yolov8/runs/eval/conf_sweep/conf_0.35) by extensions ['cmake', 'python']
[0.182s] Level 1:colcon.colcon_core.package_identification:_identify(created_model_NXPCUP_2026.v2-v1_yolov8/content/NXPCUP_2026.v2-v1_a.yolov8/runs/eval/conf_sweep/conf_0.35) by extension 'cmake'
[0.182s] Level 1:colcon.colcon_core.package_identification:_identify(created_model_NXPCUP_2026.v2-v1_yolov8/content/NXPCUP_2026.v2-v1_a.yolov8/runs/eval/conf_sweep/conf_0.35) by extension 'python'
[0.182s] Level 1:colcon.colcon_core.package_identification:_identify(created_model_NXPCUP_2026.v2-v1_yolov8/content/NXPCUP_2026.v2-v1_a.yolov8/runs/eval/conf_sweep/conf_0.35) by extensions ['python_setup_py']
[0.182s] Level 1:colcon.colcon_core.package_identification:_identify(created_model_NXPCUP_2026.v2-v1_yolov8/content/NXPCUP_2026.v2-v1_a.yolov8/runs/eval/conf_sweep/conf_0.35) by extension 'python_setup_py'
[0.182s] Level 1:colcon.colcon_core.package_identification:_identify(created_model_NXPCUP_2026.v2-v1_yolov8/content/NXPCUP_2026.v2-v1_a.yolov8/runs/eval/conf_sweep/conf_0.40) by extensions ['ignore', 'ignore_ament_install']
[0.182s] Level 1:colcon.colcon_core.package_identification:_identify(created_model_NXPCUP_2026.v2-v1_yolov8/content/NXPCUP_2026.v2-v1_a.yolov8/runs/eval/conf_sweep/conf_0.40) by extension 'ignore'
[0.182s] Level 1:colcon.colcon_core.package_identification:_identify(created_model_NXPCUP_2026.v2-v1_yolov8/content/NXPCUP_2026.v2-v1_a.yolov8/runs/eval/conf_sweep/conf_0.40) by extension 'ignore_ament_install'
[0.182s] Level 1:colcon.colcon_core.package_identification:_identify(created_model_NXPCUP_2026.v2-v1_yolov8/content/NXPCUP_2026.v2-v1_a.yolov8/runs/eval/conf_sweep/conf_0.40) by extensions ['colcon_pkg']
[0.182s] Level 1:colcon.colcon_core.package_identification:_identify(created_model_NXPCUP_2026.v2-v1_yolov8/content/NXPCUP_2026.v2-v1_a.yolov8/runs/eval/conf_sweep/conf_0.40) by extension 'colcon_pkg'
[0.182s] Level 1:colcon.colcon_core.package_identification:_identify(created_model_NXPCUP_2026.v2-v1_yolov8/content/NXPCUP_2026.v2-v1_a.yolov8/runs/eval/conf_sweep/conf_0.40) by extensions ['colcon_meta']
[0.182s] Level 1:colcon.colcon_core.package_identification:_identify(created_model_NXPCUP_2026.v2-v1_yolov8/content/NXPCUP_2026.v2-v1_a.yolov8/runs/eval/conf_sweep/conf_0.40) by extension 'colcon_meta'
[0.182s] Level 1:colcon.colcon_core.package_identification:_identify(created_model_NXPCUP_2026.v2-v1_yolov8/content/NXPCUP_2026.v2-v1_a.yolov8/runs/eval/conf_sweep/conf_0.40) by extensions ['ros']
[0.182s] Level 1:colcon.colcon_core.package_identification:_identify(created_model_NXPCUP_2026.v2-v1_yolov8/content/NXPCUP_2026.v2-v1_a.yolov8/runs/eval/conf_sweep/conf_0.40) by extension 'ros'
[0.182s] Level 1:colcon.colcon_core.package_identification:_identify(created_model_NXPCUP_2026.v2-v1_yolov8/content/NXPCUP_2026.v2-v1_a.yolov8/runs/eval/conf_sweep/conf_0.40) by extensions ['cmake', 'python']
[0.182s] Level 1:colcon.colcon_core.package_identification:_identify(created_model_NXPCUP_2026.v2-v1_yolov8/content/NXPCUP_2026.v2-v1_a.yolov8/runs/eval/conf_sweep/conf_0.40) by extension 'cmake'
[0.182s] Level 1:colcon.colcon_core.package_identification:_identify(created_model_NXPCUP_2026.v2-v1_yolov8/content/NXPCUP_2026.v2-v1_a.yolov8/runs/eval/conf_sweep/conf_0.40) by extension 'python'
[0.182s] Level 1:colcon.colcon_core.package_identification:_identify(created_model_NXPCUP_2026.v2-v1_yolov8/content/NXPCUP_2026.v2-v1_a.yolov8/runs/eval/conf_sweep/conf_0.40) by extensions ['python_setup_py']
[0.182s] Level 1:colcon.colcon_core.package_identification:_identify(created_model_NXPCUP_2026.v2-v1_yolov8/content/NXPCUP_2026.v2-v1_a.yolov8/runs/eval/conf_sweep/conf_0.40) by extension 'python_setup_py'
[0.182s] Level 1:colcon.colcon_core.package_identification:_identify(created_model_NXPCUP_2026.v2-v1_yolov8/content/NXPCUP_2026.v2-v1_a.yolov8/runs/eval/conf_sweep/conf_0.45) by extensions ['ignore', 'ignore_ament_install']
[0.182s] Level 1:colcon.colcon_core.package_identification:_identify(created_model_NXPCUP_2026.v2-v1_yolov8/content/NXPCUP_2026.v2-v1_a.yolov8/runs/eval/conf_sweep/conf_0.45) by extension 'ignore'
[0.182s] Level 1:colcon.colcon_core.package_identification:_identify(created_model_NXPCUP_2026.v2-v1_yolov8/content/NXPCUP_2026.v2-v1_a.yolov8/runs/eval/conf_sweep/conf_0.45) by extension 'ignore_ament_install'
[0.182s] Level 1:colcon.colcon_core.package_identification:_identify(created_model_NXPCUP_2026.v2-v1_yolov8/content/NXPCUP_2026.v2-v1_a.yolov8/runs/eval/conf_sweep/conf_0.45) by extensions ['colcon_pkg']
[0.182s] Level 1:colcon.colcon_core.package_identification:_identify(created_model_NXPCUP_2026.v2-v1_yolov8/content/NXPCUP_2026.v2-v1_a.yolov8/runs/eval/conf_sweep/conf_0.45) by extension 'colcon_pkg'
[0.183s] Level 1:colcon.colcon_core.package_identification:_identify(created_model_NXPCUP_2026.v2-v1_yolov8/content/NXPCUP_2026.v2-v1_a.yolov8/runs/eval/conf_sweep/conf_0.45) by extensions ['colcon_meta']
[0.183s] Level 1:colcon.colcon_core.package_identification:_identify(created_model_NXPCUP_2026.v2-v1_yolov8/content/NXPCUP_2026.v2-v1_a.yolov8/runs/eval/conf_sweep/conf_0.45) by extension 'colcon_meta'
[0.183s] Level 1:colcon.colcon_core.package_identification:_identify(created_model_NXPCUP_2026.v2-v1_yolov8/content/NXPCUP_2026.v2-v1_a.yolov8/runs/eval/conf_sweep/conf_0.45) by extensions ['ros']
[0.183s] Level 1:colcon.colcon_core.package_identification:_identify(created_model_NXPCUP_2026.v2-v1_yolov8/content/NXPCUP_2026.v2-v1_a.yolov8/runs/eval/conf_sweep/conf_0.45) by extension 'ros'
[0.183s] Level 1:colcon.colcon_core.package_identification:_identify(created_model_NXPCUP_2026.v2-v1_yolov8/content/NXPCUP_2026.v2-v1_a.yolov8/runs/eval/conf_sweep/conf_0.45) by extensions ['cmake', 'python']
[0.183s] Level 1:colcon.colcon_core.package_identification:_identify(created_model_NXPCUP_2026.v2-v1_yolov8/content/NXPCUP_2026.v2-v1_a.yolov8/runs/eval/conf_sweep/conf_0.45) by extension 'cmake'
[0.183s] Level 1:colcon.colcon_core.package_identification:_identify(created_model_NXPCUP_2026.v2-v1_yolov8/content/NXPCUP_2026.v2-v1_a.yolov8/runs/eval/conf_sweep/conf_0.45) by extension 'python'
[0.183s] Level 1:colcon.colcon_core.package_identification:_identify(created_model_NXPCUP_2026.v2-v1_yolov8/content/NXPCUP_2026.v2-v1_a.yolov8/runs/eval/conf_sweep/conf_0.45) by extensions ['python_setup_py']
[0.183s] Level 1:colcon.colcon_core.package_identification:_identify(created_model_NXPCUP_2026.v2-v1_yolov8/content/NXPCUP_2026.v2-v1_a.yolov8/runs/eval/conf_sweep/conf_0.45) by extension 'python_setup_py'
[0.183s] Level 1:colcon.colcon_core.package_identification:_identify(created_model_NXPCUP_2026.v2-v1_yolov8/content/NXPCUP_2026.v2-v1_a.yolov8/runs/eval/conf_sweep/conf_0.50) by extensions ['ignore', 'ignore_ament_install']
[0.183s] Level 1:colcon.colcon_core.package_identification:_identify(created_model_NXPCUP_2026.v2-v1_yolov8/content/NXPCUP_2026.v2-v1_a.yolov8/runs/eval/conf_sweep/conf_0.50) by extension 'ignore'
[0.183s] Level 1:colcon.colcon_core.package_identification:_identify(created_model_NXPCUP_2026.v2-v1_yolov8/content/NXPCUP_2026.v2-v1_a.yolov8/runs/eval/conf_sweep/conf_0.50) by extension 'ignore_ament_install'
[0.183s] Level 1:colcon.colcon_core.package_identification:_identify(created_model_NXPCUP_2026.v2-v1_yolov8/content/NXPCUP_2026.v2-v1_a.yolov8/runs/eval/conf_sweep/conf_0.50) by extensions ['colcon_pkg']
[0.183s] Level 1:colcon.colcon_core.package_identification:_identify(created_model_NXPCUP_2026.v2-v1_yolov8/content/NXPCUP_2026.v2-v1_a.yolov8/runs/eval/conf_sweep/conf_0.50) by extension 'colcon_pkg'
[0.183s] Level 1:colcon.colcon_core.package_identification:_identify(created_model_NXPCUP_2026.v2-v1_yolov8/content/NXPCUP_2026.v2-v1_a.yolov8/runs/eval/conf_sweep/conf_0.50) by extensions ['colcon_meta']
[0.183s] Level 1:colcon.colcon_core.package_identification:_identify(created_model_NXPCUP_2026.v2-v1_yolov8/content/NXPCUP_2026.v2-v1_a.yolov8/runs/eval/conf_sweep/conf_0.50) by extension 'colcon_meta'
[0.183s] Level 1:colcon.colcon_core.package_identification:_identify(created_model_NXPCUP_2026.v2-v1_yolov8/content/NXPCUP_2026.v2-v1_a.yolov8/runs/eval/conf_sweep/conf_0.50) by extensions ['ros']
[0.183s] Level 1:colcon.colcon_core.package_identification:_identify(created_model_NXPCUP_2026.v2-v1_yolov8/content/NXPCUP_2026.v2-v1_a.yolov8/runs/eval/conf_sweep/conf_0.50) by extension 'ros'
[0.183s] Level 1:colcon.colcon_core.package_identification:_identify(created_model_NXPCUP_2026.v2-v1_yolov8/content/NXPCUP_2026.v2-v1_a.yolov8/runs/eval/conf_sweep/conf_0.50) by extensions ['cmake', 'python']
[0.183s] Level 1:colcon.colcon_core.package_identification:_identify(created_model_NXPCUP_2026.v2-v1_yolov8/content/NXPCUP_2026.v2-v1_a.yolov8/runs/eval/conf_sweep/conf_0.50) by extension 'cmake'
[0.183s] Level 1:colcon.colcon_core.package_identification:_identify(created_model_NXPCUP_2026.v2-v1_yolov8/content/NXPCUP_2026.v2-v1_a.yolov8/runs/eval/conf_sweep/conf_0.50) by extension 'python'
[0.183s] Level 1:colcon.colcon_core.package_identification:_identify(created_model_NXPCUP_2026.v2-v1_yolov8/content/NXPCUP_2026.v2-v1_a.yolov8/runs/eval/conf_sweep/conf_0.50) by extensions ['python_setup_py']
[0.183s] Level 1:colcon.colcon_core.package_identification:_identify(created_model_NXPCUP_2026.v2-v1_yolov8/content/NXPCUP_2026.v2-v1_a.yolov8/runs/eval/conf_sweep/conf_0.50) by extension 'python_setup_py'
[0.183s] Level 1:colcon.colcon_core.package_identification:_identify(created_model_NXPCUP_2026.v2-v1_yolov8/content/NXPCUP_2026.v2-v1_a.yolov8/runs/eval/conf_sweep/conf_0.55) by extensions ['ignore', 'ignore_ament_install']
[0.183s] Level 1:colcon.colcon_core.package_identification:_identify(created_model_NXPCUP_2026.v2-v1_yolov8/content/NXPCUP_2026.v2-v1_a.yolov8/runs/eval/conf_sweep/conf_0.55) by extension 'ignore'
[0.183s] Level 1:colcon.colcon_core.package_identification:_identify(created_model_NXPCUP_2026.v2-v1_yolov8/content/NXPCUP_2026.v2-v1_a.yolov8/runs/eval/conf_sweep/conf_0.55) by extension 'ignore_ament_install'
[0.183s] Level 1:colcon.colcon_core.package_identification:_identify(created_model_NXPCUP_2026.v2-v1_yolov8/content/NXPCUP_2026.v2-v1_a.yolov8/runs/eval/conf_sweep/conf_0.55) by extensions ['colcon_pkg']
[0.183s] Level 1:colcon.colcon_core.package_identification:_identify(created_model_NXPCUP_2026.v2-v1_yolov8/content/NXPCUP_2026.v2-v1_a.yolov8/runs/eval/conf_sweep/conf_0.55) by extension 'colcon_pkg'
[0.183s] Level 1:colcon.colcon_core.package_identification:_identify(created_model_NXPCUP_2026.v2-v1_yolov8/content/NXPCUP_2026.v2-v1_a.yolov8/runs/eval/conf_sweep/conf_0.55) by extensions ['colcon_meta']
[0.183s] Level 1:colcon.colcon_core.package_identification:_identify(created_model_NXPCUP_2026.v2-v1_yolov8/content/NXPCUP_2026.v2-v1_a.yolov8/runs/eval/conf_sweep/conf_0.55) by extension 'colcon_meta'
[0.183s] Level 1:colcon.colcon_core.package_identification:_identify(created_model_NXPCUP_2026.v2-v1_yolov8/content/NXPCUP_2026.v2-v1_a.yolov8/runs/eval/conf_sweep/conf_0.55) by extensions ['ros']
[0.183s] Level 1:colcon.colcon_core.package_identification:_identify(created_model_NXPCUP_2026.v2-v1_yolov8/content/NXPCUP_2026.v2-v1_a.yolov8/runs/eval/conf_sweep/conf_0.55) by extension 'ros'
[0.183s] Level 1:colcon.colcon_core.package_identification:_identify(created_model_NXPCUP_2026.v2-v1_yolov8/content/NXPCUP_2026.v2-v1_a.yolov8/runs/eval/conf_sweep/conf_0.55) by extensions ['cmake', 'python']
[0.183s] Level 1:colcon.colcon_core.package_identification:_identify(created_model_NXPCUP_2026.v2-v1_yolov8/content/NXPCUP_2026.v2-v1_a.yolov8/runs/eval/conf_sweep/conf_0.55) by extension 'cmake'
[0.183s] Level 1:colcon.colcon_core.package_identification:_identify(created_model_NXPCUP_2026.v2-v1_yolov8/content/NXPCUP_2026.v2-v1_a.yolov8/runs/eval/conf_sweep/conf_0.55) by extension 'python'
[0.183s] Level 1:colcon.colcon_core.package_identification:_identify(created_model_NXPCUP_2026.v2-v1_yolov8/content/NXPCUP_2026.v2-v1_a.yolov8/runs/eval/conf_sweep/conf_0.55) by extensions ['python_setup_py']
[0.183s] Level 1:colcon.colcon_core.package_identification:_identify(created_model_NXPCUP_2026.v2-v1_yolov8/content/NXPCUP_2026.v2-v1_a.yolov8/runs/eval/conf_sweep/conf_0.55) by extension 'python_setup_py'
[0.183s] Level 1:colcon.colcon_core.package_identification:_identify(created_model_NXPCUP_2026.v2-v1_yolov8/content/NXPCUP_2026.v2-v1_a.yolov8/runs/eval/conf_sweep/conf_0.60) by extensions ['ignore', 'ignore_ament_install']
[0.184s] Level 1:colcon.colcon_core.package_identification:_identify(created_model_NXPCUP_2026.v2-v1_yolov8/content/NXPCUP_2026.v2-v1_a.yolov8/runs/eval/conf_sweep/conf_0.60) by extension 'ignore'
[0.184s] Level 1:colcon.colcon_core.package_identification:_identify(created_model_NXPCUP_2026.v2-v1_yolov8/content/NXPCUP_2026.v2-v1_a.yolov8/runs/eval/conf_sweep/conf_0.60) by extension 'ignore_ament_install'
[0.184s] Level 1:colcon.colcon_core.package_identification:_identify(created_model_NXPCUP_2026.v2-v1_yolov8/content/NXPCUP_2026.v2-v1_a.yolov8/runs/eval/conf_sweep/conf_0.60) by extensions ['colcon_pkg']
[0.184s] Level 1:colcon.colcon_core.package_identification:_identify(created_model_NXPCUP_2026.v2-v1_yolov8/content/NXPCUP_2026.v2-v1_a.yolov8/runs/eval/conf_sweep/conf_0.60) by extension 'colcon_pkg'
[0.184s] Level 1:colcon.colcon_core.package_identification:_identify(created_model_NXPCUP_2026.v2-v1_yolov8/content/NXPCUP_2026.v2-v1_a.yolov8/runs/eval/conf_sweep/conf_0.60) by extensions ['colcon_meta']
[0.184s] Level 1:colcon.colcon_core.package_identification:_identify(created_model_NXPCUP_2026.v2-v1_yolov8/content/NXPCUP_2026.v2-v1_a.yolov8/runs/eval/conf_sweep/conf_0.60) by extension 'colcon_meta'
[0.184s] Level 1:colcon.colcon_core.package_identification:_identify(created_model_NXPCUP_2026.v2-v1_yolov8/content/NXPCUP_2026.v2-v1_a.yolov8/runs/eval/conf_sweep/conf_0.60) by extensions ['ros']
[0.184s] Level 1:colcon.colcon_core.package_identification:_identify(created_model_NXPCUP_2026.v2-v1_yolov8/content/NXPCUP_2026.v2-v1_a.yolov8/runs/eval/conf_sweep/conf_0.60) by extension 'ros'
[0.184s] Level 1:colcon.colcon_core.package_identification:_identify(created_model_NXPCUP_2026.v2-v1_yolov8/content/NXPCUP_2026.v2-v1_a.yolov8/runs/eval/conf_sweep/conf_0.60) by extensions ['cmake', 'python']
[0.184s] Level 1:colcon.colcon_core.package_identification:_identify(created_model_NXPCUP_2026.v2-v1_yolov8/content/NXPCUP_2026.v2-v1_a.yolov8/runs/eval/conf_sweep/conf_0.60) by extension 'cmake'
[0.184s] Level 1:colcon.colcon_core.package_identification:_identify(created_model_NXPCUP_2026.v2-v1_yolov8/content/NXPCUP_2026.v2-v1_a.yolov8/runs/eval/conf_sweep/conf_0.60) by extension 'python'
[0.184s] Level 1:colcon.colcon_core.package_identification:_identify(created_model_NXPCUP_2026.v2-v1_yolov8/content/NXPCUP_2026.v2-v1_a.yolov8/runs/eval/conf_sweep/conf_0.60) by extensions ['python_setup_py']
[0.184s] Level 1:colcon.colcon_core.package_identification:_identify(created_model_NXPCUP_2026.v2-v1_yolov8/content/NXPCUP_2026.v2-v1_a.yolov8/runs/eval/conf_sweep/conf_0.60) by extension 'python_setup_py'
[0.184s] Level 1:colcon.colcon_core.package_identification:_identify(created_model_NXPCUP_2026.v2-v1_yolov8/content/NXPCUP_2026.v2-v1_a.yolov8/runs/eval/conf_sweep/conf_0.65) by extensions ['ignore', 'ignore_ament_install']
[0.184s] Level 1:colcon.colcon_core.package_identification:_identify(created_model_NXPCUP_2026.v2-v1_yolov8/content/NXPCUP_2026.v2-v1_a.yolov8/runs/eval/conf_sweep/conf_0.65) by extension 'ignore'
[0.184s] Level 1:colcon.colcon_core.package_identification:_identify(created_model_NXPCUP_2026.v2-v1_yolov8/content/NXPCUP_2026.v2-v1_a.yolov8/runs/eval/conf_sweep/conf_0.65) by extension 'ignore_ament_install'
[0.184s] Level 1:colcon.colcon_core.package_identification:_identify(created_model_NXPCUP_2026.v2-v1_yolov8/content/NXPCUP_2026.v2-v1_a.yolov8/runs/eval/conf_sweep/conf_0.65) by extensions ['colcon_pkg']
[0.184s] Level 1:colcon.colcon_core.package_identification:_identify(created_model_NXPCUP_2026.v2-v1_yolov8/content/NXPCUP_2026.v2-v1_a.yolov8/runs/eval/conf_sweep/conf_0.65) by extension 'colcon_pkg'
[0.184s] Level 1:colcon.colcon_core.package_identification:_identify(created_model_NXPCUP_2026.v2-v1_yolov8/content/NXPCUP_2026.v2-v1_a.yolov8/runs/eval/conf_sweep/conf_0.65) by extensions ['colcon_meta']
[0.184s] Level 1:colcon.colcon_core.package_identification:_identify(created_model_NXPCUP_2026.v2-v1_yolov8/content/NXPCUP_2026.v2-v1_a.yolov8/runs/eval/conf_sweep/conf_0.65) by extension 'colcon_meta'
[0.184s] Level 1:colcon.colcon_core.package_identification:_identify(created_model_NXPCUP_2026.v2-v1_yolov8/content/NXPCUP_2026.v2-v1_a.yolov8/runs/eval/conf_sweep/conf_0.65) by extensions ['ros']
[0.184s] Level 1:colcon.colcon_core.package_identification:_identify(created_model_NXPCUP_2026.v2-v1_yolov8/content/NXPCUP_2026.v2-v1_a.yolov8/runs/eval/conf_sweep/conf_0.65) by extension 'ros'
[0.184s] Level 1:colcon.colcon_core.package_identification:_identify(created_model_NXPCUP_2026.v2-v1_yolov8/content/NXPCUP_2026.v2-v1_a.yolov8/runs/eval/conf_sweep/conf_0.65) by extensions ['cmake', 'python']
[0.184s] Level 1:colcon.colcon_core.package_identification:_identify(created_model_NXPCUP_2026.v2-v1_yolov8/content/NXPCUP_2026.v2-v1_a.yolov8/runs/eval/conf_sweep/conf_0.65) by extension 'cmake'
[0.184s] Level 1:colcon.colcon_core.package_identification:_identify(created_model_NXPCUP_2026.v2-v1_yolov8/content/NXPCUP_2026.v2-v1_a.yolov8/runs/eval/conf_sweep/conf_0.65) by extension 'python'
[0.184s] Level 1:colcon.colcon_core.package_identification:_identify(created_model_NXPCUP_2026.v2-v1_yolov8/content/NXPCUP_2026.v2-v1_a.yolov8/runs/eval/conf_sweep/conf_0.65) by extensions ['python_setup_py']
[0.184s] Level 1:colcon.colcon_core.package_identification:_identify(created_model_NXPCUP_2026.v2-v1_yolov8/content/NXPCUP_2026.v2-v1_a.yolov8/runs/eval/conf_sweep/conf_0.65) by extension 'python_setup_py'
[0.184s] Level 1:colcon.colcon_core.package_identification:_identify(created_model_NXPCUP_2026.v2-v1_yolov8/content/NXPCUP_2026.v2-v1_a.yolov8/runs/eval/conf_sweep/conf_0.70) by extensions ['ignore', 'ignore_ament_install']
[0.184s] Level 1:colcon.colcon_core.package_identification:_identify(created_model_NXPCUP_2026.v2-v1_yolov8/content/NXPCUP_2026.v2-v1_a.yolov8/runs/eval/conf_sweep/conf_0.70) by extension 'ignore'
[0.184s] Level 1:colcon.colcon_core.package_identification:_identify(created_model_NXPCUP_2026.v2-v1_yolov8/content/NXPCUP_2026.v2-v1_a.yolov8/runs/eval/conf_sweep/conf_0.70) by extension 'ignore_ament_install'
[0.184s] Level 1:colcon.colcon_core.package_identification:_identify(created_model_NXPCUP_2026.v2-v1_yolov8/content/NXPCUP_2026.v2-v1_a.yolov8/runs/eval/conf_sweep/conf_0.70) by extensions ['colcon_pkg']
[0.184s] Level 1:colcon.colcon_core.package_identification:_identify(created_model_NXPCUP_2026.v2-v1_yolov8/content/NXPCUP_2026.v2-v1_a.yolov8/runs/eval/conf_sweep/conf_0.70) by extension 'colcon_pkg'
[0.184s] Level 1:colcon.colcon_core.package_identification:_identify(created_model_NXPCUP_2026.v2-v1_yolov8/content/NXPCUP_2026.v2-v1_a.yolov8/runs/eval/conf_sweep/conf_0.70) by extensions ['colcon_meta']
[0.184s] Level 1:colcon.colcon_core.package_identification:_identify(created_model_NXPCUP_2026.v2-v1_yolov8/content/NXPCUP_2026.v2-v1_a.yolov8/runs/eval/conf_sweep/conf_0.70) by extension 'colcon_meta'
[0.184s] Level 1:colcon.colcon_core.package_identification:_identify(created_model_NXPCUP_2026.v2-v1_yolov8/content/NXPCUP_2026.v2-v1_a.yolov8/runs/eval/conf_sweep/conf_0.70) by extensions ['ros']
[0.184s] Level 1:colcon.colcon_core.package_identification:_identify(created_model_NXPCUP_2026.v2-v1_yolov8/content/NXPCUP_2026.v2-v1_a.yolov8/runs/eval/conf_sweep/conf_0.70) by extension 'ros'
[0.184s] Level 1:colcon.colcon_core.package_identification:_identify(created_model_NXPCUP_2026.v2-v1_yolov8/content/NXPCUP_2026.v2-v1_a.yolov8/runs/eval/conf_sweep/conf_0.70) by extensions ['cmake', 'python']
[0.184s] Level 1:colcon.colcon_core.package_identification:_identify(created_model_NXPCUP_2026.v2-v1_yolov8/content/NXPCUP_2026.v2-v1_a.yolov8/runs/eval/conf_sweep/conf_0.70) by extension 'cmake'
[0.184s] Level 1:colcon.colcon_core.package_identification:_identify(created_model_NXPCUP_2026.v2-v1_yolov8/content/NXPCUP_2026.v2-v1_a.yolov8/runs/eval/conf_sweep/conf_0.70) by extension 'python'
[0.184s] Level 1:colcon.colcon_core.package_identification:_identify(created_model_NXPCUP_2026.v2-v1_yolov8/content/NXPCUP_2026.v2-v1_a.yolov8/runs/eval/conf_sweep/conf_0.70) by extensions ['python_setup_py']
[0.184s] Level 1:colcon.colcon_core.package_identification:_identify(created_model_NXPCUP_2026.v2-v1_yolov8/content/NXPCUP_2026.v2-v1_a.yolov8/runs/eval/conf_sweep/conf_0.70) by extension 'python_setup_py'
[0.185s] Level 1:colcon.colcon_core.package_identification:_identify(created_model_NXPCUP_2026.v2-v1_yolov8/content/NXPCUP_2026.v2-v1_a.yolov8/runs/eval/conf_sweep/conf_0.75) by extensions ['ignore', 'ignore_ament_install']
[0.185s] Level 1:colcon.colcon_core.package_identification:_identify(created_model_NXPCUP_2026.v2-v1_yolov8/content/NXPCUP_2026.v2-v1_a.yolov8/runs/eval/conf_sweep/conf_0.75) by extension 'ignore'
[0.185s] Level 1:colcon.colcon_core.package_identification:_identify(created_model_NXPCUP_2026.v2-v1_yolov8/content/NXPCUP_2026.v2-v1_a.yolov8/runs/eval/conf_sweep/conf_0.75) by extension 'ignore_ament_install'
[0.185s] Level 1:colcon.colcon_core.package_identification:_identify(created_model_NXPCUP_2026.v2-v1_yolov8/content/NXPCUP_2026.v2-v1_a.yolov8/runs/eval/conf_sweep/conf_0.75) by extensions ['colcon_pkg']
[0.185s] Level 1:colcon.colcon_core.package_identification:_identify(created_model_NXPCUP_2026.v2-v1_yolov8/content/NXPCUP_2026.v2-v1_a.yolov8/runs/eval/conf_sweep/conf_0.75) by extension 'colcon_pkg'
[0.185s] Level 1:colcon.colcon_core.package_identification:_identify(created_model_NXPCUP_2026.v2-v1_yolov8/content/NXPCUP_2026.v2-v1_a.yolov8/runs/eval/conf_sweep/conf_0.75) by extensions ['colcon_meta']
[0.185s] Level 1:colcon.colcon_core.package_identification:_identify(created_model_NXPCUP_2026.v2-v1_yolov8/content/NXPCUP_2026.v2-v1_a.yolov8/runs/eval/conf_sweep/conf_0.75) by extension 'colcon_meta'
[0.185s] Level 1:colcon.colcon_core.package_identification:_identify(created_model_NXPCUP_2026.v2-v1_yolov8/content/NXPCUP_2026.v2-v1_a.yolov8/runs/eval/conf_sweep/conf_0.75) by extensions ['ros']
[0.185s] Level 1:colcon.colcon_core.package_identification:_identify(created_model_NXPCUP_2026.v2-v1_yolov8/content/NXPCUP_2026.v2-v1_a.yolov8/runs/eval/conf_sweep/conf_0.75) by extension 'ros'
[0.185s] Level 1:colcon.colcon_core.package_identification:_identify(created_model_NXPCUP_2026.v2-v1_yolov8/content/NXPCUP_2026.v2-v1_a.yolov8/runs/eval/conf_sweep/conf_0.75) by extensions ['cmake', 'python']
[0.185s] Level 1:colcon.colcon_core.package_identification:_identify(created_model_NXPCUP_2026.v2-v1_yolov8/content/NXPCUP_2026.v2-v1_a.yolov8/runs/eval/conf_sweep/conf_0.75) by extension 'cmake'
[0.185s] Level 1:colcon.colcon_core.package_identification:_identify(created_model_NXPCUP_2026.v2-v1_yolov8/content/NXPCUP_2026.v2-v1_a.yolov8/runs/eval/conf_sweep/conf_0.75) by extension 'python'
[0.185s] Level 1:colcon.colcon_core.package_identification:_identify(created_model_NXPCUP_2026.v2-v1_yolov8/content/NXPCUP_2026.v2-v1_a.yolov8/runs/eval/conf_sweep/conf_0.75) by extensions ['python_setup_py']
[0.185s] Level 1:colcon.colcon_core.package_identification:_identify(created_model_NXPCUP_2026.v2-v1_yolov8/content/NXPCUP_2026.v2-v1_a.yolov8/runs/eval/conf_sweep/conf_0.75) by extension 'python_setup_py'
[0.185s] Level 1:colcon.colcon_core.package_identification:_identify(created_model_NXPCUP_2026.v2-v1_yolov8/content/NXPCUP_2026.v2-v1_a.yolov8/runs/eval/conf_sweep/conf_0.80) by extensions ['ignore', 'ignore_ament_install']
[0.185s] Level 1:colcon.colcon_core.package_identification:_identify(created_model_NXPCUP_2026.v2-v1_yolov8/content/NXPCUP_2026.v2-v1_a.yolov8/runs/eval/conf_sweep/conf_0.80) by extension 'ignore'
[0.185s] Level 1:colcon.colcon_core.package_identification:_identify(created_model_NXPCUP_2026.v2-v1_yolov8/content/NXPCUP_2026.v2-v1_a.yolov8/runs/eval/conf_sweep/conf_0.80) by extension 'ignore_ament_install'
[0.185s] Level 1:colcon.colcon_core.package_identification:_identify(created_model_NXPCUP_2026.v2-v1_yolov8/content/NXPCUP_2026.v2-v1_a.yolov8/runs/eval/conf_sweep/conf_0.80) by extensions ['colcon_pkg']
[0.185s] Level 1:colcon.colcon_core.package_identification:_identify(created_model_NXPCUP_2026.v2-v1_yolov8/content/NXPCUP_2026.v2-v1_a.yolov8/runs/eval/conf_sweep/conf_0.80) by extension 'colcon_pkg'
[0.185s] Level 1:colcon.colcon_core.package_identification:_identify(created_model_NXPCUP_2026.v2-v1_yolov8/content/NXPCUP_2026.v2-v1_a.yolov8/runs/eval/conf_sweep/conf_0.80) by extensions ['colcon_meta']
[0.185s] Level 1:colcon.colcon_core.package_identification:_identify(created_model_NXPCUP_2026.v2-v1_yolov8/content/NXPCUP_2026.v2-v1_a.yolov8/runs/eval/conf_sweep/conf_0.80) by extension 'colcon_meta'
[0.185s] Level 1:colcon.colcon_core.package_identification:_identify(created_model_NXPCUP_2026.v2-v1_yolov8/content/NXPCUP_2026.v2-v1_a.yolov8/runs/eval/conf_sweep/conf_0.80) by extensions ['ros']
[0.185s] Level 1:colcon.colcon_core.package_identification:_identify(created_model_NXPCUP_2026.v2-v1_yolov8/content/NXPCUP_2026.v2-v1_a.yolov8/runs/eval/conf_sweep/conf_0.80) by extension 'ros'
[0.185s] Level 1:colcon.colcon_core.package_identification:_identify(created_model_NXPCUP_2026.v2-v1_yolov8/content/NXPCUP_2026.v2-v1_a.yolov8/runs/eval/conf_sweep/conf_0.80) by extensions ['cmake', 'python']
[0.185s] Level 1:colcon.colcon_core.package_identification:_identify(created_model_NXPCUP_2026.v2-v1_yolov8/content/NXPCUP_2026.v2-v1_a.yolov8/runs/eval/conf_sweep/conf_0.80) by extension 'cmake'
[0.185s] Level 1:colcon.colcon_core.package_identification:_identify(created_model_NXPCUP_2026.v2-v1_yolov8/content/NXPCUP_2026.v2-v1_a.yolov8/runs/eval/conf_sweep/conf_0.80) by extension 'python'
[0.185s] Level 1:colcon.colcon_core.package_identification:_identify(created_model_NXPCUP_2026.v2-v1_yolov8/content/NXPCUP_2026.v2-v1_a.yolov8/runs/eval/conf_sweep/conf_0.80) by extensions ['python_setup_py']
[0.185s] Level 1:colcon.colcon_core.package_identification:_identify(created_model_NXPCUP_2026.v2-v1_yolov8/content/NXPCUP_2026.v2-v1_a.yolov8/runs/eval/conf_sweep/conf_0.80) by extension 'python_setup_py'
[0.185s] Level 1:colcon.colcon_core.package_identification:_identify(created_model_NXPCUP_2026.v2-v1_yolov8/content/NXPCUP_2026.v2-v1_a.yolov8/runs/eval/conf_sweep/conf_0.85) by extensions ['ignore', 'ignore_ament_install']
[0.185s] Level 1:colcon.colcon_core.package_identification:_identify(created_model_NXPCUP_2026.v2-v1_yolov8/content/NXPCUP_2026.v2-v1_a.yolov8/runs/eval/conf_sweep/conf_0.85) by extension 'ignore'
[0.185s] Level 1:colcon.colcon_core.package_identification:_identify(created_model_NXPCUP_2026.v2-v1_yolov8/content/NXPCUP_2026.v2-v1_a.yolov8/runs/eval/conf_sweep/conf_0.85) by extension 'ignore_ament_install'
[0.185s] Level 1:colcon.colcon_core.package_identification:_identify(created_model_NXPCUP_2026.v2-v1_yolov8/content/NXPCUP_2026.v2-v1_a.yolov8/runs/eval/conf_sweep/conf_0.85) by extensions ['colcon_pkg']
[0.185s] Level 1:colcon.colcon_core.package_identification:_identify(created_model_NXPCUP_2026.v2-v1_yolov8/content/NXPCUP_2026.v2-v1_a.yolov8/runs/eval/conf_sweep/conf_0.85) by extension 'colcon_pkg'
[0.185s] Level 1:colcon.colcon_core.package_identification:_identify(created_model_NXPCUP_2026.v2-v1_yolov8/content/NXPCUP_2026.v2-v1_a.yolov8/runs/eval/conf_sweep/conf_0.85) by extensions ['colcon_meta']
[0.185s] Level 1:colcon.colcon_core.package_identification:_identify(created_model_NXPCUP_2026.v2-v1_yolov8/content/NXPCUP_2026.v2-v1_a.yolov8/runs/eval/conf_sweep/conf_0.85) by extension 'colcon_meta'
[0.185s] Level 1:colcon.colcon_core.package_identification:_identify(created_model_NXPCUP_2026.v2-v1_yolov8/content/NXPCUP_2026.v2-v1_a.yolov8/runs/eval/conf_sweep/conf_0.85) by extensions ['ros']
[0.185s] Level 1:colcon.colcon_core.package_identification:_identify(created_model_NXPCUP_2026.v2-v1_yolov8/content/NXPCUP_2026.v2-v1_a.yolov8/runs/eval/conf_sweep/conf_0.85) by extension 'ros'
[0.186s] Level 1:colcon.colcon_core.package_identification:_identify(created_model_NXPCUP_2026.v2-v1_yolov8/content/NXPCUP_2026.v2-v1_a.yolov8/runs/eval/conf_sweep/conf_0.85) by extensions ['cmake', 'python']
[0.186s] Level 1:colcon.colcon_core.package_identification:_identify(created_model_NXPCUP_2026.v2-v1_yolov8/content/NXPCUP_2026.v2-v1_a.yolov8/runs/eval/conf_sweep/conf_0.85) by extension 'cmake'
[0.186s] Level 1:colcon.colcon_core.package_identification:_identify(created_model_NXPCUP_2026.v2-v1_yolov8/content/NXPCUP_2026.v2-v1_a.yolov8/runs/eval/conf_sweep/conf_0.85) by extension 'python'
[0.186s] Level 1:colcon.colcon_core.package_identification:_identify(created_model_NXPCUP_2026.v2-v1_yolov8/content/NXPCUP_2026.v2-v1_a.yolov8/runs/eval/conf_sweep/conf_0.85) by extensions ['python_setup_py']
[0.186s] Level 1:colcon.colcon_core.package_identification:_identify(created_model_NXPCUP_2026.v2-v1_yolov8/content/NXPCUP_2026.v2-v1_a.yolov8/runs/eval/conf_sweep/conf_0.85) by extension 'python_setup_py'
[0.186s] Level 1:colcon.colcon_core.package_identification:_identify(created_model_NXPCUP_2026.v2-v1_yolov8/content/NXPCUP_2026.v2-v1_a.yolov8/runs/eval/conf_sweep/conf_0.90) by extensions ['ignore', 'ignore_ament_install']
[0.186s] Level 1:colcon.colcon_core.package_identification:_identify(created_model_NXPCUP_2026.v2-v1_yolov8/content/NXPCUP_2026.v2-v1_a.yolov8/runs/eval/conf_sweep/conf_0.90) by extension 'ignore'
[0.186s] Level 1:colcon.colcon_core.package_identification:_identify(created_model_NXPCUP_2026.v2-v1_yolov8/content/NXPCUP_2026.v2-v1_a.yolov8/runs/eval/conf_sweep/conf_0.90) by extension 'ignore_ament_install'
[0.186s] Level 1:colcon.colcon_core.package_identification:_identify(created_model_NXPCUP_2026.v2-v1_yolov8/content/NXPCUP_2026.v2-v1_a.yolov8/runs/eval/conf_sweep/conf_0.90) by extensions ['colcon_pkg']
[0.186s] Level 1:colcon.colcon_core.package_identification:_identify(created_model_NXPCUP_2026.v2-v1_yolov8/content/NXPCUP_2026.v2-v1_a.yolov8/runs/eval/conf_sweep/conf_0.90) by extension 'colcon_pkg'
[0.186s] Level 1:colcon.colcon_core.package_identification:_identify(created_model_NXPCUP_2026.v2-v1_yolov8/content/NXPCUP_2026.v2-v1_a.yolov8/runs/eval/conf_sweep/conf_0.90) by extensions ['colcon_meta']
[0.186s] Level 1:colcon.colcon_core.package_identification:_identify(created_model_NXPCUP_2026.v2-v1_yolov8/content/NXPCUP_2026.v2-v1_a.yolov8/runs/eval/conf_sweep/conf_0.90) by extension 'colcon_meta'
[0.186s] Level 1:colcon.colcon_core.package_identification:_identify(created_model_NXPCUP_2026.v2-v1_yolov8/content/NXPCUP_2026.v2-v1_a.yolov8/runs/eval/conf_sweep/conf_0.90) by extensions ['ros']
[0.186s] Level 1:colcon.colcon_core.package_identification:_identify(created_model_NXPCUP_2026.v2-v1_yolov8/content/NXPCUP_2026.v2-v1_a.yolov8/runs/eval/conf_sweep/conf_0.90) by extension 'ros'
[0.186s] Level 1:colcon.colcon_core.package_identification:_identify(created_model_NXPCUP_2026.v2-v1_yolov8/content/NXPCUP_2026.v2-v1_a.yolov8/runs/eval/conf_sweep/conf_0.90) by extensions ['cmake', 'python']
[0.186s] Level 1:colcon.colcon_core.package_identification:_identify(created_model_NXPCUP_2026.v2-v1_yolov8/content/NXPCUP_2026.v2-v1_a.yolov8/runs/eval/conf_sweep/conf_0.90) by extension 'cmake'
[0.186s] Level 1:colcon.colcon_core.package_identification:_identify(created_model_NXPCUP_2026.v2-v1_yolov8/content/NXPCUP_2026.v2-v1_a.yolov8/runs/eval/conf_sweep/conf_0.90) by extension 'python'
[0.186s] Level 1:colcon.colcon_core.package_identification:_identify(created_model_NXPCUP_2026.v2-v1_yolov8/content/NXPCUP_2026.v2-v1_a.yolov8/runs/eval/conf_sweep/conf_0.90) by extensions ['python_setup_py']
[0.186s] Level 1:colcon.colcon_core.package_identification:_identify(created_model_NXPCUP_2026.v2-v1_yolov8/content/NXPCUP_2026.v2-v1_a.yolov8/runs/eval/conf_sweep/conf_0.90) by extension 'python_setup_py'
[0.186s] Level 1:colcon.colcon_core.package_identification:_identify(created_model_NXPCUP_2026.v2-v1_yolov8/content/NXPCUP_2026.v2-v1_a.yolov8/runs/eval/test_20260728_080538) by extensions ['ignore', 'ignore_ament_install']
[0.186s] Level 1:colcon.colcon_core.package_identification:_identify(created_model_NXPCUP_2026.v2-v1_yolov8/content/NXPCUP_2026.v2-v1_a.yolov8/runs/eval/test_20260728_080538) by extension 'ignore'
[0.186s] Level 1:colcon.colcon_core.package_identification:_identify(created_model_NXPCUP_2026.v2-v1_yolov8/content/NXPCUP_2026.v2-v1_a.yolov8/runs/eval/test_20260728_080538) by extension 'ignore_ament_install'
[0.186s] Level 1:colcon.colcon_core.package_identification:_identify(created_model_NXPCUP_2026.v2-v1_yolov8/content/NXPCUP_2026.v2-v1_a.yolov8/runs/eval/test_20260728_080538) by extensions ['colcon_pkg']
[0.186s] Level 1:colcon.colcon_core.package_identification:_identify(created_model_NXPCUP_2026.v2-v1_yolov8/content/NXPCUP_2026.v2-v1_a.yolov8/runs/eval/test_20260728_080538) by extension 'colcon_pkg'
[0.186s] Level 1:colcon.colcon_core.package_identification:_identify(created_model_NXPCUP_2026.v2-v1_yolov8/content/NXPCUP_2026.v2-v1_a.yolov8/runs/eval/test_20260728_080538) by extensions ['colcon_meta']
[0.186s] Level 1:colcon.colcon_core.package_identification:_identify(created_model_NXPCUP_2026.v2-v1_yolov8/content/NXPCUP_2026.v2-v1_a.yolov8/runs/eval/test_20260728_080538) by extension 'colcon_meta'
[0.186s] Level 1:colcon.colcon_core.package_identification:_identify(created_model_NXPCUP_2026.v2-v1_yolov8/content/NXPCUP_2026.v2-v1_a.yolov8/runs/eval/test_20260728_080538) by extensions ['ros']
[0.186s] Level 1:colcon.colcon_core.package_identification:_identify(created_model_NXPCUP_2026.v2-v1_yolov8/content/NXPCUP_2026.v2-v1_a.yolov8/runs/eval/test_20260728_080538) by extension 'ros'
[0.186s] Level 1:colcon.colcon_core.package_identification:_identify(created_model_NXPCUP_2026.v2-v1_yolov8/content/NXPCUP_2026.v2-v1_a.yolov8/runs/eval/test_20260728_080538) by extensions ['cmake', 'python']
[0.186s] Level 1:colcon.colcon_core.package_identification:_identify(created_model_NXPCUP_2026.v2-v1_yolov8/content/NXPCUP_2026.v2-v1_a.yolov8/runs/eval/test_20260728_080538) by extension 'cmake'
[0.186s] Level 1:colcon.colcon_core.package_identification:_identify(created_model_NXPCUP_2026.v2-v1_yolov8/content/NXPCUP_2026.v2-v1_a.yolov8/runs/eval/test_20260728_080538) by extension 'python'
[0.186s] Level 1:colcon.colcon_core.package_identification:_identify(created_model_NXPCUP_2026.v2-v1_yolov8/content/NXPCUP_2026.v2-v1_a.yolov8/runs/eval/test_20260728_080538) by extensions ['python_setup_py']
[0.186s] Level 1:colcon.colcon_core.package_identification:_identify(created_model_NXPCUP_2026.v2-v1_yolov8/content/NXPCUP_2026.v2-v1_a.yolov8/runs/eval/test_20260728_080538) by extension 'python_setup_py'
[0.186s] Level 1:colcon.colcon_core.package_identification:_identify(created_model_NXPCUP_2026.v2-v1_yolov8/content/NXPCUP_2026.v2-v1_a.yolov8/runs/train) by extensions ['ignore', 'ignore_ament_install']
[0.186s] Level 1:colcon.colcon_core.package_identification:_identify(created_model_NXPCUP_2026.v2-v1_yolov8/content/NXPCUP_2026.v2-v1_a.yolov8/runs/train) by extension 'ignore'
[0.186s] Level 1:colcon.colcon_core.package_identification:_identify(created_model_NXPCUP_2026.v2-v1_yolov8/content/NXPCUP_2026.v2-v1_a.yolov8/runs/train) by extension 'ignore_ament_install'
[0.186s] Level 1:colcon.colcon_core.package_identification:_identify(created_model_NXPCUP_2026.v2-v1_yolov8/content/NXPCUP_2026.v2-v1_a.yolov8/runs/train) by extensions ['colcon_pkg']
[0.186s] Level 1:colcon.colcon_core.package_identification:_identify(created_model_NXPCUP_2026.v2-v1_yolov8/content/NXPCUP_2026.v2-v1_a.yolov8/runs/train) by extension 'colcon_pkg'
[0.187s] Level 1:colcon.colcon_core.package_identification:_identify(created_model_NXPCUP_2026.v2-v1_yolov8/content/NXPCUP_2026.v2-v1_a.yolov8/runs/train) by extensions ['colcon_meta']
[0.187s] Level 1:colcon.colcon_core.package_identification:_identify(created_model_NXPCUP_2026.v2-v1_yolov8/content/NXPCUP_2026.v2-v1_a.yolov8/runs/train) by extension 'colcon_meta'
[0.187s] Level 1:colcon.colcon_core.package_identification:_identify(created_model_NXPCUP_2026.v2-v1_yolov8/content/NXPCUP_2026.v2-v1_a.yolov8/runs/train) by extensions ['ros']
[0.187s] Level 1:colcon.colcon_core.package_identification:_identify(created_model_NXPCUP_2026.v2-v1_yolov8/content/NXPCUP_2026.v2-v1_a.yolov8/runs/train) by extension 'ros'
[0.187s] Level 1:colcon.colcon_core.package_identification:_identify(created_model_NXPCUP_2026.v2-v1_yolov8/content/NXPCUP_2026.v2-v1_a.yolov8/runs/train) by extensions ['cmake', 'python']
[0.187s] Level 1:colcon.colcon_core.package_identification:_identify(created_model_NXPCUP_2026.v2-v1_yolov8/content/NXPCUP_2026.v2-v1_a.yolov8/runs/train) by extension 'cmake'
[0.187s] Level 1:colcon.colcon_core.package_identification:_identify(created_model_NXPCUP_2026.v2-v1_yolov8/content/NXPCUP_2026.v2-v1_a.yolov8/runs/train) by extension 'python'
[0.187s] Level 1:colcon.colcon_core.package_identification:_identify(created_model_NXPCUP_2026.v2-v1_yolov8/content/NXPCUP_2026.v2-v1_a.yolov8/runs/train) by extensions ['python_setup_py']
[0.187s] Level 1:colcon.colcon_core.package_identification:_identify(created_model_NXPCUP_2026.v2-v1_yolov8/content/NXPCUP_2026.v2-v1_a.yolov8/runs/train) by extension 'python_setup_py'
[0.187s] Level 1:colcon.colcon_core.package_identification:_identify(created_model_NXPCUP_2026.v2-v1_yolov8/content/NXPCUP_2026.v2-v1_a.yolov8/runs/train/nxpcup_yolov8n) by extensions ['ignore', 'ignore_ament_install']
[0.187s] Level 1:colcon.colcon_core.package_identification:_identify(created_model_NXPCUP_2026.v2-v1_yolov8/content/NXPCUP_2026.v2-v1_a.yolov8/runs/train/nxpcup_yolov8n) by extension 'ignore'
[0.187s] Level 1:colcon.colcon_core.package_identification:_identify(created_model_NXPCUP_2026.v2-v1_yolov8/content/NXPCUP_2026.v2-v1_a.yolov8/runs/train/nxpcup_yolov8n) by extension 'ignore_ament_install'
[0.187s] Level 1:colcon.colcon_core.package_identification:_identify(created_model_NXPCUP_2026.v2-v1_yolov8/content/NXPCUP_2026.v2-v1_a.yolov8/runs/train/nxpcup_yolov8n) by extensions ['colcon_pkg']
[0.187s] Level 1:colcon.colcon_core.package_identification:_identify(created_model_NXPCUP_2026.v2-v1_yolov8/content/NXPCUP_2026.v2-v1_a.yolov8/runs/train/nxpcup_yolov8n) by extension 'colcon_pkg'
[0.187s] Level 1:colcon.colcon_core.package_identification:_identify(created_model_NXPCUP_2026.v2-v1_yolov8/content/NXPCUP_2026.v2-v1_a.yolov8/runs/train/nxpcup_yolov8n) by extensions ['colcon_meta']
[0.187s] Level 1:colcon.colcon_core.package_identification:_identify(created_model_NXPCUP_2026.v2-v1_yolov8/content/NXPCUP_2026.v2-v1_a.yolov8/runs/train/nxpcup_yolov8n) by extension 'colcon_meta'
[0.187s] Level 1:colcon.colcon_core.package_identification:_identify(created_model_NXPCUP_2026.v2-v1_yolov8/content/NXPCUP_2026.v2-v1_a.yolov8/runs/train/nxpcup_yolov8n) by extensions ['ros']
[0.187s] Level 1:colcon.colcon_core.package_identification:_identify(created_model_NXPCUP_2026.v2-v1_yolov8/content/NXPCUP_2026.v2-v1_a.yolov8/runs/train/nxpcup_yolov8n) by extension 'ros'
[0.187s] Level 1:colcon.colcon_core.package_identification:_identify(created_model_NXPCUP_2026.v2-v1_yolov8/content/NXPCUP_2026.v2-v1_a.yolov8/runs/train/nxpcup_yolov8n) by extensions ['cmake', 'python']
[0.187s] Level 1:colcon.colcon_core.package_identification:_identify(created_model_NXPCUP_2026.v2-v1_yolov8/content/NXPCUP_2026.v2-v1_a.yolov8/runs/train/nxpcup_yolov8n) by extension 'cmake'
[0.187s] Level 1:colcon.colcon_core.package_identification:_identify(created_model_NXPCUP_2026.v2-v1_yolov8/content/NXPCUP_2026.v2-v1_a.yolov8/runs/train/nxpcup_yolov8n) by extension 'python'
[0.187s] Level 1:colcon.colcon_core.package_identification:_identify(created_model_NXPCUP_2026.v2-v1_yolov8/content/NXPCUP_2026.v2-v1_a.yolov8/runs/train/nxpcup_yolov8n) by extensions ['python_setup_py']
[0.187s] Level 1:colcon.colcon_core.package_identification:_identify(created_model_NXPCUP_2026.v2-v1_yolov8/content/NXPCUP_2026.v2-v1_a.yolov8/runs/train/nxpcup_yolov8n) by extension 'python_setup_py'
[0.187s] Level 1:colcon.colcon_core.package_identification:_identify(created_model_NXPCUP_2026.v2-v1_yolov8/content/NXPCUP_2026.v2-v1_a.yolov8/runs/train/nxpcup_yolov8n/weights) by extensions ['ignore', 'ignore_ament_install']
[0.187s] Level 1:colcon.colcon_core.package_identification:_identify(created_model_NXPCUP_2026.v2-v1_yolov8/content/NXPCUP_2026.v2-v1_a.yolov8/runs/train/nxpcup_yolov8n/weights) by extension 'ignore'
[0.187s] Level 1:colcon.colcon_core.package_identification:_identify(created_model_NXPCUP_2026.v2-v1_yolov8/content/NXPCUP_2026.v2-v1_a.yolov8/runs/train/nxpcup_yolov8n/weights) by extension 'ignore_ament_install'
[0.187s] Level 1:colcon.colcon_core.package_identification:_identify(created_model_NXPCUP_2026.v2-v1_yolov8/content/NXPCUP_2026.v2-v1_a.yolov8/runs/train/nxpcup_yolov8n/weights) by extensions ['colcon_pkg']
[0.187s] Level 1:colcon.colcon_core.package_identification:_identify(created_model_NXPCUP_2026.v2-v1_yolov8/content/NXPCUP_2026.v2-v1_a.yolov8/runs/train/nxpcup_yolov8n/weights) by extension 'colcon_pkg'
[0.187s] Level 1:colcon.colcon_core.package_identification:_identify(created_model_NXPCUP_2026.v2-v1_yolov8/content/NXPCUP_2026.v2-v1_a.yolov8/runs/train/nxpcup_yolov8n/weights) by extensions ['colcon_meta']
[0.187s] Level 1:colcon.colcon_core.package_identification:_identify(created_model_NXPCUP_2026.v2-v1_yolov8/content/NXPCUP_2026.v2-v1_a.yolov8/runs/train/nxpcup_yolov8n/weights) by extension 'colcon_meta'
[0.187s] Level 1:colcon.colcon_core.package_identification:_identify(created_model_NXPCUP_2026.v2-v1_yolov8/content/NXPCUP_2026.v2-v1_a.yolov8/runs/train/nxpcup_yolov8n/weights) by extensions ['ros']
[0.187s] Level 1:colcon.colcon_core.package_identification:_identify(created_model_NXPCUP_2026.v2-v1_yolov8/content/NXPCUP_2026.v2-v1_a.yolov8/runs/train/nxpcup_yolov8n/weights) by extension 'ros'
[0.187s] Level 1:colcon.colcon_core.package_identification:_identify(created_model_NXPCUP_2026.v2-v1_yolov8/content/NXPCUP_2026.v2-v1_a.yolov8/runs/train/nxpcup_yolov8n/weights) by extensions ['cmake', 'python']
[0.187s] Level 1:colcon.colcon_core.package_identification:_identify(created_model_NXPCUP_2026.v2-v1_yolov8/content/NXPCUP_2026.v2-v1_a.yolov8/runs/train/nxpcup_yolov8n/weights) by extension 'cmake'
[0.187s] Level 1:colcon.colcon_core.package_identification:_identify(created_model_NXPCUP_2026.v2-v1_yolov8/content/NXPCUP_2026.v2-v1_a.yolov8/runs/train/nxpcup_yolov8n/weights) by extension 'python'
[0.187s] Level 1:colcon.colcon_core.package_identification:_identify(created_model_NXPCUP_2026.v2-v1_yolov8/content/NXPCUP_2026.v2-v1_a.yolov8/runs/train/nxpcup_yolov8n/weights) by extensions ['python_setup_py']
[0.187s] Level 1:colcon.colcon_core.package_identification:_identify(created_model_NXPCUP_2026.v2-v1_yolov8/content/NXPCUP_2026.v2-v1_a.yolov8/runs/train/nxpcup_yolov8n/weights) by extension 'python_setup_py'
[0.187s] Level 1:colcon.colcon_core.package_identification:_identify(created_model_NXPCUP_2026.v2-v1_yolov8/content/NXPCUP_2026.v2-v1_a.yolov8/scripts) by extensions ['ignore', 'ignore_ament_install']
[0.188s] Level 1:colcon.colcon_core.package_identification:_identify(created_model_NXPCUP_2026.v2-v1_yolov8/content/NXPCUP_2026.v2-v1_a.yolov8/scripts) by extension 'ignore'
[0.188s] Level 1:colcon.colcon_core.package_identification:_identify(created_model_NXPCUP_2026.v2-v1_yolov8/content/NXPCUP_2026.v2-v1_a.yolov8/scripts) by extension 'ignore_ament_install'
[0.188s] Level 1:colcon.colcon_core.package_identification:_identify(created_model_NXPCUP_2026.v2-v1_yolov8/content/NXPCUP_2026.v2-v1_a.yolov8/scripts) by extensions ['colcon_pkg']
[0.188s] Level 1:colcon.colcon_core.package_identification:_identify(created_model_NXPCUP_2026.v2-v1_yolov8/content/NXPCUP_2026.v2-v1_a.yolov8/scripts) by extension 'colcon_pkg'
[0.188s] Level 1:colcon.colcon_core.package_identification:_identify(created_model_NXPCUP_2026.v2-v1_yolov8/content/NXPCUP_2026.v2-v1_a.yolov8/scripts) by extensions ['colcon_meta']
[0.188s] Level 1:colcon.colcon_core.package_identification:_identify(created_model_NXPCUP_2026.v2-v1_yolov8/content/NXPCUP_2026.v2-v1_a.yolov8/scripts) by extension 'colcon_meta'
[0.188s] Level 1:colcon.colcon_core.package_identification:_identify(created_model_NXPCUP_2026.v2-v1_yolov8/content/NXPCUP_2026.v2-v1_a.yolov8/scripts) by extensions ['ros']
[0.188s] Level 1:colcon.colcon_core.package_identification:_identify(created_model_NXPCUP_2026.v2-v1_yolov8/content/NXPCUP_2026.v2-v1_a.yolov8/scripts) by extension 'ros'
[0.188s] Level 1:colcon.colcon_core.package_identification:_identify(created_model_NXPCUP_2026.v2-v1_yolov8/content/NXPCUP_2026.v2-v1_a.yolov8/scripts) by extensions ['cmake', 'python']
[0.188s] Level 1:colcon.colcon_core.package_identification:_identify(created_model_NXPCUP_2026.v2-v1_yolov8/content/NXPCUP_2026.v2-v1_a.yolov8/scripts) by extension 'cmake'
[0.188s] Level 1:colcon.colcon_core.package_identification:_identify(created_model_NXPCUP_2026.v2-v1_yolov8/content/NXPCUP_2026.v2-v1_a.yolov8/scripts) by extension 'python'
[0.188s] Level 1:colcon.colcon_core.package_identification:_identify(created_model_NXPCUP_2026.v2-v1_yolov8/content/NXPCUP_2026.v2-v1_a.yolov8/scripts) by extensions ['python_setup_py']
[0.188s] Level 1:colcon.colcon_core.package_identification:_identify(created_model_NXPCUP_2026.v2-v1_yolov8/content/NXPCUP_2026.v2-v1_a.yolov8/scripts) by extension 'python_setup_py'
[0.188s] Level 1:colcon.colcon_core.package_identification:_identify(created_model_NXPCUP_2026.v2-v1_yolov8/content/NXPCUP_2026.v2-v1_a.yolov8/test) by extensions ['ignore', 'ignore_ament_install']
[0.188s] Level 1:colcon.colcon_core.package_identification:_identify(created_model_NXPCUP_2026.v2-v1_yolov8/content/NXPCUP_2026.v2-v1_a.yolov8/test) by extension 'ignore'
[0.188s] Level 1:colcon.colcon_core.package_identification:_identify(created_model_NXPCUP_2026.v2-v1_yolov8/content/NXPCUP_2026.v2-v1_a.yolov8/test) by extension 'ignore_ament_install'
[0.188s] Level 1:colcon.colcon_core.package_identification:_identify(created_model_NXPCUP_2026.v2-v1_yolov8/content/NXPCUP_2026.v2-v1_a.yolov8/test) by extensions ['colcon_pkg']
[0.188s] Level 1:colcon.colcon_core.package_identification:_identify(created_model_NXPCUP_2026.v2-v1_yolov8/content/NXPCUP_2026.v2-v1_a.yolov8/test) by extension 'colcon_pkg'
[0.188s] Level 1:colcon.colcon_core.package_identification:_identify(created_model_NXPCUP_2026.v2-v1_yolov8/content/NXPCUP_2026.v2-v1_a.yolov8/test) by extensions ['colcon_meta']
[0.188s] Level 1:colcon.colcon_core.package_identification:_identify(created_model_NXPCUP_2026.v2-v1_yolov8/content/NXPCUP_2026.v2-v1_a.yolov8/test) by extension 'colcon_meta'
[0.188s] Level 1:colcon.colcon_core.package_identification:_identify(created_model_NXPCUP_2026.v2-v1_yolov8/content/NXPCUP_2026.v2-v1_a.yolov8/test) by extensions ['ros']
[0.188s] Level 1:colcon.colcon_core.package_identification:_identify(created_model_NXPCUP_2026.v2-v1_yolov8/content/NXPCUP_2026.v2-v1_a.yolov8/test) by extension 'ros'
[0.188s] Level 1:colcon.colcon_core.package_identification:_identify(created_model_NXPCUP_2026.v2-v1_yolov8/content/NXPCUP_2026.v2-v1_a.yolov8/test) by extensions ['cmake', 'python']
[0.188s] Level 1:colcon.colcon_core.package_identification:_identify(created_model_NXPCUP_2026.v2-v1_yolov8/content/NXPCUP_2026.v2-v1_a.yolov8/test) by extension 'cmake'
[0.188s] Level 1:colcon.colcon_core.package_identification:_identify(created_model_NXPCUP_2026.v2-v1_yolov8/content/NXPCUP_2026.v2-v1_a.yolov8/test) by extension 'python'
[0.188s] Level 1:colcon.colcon_core.package_identification:_identify(created_model_NXPCUP_2026.v2-v1_yolov8/content/NXPCUP_2026.v2-v1_a.yolov8/test) by extensions ['python_setup_py']
[0.188s] Level 1:colcon.colcon_core.package_identification:_identify(created_model_NXPCUP_2026.v2-v1_yolov8/content/NXPCUP_2026.v2-v1_a.yolov8/test) by extension 'python_setup_py'
[0.188s] Level 1:colcon.colcon_core.package_identification:_identify(created_model_NXPCUP_2026.v2-v1_yolov8/content/NXPCUP_2026.v2-v1_a.yolov8/test/images) by extensions ['ignore', 'ignore_ament_install']
[0.188s] Level 1:colcon.colcon_core.package_identification:_identify(created_model_NXPCUP_2026.v2-v1_yolov8/content/NXPCUP_2026.v2-v1_a.yolov8/test/images) by extension 'ignore'
[0.188s] Level 1:colcon.colcon_core.package_identification:_identify(created_model_NXPCUP_2026.v2-v1_yolov8/content/NXPCUP_2026.v2-v1_a.yolov8/test/images) by extension 'ignore_ament_install'
[0.188s] Level 1:colcon.colcon_core.package_identification:_identify(created_model_NXPCUP_2026.v2-v1_yolov8/content/NXPCUP_2026.v2-v1_a.yolov8/test/images) by extensions ['colcon_pkg']
[0.188s] Level 1:colcon.colcon_core.package_identification:_identify(created_model_NXPCUP_2026.v2-v1_yolov8/content/NXPCUP_2026.v2-v1_a.yolov8/test/images) by extension 'colcon_pkg'
[0.188s] Level 1:colcon.colcon_core.package_identification:_identify(created_model_NXPCUP_2026.v2-v1_yolov8/content/NXPCUP_2026.v2-v1_a.yolov8/test/images) by extensions ['colcon_meta']
[0.188s] Level 1:colcon.colcon_core.package_identification:_identify(created_model_NXPCUP_2026.v2-v1_yolov8/content/NXPCUP_2026.v2-v1_a.yolov8/test/images) by extension 'colcon_meta'
[0.188s] Level 1:colcon.colcon_core.package_identification:_identify(created_model_NXPCUP_2026.v2-v1_yolov8/content/NXPCUP_2026.v2-v1_a.yolov8/test/images) by extensions ['ros']
[0.188s] Level 1:colcon.colcon_core.package_identification:_identify(created_model_NXPCUP_2026.v2-v1_yolov8/content/NXPCUP_2026.v2-v1_a.yolov8/test/images) by extension 'ros'
[0.189s] Level 1:colcon.colcon_core.package_identification:_identify(created_model_NXPCUP_2026.v2-v1_yolov8/content/NXPCUP_2026.v2-v1_a.yolov8/test/images) by extensions ['cmake', 'python']
[0.189s] Level 1:colcon.colcon_core.package_identification:_identify(created_model_NXPCUP_2026.v2-v1_yolov8/content/NXPCUP_2026.v2-v1_a.yolov8/test/images) by extension 'cmake'
[0.189s] Level 1:colcon.colcon_core.package_identification:_identify(created_model_NXPCUP_2026.v2-v1_yolov8/content/NXPCUP_2026.v2-v1_a.yolov8/test/images) by extension 'python'
[0.189s] Level 1:colcon.colcon_core.package_identification:_identify(created_model_NXPCUP_2026.v2-v1_yolov8/content/NXPCUP_2026.v2-v1_a.yolov8/test/images) by extensions ['python_setup_py']
[0.189s] Level 1:colcon.colcon_core.package_identification:_identify(created_model_NXPCUP_2026.v2-v1_yolov8/content/NXPCUP_2026.v2-v1_a.yolov8/test/images) by extension 'python_setup_py'
[0.189s] Level 1:colcon.colcon_core.package_identification:_identify(created_model_NXPCUP_2026.v2-v1_yolov8/content/NXPCUP_2026.v2-v1_a.yolov8/test/labels) by extensions ['ignore', 'ignore_ament_install']
[0.189s] Level 1:colcon.colcon_core.package_identification:_identify(created_model_NXPCUP_2026.v2-v1_yolov8/content/NXPCUP_2026.v2-v1_a.yolov8/test/labels) by extension 'ignore'
[0.189s] Level 1:colcon.colcon_core.package_identification:_identify(created_model_NXPCUP_2026.v2-v1_yolov8/content/NXPCUP_2026.v2-v1_a.yolov8/test/labels) by extension 'ignore_ament_install'
[0.189s] Level 1:colcon.colcon_core.package_identification:_identify(created_model_NXPCUP_2026.v2-v1_yolov8/content/NXPCUP_2026.v2-v1_a.yolov8/test/labels) by extensions ['colcon_pkg']
[0.189s] Level 1:colcon.colcon_core.package_identification:_identify(created_model_NXPCUP_2026.v2-v1_yolov8/content/NXPCUP_2026.v2-v1_a.yolov8/test/labels) by extension 'colcon_pkg'
[0.189s] Level 1:colcon.colcon_core.package_identification:_identify(created_model_NXPCUP_2026.v2-v1_yolov8/content/NXPCUP_2026.v2-v1_a.yolov8/test/labels) by extensions ['colcon_meta']
[0.189s] Level 1:colcon.colcon_core.package_identification:_identify(created_model_NXPCUP_2026.v2-v1_yolov8/content/NXPCUP_2026.v2-v1_a.yolov8/test/labels) by extension 'colcon_meta'
[0.189s] Level 1:colcon.colcon_core.package_identification:_identify(created_model_NXPCUP_2026.v2-v1_yolov8/content/NXPCUP_2026.v2-v1_a.yolov8/test/labels) by extensions ['ros']
[0.189s] Level 1:colcon.colcon_core.package_identification:_identify(created_model_NXPCUP_2026.v2-v1_yolov8/content/NXPCUP_2026.v2-v1_a.yolov8/test/labels) by extension 'ros'
[0.189s] Level 1:colcon.colcon_core.package_identification:_identify(created_model_NXPCUP_2026.v2-v1_yolov8/content/NXPCUP_2026.v2-v1_a.yolov8/test/labels) by extensions ['cmake', 'python']
[0.189s] Level 1:colcon.colcon_core.package_identification:_identify(created_model_NXPCUP_2026.v2-v1_yolov8/content/NXPCUP_2026.v2-v1_a.yolov8/test/labels) by extension 'cmake'
[0.189s] Level 1:colcon.colcon_core.package_identification:_identify(created_model_NXPCUP_2026.v2-v1_yolov8/content/NXPCUP_2026.v2-v1_a.yolov8/test/labels) by extension 'python'
[0.189s] Level 1:colcon.colcon_core.package_identification:_identify(created_model_NXPCUP_2026.v2-v1_yolov8/content/NXPCUP_2026.v2-v1_a.yolov8/test/labels) by extensions ['python_setup_py']
[0.189s] Level 1:colcon.colcon_core.package_identification:_identify(created_model_NXPCUP_2026.v2-v1_yolov8/content/NXPCUP_2026.v2-v1_a.yolov8/test/labels) by extension 'python_setup_py'
[0.189s] Level 1:colcon.colcon_core.package_identification:_identify(created_model_NXPCUP_2026.v2-v1_yolov8/content/NXPCUP_2026.v2-v1_a.yolov8/train) by extensions ['ignore', 'ignore_ament_install']
[0.189s] Level 1:colcon.colcon_core.package_identification:_identify(created_model_NXPCUP_2026.v2-v1_yolov8/content/NXPCUP_2026.v2-v1_a.yolov8/train) by extension 'ignore'
[0.189s] Level 1:colcon.colcon_core.package_identification:_identify(created_model_NXPCUP_2026.v2-v1_yolov8/content/NXPCUP_2026.v2-v1_a.yolov8/train) by extension 'ignore_ament_install'
[0.189s] Level 1:colcon.colcon_core.package_identification:_identify(created_model_NXPCUP_2026.v2-v1_yolov8/content/NXPCUP_2026.v2-v1_a.yolov8/train) by extensions ['colcon_pkg']
[0.189s] Level 1:colcon.colcon_core.package_identification:_identify(created_model_NXPCUP_2026.v2-v1_yolov8/content/NXPCUP_2026.v2-v1_a.yolov8/train) by extension 'colcon_pkg'
[0.189s] Level 1:colcon.colcon_core.package_identification:_identify(created_model_NXPCUP_2026.v2-v1_yolov8/content/NXPCUP_2026.v2-v1_a.yolov8/train) by extensions ['colcon_meta']
[0.189s] Level 1:colcon.colcon_core.package_identification:_identify(created_model_NXPCUP_2026.v2-v1_yolov8/content/NXPCUP_2026.v2-v1_a.yolov8/train) by extension 'colcon_meta'
[0.189s] Level 1:colcon.colcon_core.package_identification:_identify(created_model_NXPCUP_2026.v2-v1_yolov8/content/NXPCUP_2026.v2-v1_a.yolov8/train) by extensions ['ros']
[0.189s] Level 1:colcon.colcon_core.package_identification:_identify(created_model_NXPCUP_2026.v2-v1_yolov8/content/NXPCUP_2026.v2-v1_a.yolov8/train) by extension 'ros'
[0.189s] Level 1:colcon.colcon_core.package_identification:_identify(created_model_NXPCUP_2026.v2-v1_yolov8/content/NXPCUP_2026.v2-v1_a.yolov8/train) by extensions ['cmake', 'python']
[0.189s] Level 1:colcon.colcon_core.package_identification:_identify(created_model_NXPCUP_2026.v2-v1_yolov8/content/NXPCUP_2026.v2-v1_a.yolov8/train) by extension 'cmake'
[0.189s] Level 1:colcon.colcon_core.package_identification:_identify(created_model_NXPCUP_2026.v2-v1_yolov8/content/NXPCUP_2026.v2-v1_a.yolov8/train) by extension 'python'
[0.189s] Level 1:colcon.colcon_core.package_identification:_identify(created_model_NXPCUP_2026.v2-v1_yolov8/content/NXPCUP_2026.v2-v1_a.yolov8/train) by extensions ['python_setup_py']
[0.189s] Level 1:colcon.colcon_core.package_identification:_identify(created_model_NXPCUP_2026.v2-v1_yolov8/content/NXPCUP_2026.v2-v1_a.yolov8/train) by extension 'python_setup_py'
[0.190s] Level 1:colcon.colcon_core.package_identification:_identify(created_model_NXPCUP_2026.v2-v1_yolov8/content/NXPCUP_2026.v2-v1_a.yolov8/train/images) by extensions ['ignore', 'ignore_ament_install']
[0.190s] Level 1:colcon.colcon_core.package_identification:_identify(created_model_NXPCUP_2026.v2-v1_yolov8/content/NXPCUP_2026.v2-v1_a.yolov8/train/images) by extension 'ignore'
[0.191s] Level 1:colcon.colcon_core.package_identification:_identify(created_model_NXPCUP_2026.v2-v1_yolov8/content/NXPCUP_2026.v2-v1_a.yolov8/train/images) by extension 'ignore_ament_install'
[0.191s] Level 1:colcon.colcon_core.package_identification:_identify(created_model_NXPCUP_2026.v2-v1_yolov8/content/NXPCUP_2026.v2-v1_a.yolov8/train/images) by extensions ['colcon_pkg']
[0.191s] Level 1:colcon.colcon_core.package_identification:_identify(created_model_NXPCUP_2026.v2-v1_yolov8/content/NXPCUP_2026.v2-v1_a.yolov8/train/images) by extension 'colcon_pkg'
[0.191s] Level 1:colcon.colcon_core.package_identification:_identify(created_model_NXPCUP_2026.v2-v1_yolov8/content/NXPCUP_2026.v2-v1_a.yolov8/train/images) by extensions ['colcon_meta']
[0.191s] Level 1:colcon.colcon_core.package_identification:_identify(created_model_NXPCUP_2026.v2-v1_yolov8/content/NXPCUP_2026.v2-v1_a.yolov8/train/images) by extension 'colcon_meta'
[0.191s] Level 1:colcon.colcon_core.package_identification:_identify(created_model_NXPCUP_2026.v2-v1_yolov8/content/NXPCUP_2026.v2-v1_a.yolov8/train/images) by extensions ['ros']
[0.191s] Level 1:colcon.colcon_core.package_identification:_identify(created_model_NXPCUP_2026.v2-v1_yolov8/content/NXPCUP_2026.v2-v1_a.yolov8/train/images) by extension 'ros'
[0.191s] Level 1:colcon.colcon_core.package_identification:_identify(created_model_NXPCUP_2026.v2-v1_yolov8/content/NXPCUP_2026.v2-v1_a.yolov8/train/images) by extensions ['cmake', 'python']
[0.191s] Level 1:colcon.colcon_core.package_identification:_identify(created_model_NXPCUP_2026.v2-v1_yolov8/content/NXPCUP_2026.v2-v1_a.yolov8/train/images) by extension 'cmake'
[0.191s] Level 1:colcon.colcon_core.package_identification:_identify(created_model_NXPCUP_2026.v2-v1_yolov8/content/NXPCUP_2026.v2-v1_a.yolov8/train/images) by extension 'python'
[0.191s] Level 1:colcon.colcon_core.package_identification:_identify(created_model_NXPCUP_2026.v2-v1_yolov8/content/NXPCUP_2026.v2-v1_a.yolov8/train/images) by extensions ['python_setup_py']
[0.191s] Level 1:colcon.colcon_core.package_identification:_identify(created_model_NXPCUP_2026.v2-v1_yolov8/content/NXPCUP_2026.v2-v1_a.yolov8/train/images) by extension 'python_setup_py'
[0.192s] Level 1:colcon.colcon_core.package_identification:_identify(created_model_NXPCUP_2026.v2-v1_yolov8/content/NXPCUP_2026.v2-v1_a.yolov8/train/labels) by extensions ['ignore', 'ignore_ament_install']
[0.192s] Level 1:colcon.colcon_core.package_identification:_identify(created_model_NXPCUP_2026.v2-v1_yolov8/content/NXPCUP_2026.v2-v1_a.yolov8/train/labels) by extension 'ignore'
[0.192s] Level 1:colcon.colcon_core.package_identification:_identify(created_model_NXPCUP_2026.v2-v1_yolov8/content/NXPCUP_2026.v2-v1_a.yolov8/train/labels) by extension 'ignore_ament_install'
[0.192s] Level 1:colcon.colcon_core.package_identification:_identify(created_model_NXPCUP_2026.v2-v1_yolov8/content/NXPCUP_2026.v2-v1_a.yolov8/train/labels) by extensions ['colcon_pkg']
[0.192s] Level 1:colcon.colcon_core.package_identification:_identify(created_model_NXPCUP_2026.v2-v1_yolov8/content/NXPCUP_2026.v2-v1_a.yolov8/train/labels) by extension 'colcon_pkg'
[0.192s] Level 1:colcon.colcon_core.package_identification:_identify(created_model_NXPCUP_2026.v2-v1_yolov8/content/NXPCUP_2026.v2-v1_a.yolov8/train/labels) by extensions ['colcon_meta']
[0.192s] Level 1:colcon.colcon_core.package_identification:_identify(created_model_NXPCUP_2026.v2-v1_yolov8/content/NXPCUP_2026.v2-v1_a.yolov8/train/labels) by extension 'colcon_meta'
[0.192s] Level 1:colcon.colcon_core.package_identification:_identify(created_model_NXPCUP_2026.v2-v1_yolov8/content/NXPCUP_2026.v2-v1_a.yolov8/train/labels) by extensions ['ros']
[0.192s] Level 1:colcon.colcon_core.package_identification:_identify(created_model_NXPCUP_2026.v2-v1_yolov8/content/NXPCUP_2026.v2-v1_a.yolov8/train/labels) by extension 'ros'
[0.192s] Level 1:colcon.colcon_core.package_identification:_identify(created_model_NXPCUP_2026.v2-v1_yolov8/content/NXPCUP_2026.v2-v1_a.yolov8/train/labels) by extensions ['cmake', 'python']
[0.192s] Level 1:colcon.colcon_core.package_identification:_identify(created_model_NXPCUP_2026.v2-v1_yolov8/content/NXPCUP_2026.v2-v1_a.yolov8/train/labels) by extension 'cmake'
[0.192s] Level 1:colcon.colcon_core.package_identification:_identify(created_model_NXPCUP_2026.v2-v1_yolov8/content/NXPCUP_2026.v2-v1_a.yolov8/train/labels) by extension 'python'
[0.192s] Level 1:colcon.colcon_core.package_identification:_identify(created_model_NXPCUP_2026.v2-v1_yolov8/content/NXPCUP_2026.v2-v1_a.yolov8/train/labels) by extensions ['python_setup_py']
[0.192s] Level 1:colcon.colcon_core.package_identification:_identify(created_model_NXPCUP_2026.v2-v1_yolov8/content/NXPCUP_2026.v2-v1_a.yolov8/train/labels) by extension 'python_setup_py'
[0.192s] Level 1:colcon.colcon_core.package_identification:_identify(created_model_NXPCUP_2026.v2-v1_yolov8/content/NXPCUP_2026.v2-v1_a.yolov8/valid) by extensions ['ignore', 'ignore_ament_install']
[0.192s] Level 1:colcon.colcon_core.package_identification:_identify(created_model_NXPCUP_2026.v2-v1_yolov8/content/NXPCUP_2026.v2-v1_a.yolov8/valid) by extension 'ignore'
[0.192s] Level 1:colcon.colcon_core.package_identification:_identify(created_model_NXPCUP_2026.v2-v1_yolov8/content/NXPCUP_2026.v2-v1_a.yolov8/valid) by extension 'ignore_ament_install'
[0.192s] Level 1:colcon.colcon_core.package_identification:_identify(created_model_NXPCUP_2026.v2-v1_yolov8/content/NXPCUP_2026.v2-v1_a.yolov8/valid) by extensions ['colcon_pkg']
[0.192s] Level 1:colcon.colcon_core.package_identification:_identify(created_model_NXPCUP_2026.v2-v1_yolov8/content/NXPCUP_2026.v2-v1_a.yolov8/valid) by extension 'colcon_pkg'
[0.192s] Level 1:colcon.colcon_core.package_identification:_identify(created_model_NXPCUP_2026.v2-v1_yolov8/content/NXPCUP_2026.v2-v1_a.yolov8/valid) by extensions ['colcon_meta']
[0.192s] Level 1:colcon.colcon_core.package_identification:_identify(created_model_NXPCUP_2026.v2-v1_yolov8/content/NXPCUP_2026.v2-v1_a.yolov8/valid) by extension 'colcon_meta'
[0.192s] Level 1:colcon.colcon_core.package_identification:_identify(created_model_NXPCUP_2026.v2-v1_yolov8/content/NXPCUP_2026.v2-v1_a.yolov8/valid) by extensions ['ros']
[0.192s] Level 1:colcon.colcon_core.package_identification:_identify(created_model_NXPCUP_2026.v2-v1_yolov8/content/NXPCUP_2026.v2-v1_a.yolov8/valid) by extension 'ros'
[0.192s] Level 1:colcon.colcon_core.package_identification:_identify(created_model_NXPCUP_2026.v2-v1_yolov8/content/NXPCUP_2026.v2-v1_a.yolov8/valid) by extensions ['cmake', 'python']
[0.192s] Level 1:colcon.colcon_core.package_identification:_identify(created_model_NXPCUP_2026.v2-v1_yolov8/content/NXPCUP_2026.v2-v1_a.yolov8/valid) by extension 'cmake'
[0.192s] Level 1:colcon.colcon_core.package_identification:_identify(created_model_NXPCUP_2026.v2-v1_yolov8/content/NXPCUP_2026.v2-v1_a.yolov8/valid) by extension 'python'
[0.193s] Level 1:colcon.colcon_core.package_identification:_identify(created_model_NXPCUP_2026.v2-v1_yolov8/content/NXPCUP_2026.v2-v1_a.yolov8/valid) by extensions ['python_setup_py']
[0.193s] Level 1:colcon.colcon_core.package_identification:_identify(created_model_NXPCUP_2026.v2-v1_yolov8/content/NXPCUP_2026.v2-v1_a.yolov8/valid) by extension 'python_setup_py'
[0.193s] Level 1:colcon.colcon_core.package_identification:_identify(created_model_NXPCUP_2026.v2-v1_yolov8/content/NXPCUP_2026.v2-v1_a.yolov8/valid/images) by extensions ['ignore', 'ignore_ament_install']
[0.193s] Level 1:colcon.colcon_core.package_identification:_identify(created_model_NXPCUP_2026.v2-v1_yolov8/content/NXPCUP_2026.v2-v1_a.yolov8/valid/images) by extension 'ignore'
[0.193s] Level 1:colcon.colcon_core.package_identification:_identify(created_model_NXPCUP_2026.v2-v1_yolov8/content/NXPCUP_2026.v2-v1_a.yolov8/valid/images) by extension 'ignore_ament_install'
[0.193s] Level 1:colcon.colcon_core.package_identification:_identify(created_model_NXPCUP_2026.v2-v1_yolov8/content/NXPCUP_2026.v2-v1_a.yolov8/valid/images) by extensions ['colcon_pkg']
[0.193s] Level 1:colcon.colcon_core.package_identification:_identify(created_model_NXPCUP_2026.v2-v1_yolov8/content/NXPCUP_2026.v2-v1_a.yolov8/valid/images) by extension 'colcon_pkg'
[0.193s] Level 1:colcon.colcon_core.package_identification:_identify(created_model_NXPCUP_2026.v2-v1_yolov8/content/NXPCUP_2026.v2-v1_a.yolov8/valid/images) by extensions ['colcon_meta']
[0.193s] Level 1:colcon.colcon_core.package_identification:_identify(created_model_NXPCUP_2026.v2-v1_yolov8/content/NXPCUP_2026.v2-v1_a.yolov8/valid/images) by extension 'colcon_meta'
[0.193s] Level 1:colcon.colcon_core.package_identification:_identify(created_model_NXPCUP_2026.v2-v1_yolov8/content/NXPCUP_2026.v2-v1_a.yolov8/valid/images) by extensions ['ros']
[0.193s] Level 1:colcon.colcon_core.package_identification:_identify(created_model_NXPCUP_2026.v2-v1_yolov8/content/NXPCUP_2026.v2-v1_a.yolov8/valid/images) by extension 'ros'
[0.193s] Level 1:colcon.colcon_core.package_identification:_identify(created_model_NXPCUP_2026.v2-v1_yolov8/content/NXPCUP_2026.v2-v1_a.yolov8/valid/images) by extensions ['cmake', 'python']
[0.193s] Level 1:colcon.colcon_core.package_identification:_identify(created_model_NXPCUP_2026.v2-v1_yolov8/content/NXPCUP_2026.v2-v1_a.yolov8/valid/images) by extension 'cmake'
[0.193s] Level 1:colcon.colcon_core.package_identification:_identify(created_model_NXPCUP_2026.v2-v1_yolov8/content/NXPCUP_2026.v2-v1_a.yolov8/valid/images) by extension 'python'
[0.193s] Level 1:colcon.colcon_core.package_identification:_identify(created_model_NXPCUP_2026.v2-v1_yolov8/content/NXPCUP_2026.v2-v1_a.yolov8/valid/images) by extensions ['python_setup_py']
[0.193s] Level 1:colcon.colcon_core.package_identification:_identify(created_model_NXPCUP_2026.v2-v1_yolov8/content/NXPCUP_2026.v2-v1_a.yolov8/valid/images) by extension 'python_setup_py'
[0.193s] Level 1:colcon.colcon_core.package_identification:_identify(created_model_NXPCUP_2026.v2-v1_yolov8/content/NXPCUP_2026.v2-v1_a.yolov8/valid/labels) by extensions ['ignore', 'ignore_ament_install']
[0.193s] Level 1:colcon.colcon_core.package_identification:_identify(created_model_NXPCUP_2026.v2-v1_yolov8/content/NXPCUP_2026.v2-v1_a.yolov8/valid/labels) by extension 'ignore'
[0.193s] Level 1:colcon.colcon_core.package_identification:_identify(created_model_NXPCUP_2026.v2-v1_yolov8/content/NXPCUP_2026.v2-v1_a.yolov8/valid/labels) by extension 'ignore_ament_install'
[0.193s] Level 1:colcon.colcon_core.package_identification:_identify(created_model_NXPCUP_2026.v2-v1_yolov8/content/NXPCUP_2026.v2-v1_a.yolov8/valid/labels) by extensions ['colcon_pkg']
[0.193s] Level 1:colcon.colcon_core.package_identification:_identify(created_model_NXPCUP_2026.v2-v1_yolov8/content/NXPCUP_2026.v2-v1_a.yolov8/valid/labels) by extension 'colcon_pkg'
[0.193s] Level 1:colcon.colcon_core.package_identification:_identify(created_model_NXPCUP_2026.v2-v1_yolov8/content/NXPCUP_2026.v2-v1_a.yolov8/valid/labels) by extensions ['colcon_meta']
[0.193s] Level 1:colcon.colcon_core.package_identification:_identify(created_model_NXPCUP_2026.v2-v1_yolov8/content/NXPCUP_2026.v2-v1_a.yolov8/valid/labels) by extension 'colcon_meta'
[0.193s] Level 1:colcon.colcon_core.package_identification:_identify(created_model_NXPCUP_2026.v2-v1_yolov8/content/NXPCUP_2026.v2-v1_a.yolov8/valid/labels) by extensions ['ros']
[0.193s] Level 1:colcon.colcon_core.package_identification:_identify(created_model_NXPCUP_2026.v2-v1_yolov8/content/NXPCUP_2026.v2-v1_a.yolov8/valid/labels) by extension 'ros'
[0.193s] Level 1:colcon.colcon_core.package_identification:_identify(created_model_NXPCUP_2026.v2-v1_yolov8/content/NXPCUP_2026.v2-v1_a.yolov8/valid/labels) by extensions ['cmake', 'python']
[0.193s] Level 1:colcon.colcon_core.package_identification:_identify(created_model_NXPCUP_2026.v2-v1_yolov8/content/NXPCUP_2026.v2-v1_a.yolov8/valid/labels) by extension 'cmake'
[0.193s] Level 1:colcon.colcon_core.package_identification:_identify(created_model_NXPCUP_2026.v2-v1_yolov8/content/NXPCUP_2026.v2-v1_a.yolov8/valid/labels) by extension 'python'
[0.193s] Level 1:colcon.colcon_core.package_identification:_identify(created_model_NXPCUP_2026.v2-v1_yolov8/content/NXPCUP_2026.v2-v1_a.yolov8/valid/labels) by extensions ['python_setup_py']
[0.193s] Level 1:colcon.colcon_core.package_identification:_identify(created_model_NXPCUP_2026.v2-v1_yolov8/content/NXPCUP_2026.v2-v1_a.yolov8/valid/labels) by extension 'python_setup_py'
[0.193s] Level 1:colcon.colcon_core.package_identification:_identify(install) by extensions ['ignore', 'ignore_ament_install']
[0.193s] Level 1:colcon.colcon_core.package_identification:_identify(install) by extension 'ignore'
[0.193s] Level 1:colcon.colcon_core.package_identification:_identify(install) ignored
[0.194s] Level 1:colcon.colcon_core.package_identification:_identify(log) by extensions ['ignore', 'ignore_ament_install']
[0.194s] Level 1:colcon.colcon_core.package_identification:_identify(log) by extension 'ignore'
[0.194s] Level 1:colcon.colcon_core.package_identification:_identify(log) ignored
[0.194s] Level 1:colcon.colcon_core.package_identification:_identify(src) by extensions ['ignore', 'ignore_ament_install']
[0.194s] Level 1:colcon.colcon_core.package_identification:_identify(src) by extension 'ignore'
[0.194s] Level 1:colcon.colcon_core.package_identification:_identify(src) by extension 'ignore_ament_install'
[0.194s] Level 1:colcon.colcon_core.package_identification:_identify(src) by extensions ['colcon_pkg']
[0.194s] Level 1:colcon.colcon_core.package_identification:_identify(src) by extension 'colcon_pkg'
[0.194s] Level 1:colcon.colcon_core.package_identification:_identify(src) by extensions ['colcon_meta']
[0.194s] Level 1:colcon.colcon_core.package_identification:_identify(src) by extension 'colcon_meta'
[0.194s] Level 1:colcon.colcon_core.package_identification:_identify(src) by extensions ['ros']
[0.194s] Level 1:colcon.colcon_core.package_identification:_identify(src) by extension 'ros'
[0.194s] Level 1:colcon.colcon_core.package_identification:_identify(src) by extensions ['cmake', 'python']
[0.194s] Level 1:colcon.colcon_core.package_identification:_identify(src) by extension 'cmake'
[0.194s] Level 1:colcon.colcon_core.package_identification:_identify(src) by extension 'python'
[0.194s] Level 1:colcon.colcon_core.package_identification:_identify(src) by extensions ['python_setup_py']
[0.194s] Level 1:colcon.colcon_core.package_identification:_identify(src) by extension 'python_setup_py'
[0.194s] Level 1:colcon.colcon_core.package_identification:_identify(src/b3rb) by extensions ['ignore', 'ignore_ament_install']
[0.194s] Level 1:colcon.colcon_core.package_identification:_identify(src/b3rb) by extension 'ignore'
[0.194s] Level 1:colcon.colcon_core.package_identification:_identify(src/b3rb) by extension 'ignore_ament_install'
[0.194s] Level 1:colcon.colcon_core.package_identification:_identify(src/b3rb) by extensions ['colcon_pkg']
[0.194s] Level 1:colcon.colcon_core.package_identification:_identify(src/b3rb) by extension 'colcon_pkg'
[0.194s] Level 1:colcon.colcon_core.package_identification:_identify(src/b3rb) by extensions ['colcon_meta']
[0.194s] Level 1:colcon.colcon_core.package_identification:_identify(src/b3rb) by extension 'colcon_meta'
[0.194s] Level 1:colcon.colcon_core.package_identification:_identify(src/b3rb) by extensions ['ros']
[0.194s] Level 1:colcon.colcon_core.package_identification:_identify(src/b3rb) by extension 'ros'
[0.194s] Level 1:colcon.colcon_core.package_identification:_identify(src/b3rb) by extensions ['cmake', 'python']
[0.194s] Level 1:colcon.colcon_core.package_identification:_identify(src/b3rb) by extension 'cmake'
[0.194s] Level 1:colcon.colcon_core.package_identification:_identify(src/b3rb) by extension 'python'
[0.194s] Level 1:colcon.colcon_core.package_identification:_identify(src/b3rb) by extensions ['python_setup_py']
[0.194s] Level 1:colcon.colcon_core.package_identification:_identify(src/b3rb) by extension 'python_setup_py'
[0.194s] Level 1:colcon.colcon_core.package_identification:_identify(src/b3rb/b3rb_description) by extensions ['ignore', 'ignore_ament_install']
[0.194s] Level 1:colcon.colcon_core.package_identification:_identify(src/b3rb/b3rb_description) by extension 'ignore'
[0.194s] Level 1:colcon.colcon_core.package_identification:_identify(src/b3rb/b3rb_description) by extension 'ignore_ament_install'
[0.194s] Level 1:colcon.colcon_core.package_identification:_identify(src/b3rb/b3rb_description) by extensions ['colcon_pkg']
[0.194s] Level 1:colcon.colcon_core.package_identification:_identify(src/b3rb/b3rb_description) by extension 'colcon_pkg'
[0.194s] Level 1:colcon.colcon_core.package_identification:_identify(src/b3rb/b3rb_description) by extensions ['colcon_meta']
[0.194s] Level 1:colcon.colcon_core.package_identification:_identify(src/b3rb/b3rb_description) by extension 'colcon_meta'
[0.195s] Level 1:colcon.colcon_core.package_identification:_identify(src/b3rb/b3rb_description) by extensions ['ros']
[0.195s] Level 1:colcon.colcon_core.package_identification:_identify(src/b3rb/b3rb_description) by extension 'ros'
[0.196s] DEBUG:colcon.colcon_core.package_identification:Package 'src/b3rb/b3rb_description' with type 'ros.ament_cmake' and name 'b3rb_description'
[0.196s] Level 1:colcon.colcon_core.package_identification:_identify(src/b3rb/b3rb_nav2) by extensions ['ignore', 'ignore_ament_install']
[0.196s] Level 1:colcon.colcon_core.package_identification:_identify(src/b3rb/b3rb_nav2) by extension 'ignore'
[0.196s] Level 1:colcon.colcon_core.package_identification:_identify(src/b3rb/b3rb_nav2) by extension 'ignore_ament_install'
[0.196s] Level 1:colcon.colcon_core.package_identification:_identify(src/b3rb/b3rb_nav2) by extensions ['colcon_pkg']
[0.196s] Level 1:colcon.colcon_core.package_identification:_identify(src/b3rb/b3rb_nav2) by extension 'colcon_pkg'
[0.196s] Level 1:colcon.colcon_core.package_identification:_identify(src/b3rb/b3rb_nav2) by extensions ['colcon_meta']
[0.197s] Level 1:colcon.colcon_core.package_identification:_identify(src/b3rb/b3rb_nav2) by extension 'colcon_meta'
[0.197s] Level 1:colcon.colcon_core.package_identification:_identify(src/b3rb/b3rb_nav2) by extensions ['ros']
[0.197s] Level 1:colcon.colcon_core.package_identification:_identify(src/b3rb/b3rb_nav2) by extension 'ros'
[0.197s] DEBUG:colcon.colcon_core.package_identification:Package 'src/b3rb/b3rb_nav2' with type 'ros.ament_cmake' and name 'b3rb_nav2'
[0.197s] Level 1:colcon.colcon_core.package_identification:_identify(src/b3rb_desktop) by extensions ['ignore', 'ignore_ament_install']
[0.197s] Level 1:colcon.colcon_core.package_identification:_identify(src/b3rb_desktop) by extension 'ignore'
[0.197s] Level 1:colcon.colcon_core.package_identification:_identify(src/b3rb_desktop) by extension 'ignore_ament_install'
[0.197s] Level 1:colcon.colcon_core.package_identification:_identify(src/b3rb_desktop) by extensions ['colcon_pkg']
[0.197s] Level 1:colcon.colcon_core.package_identification:_identify(src/b3rb_desktop) by extension 'colcon_pkg'
[0.197s] Level 1:colcon.colcon_core.package_identification:_identify(src/b3rb_desktop) by extensions ['colcon_meta']
[0.197s] Level 1:colcon.colcon_core.package_identification:_identify(src/b3rb_desktop) by extension 'colcon_meta'
[0.197s] Level 1:colcon.colcon_core.package_identification:_identify(src/b3rb_desktop) by extensions ['ros']
[0.197s] Level 1:colcon.colcon_core.package_identification:_identify(src/b3rb_desktop) by extension 'ros'
[0.197s] Level 1:colcon.colcon_core.package_identification:_identify(src/b3rb_desktop) by extensions ['cmake', 'python']
[0.197s] Level 1:colcon.colcon_core.package_identification:_identify(src/b3rb_desktop) by extension 'cmake'
[0.197s] Level 1:colcon.colcon_core.package_identification:_identify(src/b3rb_desktop) by extension 'python'
[0.197s] Level 1:colcon.colcon_core.package_identification:_identify(src/b3rb_desktop) by extensions ['python_setup_py']
[0.197s] Level 1:colcon.colcon_core.package_identification:_identify(src/b3rb_desktop) by extension 'python_setup_py'
[0.197s] Level 1:colcon.colcon_core.package_identification:_identify(src/b3rb_desktop/b3rb_desktop) by extensions ['ignore', 'ignore_ament_install']
[0.197s] Level 1:colcon.colcon_core.package_identification:_identify(src/b3rb_desktop/b3rb_desktop) by extension 'ignore'
[0.197s] Level 1:colcon.colcon_core.package_identification:_identify(src/b3rb_desktop/b3rb_desktop) by extension 'ignore_ament_install'
[0.197s] Level 1:colcon.colcon_core.package_identification:_identify(src/b3rb_desktop/b3rb_desktop) by extensions ['colcon_pkg']
[0.197s] Level 1:colcon.colcon_core.package_identification:_identify(src/b3rb_desktop/b3rb_desktop) by extension 'colcon_pkg'
[0.197s] Level 1:colcon.colcon_core.package_identification:_identify(src/b3rb_desktop/b3rb_desktop) by extensions ['colcon_meta']
[0.197s] Level 1:colcon.colcon_core.package_identification:_identify(src/b3rb_desktop/b3rb_desktop) by extension 'colcon_meta'
[0.197s] Level 1:colcon.colcon_core.package_identification:_identify(src/b3rb_desktop/b3rb_desktop) by extensions ['ros']
[0.198s] Level 1:colcon.colcon_core.package_identification:_identify(src/b3rb_desktop/b3rb_desktop) by extension 'ros'
[0.198s] DEBUG:colcon.colcon_core.package_identification:Package 'src/b3rb_desktop/b3rb_desktop' with type 'ros.ament_cmake' and name 'b3rb_desktop'
[0.198s] Level 1:colcon.colcon_core.package_identification:_identify(src/b3rb_desktop/b3rb_rviz) by extensions ['ignore', 'ignore_ament_install']
[0.198s] Level 1:colcon.colcon_core.package_identification:_identify(src/b3rb_desktop/b3rb_rviz) by extension 'ignore'
[0.198s] Level 1:colcon.colcon_core.package_identification:_identify(src/b3rb_desktop/b3rb_rviz) by extension 'ignore_ament_install'
[0.198s] Level 1:colcon.colcon_core.package_identification:_identify(src/b3rb_desktop/b3rb_rviz) by extensions ['colcon_pkg']
[0.198s] Level 1:colcon.colcon_core.package_identification:_identify(src/b3rb_desktop/b3rb_rviz) by extension 'colcon_pkg'
[0.198s] Level 1:colcon.colcon_core.package_identification:_identify(src/b3rb_desktop/b3rb_rviz) by extensions ['colcon_meta']
[0.198s] Level 1:colcon.colcon_core.package_identification:_identify(src/b3rb_desktop/b3rb_rviz) by extension 'colcon_meta'
[0.198s] Level 1:colcon.colcon_core.package_identification:_identify(src/b3rb_desktop/b3rb_rviz) by extensions ['ros']
[0.198s] Level 1:colcon.colcon_core.package_identification:_identify(src/b3rb_desktop/b3rb_rviz) by extension 'ros'
[0.198s] DEBUG:colcon.colcon_core.package_identification:Package 'src/b3rb_desktop/b3rb_rviz' with type 'ros.ament_cmake' and name 'b3rb_rviz'
[0.198s] Level 1:colcon.colcon_core.package_identification:_identify(src/b3rb_ros_line_follower) by extensions ['ignore', 'ignore_ament_install']
[0.199s] Level 1:colcon.colcon_core.package_identification:_identify(src/b3rb_ros_line_follower) by extension 'ignore'
[0.199s] Level 1:colcon.colcon_core.package_identification:_identify(src/b3rb_ros_line_follower) by extension 'ignore_ament_install'
[0.199s] Level 1:colcon.colcon_core.package_identification:_identify(src/b3rb_ros_line_follower) by extensions ['colcon_pkg']
[0.199s] Level 1:colcon.colcon_core.package_identification:_identify(src/b3rb_ros_line_follower) by extension 'colcon_pkg'
[0.199s] Level 1:colcon.colcon_core.package_identification:_identify(src/b3rb_ros_line_follower) by extensions ['colcon_meta']
[0.199s] Level 1:colcon.colcon_core.package_identification:_identify(src/b3rb_ros_line_follower) by extension 'colcon_meta'
[0.199s] Level 1:colcon.colcon_core.package_identification:_identify(src/b3rb_ros_line_follower) by extensions ['ros']
[0.199s] Level 1:colcon.colcon_core.package_identification:_identify(src/b3rb_ros_line_follower) by extension 'ros'
[0.199s] Level 1:colcon.colcon_core.package_identification:_identify(src/b3rb_ros_line_follower) by extensions ['cmake', 'python']
[0.199s] Level 1:colcon.colcon_core.package_identification:_identify(src/b3rb_ros_line_follower) by extension 'cmake'
[0.199s] Level 1:colcon.colcon_core.package_identification:_identify(src/b3rb_ros_line_follower) by extension 'python'
[0.199s] Level 1:colcon.colcon_core.package_identification:_identify(src/b3rb_ros_line_follower) by extensions ['python_setup_py']
[0.199s] Level 1:colcon.colcon_core.package_identification:_identify(src/b3rb_ros_line_follower) by extension 'python_setup_py'
[0.199s] Level 1:colcon.colcon_core.package_identification:_identify(src/b3rb_ros_line_follower/b3rb_ros_line_follower) by extensions ['ignore', 'ignore_ament_install']
[0.199s] Level 1:colcon.colcon_core.package_identification:_identify(src/b3rb_ros_line_follower/b3rb_ros_line_follower) by extension 'ignore'
[0.199s] Level 1:colcon.colcon_core.package_identification:_identify(src/b3rb_ros_line_follower/b3rb_ros_line_follower) by extension 'ignore_ament_install'
[0.199s] Level 1:colcon.colcon_core.package_identification:_identify(src/b3rb_ros_line_follower/b3rb_ros_line_follower) by extensions ['colcon_pkg']
[0.199s] Level 1:colcon.colcon_core.package_identification:_identify(src/b3rb_ros_line_follower/b3rb_ros_line_follower) by extension 'colcon_pkg'
[0.199s] Level 1:colcon.colcon_core.package_identification:_identify(src/b3rb_ros_line_follower/b3rb_ros_line_follower) by extensions ['colcon_meta']
[0.199s] Level 1:colcon.colcon_core.package_identification:_identify(src/b3rb_ros_line_follower/b3rb_ros_line_follower) by extension 'colcon_meta'
[0.199s] Level 1:colcon.colcon_core.package_identification:_identify(src/b3rb_ros_line_follower/b3rb_ros_line_follower) by extensions ['ros']
[0.199s] Level 1:colcon.colcon_core.package_identification:_identify(src/b3rb_ros_line_follower/b3rb_ros_line_follower) by extension 'ros'
[0.199s] DEBUG:colcon.colcon_core.package_identification:Package 'src/b3rb_ros_line_follower/b3rb_ros_line_follower' with type 'ros.ament_python' and name 'b3rb_ros_line_follower'
[0.199s] Level 1:colcon.colcon_core.package_identification:_identify(src/b3rb_simulator) by extensions ['ignore', 'ignore_ament_install']
[0.199s] Level 1:colcon.colcon_core.package_identification:_identify(src/b3rb_simulator) by extension 'ignore'
[0.200s] Level 1:colcon.colcon_core.package_identification:_identify(src/b3rb_simulator) by extension 'ignore_ament_install'
[0.200s] Level 1:colcon.colcon_core.package_identification:_identify(src/b3rb_simulator) by extensions ['colcon_pkg']
[0.200s] Level 1:colcon.colcon_core.package_identification:_identify(src/b3rb_simulator) by extension 'colcon_pkg'
[0.200s] Level 1:colcon.colcon_core.package_identification:_identify(src/b3rb_simulator) by extensions ['colcon_meta']
[0.200s] Level 1:colcon.colcon_core.package_identification:_identify(src/b3rb_simulator) by extension 'colcon_meta'
[0.200s] Level 1:colcon.colcon_core.package_identification:_identify(src/b3rb_simulator) by extensions ['ros']
[0.200s] Level 1:colcon.colcon_core.package_identification:_identify(src/b3rb_simulator) by extension 'ros'
[0.200s] Level 1:colcon.colcon_core.package_identification:_identify(src/b3rb_simulator) by extensions ['cmake', 'python']
[0.200s] Level 1:colcon.colcon_core.package_identification:_identify(src/b3rb_simulator) by extension 'cmake'
[0.200s] Level 1:colcon.colcon_core.package_identification:_identify(src/b3rb_simulator) by extension 'python'
[0.200s] Level 1:colcon.colcon_core.package_identification:_identify(src/b3rb_simulator) by extensions ['python_setup_py']
[0.200s] Level 1:colcon.colcon_core.package_identification:_identify(src/b3rb_simulator) by extension 'python_setup_py'
[0.200s] Level 1:colcon.colcon_core.package_identification:_identify(src/b3rb_simulator/b3rb_gz_bringup) by extensions ['ignore', 'ignore_ament_install']
[0.200s] Level 1:colcon.colcon_core.package_identification:_identify(src/b3rb_simulator/b3rb_gz_bringup) by extension 'ignore'
[0.200s] Level 1:colcon.colcon_core.package_identification:_identify(src/b3rb_simulator/b3rb_gz_bringup) by extension 'ignore_ament_install'
[0.200s] Level 1:colcon.colcon_core.package_identification:_identify(src/b3rb_simulator/b3rb_gz_bringup) by extensions ['colcon_pkg']
[0.200s] Level 1:colcon.colcon_core.package_identification:_identify(src/b3rb_simulator/b3rb_gz_bringup) by extension 'colcon_pkg'
[0.200s] Level 1:colcon.colcon_core.package_identification:_identify(src/b3rb_simulator/b3rb_gz_bringup) by extensions ['colcon_meta']
[0.200s] Level 1:colcon.colcon_core.package_identification:_identify(src/b3rb_simulator/b3rb_gz_bringup) by extension 'colcon_meta'
[0.200s] Level 1:colcon.colcon_core.package_identification:_identify(src/b3rb_simulator/b3rb_gz_bringup) by extensions ['ros']
[0.200s] Level 1:colcon.colcon_core.package_identification:_identify(src/b3rb_simulator/b3rb_gz_bringup) by extension 'ros'
[0.200s] DEBUG:colcon.colcon_core.package_identification:Package 'src/b3rb_simulator/b3rb_gz_bringup' with type 'ros.ament_cmake' and name 'b3rb_gz_bringup'
[0.200s] Level 1:colcon.colcon_core.package_identification:_identify(src/b3rb_simulator/b3rb_gz_resource) by extensions ['ignore', 'ignore_ament_install']
[0.200s] Level 1:colcon.colcon_core.package_identification:_identify(src/b3rb_simulator/b3rb_gz_resource) by extension 'ignore'
[0.200s] Level 1:colcon.colcon_core.package_identification:_identify(src/b3rb_simulator/b3rb_gz_resource) by extension 'ignore_ament_install'
[0.200s] Level 1:colcon.colcon_core.package_identification:_identify(src/b3rb_simulator/b3rb_gz_resource) by extensions ['colcon_pkg']
[0.200s] Level 1:colcon.colcon_core.package_identification:_identify(src/b3rb_simulator/b3rb_gz_resource) by extension 'colcon_pkg'
[0.200s] Level 1:colcon.colcon_core.package_identification:_identify(src/b3rb_simulator/b3rb_gz_resource) by extensions ['colcon_meta']
[0.200s] Level 1:colcon.colcon_core.package_identification:_identify(src/b3rb_simulator/b3rb_gz_resource) by extension 'colcon_meta'
[0.201s] Level 1:colcon.colcon_core.package_identification:_identify(src/b3rb_simulator/b3rb_gz_resource) by extensions ['ros']
[0.201s] Level 1:colcon.colcon_core.package_identification:_identify(src/b3rb_simulator/b3rb_gz_resource) by extension 'ros'
[0.201s] DEBUG:colcon.colcon_core.package_identification:Package 'src/b3rb_simulator/b3rb_gz_resource' with type 'ros.ament_cmake' and name 'b3rb_gz_resource'
[0.201s] Level 1:colcon.colcon_core.package_identification:_identify(src/b3rb_simulator/b3rb_simulator) by extensions ['ignore', 'ignore_ament_install']
[0.201s] Level 1:colcon.colcon_core.package_identification:_identify(src/b3rb_simulator/b3rb_simulator) by extension 'ignore'
[0.201s] Level 1:colcon.colcon_core.package_identification:_identify(src/b3rb_simulator/b3rb_simulator) by extension 'ignore_ament_install'
[0.201s] Level 1:colcon.colcon_core.package_identification:_identify(src/b3rb_simulator/b3rb_simulator) by extensions ['colcon_pkg']
[0.201s] Level 1:colcon.colcon_core.package_identification:_identify(src/b3rb_simulator/b3rb_simulator) by extension 'colcon_pkg'
[0.201s] Level 1:colcon.colcon_core.package_identification:_identify(src/b3rb_simulator/b3rb_simulator) by extensions ['colcon_meta']
[0.201s] Level 1:colcon.colcon_core.package_identification:_identify(src/b3rb_simulator/b3rb_simulator) by extension 'colcon_meta'
[0.201s] Level 1:colcon.colcon_core.package_identification:_identify(src/b3rb_simulator/b3rb_simulator) by extensions ['ros']
[0.201s] Level 1:colcon.colcon_core.package_identification:_identify(src/b3rb_simulator/b3rb_simulator) by extension 'ros'
[0.201s] DEBUG:colcon.colcon_core.package_identification:Package 'src/b3rb_simulator/b3rb_simulator' with type 'ros.ament_cmake' and name 'b3rb_simulator'
[0.202s] Level 1:colcon.colcon_core.package_identification:_identify(src/cerebri_bringup) by extensions ['ignore', 'ignore_ament_install']
[0.202s] Level 1:colcon.colcon_core.package_identification:_identify(src/cerebri_bringup) by extension 'ignore'
[0.202s] Level 1:colcon.colcon_core.package_identification:_identify(src/cerebri_bringup) by extension 'ignore_ament_install'
[0.202s] Level 1:colcon.colcon_core.package_identification:_identify(src/cerebri_bringup) by extensions ['colcon_pkg']
[0.202s] Level 1:colcon.colcon_core.package_identification:_identify(src/cerebri_bringup) by extension 'colcon_pkg'
[0.202s] Level 1:colcon.colcon_core.package_identification:_identify(src/cerebri_bringup) by extensions ['colcon_meta']
[0.202s] Level 1:colcon.colcon_core.package_identification:_identify(src/cerebri_bringup) by extension 'colcon_meta'
[0.202s] Level 1:colcon.colcon_core.package_identification:_identify(src/cerebri_bringup) by extensions ['ros']
[0.202s] Level 1:colcon.colcon_core.package_identification:_identify(src/cerebri_bringup) by extension 'ros'
[0.202s] DEBUG:colcon.colcon_core.package_identification:Package 'src/cerebri_bringup' with type 'ros.ament_cmake' and name 'cerebri_bringup'
[0.202s] Level 1:colcon.colcon_core.package_identification:_identify(src/corti) by extensions ['ignore', 'ignore_ament_install']
[0.202s] Level 1:colcon.colcon_core.package_identification:_identify(src/corti) by extension 'ignore'
[0.202s] Level 1:colcon.colcon_core.package_identification:_identify(src/corti) by extension 'ignore_ament_install'
[0.202s] Level 1:colcon.colcon_core.package_identification:_identify(src/corti) by extensions ['colcon_pkg']
[0.202s] Level 1:colcon.colcon_core.package_identification:_identify(src/corti) by extension 'colcon_pkg'
[0.202s] Level 1:colcon.colcon_core.package_identification:_identify(src/corti) by extensions ['colcon_meta']
[0.202s] Level 1:colcon.colcon_core.package_identification:_identify(src/corti) by extension 'colcon_meta'
[0.202s] Level 1:colcon.colcon_core.package_identification:_identify(src/corti) by extensions ['ros']
[0.202s] Level 1:colcon.colcon_core.package_identification:_identify(src/corti) by extension 'ros'
[0.203s] DEBUG:colcon.colcon_core.package_identification:Package 'src/corti' with type 'ros.ament_cmake' and name 'corti'
[0.203s] Level 1:colcon.colcon_core.package_identification:_identify(src/dream_world) by extensions ['ignore', 'ignore_ament_install']
[0.203s] Level 1:colcon.colcon_core.package_identification:_identify(src/dream_world) by extension 'ignore'
[0.203s] Level 1:colcon.colcon_core.package_identification:_identify(src/dream_world) by extension 'ignore_ament_install'
[0.203s] Level 1:colcon.colcon_core.package_identification:_identify(src/dream_world) by extensions ['colcon_pkg']
[0.203s] Level 1:colcon.colcon_core.package_identification:_identify(src/dream_world) by extension 'colcon_pkg'
[0.203s] Level 1:colcon.colcon_core.package_identification:_identify(src/dream_world) by extensions ['colcon_meta']
[0.203s] Level 1:colcon.colcon_core.package_identification:_identify(src/dream_world) by extension 'colcon_meta'
[0.203s] Level 1:colcon.colcon_core.package_identification:_identify(src/dream_world) by extensions ['ros']
[0.203s] Level 1:colcon.colcon_core.package_identification:_identify(src/dream_world) by extension 'ros'
[0.203s] Level 1:colcon.colcon_core.package_identification:_identify(src/dream_world) by extensions ['cmake', 'python']
[0.203s] Level 1:colcon.colcon_core.package_identification:_identify(src/dream_world) by extension 'cmake'
[0.203s] Level 1:colcon.colcon_core.package_identification:_identify(src/dream_world) by extension 'python'
[0.203s] Level 1:colcon.colcon_core.package_identification:_identify(src/dream_world) by extensions ['python_setup_py']
[0.203s] Level 1:colcon.colcon_core.package_identification:_identify(src/dream_world) by extension 'python_setup_py'
[0.203s] Level 1:colcon.colcon_core.package_identification:_identify(src/dream_world/dream_world) by extensions ['ignore', 'ignore_ament_install']
[0.203s] Level 1:colcon.colcon_core.package_identification:_identify(src/dream_world/dream_world) by extension 'ignore'
[0.203s] Level 1:colcon.colcon_core.package_identification:_identify(src/dream_world/dream_world) by extension 'ignore_ament_install'
[0.203s] Level 1:colcon.colcon_core.package_identification:_identify(src/dream_world/dream_world) by extensions ['colcon_pkg']
[0.203s] Level 1:colcon.colcon_core.package_identification:_identify(src/dream_world/dream_world) by extension 'colcon_pkg'
[0.203s] Level 1:colcon.colcon_core.package_identification:_identify(src/dream_world/dream_world) by extensions ['colcon_meta']
[0.203s] Level 1:colcon.colcon_core.package_identification:_identify(src/dream_world/dream_world) by extension 'colcon_meta'
[0.204s] Level 1:colcon.colcon_core.package_identification:_identify(src/dream_world/dream_world) by extensions ['ros']
[0.204s] Level 1:colcon.colcon_core.package_identification:_identify(src/dream_world/dream_world) by extension 'ros'
[0.204s] DEBUG:colcon.colcon_core.package_identification:Package 'src/dream_world/dream_world' with type 'ros.ament_cmake' and name 'dream_world'
[0.204s] Level 1:colcon.colcon_core.package_identification:_identify(src/synapse_gz) by extensions ['ignore', 'ignore_ament_install']
[0.204s] Level 1:colcon.colcon_core.package_identification:_identify(src/synapse_gz) by extension 'ignore'
[0.204s] Level 1:colcon.colcon_core.package_identification:_identify(src/synapse_gz) by extension 'ignore_ament_install'
[0.204s] Level 1:colcon.colcon_core.package_identification:_identify(src/synapse_gz) by extensions ['colcon_pkg']
[0.204s] Level 1:colcon.colcon_core.package_identification:_identify(src/synapse_gz) by extension 'colcon_pkg'
[0.204s] Level 1:colcon.colcon_core.package_identification:_identify(src/synapse_gz) by extensions ['colcon_meta']
[0.204s] Level 1:colcon.colcon_core.package_identification:_identify(src/synapse_gz) by extension 'colcon_meta'
[0.204s] Level 1:colcon.colcon_core.package_identification:_identify(src/synapse_gz) by extensions ['ros']
[0.204s] Level 1:colcon.colcon_core.package_identification:_identify(src/synapse_gz) by extension 'ros'
[0.205s] DEBUG:colcon.colcon_core.package_identification:Package 'src/synapse_gz' with type 'ros.ament_cmake' and name 'synapse_gz'
[0.205s] Level 1:colcon.colcon_core.package_identification:_identify(src/synapse_msgs) by extensions ['ignore', 'ignore_ament_install']
[0.205s] Level 1:colcon.colcon_core.package_identification:_identify(src/synapse_msgs) by extension 'ignore'
[0.205s] Level 1:colcon.colcon_core.package_identification:_identify(src/synapse_msgs) by extension 'ignore_ament_install'
[0.205s] Level 1:colcon.colcon_core.package_identification:_identify(src/synapse_msgs) by extensions ['colcon_pkg']
[0.205s] Level 1:colcon.colcon_core.package_identification:_identify(src/synapse_msgs) by extension 'colcon_pkg'
[0.205s] Level 1:colcon.colcon_core.package_identification:_identify(src/synapse_msgs) by extensions ['colcon_meta']
[0.205s] Level 1:colcon.colcon_core.package_identification:_identify(src/synapse_msgs) by extension 'colcon_meta'
[0.205s] Level 1:colcon.colcon_core.package_identification:_identify(src/synapse_msgs) by extensions ['ros']
[0.205s] Level 1:colcon.colcon_core.package_identification:_identify(src/synapse_msgs) by extension 'ros'
[0.205s] DEBUG:colcon.colcon_core.package_identification:Package 'src/synapse_msgs' with type 'ros.ament_cmake' and name 'synapse_msgs'
[0.205s] Level 1:colcon.colcon_core.package_identification:_identify(src/synapse_protobuf) by extensions ['ignore', 'ignore_ament_install']
[0.205s] Level 1:colcon.colcon_core.package_identification:_identify(src/synapse_protobuf) by extension 'ignore'
[0.205s] Level 1:colcon.colcon_core.package_identification:_identify(src/synapse_protobuf) by extension 'ignore_ament_install'
[0.205s] Level 1:colcon.colcon_core.package_identification:_identify(src/synapse_protobuf) by extensions ['colcon_pkg']
[0.205s] Level 1:colcon.colcon_core.package_identification:_identify(src/synapse_protobuf) by extension 'colcon_pkg'
[0.205s] Level 1:colcon.colcon_core.package_identification:_identify(src/synapse_protobuf) by extensions ['colcon_meta']
[0.205s] Level 1:colcon.colcon_core.package_identification:_identify(src/synapse_protobuf) by extension 'colcon_meta'
[0.205s] Level 1:colcon.colcon_core.package_identification:_identify(src/synapse_protobuf) by extensions ['ros']
[0.205s] Level 1:colcon.colcon_core.package_identification:_identify(src/synapse_protobuf) by extension 'ros'
[0.206s] DEBUG:colcon.colcon_core.package_identification:Package 'src/synapse_protobuf' with type 'ros.ament_cmake' and name 'synapse_protobuf'
[0.206s] Level 1:colcon.colcon_core.package_identification:_identify(src/synapse_ros) by extensions ['ignore', 'ignore_ament_install']
[0.206s] Level 1:colcon.colcon_core.package_identification:_identify(src/synapse_ros) by extension 'ignore'
[0.206s] Level 1:colcon.colcon_core.package_identification:_identify(src/synapse_ros) by extension 'ignore_ament_install'
[0.206s] Level 1:colcon.colcon_core.package_identification:_identify(src/synapse_ros) by extensions ['colcon_pkg']
[0.206s] Level 1:colcon.colcon_core.package_identification:_identify(src/synapse_ros) by extension 'colcon_pkg'
[0.206s] Level 1:colcon.colcon_core.package_identification:_identify(src/synapse_ros) by extensions ['colcon_meta']
[0.206s] Level 1:colcon.colcon_core.package_identification:_identify(src/synapse_ros) by extension 'colcon_meta'
[0.206s] Level 1:colcon.colcon_core.package_identification:_identify(src/synapse_ros) by extensions ['ros']
[0.206s] Level 1:colcon.colcon_core.package_identification:_identify(src/synapse_ros) by extension 'ros'
[0.207s] DEBUG:colcon.colcon_core.package_identification:Package 'src/synapse_ros' with type 'ros.ament_cmake' and name 'synapse_ros'
[0.207s] Level 1:colcon.colcon_core.package_identification:_identify(src/synapse_tinyframe) by extensions ['ignore', 'ignore_ament_install']
[0.207s] Level 1:colcon.colcon_core.package_identification:_identify(src/synapse_tinyframe) by extension 'ignore'
[0.207s] Level 1:colcon.colcon_core.package_identification:_identify(src/synapse_tinyframe) by extension 'ignore_ament_install'
[0.207s] Level 1:colcon.colcon_core.package_identification:_identify(src/synapse_tinyframe) by extensions ['colcon_pkg']
[0.207s] Level 1:colcon.colcon_core.package_identification:_identify(src/synapse_tinyframe) by extension 'colcon_pkg'
[0.207s] Level 1:colcon.colcon_core.package_identification:_identify(src/synapse_tinyframe) by extensions ['colcon_meta']
[0.207s] Level 1:colcon.colcon_core.package_identification:_identify(src/synapse_tinyframe) by extension 'colcon_meta'
[0.207s] Level 1:colcon.colcon_core.package_identification:_identify(src/synapse_tinyframe) by extensions ['ros']
[0.207s] Level 1:colcon.colcon_core.package_identification:_identify(src/synapse_tinyframe) by extension 'ros'
[0.207s] DEBUG:colcon.colcon_core.package_identification:Package 'src/synapse_tinyframe' with type 'ros.ament_cmake' and name 'synapse_tinyframe'
[0.207s] Level 1:colcon.colcon_core.package_discovery:discover_packages(recursive) using defaults
[0.207s] Level 1:colcon.colcon_core.package_discovery:discover_packages(ignore) discover
[0.207s] Level 1:colcon.colcon_core.package_discovery:discover_packages(ignore) using defaults
[0.207s] Level 1:colcon.colcon_core.package_discovery:discover_packages(path) discover
[0.207s] Level 1:colcon.colcon_core.package_discovery:discover_packages(path) using defaults
[0.229s] Level 5:colcon.colcon_core.verb:set package 'b3rb_description' build argument 'cmake_args' from command line to 'None'
[0.229s] Level 5:colcon.colcon_core.verb:set package 'b3rb_description' build argument 'cmake_target' from command line to 'None'
[0.229s] Level 5:colcon.colcon_core.verb:set package 'b3rb_description' build argument 'cmake_target_skip_unavailable' from command line to 'False'
[0.229s] Level 5:colcon.colcon_core.verb:set package 'b3rb_description' build argument 'cmake_clean_cache' from command line to 'False'
[0.229s] Level 5:colcon.colcon_core.verb:set package 'b3rb_description' build argument 'cmake_clean_first' from command line to 'False'
[0.229s] Level 5:colcon.colcon_core.verb:set package 'b3rb_description' build argument 'cmake_force_configure' from command line to 'False'
[0.229s] Level 5:colcon.colcon_core.verb:set package 'b3rb_description' build argument 'ament_cmake_args' from command line to 'None'
[0.229s] Level 5:colcon.colcon_core.verb:set package 'b3rb_description' build argument 'catkin_cmake_args' from command line to 'None'
[0.229s] Level 5:colcon.colcon_core.verb:set package 'b3rb_description' build argument 'catkin_skip_building_tests' from command line to 'False'
[0.229s] DEBUG:colcon.colcon_core.verb:Building package 'b3rb_description' with the following arguments: {'ament_cmake_args': None, 'build_base': '/home/tharun/cognipilot/cranium/build/b3rb_description', 'catkin_cmake_args': None, 'catkin_skip_building_tests': False, 'cmake_args': None, 'cmake_clean_cache': False, 'cmake_clean_first': False, 'cmake_force_configure': False, 'cmake_target': None, 'cmake_target_skip_unavailable': False, 'install_base': '/home/tharun/cognipilot/cranium/install/b3rb_description', 'merge_install': False, 'path': '/home/tharun/cognipilot/cranium/src/b3rb/b3rb_description', 'symlink_install': False, 'test_result_base': None}
[0.229s] Level 5:colcon.colcon_core.verb:set package 'b3rb_gz_bringup' build argument 'cmake_args' from command line to 'None'
[0.229s] Level 5:colcon.colcon_core.verb:set package 'b3rb_gz_bringup' build argument 'cmake_target' from command line to 'None'
[0.229s] Level 5:colcon.colcon_core.verb:set package 'b3rb_gz_bringup' build argument 'cmake_target_skip_unavailable' from command line to 'False'
[0.229s] Level 5:colcon.colcon_core.verb:set package 'b3rb_gz_bringup' build argument 'cmake_clean_cache' from command line to 'False'
[0.229s] Level 5:colcon.colcon_core.verb:set package 'b3rb_gz_bringup' build argument 'cmake_clean_first' from command line to 'False'
[0.229s] Level 5:colcon.colcon_core.verb:set package 'b3rb_gz_bringup' build argument 'cmake_force_configure' from command line to 'False'
[0.229s] Level 5:colcon.colcon_core.verb:set package 'b3rb_gz_bringup' build argument 'ament_cmake_args' from command line to 'None'
[0.229s] Level 5:colcon.colcon_core.verb:set package 'b3rb_gz_bringup' build argument 'catkin_cmake_args' from command line to 'None'
[0.229s] Level 5:colcon.colcon_core.verb:set package 'b3rb_gz_bringup' build argument 'catkin_skip_building_tests' from command line to 'False'
[0.229s] DEBUG:colcon.colcon_core.verb:Building package 'b3rb_gz_bringup' with the following arguments: {'ament_cmake_args': None, 'build_base': '/home/tharun/cognipilot/cranium/build/b3rb_gz_bringup', 'catkin_cmake_args': None, 'catkin_skip_building_tests': False, 'cmake_args': None, 'cmake_clean_cache': False, 'cmake_clean_first': False, 'cmake_force_configure': False, 'cmake_target': None, 'cmake_target_skip_unavailable': False, 'install_base': '/home/tharun/cognipilot/cranium/install/b3rb_gz_bringup', 'merge_install': False, 'path': '/home/tharun/cognipilot/cranium/src/b3rb_simulator/b3rb_gz_bringup', 'symlink_install': False, 'test_result_base': None}
[0.229s] Level 5:colcon.colcon_core.verb:set package 'b3rb_gz_resource' build argument 'cmake_args' from command line to 'None'
[0.229s] Level 5:colcon.colcon_core.verb:set package 'b3rb_gz_resource' build argument 'cmake_target' from command line to 'None'
[0.229s] Level 5:colcon.colcon_core.verb:set package 'b3rb_gz_resource' build argument 'cmake_target_skip_unavailable' from command line to 'False'
[0.229s] Level 5:colcon.colcon_core.verb:set package 'b3rb_gz_resource' build argument 'cmake_clean_cache' from command line to 'False'
[0.229s] Level 5:colcon.colcon_core.verb:set package 'b3rb_gz_resource' build argument 'cmake_clean_first' from command line to 'False'
[0.229s] Level 5:colcon.colcon_core.verb:set package 'b3rb_gz_resource' build argument 'cmake_force_configure' from command line to 'False'
[0.229s] Level 5:colcon.colcon_core.verb:set package 'b3rb_gz_resource' build argument 'ament_cmake_args' from command line to 'None'
[0.230s] Level 5:colcon.colcon_core.verb:set package 'b3rb_gz_resource' build argument 'catkin_cmake_args' from command line to 'None'
[0.230s] Level 5:colcon.colcon_core.verb:set package 'b3rb_gz_resource' build argument 'catkin_skip_building_tests' from command line to 'False'
[0.230s] DEBUG:colcon.colcon_core.verb:Building package 'b3rb_gz_resource' with the following arguments: {'ament_cmake_args': None, 'build_base': '/home/tharun/cognipilot/cranium/build/b3rb_gz_resource', 'catkin_cmake_args': None, 'catkin_skip_building_tests': False, 'cmake_args': None, 'cmake_clean_cache': False, 'cmake_clean_first': False, 'cmake_force_configure': False, 'cmake_target': None, 'cmake_target_skip_unavailable': False, 'install_base': '/home/tharun/cognipilot/cranium/install/b3rb_gz_resource', 'merge_install': False, 'path': '/home/tharun/cognipilot/cranium/src/b3rb_simulator/b3rb_gz_resource', 'symlink_install': False, 'test_result_base': None}
[0.230s] Level 5:colcon.colcon_core.verb:set package 'b3rb_nav2' build argument 'cmake_args' from command line to 'None'
[0.230s] Level 5:colcon.colcon_core.verb:set package 'b3rb_nav2' build argument 'cmake_target' from command line to 'None'
[0.230s] Level 5:colcon.colcon_core.verb:set package 'b3rb_nav2' build argument 'cmake_target_skip_unavailable' from command line to 'False'
[0.230s] Level 5:colcon.colcon_core.verb:set package 'b3rb_nav2' build argument 'cmake_clean_cache' from command line to 'False'
[0.230s] Level 5:colcon.colcon_core.verb:set package 'b3rb_nav2' build argument 'cmake_clean_first' from command line to 'False'
[0.230s] Level 5:colcon.colcon_core.verb:set package 'b3rb_nav2' build argument 'cmake_force_configure' from command line to 'False'
[0.230s] Level 5:colcon.colcon_core.verb:set package 'b3rb_nav2' build argument 'ament_cmake_args' from command line to 'None'
[0.230s] Level 5:colcon.colcon_core.verb:set package 'b3rb_nav2' build argument 'catkin_cmake_args' from command line to 'None'
[0.230s] Level 5:colcon.colcon_core.verb:set package 'b3rb_nav2' build argument 'catkin_skip_building_tests' from command line to 'False'
[0.230s] DEBUG:colcon.colcon_core.verb:Building package 'b3rb_nav2' with the following arguments: {'ament_cmake_args': None, 'build_base': '/home/tharun/cognipilot/cranium/build/b3rb_nav2', 'catkin_cmake_args': None, 'catkin_skip_building_tests': False, 'cmake_args': None, 'cmake_clean_cache': False, 'cmake_clean_first': False, 'cmake_force_configure': False, 'cmake_target': None, 'cmake_target_skip_unavailable': False, 'install_base': '/home/tharun/cognipilot/cranium/install/b3rb_nav2', 'merge_install': False, 'path': '/home/tharun/cognipilot/cranium/src/b3rb/b3rb_nav2', 'symlink_install': False, 'test_result_base': None}
[0.230s] Level 5:colcon.colcon_core.verb:set package 'b3rb_rviz' build argument 'cmake_args' from command line to 'None'
[0.230s] Level 5:colcon.colcon_core.verb:set package 'b3rb_rviz' build argument 'cmake_target' from command line to 'None'
[0.230s] Level 5:colcon.colcon_core.verb:set package 'b3rb_rviz' build argument 'cmake_target_skip_unavailable' from command line to 'False'
[0.230s] Level 5:colcon.colcon_core.verb:set package 'b3rb_rviz' build argument 'cmake_clean_cache' from command line to 'False'
[0.230s] Level 5:colcon.colcon_core.verb:set package 'b3rb_rviz' build argument 'cmake_clean_first' from command line to 'False'
[0.230s] Level 5:colcon.colcon_core.verb:set package 'b3rb_rviz' build argument 'cmake_force_configure' from command line to 'False'
[0.230s] Level 5:colcon.colcon_core.verb:set package 'b3rb_rviz' build argument 'ament_cmake_args' from command line to 'None'
[0.230s] Level 5:colcon.colcon_core.verb:set package 'b3rb_rviz' build argument 'catkin_cmake_args' from command line to 'None'
[0.230s] Level 5:colcon.colcon_core.verb:set package 'b3rb_rviz' build argument 'catkin_skip_building_tests' from command line to 'False'
[0.230s] DEBUG:colcon.colcon_core.verb:Building package 'b3rb_rviz' with the following arguments: {'ament_cmake_args': None, 'build_base': '/home/tharun/cognipilot/cranium/build/b3rb_rviz', 'catkin_cmake_args': None, 'catkin_skip_building_tests': False, 'cmake_args': None, 'cmake_clean_cache': False, 'cmake_clean_first': False, 'cmake_force_configure': False, 'cmake_target': None, 'cmake_target_skip_unavailable': False, 'install_base': '/home/tharun/cognipilot/cranium/install/b3rb_rviz', 'merge_install': False, 'path': '/home/tharun/cognipilot/cranium/src/b3rb_desktop/b3rb_rviz', 'symlink_install': False, 'test_result_base': None}
[0.230s] Level 5:colcon.colcon_core.verb:set package 'cerebri_bringup' build argument 'cmake_args' from command line to 'None'
[0.230s] Level 5:colcon.colcon_core.verb:set package 'cerebri_bringup' build argument 'cmake_target' from command line to 'None'
[0.230s] Level 5:colcon.colcon_core.verb:set package 'cerebri_bringup' build argument 'cmake_target_skip_unavailable' from command line to 'False'
[0.230s] Level 5:colcon.colcon_core.verb:set package 'cerebri_bringup' build argument 'cmake_clean_cache' from command line to 'False'
[0.230s] Level 5:colcon.colcon_core.verb:set package 'cerebri_bringup' build argument 'cmake_clean_first' from command line to 'False'
[0.230s] Level 5:colcon.colcon_core.verb:set package 'cerebri_bringup' build argument 'cmake_force_configure' from command line to 'False'
[0.230s] Level 5:colcon.colcon_core.verb:set package 'cerebri_bringup' build argument 'ament_cmake_args' from command line to 'None'
[0.230s] Level 5:colcon.colcon_core.verb:set package 'cerebri_bringup' build argument 'catkin_cmake_args' from command line to 'None'
[0.230s] Level 5:colcon.colcon_core.verb:set package 'cerebri_bringup' build argument 'catkin_skip_building_tests' from command line to 'False'
[0.230s] DEBUG:colcon.colcon_core.verb:Building package 'cerebri_bringup' with the following arguments: {'ament_cmake_args': None, 'build_base': '/home/tharun/cognipilot/cranium/build/cerebri_bringup', 'catkin_cmake_args': None, 'catkin_skip_building_tests': False, 'cmake_args': None, 'cmake_clean_cache': False, 'cmake_clean_first': False, 'cmake_force_configure': False, 'cmake_target': None, 'cmake_target_skip_unavailable': False, 'install_base': '/home/tharun/cognipilot/cranium/install/cerebri_bringup', 'merge_install': False, 'path': '/home/tharun/cognipilot/cranium/src/cerebri_bringup', 'symlink_install': False, 'test_result_base': None}
[0.231s] Level 5:colcon.colcon_core.verb:set package 'dream_world' build argument 'cmake_args' from command line to 'None'
[0.231s] Level 5:colcon.colcon_core.verb:set package 'dream_world' build argument 'cmake_target' from command line to 'None'
[0.231s] Level 5:colcon.colcon_core.verb:set package 'dream_world' build argument 'cmake_target_skip_unavailable' from command line to 'False'
[0.231s] Level 5:colcon.colcon_core.verb:set package 'dream_world' build argument 'cmake_clean_cache' from command line to 'False'
[0.231s] Level 5:colcon.colcon_core.verb:set package 'dream_world' build argument 'cmake_clean_first' from command line to 'False'
[0.231s] Level 5:colcon.colcon_core.verb:set package 'dream_world' build argument 'cmake_force_configure' from command line to 'False'
[0.231s] Level 5:colcon.colcon_core.verb:set package 'dream_world' build argument 'ament_cmake_args' from command line to 'None'
[0.231s] Level 5:colcon.colcon_core.verb:set package 'dream_world' build argument 'catkin_cmake_args' from command line to 'None'
[0.231s] Level 5:colcon.colcon_core.verb:set package 'dream_world' build argument 'catkin_skip_building_tests' from command line to 'False'
[0.231s] DEBUG:colcon.colcon_core.verb:Building package 'dream_world' with the following arguments: {'ament_cmake_args': None, 'build_base': '/home/tharun/cognipilot/cranium/build/dream_world', 'catkin_cmake_args': None, 'catkin_skip_building_tests': False, 'cmake_args': None, 'cmake_clean_cache': False, 'cmake_clean_first': False, 'cmake_force_configure': False, 'cmake_target': None, 'cmake_target_skip_unavailable': False, 'install_base': '/home/tharun/cognipilot/cranium/install/dream_world', 'merge_install': False, 'path': '/home/tharun/cognipilot/cranium/src/dream_world/dream_world', 'symlink_install': False, 'test_result_base': None}
[0.231s] Level 5:colcon.colcon_core.verb:set package 'synapse_msgs' build argument 'cmake_args' from command line to 'None'
[0.231s] Level 5:colcon.colcon_core.verb:set package 'synapse_msgs' build argument 'cmake_target' from command line to 'None'
[0.231s] Level 5:colcon.colcon_core.verb:set package 'synapse_msgs' build argument 'cmake_target_skip_unavailable' from command line to 'False'
[0.231s] Level 5:colcon.colcon_core.verb:set package 'synapse_msgs' build argument 'cmake_clean_cache' from command line to 'False'
[0.231s] Level 5:colcon.colcon_core.verb:set package 'synapse_msgs' build argument 'cmake_clean_first' from command line to 'False'
[0.231s] Level 5:colcon.colcon_core.verb:set package 'synapse_msgs' build argument 'cmake_force_configure' from command line to 'False'
[0.231s] Level 5:colcon.colcon_core.verb:set package 'synapse_msgs' build argument 'ament_cmake_args' from command line to 'None'
[0.231s] Level 5:colcon.colcon_core.verb:set package 'synapse_msgs' build argument 'catkin_cmake_args' from command line to 'None'
[0.231s] Level 5:colcon.colcon_core.verb:set package 'synapse_msgs' build argument 'catkin_skip_building_tests' from command line to 'False'
[0.231s] DEBUG:colcon.colcon_core.verb:Building package 'synapse_msgs' with the following arguments: {'ament_cmake_args': None, 'build_base': '/home/tharun/cognipilot/cranium/build/synapse_msgs', 'catkin_cmake_args': None, 'catkin_skip_building_tests': False, 'cmake_args': None, 'cmake_clean_cache': False, 'cmake_clean_first': False, 'cmake_force_configure': False, 'cmake_target': None, 'cmake_target_skip_unavailable': False, 'install_base': '/home/tharun/cognipilot/cranium/install/synapse_msgs', 'merge_install': False, 'path': '/home/tharun/cognipilot/cranium/src/synapse_msgs', 'symlink_install': False, 'test_result_base': None}
[0.231s] Level 5:colcon.colcon_core.verb:set package 'synapse_protobuf' build argument 'cmake_args' from command line to 'None'
[0.231s] Level 5:colcon.colcon_core.verb:set package 'synapse_protobuf' build argument 'cmake_target' from command line to 'None'
[0.231s] Level 5:colcon.colcon_core.verb:set package 'synapse_protobuf' build argument 'cmake_target_skip_unavailable' from command line to 'False'
[0.231s] Level 5:colcon.colcon_core.verb:set package 'synapse_protobuf' build argument 'cmake_clean_cache' from command line to 'False'
[0.231s] Level 5:colcon.colcon_core.verb:set package 'synapse_protobuf' build argument 'cmake_clean_first' from command line to 'False'
[0.231s] Level 5:colcon.colcon_core.verb:set package 'synapse_protobuf' build argument 'cmake_force_configure' from command line to 'False'
[0.231s] Level 5:colcon.colcon_core.verb:set package 'synapse_protobuf' build argument 'ament_cmake_args' from command line to 'None'
[0.231s] Level 5:colcon.colcon_core.verb:set package 'synapse_protobuf' build argument 'catkin_cmake_args' from command line to 'None'
[0.231s] Level 5:colcon.colcon_core.verb:set package 'synapse_protobuf' build argument 'catkin_skip_building_tests' from command line to 'False'
[0.231s] DEBUG:colcon.colcon_core.verb:Building package 'synapse_protobuf' with the following arguments: {'ament_cmake_args': None, 'build_base': '/home/tharun/cognipilot/cranium/build/synapse_protobuf', 'catkin_cmake_args': None, 'catkin_skip_building_tests': False, 'cmake_args': None, 'cmake_clean_cache': False, 'cmake_clean_first': False, 'cmake_force_configure': False, 'cmake_target': None, 'cmake_target_skip_unavailable': False, 'install_base': '/home/tharun/cognipilot/cranium/install/synapse_protobuf', 'merge_install': False, 'path': '/home/tharun/cognipilot/cranium/src/synapse_protobuf', 'symlink_install': False, 'test_result_base': None}
[0.232s] Level 5:colcon.colcon_core.verb:set package 'synapse_tinyframe' build argument 'cmake_args' from command line to 'None'
[0.232s] Level 5:colcon.colcon_core.verb:set package 'synapse_tinyframe' build argument 'cmake_target' from command line to 'None'
[0.232s] Level 5:colcon.colcon_core.verb:set package 'synapse_tinyframe' build argument 'cmake_target_skip_unavailable' from command line to 'False'
[0.232s] Level 5:colcon.colcon_core.verb:set package 'synapse_tinyframe' build argument 'cmake_clean_cache' from command line to 'False'
[0.232s] Level 5:colcon.colcon_core.verb:set package 'synapse_tinyframe' build argument 'cmake_clean_first' from command line to 'False'
[0.232s] Level 5:colcon.colcon_core.verb:set package 'synapse_tinyframe' build argument 'cmake_force_configure' from command line to 'False'
[0.232s] Level 5:colcon.colcon_core.verb:set package 'synapse_tinyframe' build argument 'ament_cmake_args' from command line to 'None'
[0.232s] Level 5:colcon.colcon_core.verb:set package 'synapse_tinyframe' build argument 'catkin_cmake_args' from command line to 'None'
[0.232s] Level 5:colcon.colcon_core.verb:set package 'synapse_tinyframe' build argument 'catkin_skip_building_tests' from command line to 'False'
[0.232s] DEBUG:colcon.colcon_core.verb:Building package 'synapse_tinyframe' with the following arguments: {'ament_cmake_args': None, 'build_base': '/home/tharun/cognipilot/cranium/build/synapse_tinyframe', 'catkin_cmake_args': None, 'catkin_skip_building_tests': False, 'cmake_args': None, 'cmake_clean_cache': False, 'cmake_clean_first': False, 'cmake_force_configure': False, 'cmake_target': None, 'cmake_target_skip_unavailable': False, 'install_base': '/home/tharun/cognipilot/cranium/install/synapse_tinyframe', 'merge_install': False, 'path': '/home/tharun/cognipilot/cranium/src/synapse_tinyframe', 'symlink_install': False, 'test_result_base': None}
[0.232s] Level 5:colcon.colcon_core.verb:set package 'b3rb_desktop' build argument 'cmake_args' from command line to 'None'
[0.232s] Level 5:colcon.colcon_core.verb:set package 'b3rb_desktop' build argument 'cmake_target' from command line to 'None'
[0.232s] Level 5:colcon.colcon_core.verb:set package 'b3rb_desktop' build argument 'cmake_target_skip_unavailable' from command line to 'False'
[0.232s] Level 5:colcon.colcon_core.verb:set package 'b3rb_desktop' build argument 'cmake_clean_cache' from command line to 'False'
[0.232s] Level 5:colcon.colcon_core.verb:set package 'b3rb_desktop' build argument 'cmake_clean_first' from command line to 'False'
[0.232s] Level 5:colcon.colcon_core.verb:set package 'b3rb_desktop' build argument 'cmake_force_configure' from command line to 'False'
[0.232s] Level 5:colcon.colcon_core.verb:set package 'b3rb_desktop' build argument 'ament_cmake_args' from command line to 'None'
[0.232s] Level 5:colcon.colcon_core.verb:set package 'b3rb_desktop' build argument 'catkin_cmake_args' from command line to 'None'
[0.232s] Level 5:colcon.colcon_core.verb:set package 'b3rb_desktop' build argument 'catkin_skip_building_tests' from command line to 'False'
[0.232s] DEBUG:colcon.colcon_core.verb:Building package 'b3rb_desktop' with the following arguments: {'ament_cmake_args': None, 'build_base': '/home/tharun/cognipilot/cranium/build/b3rb_desktop', 'catkin_cmake_args': None, 'catkin_skip_building_tests': False, 'cmake_args': None, 'cmake_clean_cache': False, 'cmake_clean_first': False, 'cmake_force_configure': False, 'cmake_target': None, 'cmake_target_skip_unavailable': False, 'install_base': '/home/tharun/cognipilot/cranium/install/b3rb_desktop', 'merge_install': False, 'path': '/home/tharun/cognipilot/cranium/src/b3rb_desktop/b3rb_desktop', 'symlink_install': False, 'test_result_base': None}
[0.232s] Level 5:colcon.colcon_core.verb:set package 'b3rb_ros_line_follower' build argument 'cmake_args' from command line to 'None'
[0.232s] Level 5:colcon.colcon_core.verb:set package 'b3rb_ros_line_follower' build argument 'cmake_target' from command line to 'None'
[0.232s] Level 5:colcon.colcon_core.verb:set package 'b3rb_ros_line_follower' build argument 'cmake_target_skip_unavailable' from command line to 'False'
[0.232s] Level 5:colcon.colcon_core.verb:set package 'b3rb_ros_line_follower' build argument 'cmake_clean_cache' from command line to 'False'
[0.232s] Level 5:colcon.colcon_core.verb:set package 'b3rb_ros_line_follower' build argument 'cmake_clean_first' from command line to 'False'
[0.232s] Level 5:colcon.colcon_core.verb:set package 'b3rb_ros_line_follower' build argument 'cmake_force_configure' from command line to 'False'
[0.232s] Level 5:colcon.colcon_core.verb:set package 'b3rb_ros_line_follower' build argument 'ament_cmake_args' from command line to 'None'
[0.232s] Level 5:colcon.colcon_core.verb:set package 'b3rb_ros_line_follower' build argument 'catkin_cmake_args' from command line to 'None'
[0.232s] Level 5:colcon.colcon_core.verb:set package 'b3rb_ros_line_follower' build argument 'catkin_skip_building_tests' from command line to 'False'
[0.232s] DEBUG:colcon.colcon_core.verb:Building package 'b3rb_ros_line_follower' with the following arguments: {'ament_cmake_args': None, 'build_base': '/home/tharun/cognipilot/cranium/build/b3rb_ros_line_follower', 'catkin_cmake_args': None, 'catkin_skip_building_tests': False, 'cmake_args': None, 'cmake_clean_cache': False, 'cmake_clean_first': False, 'cmake_force_configure': False, 'cmake_target': None, 'cmake_target_skip_unavailable': False, 'install_base': '/home/tharun/cognipilot/cranium/install/b3rb_ros_line_follower', 'merge_install': False, 'path': '/home/tharun/cognipilot/cranium/src/b3rb_ros_line_follower/b3rb_ros_line_follower', 'symlink_install': False, 'test_result_base': None}
[0.233s] Level 5:colcon.colcon_core.verb:set package 'b3rb_simulator' build argument 'cmake_args' from command line to 'None'
[0.233s] Level 5:colcon.colcon_core.verb:set package 'b3rb_simulator' build argument 'cmake_target' from command line to 'None'
[0.233s] Level 5:colcon.colcon_core.verb:set package 'b3rb_simulator' build argument 'cmake_target_skip_unavailable' from command line to 'False'
[0.233s] Level 5:colcon.colcon_core.verb:set package 'b3rb_simulator' build argument 'cmake_clean_cache' from command line to 'False'
[0.233s] Level 5:colcon.colcon_core.verb:set package 'b3rb_simulator' build argument 'cmake_clean_first' from command line to 'False'
[0.233s] Level 5:colcon.colcon_core.verb:set package 'b3rb_simulator' build argument 'cmake_force_configure' from command line to 'False'
[0.233s] Level 5:colcon.colcon_core.verb:set package 'b3rb_simulator' build argument 'ament_cmake_args' from command line to 'None'
[0.233s] Level 5:colcon.colcon_core.verb:set package 'b3rb_simulator' build argument 'catkin_cmake_args' from command line to 'None'
[0.233s] Level 5:colcon.colcon_core.verb:set package 'b3rb_simulator' build argument 'catkin_skip_building_tests' from command line to 'False'
[0.233s] DEBUG:colcon.colcon_core.verb:Building package 'b3rb_simulator' with the following arguments: {'ament_cmake_args': None, 'build_base': '/home/tharun/cognipilot/cranium/build/b3rb_simulator', 'catkin_cmake_args': None, 'catkin_skip_building_tests': False, 'cmake_args': None, 'cmake_clean_cache': False, 'cmake_clean_first': False, 'cmake_force_configure': False, 'cmake_target': None, 'cmake_target_skip_unavailable': False, 'install_base': '/home/tharun/cognipilot/cranium/install/b3rb_simulator', 'merge_install': False, 'path': '/home/tharun/cognipilot/cranium/src/b3rb_simulator/b3rb_simulator', 'symlink_install': False, 'test_result_base': None}
[0.233s] Level 5:colcon.colcon_core.verb:set package 'corti' build argument 'cmake_args' from command line to 'None'
[0.233s] Level 5:colcon.colcon_core.verb:set package 'corti' build argument 'cmake_target' from command line to 'None'
[0.233s] Level 5:colcon.colcon_core.verb:set package 'corti' build argument 'cmake_target_skip_unavailable' from command line to 'False'
[0.233s] Level 5:colcon.colcon_core.verb:set package 'corti' build argument 'cmake_clean_cache' from command line to 'False'
[0.233s] Level 5:colcon.colcon_core.verb:set package 'corti' build argument 'cmake_clean_first' from command line to 'False'
[0.233s] Level 5:colcon.colcon_core.verb:set package 'corti' build argument 'cmake_force_configure' from command line to 'False'
[0.233s] Level 5:colcon.colcon_core.verb:set package 'corti' build argument 'ament_cmake_args' from command line to 'None'
[0.233s] Level 5:colcon.colcon_core.verb:set package 'corti' build argument 'catkin_cmake_args' from command line to 'None'
[0.233s] Level 5:colcon.colcon_core.verb:set package 'corti' build argument 'catkin_skip_building_tests' from command line to 'False'
[0.233s] DEBUG:colcon.colcon_core.verb:Building package 'corti' with the following arguments: {'ament_cmake_args': None, 'build_base': '/home/tharun/cognipilot/cranium/build/corti', 'catkin_cmake_args': None, 'catkin_skip_building_tests': False, 'cmake_args': None, 'cmake_clean_cache': False, 'cmake_clean_first': False, 'cmake_force_configure': False, 'cmake_target': None, 'cmake_target_skip_unavailable': False, 'install_base': '/home/tharun/cognipilot/cranium/install/corti', 'merge_install': False, 'path': '/home/tharun/cognipilot/cranium/src/corti', 'symlink_install': False, 'test_result_base': None}
[0.233s] Level 5:colcon.colcon_core.verb:set package 'synapse_gz' build argument 'cmake_args' from command line to 'None'
[0.233s] Level 5:colcon.colcon_core.verb:set package 'synapse_gz' build argument 'cmake_target' from command line to 'None'
[0.233s] Level 5:colcon.colcon_core.verb:set package 'synapse_gz' build argument 'cmake_target_skip_unavailable' from command line to 'False'
[0.233s] Level 5:colcon.colcon_core.verb:set package 'synapse_gz' build argument 'cmake_clean_cache' from command line to 'False'
[0.233s] Level 5:colcon.colcon_core.verb:set package 'synapse_gz' build argument 'cmake_clean_first' from command line to 'False'
[0.233s] Level 5:colcon.colcon_core.verb:set package 'synapse_gz' build argument 'cmake_force_configure' from command line to 'False'
[0.233s] Level 5:colcon.colcon_core.verb:set package 'synapse_gz' build argument 'ament_cmake_args' from command line to 'None'
[0.233s] Level 5:colcon.colcon_core.verb:set package 'synapse_gz' build argument 'catkin_cmake_args' from command line to 'None'
[0.233s] Level 5:colcon.colcon_core.verb:set package 'synapse_gz' build argument 'catkin_skip_building_tests' from command line to 'False'
[0.233s] DEBUG:colcon.colcon_core.verb:Building package 'synapse_gz' with the following arguments: {'ament_cmake_args': None, 'build_base': '/home/tharun/cognipilot/cranium/build/synapse_gz', 'catkin_cmake_args': None, 'catkin_skip_building_tests': False, 'cmake_args': None, 'cmake_clean_cache': False, 'cmake_clean_first': False, 'cmake_force_configure': False, 'cmake_target': None, 'cmake_target_skip_unavailable': False, 'install_base': '/home/tharun/cognipilot/cranium/install/synapse_gz', 'merge_install': False, 'path': '/home/tharun/cognipilot/cranium/src/synapse_gz', 'symlink_install': False, 'test_result_base': None}
[0.233s] Level 5:colcon.colcon_core.verb:set package 'synapse_ros' build argument 'cmake_args' from command line to 'None'
[0.234s] Level 5:colcon.colcon_core.verb:set package 'synapse_ros' build argument 'cmake_target' from command line to 'None'
[0.234s] Level 5:colcon.colcon_core.verb:set package 'synapse_ros' build argument 'cmake_target_skip_unavailable' from command line to 'False'
[0.234s] Level 5:colcon.colcon_core.verb:set package 'synapse_ros' build argument 'cmake_clean_cache' from command line to 'False'
[0.234s] Level 5:colcon.colcon_core.verb:set package 'synapse_ros' build argument 'cmake_clean_first' from command line to 'False'
[0.234s] Level 5:colcon.colcon_core.verb:set package 'synapse_ros' build argument 'cmake_force_configure' from command line to 'False'
[0.234s] Level 5:colcon.colcon_core.verb:set package 'synapse_ros' build argument 'ament_cmake_args' from command line to 'None'
[0.234s] Level 5:colcon.colcon_core.verb:set package 'synapse_ros' build argument 'catkin_cmake_args' from command line to 'None'
[0.234s] Level 5:colcon.colcon_core.verb:set package 'synapse_ros' build argument 'catkin_skip_building_tests' from command line to 'False'
[0.234s] DEBUG:colcon.colcon_core.verb:Building package 'synapse_ros' with the following arguments: {'ament_cmake_args': None, 'build_base': '/home/tharun/cognipilot/cranium/build/synapse_ros', 'catkin_cmake_args': None, 'catkin_skip_building_tests': False, 'cmake_args': None, 'cmake_clean_cache': False, 'cmake_clean_first': False, 'cmake_force_configure': False, 'cmake_target': None, 'cmake_target_skip_unavailable': False, 'install_base': '/home/tharun/cognipilot/cranium/install/synapse_ros', 'merge_install': False, 'path': '/home/tharun/cognipilot/cranium/src/synapse_ros', 'symlink_install': False, 'test_result_base': None}
[0.234s] INFO:colcon.colcon_core.executor:Executing jobs using 'parallel' executor
[0.234s] DEBUG:colcon.colcon_parallel_executor.executor.parallel:run_until_complete
[0.235s] INFO:colcon.colcon_ros.task.ament_cmake.build:Building ROS package in '/home/tharun/cognipilot/cranium/src/synapse_msgs' with build type 'ament_cmake'
[0.235s] INFO:colcon.colcon_cmake.task.cmake.build:Building CMake package in '/home/tharun/cognipilot/cranium/src/synapse_msgs'
[0.236s] INFO:colcon.colcon_core.plugin_system:Skipping extension 'colcon_core.shell.bat': Not used on non-Windows systems
[0.237s] INFO:colcon.colcon_core.shell:Skip shell extension 'powershell' for command environment: Not usable outside of PowerShell
[0.237s] DEBUG:colcon.colcon_core.shell:Skip shell extension 'dsv' for command environment
[0.240s] INFO:colcon.colcon_ros.task.ament_cmake.build:Building ROS package in '/home/tharun/cognipilot/cranium/src/synapse_protobuf' with build type 'ament_cmake'
[0.240s] INFO:colcon.colcon_cmake.task.cmake.build:Building CMake package in '/home/tharun/cognipilot/cranium/src/synapse_protobuf'
[0.240s] INFO:colcon.colcon_core.shell:Skip shell extension 'powershell' for command environment: Not usable outside of PowerShell
[0.240s] DEBUG:colcon.colcon_core.shell:Skip shell extension 'dsv' for command environment
[0.243s] INFO:colcon.colcon_ros.task.ament_cmake.build:Building ROS package in '/home/tharun/cognipilot/cranium/src/synapse_tinyframe' with build type 'ament_cmake'
[0.243s] INFO:colcon.colcon_cmake.task.cmake.build:Building CMake package in '/home/tharun/cognipilot/cranium/src/synapse_tinyframe'
[0.243s] INFO:colcon.colcon_core.shell:Skip shell extension 'powershell' for command environment: Not usable outside of PowerShell
[0.243s] DEBUG:colcon.colcon_core.shell:Skip shell extension 'dsv' for command environment
[0.246s] INFO:colcon.colcon_ros.task.ament_cmake.build:Building ROS package in '/home/tharun/cognipilot/cranium/src/b3rb_simulator/b3rb_gz_bringup' with build type 'ament_cmake'
[0.246s] INFO:colcon.colcon_cmake.task.cmake.build:Building CMake package in '/home/tharun/cognipilot/cranium/src/b3rb_simulator/b3rb_gz_bringup'
[0.246s] INFO:colcon.colcon_core.shell:Skip shell extension 'powershell' for command environment: Not usable outside of PowerShell
[0.246s] DEBUG:colcon.colcon_core.shell:Skip shell extension 'dsv' for command environment
[0.249s] INFO:colcon.colcon_ros.task.ament_cmake.build:Building ROS package in '/home/tharun/cognipilot/cranium/src/b3rb_simulator/b3rb_gz_resource' with build type 'ament_cmake'
[0.249s] INFO:colcon.colcon_cmake.task.cmake.build:Building CMake package in '/home/tharun/cognipilot/cranium/src/b3rb_simulator/b3rb_gz_resource'
[0.249s] INFO:colcon.colcon_core.shell:Skip shell extension 'powershell' for command environment: Not usable outside of PowerShell
[0.249s] DEBUG:colcon.colcon_core.shell:Skip shell extension 'dsv' for command environment
[0.251s] INFO:colcon.colcon_ros.task.ament_cmake.build:Building ROS package in '/home/tharun/cognipilot/cranium/src/b3rb_desktop/b3rb_rviz' with build type 'ament_cmake'
[0.252s] INFO:colcon.colcon_cmake.task.cmake.build:Building CMake package in '/home/tharun/cognipilot/cranium/src/b3rb_desktop/b3rb_rviz'
[0.252s] INFO:colcon.colcon_core.shell:Skip shell extension 'powershell' for command environment: Not usable outside of PowerShell
[0.252s] DEBUG:colcon.colcon_core.shell:Skip shell extension 'dsv' for command environment
[0.254s] INFO:colcon.colcon_ros.task.ament_cmake.build:Building ROS package in '/home/tharun/cognipilot/cranium/src/b3rb/b3rb_description' with build type 'ament_cmake'
[0.255s] INFO:colcon.colcon_cmake.task.cmake.build:Building CMake package in '/home/tharun/cognipilot/cranium/src/b3rb/b3rb_description'
[0.255s] INFO:colcon.colcon_core.shell:Skip shell extension 'powershell' for command environment: Not usable outside of PowerShell
[0.255s] DEBUG:colcon.colcon_core.shell:Skip shell extension 'dsv' for command environment
[0.261s] INFO:colcon.colcon_ros.task.ament_cmake.build:Building ROS package in '/home/tharun/cognipilot/cranium/src/b3rb/b3rb_nav2' with build type 'ament_cmake'
[0.261s] INFO:colcon.colcon_cmake.task.cmake.build:Building CMake package in '/home/tharun/cognipilot/cranium/src/b3rb/b3rb_nav2'
[0.261s] INFO:colcon.colcon_core.shell:Skip shell extension 'powershell' for command environment: Not usable outside of PowerShell
[0.261s] DEBUG:colcon.colcon_core.shell:Skip shell extension 'dsv' for command environment
[0.266s] INFO:colcon.colcon_ros.task.ament_cmake.build:Building ROS package in '/home/tharun/cognipilot/cranium/src/cerebri_bringup' with build type 'ament_cmake'
[0.266s] INFO:colcon.colcon_cmake.task.cmake.build:Building CMake package in '/home/tharun/cognipilot/cranium/src/cerebri_bringup'
[0.266s] INFO:colcon.colcon_core.shell:Skip shell extension 'powershell' for command environment: Not usable outside of PowerShell
[0.266s] DEBUG:colcon.colcon_core.shell:Skip shell extension 'dsv' for command environment
[0.270s] INFO:colcon.colcon_ros.task.ament_cmake.build:Building ROS package in '/home/tharun/cognipilot/cranium/src/dream_world/dream_world' with build type 'ament_cmake'
[0.270s] INFO:colcon.colcon_cmake.task.cmake.build:Building CMake package in '/home/tharun/cognipilot/cranium/src/dream_world/dream_world'
[0.270s] INFO:colcon.colcon_core.shell:Skip shell extension 'powershell' for command environment: Not usable outside of PowerShell
[0.270s] DEBUG:colcon.colcon_core.shell:Skip shell extension 'dsv' for command environment
[0.278s] DEBUG:colcon.colcon_core.event_handler.log_command:Invoking command in '/home/tharun/cognipilot/cranium/build/synapse_msgs': CMAKE_PREFIX_PATH=${CMAKE_PREFIX_PATH}:/home/tharun/cognipilot/cranium/install/b3rb_ros_line_follower:/opt/ros/humble /usr/bin/cmake --build /home/tharun/cognipilot/cranium/build/synapse_msgs -- -j12 -l12
[0.280s] DEBUG:colcon.colcon_core.event_handler.log_command:Invoking command in '/home/tharun/cognipilot/cranium/build/synapse_protobuf': CMAKE_PREFIX_PATH=${CMAKE_PREFIX_PATH}:/home/tharun/cognipilot/cranium/install/b3rb_ros_line_follower:/opt/ros/humble /usr/bin/cmake --build /home/tharun/cognipilot/cranium/build/synapse_protobuf -- -j12 -l12
[0.284s] DEBUG:colcon.colcon_core.event_handler.log_command:Invoking command in '/home/tharun/cognipilot/cranium/build/synapse_tinyframe': CMAKE_PREFIX_PATH=${CMAKE_PREFIX_PATH}:/home/tharun/cognipilot/cranium/install/b3rb_ros_line_follower:/opt/ros/humble /usr/bin/cmake --build /home/tharun/cognipilot/cranium/build/synapse_tinyframe -- -j12 -l12
[0.287s] DEBUG:colcon.colcon_core.event_handler.log_command:Invoking command in '/home/tharun/cognipilot/cranium/build/b3rb_gz_bringup': CMAKE_PREFIX_PATH=${CMAKE_PREFIX_PATH}:/home/tharun/cognipilot/cranium/install/b3rb_ros_line_follower:/opt/ros/humble /usr/bin/cmake --build /home/tharun/cognipilot/cranium/build/b3rb_gz_bringup -- -j12 -l12
[0.289s] DEBUG:colcon.colcon_core.event_handler.log_command:Invoking command in '/home/tharun/cognipilot/cranium/build/b3rb_gz_resource': CMAKE_PREFIX_PATH=${CMAKE_PREFIX_PATH}:/home/tharun/cognipilot/cranium/install/b3rb_ros_line_follower:/opt/ros/humble /usr/bin/cmake --build /home/tharun/cognipilot/cranium/build/b3rb_gz_resource -- -j12 -l12
[0.293s] DEBUG:colcon.colcon_core.event_handler.log_command:Invoking command in '/home/tharun/cognipilot/cranium/build/b3rb_rviz': CMAKE_PREFIX_PATH=${CMAKE_PREFIX_PATH}:/home/tharun/cognipilot/cranium/install/b3rb_ros_line_follower:/opt/ros/humble /usr/bin/cmake --build /home/tharun/cognipilot/cranium/build/b3rb_rviz -- -j12 -l12
[0.296s] DEBUG:colcon.colcon_core.event_handler.log_command:Invoking command in '/home/tharun/cognipilot/cranium/build/b3rb_description': CMAKE_PREFIX_PATH=${CMAKE_PREFIX_PATH}:/home/tharun/cognipilot/cranium/install/b3rb_ros_line_follower:/opt/ros/humble /usr/bin/cmake --build /home/tharun/cognipilot/cranium/build/b3rb_description -- -j12 -l12
[0.300s] DEBUG:colcon.colcon_core.event_handler.log_command:Invoking command in '/home/tharun/cognipilot/cranium/build/b3rb_nav2': CMAKE_PREFIX_PATH=${CMAKE_PREFIX_PATH}:/home/tharun/cognipilot/cranium/install/b3rb_ros_line_follower:/opt/ros/humble /usr/bin/cmake --build /home/tharun/cognipilot/cranium/build/b3rb_nav2 -- -j12 -l12
[0.310s] DEBUG:colcon.colcon_core.event_handler.log_command:Invoking command in '/home/tharun/cognipilot/cranium/build/cerebri_bringup': CMAKE_PREFIX_PATH=${CMAKE_PREFIX_PATH}:/home/tharun/cognipilot/cranium/install/b3rb_ros_line_follower:/opt/ros/humble /usr/bin/cmake --build /home/tharun/cognipilot/cranium/build/cerebri_bringup -- -j12 -l12
[0.320s] DEBUG:colcon.colcon_core.event_handler.log_command:Invoking command in '/home/tharun/cognipilot/cranium/build/dream_world': CMAKE_PREFIX_PATH=${CMAKE_PREFIX_PATH}:/home/tharun/cognipilot/cranium/install/b3rb_ros_line_follower:/opt/ros/humble /usr/bin/cmake --build /home/tharun/cognipilot/cranium/build/dream_world -- -j12 -l12
[0.332s] DEBUG:colcon.colcon_core.event_handler.log_command:Invoked command in '/home/tharun/cognipilot/cranium/build/b3rb_gz_bringup' returned '0': CMAKE_PREFIX_PATH=${CMAKE_PREFIX_PATH}:/home/tharun/cognipilot/cranium/install/b3rb_ros_line_follower:/opt/ros/humble /usr/bin/cmake --build /home/tharun/cognipilot/cranium/build/b3rb_gz_bringup -- -j12 -l12
[0.344s] DEBUG:colcon.colcon_core.event_handler.log_command:Invoking command in '/home/tharun/cognipilot/cranium/build/b3rb_gz_bringup': CMAKE_PREFIX_PATH=${CMAKE_PREFIX_PATH}:/home/tharun/cognipilot/cranium/install/b3rb_ros_line_follower:/opt/ros/humble /usr/bin/cmake --install /home/tharun/cognipilot/cranium/build/b3rb_gz_bringup
[0.345s] DEBUG:colcon.colcon_core.event_handler.log_command:Invoked command in '/home/tharun/cognipilot/cranium/build/b3rb_rviz' returned '0': CMAKE_PREFIX_PATH=${CMAKE_PREFIX_PATH}:/home/tharun/cognipilot/cranium/install/b3rb_ros_line_follower:/opt/ros/humble /usr/bin/cmake --build /home/tharun/cognipilot/cranium/build/b3rb_rviz -- -j12 -l12
[0.351s] DEBUG:colcon.colcon_core.event_handler.log_command:Invoking command in '/home/tharun/cognipilot/cranium/build/b3rb_rviz': CMAKE_PREFIX_PATH=${CMAKE_PREFIX_PATH}:/home/tharun/cognipilot/cranium/install/b3rb_ros_line_follower:/opt/ros/humble /usr/bin/cmake --install /home/tharun/cognipilot/cranium/build/b3rb_rviz
[0.364s] DEBUG:colcon.colcon_core.event_handler.log_command:Invoked command in '/home/tharun/cognipilot/cranium/build/b3rb_gz_resource' returned '0': CMAKE_PREFIX_PATH=${CMAKE_PREFIX_PATH}:/home/tharun/cognipilot/cranium/install/b3rb_ros_line_follower:/opt/ros/humble /usr/bin/cmake --build /home/tharun/cognipilot/cranium/build/b3rb_gz_resource -- -j12 -l12
[0.365s] DEBUG:colcon.colcon_core.event_handler.log_command:Invoking command in '/home/tharun/cognipilot/cranium/build/b3rb_gz_resource': CMAKE_PREFIX_PATH=${CMAKE_PREFIX_PATH}:/home/tharun/cognipilot/cranium/install/b3rb_ros_line_follower:/opt/ros/humble /usr/bin/cmake --install /home/tharun/cognipilot/cranium/build/b3rb_gz_resource
[0.366s] Level 1:colcon.colcon_core.environment:create_environment_scripts_only(b3rb_gz_bringup)
[0.368s] DEBUG:colcon.colcon_core.event_handler.log_command:Invoked command in '/home/tharun/cognipilot/cranium/build/synapse_tinyframe' returned '0': CMAKE_PREFIX_PATH=${CMAKE_PREFIX_PATH}:/home/tharun/cognipilot/cranium/install/b3rb_ros_line_follower:/opt/ros/humble /usr/bin/cmake --build /home/tharun/cognipilot/cranium/build/synapse_tinyframe -- -j12 -l12
[0.368s] DEBUG:colcon.colcon_core.event_handler.log_command:Invoking command in '/home/tharun/cognipilot/cranium/build/synapse_tinyframe': CMAKE_PREFIX_PATH=${CMAKE_PREFIX_PATH}:/home/tharun/cognipilot/cranium/install/b3rb_ros_line_follower:/opt/ros/humble /usr/bin/cmake --install /home/tharun/cognipilot/cranium/build/synapse_tinyframe
[0.369s] DEBUG:colcon.colcon_core.event_handler.log_command:Invoked command in '/home/tharun/cognipilot/cranium/build/b3rb_gz_bringup' returned '0': CMAKE_PREFIX_PATH=${CMAKE_PREFIX_PATH}:/home/tharun/cognipilot/cranium/install/b3rb_ros_line_follower:/opt/ros/humble /usr/bin/cmake --install /home/tharun/cognipilot/cranium/build/b3rb_gz_bringup
[0.374s] Level 1:colcon.colcon_core.environment:checking '/home/tharun/cognipilot/cranium/install/b3rb_gz_bringup' for CMake module files
[0.375s] Level 1:colcon.colcon_core.environment:checking '/home/tharun/cognipilot/cranium/install/b3rb_gz_bringup' for CMake config files
[0.375s] Level 1:colcon.colcon_core.shell:create_environment_hook('b3rb_gz_bringup', 'cmake_prefix_path')
[0.376s] INFO:colcon.colcon_core.shell:Creating environment hook '/home/tharun/cognipilot/cranium/install/b3rb_gz_bringup/share/b3rb_gz_bringup/hook/cmake_prefix_path.ps1'
[0.377s] INFO:colcon.colcon_core.shell:Creating environment descriptor '/home/tharun/cognipilot/cranium/install/b3rb_gz_bringup/share/b3rb_gz_bringup/hook/cmake_prefix_path.dsv'
[0.377s] INFO:colcon.colcon_core.shell:Creating environment hook '/home/tharun/cognipilot/cranium/install/b3rb_gz_bringup/share/b3rb_gz_bringup/hook/cmake_prefix_path.sh'
[0.378s] Level 1:colcon.colcon_core.environment:checking '/home/tharun/cognipilot/cranium/install/b3rb_gz_bringup/bin'
[0.378s] Level 1:colcon.colcon_core.environment:checking '/home/tharun/cognipilot/cranium/install/b3rb_gz_bringup/lib/pkgconfig/b3rb_gz_bringup.pc'
[0.379s] Level 1:colcon.colcon_core.environment:checking '/home/tharun/cognipilot/cranium/install/b3rb_gz_bringup/lib/python3.10/site-packages'
[0.380s] Level 1:colcon.colcon_core.environment:checking '/home/tharun/cognipilot/cranium/install/b3rb_gz_bringup/bin'
[0.380s] INFO:colcon.colcon_core.shell:Creating package script '/home/tharun/cognipilot/cranium/install/b3rb_gz_bringup/share/b3rb_gz_bringup/package.ps1'
[0.381s] INFO:colcon.colcon_core.shell:Creating package descriptor '/home/tharun/cognipilot/cranium/install/b3rb_gz_bringup/share/b3rb_gz_bringup/package.dsv'
[0.381s] INFO:colcon.colcon_core.shell:Creating package script '/home/tharun/cognipilot/cranium/install/b3rb_gz_bringup/share/b3rb_gz_bringup/package.sh'
[0.381s] INFO:colcon.colcon_core.shell:Creating package script '/home/tharun/cognipilot/cranium/install/b3rb_gz_bringup/share/b3rb_gz_bringup/package.bash'
[0.382s] INFO:colcon.colcon_core.shell:Creating package script '/home/tharun/cognipilot/cranium/install/b3rb_gz_bringup/share/b3rb_gz_bringup/package.zsh'
[0.382s] Level 1:colcon.colcon_core.environment:create_file_with_runtime_dependencies(/home/tharun/cognipilot/cranium/install/b3rb_gz_bringup/share/colcon-core/packages/b3rb_gz_bringup)
[0.383s] Level 1:colcon.colcon_core.environment:create_environment_scripts_only(b3rb_gz_bringup)
[0.383s] Level 1:colcon.colcon_core.environment:checking '/home/tharun/cognipilot/cranium/install/b3rb_gz_bringup' for CMake module files
[0.383s] Level 1:colcon.colcon_core.environment:checking '/home/tharun/cognipilot/cranium/install/b3rb_gz_bringup' for CMake config files
[0.383s] Level 1:colcon.colcon_core.shell:create_environment_hook('b3rb_gz_bringup', 'cmake_prefix_path')
[0.384s] INFO:colcon.colcon_core.shell:Creating environment hook '/home/tharun/cognipilot/cranium/install/b3rb_gz_bringup/share/b3rb_gz_bringup/hook/cmake_prefix_path.ps1'
[0.384s] INFO:colcon.colcon_core.shell:Creating environment descriptor '/home/tharun/cognipilot/cranium/install/b3rb_gz_bringup/share/b3rb_gz_bringup/hook/cmake_prefix_path.dsv'
[0.384s] INFO:colcon.colcon_core.shell:Creating environment hook '/home/tharun/cognipilot/cranium/install/b3rb_gz_bringup/share/b3rb_gz_bringup/hook/cmake_prefix_path.sh'
[0.384s] Level 1:colcon.colcon_core.environment:checking '/home/tharun/cognipilot/cranium/install/b3rb_gz_bringup/bin'
[0.384s] Level 1:colcon.colcon_core.environment:checking '/home/tharun/cognipilot/cranium/install/b3rb_gz_bringup/lib/pkgconfig/b3rb_gz_bringup.pc'
[0.385s] Level 1:colcon.colcon_core.environment:checking '/home/tharun/cognipilot/cranium/install/b3rb_gz_bringup/lib/python3.10/site-packages'
[0.385s] Level 1:colcon.colcon_core.environment:checking '/home/tharun/cognipilot/cranium/install/b3rb_gz_bringup/bin'
[0.385s] INFO:colcon.colcon_core.shell:Creating package script '/home/tharun/cognipilot/cranium/install/b3rb_gz_bringup/share/b3rb_gz_bringup/package.ps1'
[0.386s] INFO:colcon.colcon_core.shell:Creating package descriptor '/home/tharun/cognipilot/cranium/install/b3rb_gz_bringup/share/b3rb_gz_bringup/package.dsv'
[0.386s] INFO:colcon.colcon_core.shell:Creating package script '/home/tharun/cognipilot/cranium/install/b3rb_gz_bringup/share/b3rb_gz_bringup/package.sh'
[0.386s] INFO:colcon.colcon_core.shell:Creating package script '/home/tharun/cognipilot/cranium/install/b3rb_gz_bringup/share/b3rb_gz_bringup/package.bash'
[0.386s] INFO:colcon.colcon_core.shell:Creating package script '/home/tharun/cognipilot/cranium/install/b3rb_gz_bringup/share/b3rb_gz_bringup/package.zsh'
[0.387s] Level 1:colcon.colcon_core.environment:create_file_with_runtime_dependencies(/home/tharun/cognipilot/cranium/install/b3rb_gz_bringup/share/colcon-core/packages/b3rb_gz_bringup)
[0.388s] DEBUG:colcon.colcon_core.event_handler.log_command:Invoked command in '/home/tharun/cognipilot/cranium/build/b3rb_description' returned '0': CMAKE_PREFIX_PATH=${CMAKE_PREFIX_PATH}:/home/tharun/cognipilot/cranium/install/b3rb_ros_line_follower:/opt/ros/humble /usr/bin/cmake --build /home/tharun/cognipilot/cranium/build/b3rb_description -- -j12 -l12
[0.389s] DEBUG:colcon.colcon_core.event_handler.log_command:Invoking command in '/home/tharun/cognipilot/cranium/build/b3rb_description': CMAKE_PREFIX_PATH=${CMAKE_PREFIX_PATH}:/home/tharun/cognipilot/cranium/install/b3rb_ros_line_follower:/opt/ros/humble /usr/bin/cmake --install /home/tharun/cognipilot/cranium/build/b3rb_description
[0.392s] DEBUG:colcon.colcon_core.event_handler.log_command:Invoked command in '/home/tharun/cognipilot/cranium/build/cerebri_bringup' returned '0': CMAKE_PREFIX_PATH=${CMAKE_PREFIX_PATH}:/home/tharun/cognipilot/cranium/install/b3rb_ros_line_follower:/opt/ros/humble /usr/bin/cmake --build /home/tharun/cognipilot/cranium/build/cerebri_bringup -- -j12 -l12
[0.411s] DEBUG:colcon.colcon_core.event_handler.log_command:Invoking command in '/home/tharun/cognipilot/cranium/build/cerebri_bringup': CMAKE_PREFIX_PATH=${CMAKE_PREFIX_PATH}:/home/tharun/cognipilot/cranium/install/b3rb_ros_line_follower:/opt/ros/humble /usr/bin/cmake --install /home/tharun/cognipilot/cranium/build/cerebri_bringup
[0.419s] DEBUG:colcon.colcon_core.event_handler.log_command:Invoked command in '/home/tharun/cognipilot/cranium/build/b3rb_nav2' returned '0': CMAKE_PREFIX_PATH=${CMAKE_PREFIX_PATH}:/home/tharun/cognipilot/cranium/install/b3rb_ros_line_follower:/opt/ros/humble /usr/bin/cmake --build /home/tharun/cognipilot/cranium/build/b3rb_nav2 -- -j12 -l12
[0.425s] DEBUG:colcon.colcon_core.event_handler.log_command:Invoking command in '/home/tharun/cognipilot/cranium/build/b3rb_nav2': CMAKE_PREFIX_PATH=${CMAKE_PREFIX_PATH}:/home/tharun/cognipilot/cranium/install/b3rb_ros_line_follower:/opt/ros/humble /usr/bin/cmake --install /home/tharun/cognipilot/cranium/build/b3rb_nav2
[0.427s] Level 1:colcon.colcon_core.environment:create_environment_scripts_only(b3rb_rviz)
[0.428s] Level 1:colcon.colcon_core.environment:checking '/home/tharun/cognipilot/cranium/install/b3rb_rviz' for CMake module files
[0.429s] Level 1:colcon.colcon_core.environment:checking '/home/tharun/cognipilot/cranium/install/b3rb_rviz' for CMake config files
[0.429s] Level 1:colcon.colcon_core.shell:create_environment_hook('b3rb_rviz', 'cmake_prefix_path')
[0.430s] INFO:colcon.colcon_core.shell:Creating environment hook '/home/tharun/cognipilot/cranium/install/b3rb_rviz/share/b3rb_rviz/hook/cmake_prefix_path.ps1'
[0.429s] DEBUG:colcon.colcon_core.event_handler.log_command:Invoked command in '/home/tharun/cognipilot/cranium/build/b3rb_rviz' returned '0': CMAKE_PREFIX_PATH=${CMAKE_PREFIX_PATH}:/home/tharun/cognipilot/cranium/install/b3rb_ros_line_follower:/opt/ros/humble /usr/bin/cmake --install /home/tharun/cognipilot/cranium/build/b3rb_rviz
[0.431s] INFO:colcon.colcon_core.shell:Creating environment descriptor '/home/tharun/cognipilot/cranium/install/b3rb_rviz/share/b3rb_rviz/hook/cmake_prefix_path.dsv'
[0.431s] INFO:colcon.colcon_core.shell:Creating environment hook '/home/tharun/cognipilot/cranium/install/b3rb_rviz/share/b3rb_rviz/hook/cmake_prefix_path.sh'
[0.432s] Level 1:colcon.colcon_core.environment:checking '/home/tharun/cognipilot/cranium/install/b3rb_rviz/bin'
[0.432s] Level 1:colcon.colcon_core.environment:checking '/home/tharun/cognipilot/cranium/install/b3rb_rviz/lib/pkgconfig/b3rb_rviz.pc'
[0.432s] Level 1:colcon.colcon_core.environment:checking '/home/tharun/cognipilot/cranium/install/b3rb_rviz/lib/python3.10/site-packages'
[0.433s] Level 1:colcon.colcon_core.environment:checking '/home/tharun/cognipilot/cranium/install/b3rb_rviz/bin'
[0.433s] INFO:colcon.colcon_core.shell:Creating package script '/home/tharun/cognipilot/cranium/install/b3rb_rviz/share/b3rb_rviz/package.ps1'
[0.434s] INFO:colcon.colcon_core.shell:Creating package descriptor '/home/tharun/cognipilot/cranium/install/b3rb_rviz/share/b3rb_rviz/package.dsv'
[0.435s] INFO:colcon.colcon_core.shell:Creating package script '/home/tharun/cognipilot/cranium/install/b3rb_rviz/share/b3rb_rviz/package.sh'
[0.435s] INFO:colcon.colcon_core.shell:Creating package script '/home/tharun/cognipilot/cranium/install/b3rb_rviz/share/b3rb_rviz/package.bash'
[0.435s] INFO:colcon.colcon_core.shell:Creating package script '/home/tharun/cognipilot/cranium/install/b3rb_rviz/share/b3rb_rviz/package.zsh'
[0.436s] Level 1:colcon.colcon_core.environment:create_file_with_runtime_dependencies(/home/tharun/cognipilot/cranium/install/b3rb_rviz/share/colcon-core/packages/b3rb_rviz)
[0.436s] Level 1:colcon.colcon_core.environment:create_environment_scripts_only(b3rb_rviz)
[0.437s] Level 1:colcon.colcon_core.environment:checking '/home/tharun/cognipilot/cranium/install/b3rb_rviz' for CMake module files
[0.437s] Level 1:colcon.colcon_core.environment:checking '/home/tharun/cognipilot/cranium/install/b3rb_rviz' for CMake config files
[0.438s] Level 1:colcon.colcon_core.shell:create_environment_hook('b3rb_rviz', 'cmake_prefix_path')
[0.438s] INFO:colcon.colcon_core.shell:Creating environment hook '/home/tharun/cognipilot/cranium/install/b3rb_rviz/share/b3rb_rviz/hook/cmake_prefix_path.ps1'
[0.439s] INFO:colcon.colcon_core.shell:Creating environment descriptor '/home/tharun/cognipilot/cranium/install/b3rb_rviz/share/b3rb_rviz/hook/cmake_prefix_path.dsv'
[0.439s] INFO:colcon.colcon_core.shell:Creating environment hook '/home/tharun/cognipilot/cranium/install/b3rb_rviz/share/b3rb_rviz/hook/cmake_prefix_path.sh'
[0.440s] Level 1:colcon.colcon_core.environment:checking '/home/tharun/cognipilot/cranium/install/b3rb_rviz/bin'
[0.440s] Level 1:colcon.colcon_core.environment:checking '/home/tharun/cognipilot/cranium/install/b3rb_rviz/lib/pkgconfig/b3rb_rviz.pc'
[0.440s] Level 1:colcon.colcon_core.environment:checking '/home/tharun/cognipilot/cranium/install/b3rb_rviz/lib/python3.10/site-packages'
[0.441s] Level 1:colcon.colcon_core.environment:checking '/home/tharun/cognipilot/cranium/install/b3rb_rviz/bin'
[0.441s] INFO:colcon.colcon_core.shell:Creating package script '/home/tharun/cognipilot/cranium/install/b3rb_rviz/share/b3rb_rviz/package.ps1'
[0.442s] INFO:colcon.colcon_core.shell:Creating package descriptor '/home/tharun/cognipilot/cranium/install/b3rb_rviz/share/b3rb_rviz/package.dsv'
[0.443s] INFO:colcon.colcon_core.shell:Creating package script '/home/tharun/cognipilot/cranium/install/b3rb_rviz/share/b3rb_rviz/package.sh'
[0.443s] INFO:colcon.colcon_core.shell:Creating package script '/home/tharun/cognipilot/cranium/install/b3rb_rviz/share/b3rb_rviz/package.bash'
[0.444s] INFO:colcon.colcon_core.shell:Creating package script '/home/tharun/cognipilot/cranium/install/b3rb_rviz/share/b3rb_rviz/package.zsh'
[0.445s] Level 1:colcon.colcon_core.environment:create_file_with_runtime_dependencies(/home/tharun/cognipilot/cranium/install/b3rb_rviz/share/colcon-core/packages/b3rb_rviz)
[0.445s] Level 1:colcon.colcon_core.environment:create_environment_scripts_only(b3rb_gz_resource)
[0.445s] Level 1:colcon.colcon_core.environment:checking '/home/tharun/cognipilot/cranium/install/b3rb_gz_resource' for CMake module files
[0.446s] Level 1:colcon.colcon_core.environment:checking '/home/tharun/cognipilot/cranium/install/b3rb_gz_resource' for CMake config files
[0.447s] Level 1:colcon.colcon_core.shell:create_environment_hook('b3rb_gz_resource', 'cmake_prefix_path')
[0.447s] INFO:colcon.colcon_core.shell:Creating environment hook '/home/tharun/cognipilot/cranium/install/b3rb_gz_resource/share/b3rb_gz_resource/hook/cmake_prefix_path.ps1'
[0.448s] DEBUG:colcon.colcon_core.event_handler.log_command:Invoked command in '/home/tharun/cognipilot/cranium/build/b3rb_gz_resource' returned '0': CMAKE_PREFIX_PATH=${CMAKE_PREFIX_PATH}:/home/tharun/cognipilot/cranium/install/b3rb_ros_line_follower:/opt/ros/humble /usr/bin/cmake --install /home/tharun/cognipilot/cranium/build/b3rb_gz_resource
[0.448s] INFO:colcon.colcon_core.shell:Creating environment descriptor '/home/tharun/cognipilot/cranium/install/b3rb_gz_resource/share/b3rb_gz_resource/hook/cmake_prefix_path.dsv'
[0.449s] INFO:colcon.colcon_core.shell:Creating environment hook '/home/tharun/cognipilot/cranium/install/b3rb_gz_resource/share/b3rb_gz_resource/hook/cmake_prefix_path.sh'
[0.450s] Level 1:colcon.colcon_core.environment:checking '/home/tharun/cognipilot/cranium/install/b3rb_gz_resource/bin'
[0.450s] Level 1:colcon.colcon_core.environment:checking '/home/tharun/cognipilot/cranium/install/b3rb_gz_resource/lib/pkgconfig/b3rb_gz_resource.pc'
[0.450s] Level 1:colcon.colcon_core.environment:checking '/home/tharun/cognipilot/cranium/install/b3rb_gz_resource/lib/python3.10/site-packages'
[0.450s] Level 1:colcon.colcon_core.environment:checking '/home/tharun/cognipilot/cranium/install/b3rb_gz_resource/bin'
[0.451s] INFO:colcon.colcon_core.shell:Creating package script '/home/tharun/cognipilot/cranium/install/b3rb_gz_resource/share/b3rb_gz_resource/package.ps1'
[0.452s] INFO:colcon.colcon_core.shell:Creating package descriptor '/home/tharun/cognipilot/cranium/install/b3rb_gz_resource/share/b3rb_gz_resource/package.dsv'
[0.452s] INFO:colcon.colcon_core.shell:Creating package script '/home/tharun/cognipilot/cranium/install/b3rb_gz_resource/share/b3rb_gz_resource/package.sh'
[0.453s] INFO:colcon.colcon_core.shell:Creating package script '/home/tharun/cognipilot/cranium/install/b3rb_gz_resource/share/b3rb_gz_resource/package.bash'
[0.453s] INFO:colcon.colcon_core.shell:Creating package script '/home/tharun/cognipilot/cranium/install/b3rb_gz_resource/share/b3rb_gz_resource/package.zsh'
[0.453s] Level 1:colcon.colcon_core.environment:create_file_with_runtime_dependencies(/home/tharun/cognipilot/cranium/install/b3rb_gz_resource/share/colcon-core/packages/b3rb_gz_resource)
[0.454s] Level 1:colcon.colcon_core.environment:create_environment_scripts_only(b3rb_gz_resource)
[0.454s] Level 1:colcon.colcon_core.environment:checking '/home/tharun/cognipilot/cranium/install/b3rb_gz_resource' for CMake module files
[0.455s] Level 1:colcon.colcon_core.environment:checking '/home/tharun/cognipilot/cranium/install/b3rb_gz_resource' for CMake config files
[0.455s] Level 1:colcon.colcon_core.shell:create_environment_hook('b3rb_gz_resource', 'cmake_prefix_path')
[0.455s] INFO:colcon.colcon_core.shell:Creating environment hook '/home/tharun/cognipilot/cranium/install/b3rb_gz_resource/share/b3rb_gz_resource/hook/cmake_prefix_path.ps1'
[0.456s] INFO:colcon.colcon_core.shell:Creating environment descriptor '/home/tharun/cognipilot/cranium/install/b3rb_gz_resource/share/b3rb_gz_resource/hook/cmake_prefix_path.dsv'
[0.457s] INFO:colcon.colcon_core.shell:Creating environment hook '/home/tharun/cognipilot/cranium/install/b3rb_gz_resource/share/b3rb_gz_resource/hook/cmake_prefix_path.sh'
[0.457s] Level 1:colcon.colcon_core.environment:checking '/home/tharun/cognipilot/cranium/install/b3rb_gz_resource/bin'
[0.457s] Level 1:colcon.colcon_core.environment:checking '/home/tharun/cognipilot/cranium/install/b3rb_gz_resource/lib/pkgconfig/b3rb_gz_resource.pc'
[0.458s] Level 1:colcon.colcon_core.environment:checking '/home/tharun/cognipilot/cranium/install/b3rb_gz_resource/lib/python3.10/site-packages'
[0.458s] Level 1:colcon.colcon_core.environment:checking '/home/tharun/cognipilot/cranium/install/b3rb_gz_resource/bin'
[0.458s] INFO:colcon.colcon_core.shell:Creating package script '/home/tharun/cognipilot/cranium/install/b3rb_gz_resource/share/b3rb_gz_resource/package.ps1'
[0.459s] INFO:colcon.colcon_core.shell:Creating package descriptor '/home/tharun/cognipilot/cranium/install/b3rb_gz_resource/share/b3rb_gz_resource/package.dsv'
[0.460s] INFO:colcon.colcon_core.shell:Creating package script '/home/tharun/cognipilot/cranium/install/b3rb_gz_resource/share/b3rb_gz_resource/package.sh'
[0.460s] INFO:colcon.colcon_core.shell:Creating package script '/home/tharun/cognipilot/cranium/install/b3rb_gz_resource/share/b3rb_gz_resource/package.bash'
[0.461s] INFO:colcon.colcon_core.shell:Creating package script '/home/tharun/cognipilot/cranium/install/b3rb_gz_resource/share/b3rb_gz_resource/package.zsh'
[0.461s] Level 1:colcon.colcon_core.environment:create_file_with_runtime_dependencies(/home/tharun/cognipilot/cranium/install/b3rb_gz_resource/share/colcon-core/packages/b3rb_gz_resource)
[0.462s] Level 1:colcon.colcon_core.environment:create_environment_scripts_only(synapse_tinyframe)
[0.462s] Level 1:colcon.colcon_core.environment:checking '/home/tharun/cognipilot/cranium/install/synapse_tinyframe' for CMake module files
[0.463s] DEBUG:colcon.colcon_core.event_handler.log_command:Invoked command in '/home/tharun/cognipilot/cranium/build/synapse_tinyframe' returned '0': CMAKE_PREFIX_PATH=${CMAKE_PREFIX_PATH}:/home/tharun/cognipilot/cranium/install/b3rb_ros_line_follower:/opt/ros/humble /usr/bin/cmake --install /home/tharun/cognipilot/cranium/build/synapse_tinyframe
[0.464s] Level 1:colcon.colcon_core.environment:checking '/home/tharun/cognipilot/cranium/install/synapse_tinyframe' for CMake config files
[0.464s] Level 1:colcon.colcon_core.shell:create_environment_hook('synapse_tinyframe', 'cmake_prefix_path')
[0.464s] INFO:colcon.colcon_core.shell:Creating environment hook '/home/tharun/cognipilot/cranium/install/synapse_tinyframe/share/synapse_tinyframe/hook/cmake_prefix_path.ps1'
[0.465s] INFO:colcon.colcon_core.shell:Creating environment descriptor '/home/tharun/cognipilot/cranium/install/synapse_tinyframe/share/synapse_tinyframe/hook/cmake_prefix_path.dsv'
[0.465s] INFO:colcon.colcon_core.shell:Creating environment hook '/home/tharun/cognipilot/cranium/install/synapse_tinyframe/share/synapse_tinyframe/hook/cmake_prefix_path.sh'
[0.466s] Level 1:colcon.colcon_core.environment:checking '/home/tharun/cognipilot/cranium/install/synapse_tinyframe/lib'
[0.466s] Level 1:colcon.colcon_core.environment:checking '/home/tharun/cognipilot/cranium/install/synapse_tinyframe/bin'
[0.466s] Level 1:colcon.colcon_core.environment:checking '/home/tharun/cognipilot/cranium/install/synapse_tinyframe/lib/pkgconfig/synapse_tinyframe.pc'
[0.466s] Level 1:colcon.colcon_core.environment:checking '/home/tharun/cognipilot/cranium/install/synapse_tinyframe/lib/python3.10/site-packages'
[0.467s] Level 1:colcon.colcon_core.environment:checking '/home/tharun/cognipilot/cranium/install/synapse_tinyframe/bin'
[0.467s] INFO:colcon.colcon_core.shell:Creating package script '/home/tharun/cognipilot/cranium/install/synapse_tinyframe/share/synapse_tinyframe/package.ps1'
[0.468s] INFO:colcon.colcon_core.shell:Creating package descriptor '/home/tharun/cognipilot/cranium/install/synapse_tinyframe/share/synapse_tinyframe/package.dsv'
[0.468s] INFO:colcon.colcon_core.shell:Creating package script '/home/tharun/cognipilot/cranium/install/synapse_tinyframe/share/synapse_tinyframe/package.sh'
[0.469s] INFO:colcon.colcon_core.shell:Creating package script '/home/tharun/cognipilot/cranium/install/synapse_tinyframe/share/synapse_tinyframe/package.bash'
[0.469s] INFO:colcon.colcon_core.shell:Creating package script '/home/tharun/cognipilot/cranium/install/synapse_tinyframe/share/synapse_tinyframe/package.zsh'
[0.469s] Level 1:colcon.colcon_core.environment:create_file_with_runtime_dependencies(/home/tharun/cognipilot/cranium/install/synapse_tinyframe/share/colcon-core/packages/synapse_tinyframe)
[0.470s] Level 1:colcon.colcon_core.environment:create_environment_scripts_only(synapse_tinyframe)
[0.470s] Level 1:colcon.colcon_core.environment:checking '/home/tharun/cognipilot/cranium/install/synapse_tinyframe' for CMake module files
[0.471s] Level 1:colcon.colcon_core.environment:checking '/home/tharun/cognipilot/cranium/install/synapse_tinyframe' for CMake config files
[0.471s] Level 1:colcon.colcon_core.shell:create_environment_hook('synapse_tinyframe', 'cmake_prefix_path')
[0.471s] INFO:colcon.colcon_core.shell:Creating environment hook '/home/tharun/cognipilot/cranium/install/synapse_tinyframe/share/synapse_tinyframe/hook/cmake_prefix_path.ps1'
[0.472s] INFO:colcon.colcon_core.shell:Creating environment descriptor '/home/tharun/cognipilot/cranium/install/synapse_tinyframe/share/synapse_tinyframe/hook/cmake_prefix_path.dsv'
[0.472s] INFO:colcon.colcon_core.shell:Creating environment hook '/home/tharun/cognipilot/cranium/install/synapse_tinyframe/share/synapse_tinyframe/hook/cmake_prefix_path.sh'
[0.473s] Level 1:colcon.colcon_core.environment:checking '/home/tharun/cognipilot/cranium/install/synapse_tinyframe/lib'
[0.473s] Level 1:colcon.colcon_core.environment:checking '/home/tharun/cognipilot/cranium/install/synapse_tinyframe/bin'
[0.473s] Level 1:colcon.colcon_core.environment:checking '/home/tharun/cognipilot/cranium/install/synapse_tinyframe/lib/pkgconfig/synapse_tinyframe.pc'
[0.473s] Level 1:colcon.colcon_core.environment:checking '/home/tharun/cognipilot/cranium/install/synapse_tinyframe/lib/python3.10/site-packages'
[0.474s] Level 1:colcon.colcon_core.environment:checking '/home/tharun/cognipilot/cranium/install/synapse_tinyframe/bin'
[0.474s] INFO:colcon.colcon_core.shell:Creating package script '/home/tharun/cognipilot/cranium/install/synapse_tinyframe/share/synapse_tinyframe/package.ps1'
[0.475s] INFO:colcon.colcon_core.shell:Creating package descriptor '/home/tharun/cognipilot/cranium/install/synapse_tinyframe/share/synapse_tinyframe/package.dsv'
[0.476s] INFO:colcon.colcon_core.shell:Creating package script '/home/tharun/cognipilot/cranium/install/synapse_tinyframe/share/synapse_tinyframe/package.sh'
[0.477s] INFO:colcon.colcon_core.shell:Creating package script '/home/tharun/cognipilot/cranium/install/synapse_tinyframe/share/synapse_tinyframe/package.bash'
[0.477s] INFO:colcon.colcon_core.shell:Creating package script '/home/tharun/cognipilot/cranium/install/synapse_tinyframe/share/synapse_tinyframe/package.zsh'
[0.478s] Level 1:colcon.colcon_core.environment:create_file_with_runtime_dependencies(/home/tharun/cognipilot/cranium/install/synapse_tinyframe/share/colcon-core/packages/synapse_tinyframe)
[0.479s] DEBUG:colcon.colcon_core.event_handler.log_command:Invoked command in '/home/tharun/cognipilot/cranium/build/synapse_protobuf' returned '0': CMAKE_PREFIX_PATH=${CMAKE_PREFIX_PATH}:/home/tharun/cognipilot/cranium/install/b3rb_ros_line_follower:/opt/ros/humble /usr/bin/cmake --build /home/tharun/cognipilot/cranium/build/synapse_protobuf -- -j12 -l12
[0.481s] DEBUG:colcon.colcon_core.event_handler.log_command:Invoking command in '/home/tharun/cognipilot/cranium/build/synapse_protobuf': CMAKE_PREFIX_PATH=${CMAKE_PREFIX_PATH}:/home/tharun/cognipilot/cranium/install/b3rb_ros_line_follower:/opt/ros/humble /usr/bin/cmake --install /home/tharun/cognipilot/cranium/build/synapse_protobuf
[0.485s] DEBUG:colcon.colcon_core.event_handler.log_command:Invoked command in '/home/tharun/cognipilot/cranium/build/dream_world' returned '0': CMAKE_PREFIX_PATH=${CMAKE_PREFIX_PATH}:/home/tharun/cognipilot/cranium/install/b3rb_ros_line_follower:/opt/ros/humble /usr/bin/cmake --build /home/tharun/cognipilot/cranium/build/dream_world -- -j12 -l12
[0.488s] INFO:colcon.colcon_ros.task.ament_cmake.build:Building ROS package in '/home/tharun/cognipilot/cranium/src/b3rb_desktop/b3rb_desktop' with build type 'ament_cmake'
[0.488s] DEBUG:colcon.colcon_core.event_handler.log_command:Invoking command in '/home/tharun/cognipilot/cranium/build/dream_world': CMAKE_PREFIX_PATH=${CMAKE_PREFIX_PATH}:/home/tharun/cognipilot/cranium/install/b3rb_ros_line_follower:/opt/ros/humble /usr/bin/cmake --install /home/tharun/cognipilot/cranium/build/dream_world
[0.489s] INFO:colcon.colcon_cmake.task.cmake.build:Building CMake package in '/home/tharun/cognipilot/cranium/src/b3rb_desktop/b3rb_desktop'
[0.489s] INFO:colcon.colcon_core.shell:Skip shell extension 'powershell' for command environment: Not usable outside of PowerShell
[0.490s] DEBUG:colcon.colcon_core.shell:Skip shell extension 'dsv' for command environment
[0.499s] INFO:colcon.colcon_ros.task.ament_cmake.build:Building ROS package in '/home/tharun/cognipilot/cranium/src/b3rb_simulator/b3rb_simulator' with build type 'ament_cmake'
[0.500s] INFO:colcon.colcon_cmake.task.cmake.build:Building CMake package in '/home/tharun/cognipilot/cranium/src/b3rb_simulator/b3rb_simulator'
[0.500s] INFO:colcon.colcon_core.shell:Skip shell extension 'powershell' for command environment: Not usable outside of PowerShell
[0.500s] DEBUG:colcon.colcon_core.shell:Skip shell extension 'dsv' for command environment
[0.509s] Level 1:colcon.colcon_core.environment:create_environment_scripts_only(b3rb_description)
[0.510s] Level 1:colcon.colcon_core.environment:checking '/home/tharun/cognipilot/cranium/install/b3rb_description' for CMake module files
[0.511s] DEBUG:colcon.colcon_core.event_handler.log_command:Invoked command in '/home/tharun/cognipilot/cranium/build/b3rb_description' returned '0': CMAKE_PREFIX_PATH=${CMAKE_PREFIX_PATH}:/home/tharun/cognipilot/cranium/install/b3rb_ros_line_follower:/opt/ros/humble /usr/bin/cmake --install /home/tharun/cognipilot/cranium/build/b3rb_description
[0.513s] Level 1:colcon.colcon_core.environment:checking '/home/tharun/cognipilot/cranium/install/b3rb_description' for CMake config files
[0.523s] Level 1:colcon.colcon_core.shell:create_environment_hook('b3rb_description', 'cmake_prefix_path')
[0.523s] INFO:colcon.colcon_core.shell:Creating environment hook '/home/tharun/cognipilot/cranium/install/b3rb_description/share/b3rb_description/hook/cmake_prefix_path.ps1'
[0.524s] INFO:colcon.colcon_core.shell:Creating environment descriptor '/home/tharun/cognipilot/cranium/install/b3rb_description/share/b3rb_description/hook/cmake_prefix_path.dsv'
[0.528s] INFO:colcon.colcon_core.shell:Creating environment hook '/home/tharun/cognipilot/cranium/install/b3rb_description/share/b3rb_description/hook/cmake_prefix_path.sh'
[0.529s] Level 1:colcon.colcon_core.environment:checking '/home/tharun/cognipilot/cranium/install/b3rb_description/bin'
[0.529s] Level 1:colcon.colcon_core.environment:checking '/home/tharun/cognipilot/cranium/install/b3rb_description/lib/pkgconfig/b3rb_description.pc'
[0.530s] Level 1:colcon.colcon_core.environment:checking '/home/tharun/cognipilot/cranium/install/b3rb_description/lib/python3.10/site-packages'
[0.530s] Level 1:colcon.colcon_core.environment:checking '/home/tharun/cognipilot/cranium/install/b3rb_description/bin'
[0.531s] INFO:colcon.colcon_core.shell:Creating package script '/home/tharun/cognipilot/cranium/install/b3rb_description/share/b3rb_description/package.ps1'
[0.536s] INFO:colcon.colcon_core.shell:Creating package descriptor '/home/tharun/cognipilot/cranium/install/b3rb_description/share/b3rb_description/package.dsv'
[0.536s] INFO:colcon.colcon_core.shell:Creating package script '/home/tharun/cognipilot/cranium/install/b3rb_description/share/b3rb_description/package.sh'
[0.537s] INFO:colcon.colcon_core.shell:Creating package script '/home/tharun/cognipilot/cranium/install/b3rb_description/share/b3rb_description/package.bash'
[0.537s] INFO:colcon.colcon_core.shell:Creating package script '/home/tharun/cognipilot/cranium/install/b3rb_description/share/b3rb_description/package.zsh'
[0.537s] Level 1:colcon.colcon_core.environment:create_file_with_runtime_dependencies(/home/tharun/cognipilot/cranium/install/b3rb_description/share/colcon-core/packages/b3rb_description)
[0.538s] Level 1:colcon.colcon_core.environment:create_environment_scripts_only(b3rb_description)
[0.538s] Level 1:colcon.colcon_core.environment:checking '/home/tharun/cognipilot/cranium/install/b3rb_description' for CMake module files
[0.539s] Level 1:colcon.colcon_core.environment:checking '/home/tharun/cognipilot/cranium/install/b3rb_description' for CMake config files
[0.540s] Level 1:colcon.colcon_core.shell:create_environment_hook('b3rb_description', 'cmake_prefix_path')
[0.540s] INFO:colcon.colcon_core.shell:Creating environment hook '/home/tharun/cognipilot/cranium/install/b3rb_description/share/b3rb_description/hook/cmake_prefix_path.ps1'
[0.541s] INFO:colcon.colcon_core.shell:Creating environment descriptor '/home/tharun/cognipilot/cranium/install/b3rb_description/share/b3rb_description/hook/cmake_prefix_path.dsv'
[0.541s] INFO:colcon.colcon_core.shell:Creating environment hook '/home/tharun/cognipilot/cranium/install/b3rb_description/share/b3rb_description/hook/cmake_prefix_path.sh'
[0.542s] Level 1:colcon.colcon_core.environment:checking '/home/tharun/cognipilot/cranium/install/b3rb_description/bin'
[0.542s] Level 1:colcon.colcon_core.environment:checking '/home/tharun/cognipilot/cranium/install/b3rb_description/lib/pkgconfig/b3rb_description.pc'
[0.542s] Level 1:colcon.colcon_core.environment:checking '/home/tharun/cognipilot/cranium/install/b3rb_description/lib/python3.10/site-packages'
[0.542s] Level 1:colcon.colcon_core.environment:checking '/home/tharun/cognipilot/cranium/install/b3rb_description/bin'
[0.542s] INFO:colcon.colcon_core.shell:Creating package script '/home/tharun/cognipilot/cranium/install/b3rb_description/share/b3rb_description/package.ps1'
[0.543s] INFO:colcon.colcon_core.shell:Creating package descriptor '/home/tharun/cognipilot/cranium/install/b3rb_description/share/b3rb_description/package.dsv'
[0.544s] INFO:colcon.colcon_core.shell:Creating package script '/home/tharun/cognipilot/cranium/install/b3rb_description/share/b3rb_description/package.sh'
[0.544s] INFO:colcon.colcon_core.shell:Creating package script '/home/tharun/cognipilot/cranium/install/b3rb_description/share/b3rb_description/package.bash'
[0.545s] INFO:colcon.colcon_core.shell:Creating package script '/home/tharun/cognipilot/cranium/install/b3rb_description/share/b3rb_description/package.zsh'
[0.546s] Level 1:colcon.colcon_core.environment:create_file_with_runtime_dependencies(/home/tharun/cognipilot/cranium/install/b3rb_description/share/colcon-core/packages/b3rb_description)
[0.547s] Level 1:colcon.colcon_core.environment:create_environment_scripts_only(cerebri_bringup)
[0.548s] Level 1:colcon.colcon_core.environment:checking '/home/tharun/cognipilot/cranium/install/cerebri_bringup' for CMake module files
[0.552s] Level 1:colcon.colcon_core.environment:checking '/home/tharun/cognipilot/cranium/install/cerebri_bringup' for CMake config files
[0.553s] Level 1:colcon.colcon_core.shell:create_environment_hook('cerebri_bringup', 'cmake_prefix_path')
[0.553s] INFO:colcon.colcon_core.shell:Creating environment hook '/home/tharun/cognipilot/cranium/install/cerebri_bringup/share/cerebri_bringup/hook/cmake_prefix_path.ps1'
[0.553s] DEBUG:colcon.colcon_core.event_handler.log_command:Invoked command in '/home/tharun/cognipilot/cranium/build/cerebri_bringup' returned '0': CMAKE_PREFIX_PATH=${CMAKE_PREFIX_PATH}:/home/tharun/cognipilot/cranium/install/b3rb_ros_line_follower:/opt/ros/humble /usr/bin/cmake --install /home/tharun/cognipilot/cranium/build/cerebri_bringup
[0.554s] INFO:colcon.colcon_core.shell:Creating environment descriptor '/home/tharun/cognipilot/cranium/install/cerebri_bringup/share/cerebri_bringup/hook/cmake_prefix_path.dsv'
[0.554s] INFO:colcon.colcon_core.shell:Creating environment hook '/home/tharun/cognipilot/cranium/install/cerebri_bringup/share/cerebri_bringup/hook/cmake_prefix_path.sh'
[0.554s] Level 1:colcon.colcon_core.environment:checking '/home/tharun/cognipilot/cranium/install/cerebri_bringup/bin'
[0.554s] Level 1:colcon.colcon_core.environment:checking '/home/tharun/cognipilot/cranium/install/cerebri_bringup/lib/pkgconfig/cerebri_bringup.pc'
[0.554s] Level 1:colcon.colcon_core.environment:checking '/home/tharun/cognipilot/cranium/install/cerebri_bringup/lib/python3.10/site-packages'
[0.555s] Level 1:colcon.colcon_core.environment:checking '/home/tharun/cognipilot/cranium/install/cerebri_bringup/bin'
[0.555s] INFO:colcon.colcon_core.shell:Creating package script '/home/tharun/cognipilot/cranium/install/cerebri_bringup/share/cerebri_bringup/package.ps1'
[0.555s] INFO:colcon.colcon_core.shell:Creating package descriptor '/home/tharun/cognipilot/cranium/install/cerebri_bringup/share/cerebri_bringup/package.dsv'
[0.555s] INFO:colcon.colcon_core.shell:Creating package script '/home/tharun/cognipilot/cranium/install/cerebri_bringup/share/cerebri_bringup/package.sh'
[0.556s] INFO:colcon.colcon_core.shell:Creating package script '/home/tharun/cognipilot/cranium/install/cerebri_bringup/share/cerebri_bringup/package.bash'
[0.556s] INFO:colcon.colcon_core.shell:Creating package script '/home/tharun/cognipilot/cranium/install/cerebri_bringup/share/cerebri_bringup/package.zsh'
[0.556s] Level 1:colcon.colcon_core.environment:create_file_with_runtime_dependencies(/home/tharun/cognipilot/cranium/install/cerebri_bringup/share/colcon-core/packages/cerebri_bringup)
[0.556s] Level 1:colcon.colcon_core.environment:create_environment_scripts_only(cerebri_bringup)
[0.557s] Level 1:colcon.colcon_core.environment:checking '/home/tharun/cognipilot/cranium/install/cerebri_bringup' for CMake module files
[0.557s] Level 1:colcon.colcon_core.environment:checking '/home/tharun/cognipilot/cranium/install/cerebri_bringup' for CMake config files
[0.557s] Level 1:colcon.colcon_core.shell:create_environment_hook('cerebri_bringup', 'cmake_prefix_path')
[0.557s] INFO:colcon.colcon_core.shell:Creating environment hook '/home/tharun/cognipilot/cranium/install/cerebri_bringup/share/cerebri_bringup/hook/cmake_prefix_path.ps1'
[0.557s] INFO:colcon.colcon_core.shell:Creating environment descriptor '/home/tharun/cognipilot/cranium/install/cerebri_bringup/share/cerebri_bringup/hook/cmake_prefix_path.dsv'
[0.558s] INFO:colcon.colcon_core.shell:Creating environment hook '/home/tharun/cognipilot/cranium/install/cerebri_bringup/share/cerebri_bringup/hook/cmake_prefix_path.sh'
[0.558s] Level 1:colcon.colcon_core.environment:checking '/home/tharun/cognipilot/cranium/install/cerebri_bringup/bin'
[0.558s] Level 1:colcon.colcon_core.environment:checking '/home/tharun/cognipilot/cranium/install/cerebri_bringup/lib/pkgconfig/cerebri_bringup.pc'
[0.558s] Level 1:colcon.colcon_core.environment:checking '/home/tharun/cognipilot/cranium/install/cerebri_bringup/lib/python3.10/site-packages'
[0.558s] Level 1:colcon.colcon_core.environment:checking '/home/tharun/cognipilot/cranium/install/cerebri_bringup/bin'
[0.558s] INFO:colcon.colcon_core.shell:Creating package script '/home/tharun/cognipilot/cranium/install/cerebri_bringup/share/cerebri_bringup/package.ps1'
[0.559s] INFO:colcon.colcon_core.shell:Creating package descriptor '/home/tharun/cognipilot/cranium/install/cerebri_bringup/share/cerebri_bringup/package.dsv'
[0.559s] INFO:colcon.colcon_core.shell:Creating package script '/home/tharun/cognipilot/cranium/install/cerebri_bringup/share/cerebri_bringup/package.sh'
[0.559s] INFO:colcon.colcon_core.shell:Creating package script '/home/tharun/cognipilot/cranium/install/cerebri_bringup/share/cerebri_bringup/package.bash'
[0.560s] INFO:colcon.colcon_core.shell:Creating package script '/home/tharun/cognipilot/cranium/install/cerebri_bringup/share/cerebri_bringup/package.zsh'
[0.560s] Level 1:colcon.colcon_core.environment:create_file_with_runtime_dependencies(/home/tharun/cognipilot/cranium/install/cerebri_bringup/share/colcon-core/packages/cerebri_bringup)
[0.560s] Level 1:colcon.colcon_core.environment:create_environment_scripts_only(b3rb_nav2)
[0.560s] Level 1:colcon.colcon_core.environment:checking '/home/tharun/cognipilot/cranium/install/b3rb_nav2' for CMake module files
[0.561s] DEBUG:colcon.colcon_core.event_handler.log_command:Invoked command in '/home/tharun/cognipilot/cranium/build/b3rb_nav2' returned '0': CMAKE_PREFIX_PATH=${CMAKE_PREFIX_PATH}:/home/tharun/cognipilot/cranium/install/b3rb_ros_line_follower:/opt/ros/humble /usr/bin/cmake --install /home/tharun/cognipilot/cranium/build/b3rb_nav2
[0.561s] Level 1:colcon.colcon_core.environment:checking '/home/tharun/cognipilot/cranium/install/b3rb_nav2' for CMake config files
[0.561s] Level 1:colcon.colcon_core.shell:create_environment_hook('b3rb_nav2', 'cmake_prefix_path')
[0.561s] INFO:colcon.colcon_core.shell:Creating environment hook '/home/tharun/cognipilot/cranium/install/b3rb_nav2/share/b3rb_nav2/hook/cmake_prefix_path.ps1'
[0.562s] INFO:colcon.colcon_core.shell:Creating environment descriptor '/home/tharun/cognipilot/cranium/install/b3rb_nav2/share/b3rb_nav2/hook/cmake_prefix_path.dsv'
[0.562s] INFO:colcon.colcon_core.shell:Creating environment hook '/home/tharun/cognipilot/cranium/install/b3rb_nav2/share/b3rb_nav2/hook/cmake_prefix_path.sh'
[0.562s] Level 1:colcon.colcon_core.environment:checking '/home/tharun/cognipilot/cranium/install/b3rb_nav2/bin'
[0.562s] Level 1:colcon.colcon_core.environment:checking '/home/tharun/cognipilot/cranium/install/b3rb_nav2/lib/pkgconfig/b3rb_nav2.pc'
[0.562s] Level 1:colcon.colcon_core.environment:checking '/home/tharun/cognipilot/cranium/install/b3rb_nav2/lib/python3.10/site-packages'
[0.563s] Level 1:colcon.colcon_core.environment:checking '/home/tharun/cognipilot/cranium/install/b3rb_nav2/bin'
[0.563s] INFO:colcon.colcon_core.shell:Creating package script '/home/tharun/cognipilot/cranium/install/b3rb_nav2/share/b3rb_nav2/package.ps1'
[0.563s] INFO:colcon.colcon_core.shell:Creating package descriptor '/home/tharun/cognipilot/cranium/install/b3rb_nav2/share/b3rb_nav2/package.dsv'
[0.563s] INFO:colcon.colcon_core.shell:Creating package script '/home/tharun/cognipilot/cranium/install/b3rb_nav2/share/b3rb_nav2/package.sh'
[0.564s] INFO:colcon.colcon_core.shell:Creating package script '/home/tharun/cognipilot/cranium/install/b3rb_nav2/share/b3rb_nav2/package.bash'
[0.564s] INFO:colcon.colcon_core.shell:Creating package script '/home/tharun/cognipilot/cranium/install/b3rb_nav2/share/b3rb_nav2/package.zsh'
[0.564s] Level 1:colcon.colcon_core.environment:create_file_with_runtime_dependencies(/home/tharun/cognipilot/cranium/install/b3rb_nav2/share/colcon-core/packages/b3rb_nav2)
[0.564s] Level 1:colcon.colcon_core.environment:create_environment_scripts_only(b3rb_nav2)
[0.564s] Level 1:colcon.colcon_core.environment:checking '/home/tharun/cognipilot/cranium/install/b3rb_nav2' for CMake module files
[0.565s] Level 1:colcon.colcon_core.environment:checking '/home/tharun/cognipilot/cranium/install/b3rb_nav2' for CMake config files
[0.565s] Level 1:colcon.colcon_core.shell:create_environment_hook('b3rb_nav2', 'cmake_prefix_path')
[0.565s] INFO:colcon.colcon_core.shell:Creating environment hook '/home/tharun/cognipilot/cranium/install/b3rb_nav2/share/b3rb_nav2/hook/cmake_prefix_path.ps1'
[0.565s] INFO:colcon.colcon_core.shell:Creating environment descriptor '/home/tharun/cognipilot/cranium/install/b3rb_nav2/share/b3rb_nav2/hook/cmake_prefix_path.dsv'
[0.565s] INFO:colcon.colcon_core.shell:Creating environment hook '/home/tharun/cognipilot/cranium/install/b3rb_nav2/share/b3rb_nav2/hook/cmake_prefix_path.sh'
[0.566s] Level 1:colcon.colcon_core.environment:checking '/home/tharun/cognipilot/cranium/install/b3rb_nav2/bin'
[0.566s] Level 1:colcon.colcon_core.environment:checking '/home/tharun/cognipilot/cranium/install/b3rb_nav2/lib/pkgconfig/b3rb_nav2.pc'
[0.566s] Level 1:colcon.colcon_core.environment:checking '/home/tharun/cognipilot/cranium/install/b3rb_nav2/lib/python3.10/site-packages'
[0.566s] Level 1:colcon.colcon_core.environment:checking '/home/tharun/cognipilot/cranium/install/b3rb_nav2/bin'
[0.566s] INFO:colcon.colcon_core.shell:Creating package script '/home/tharun/cognipilot/cranium/install/b3rb_nav2/share/b3rb_nav2/package.ps1'
[0.567s] INFO:colcon.colcon_core.shell:Creating package descriptor '/home/tharun/cognipilot/cranium/install/b3rb_nav2/share/b3rb_nav2/package.dsv'
[0.567s] INFO:colcon.colcon_core.shell:Creating package script '/home/tharun/cognipilot/cranium/install/b3rb_nav2/share/b3rb_nav2/package.sh'
[0.567s] INFO:colcon.colcon_core.shell:Creating package script '/home/tharun/cognipilot/cranium/install/b3rb_nav2/share/b3rb_nav2/package.bash'
[0.567s] INFO:colcon.colcon_core.shell:Creating package script '/home/tharun/cognipilot/cranium/install/b3rb_nav2/share/b3rb_nav2/package.zsh'
[0.568s] Level 1:colcon.colcon_core.environment:create_file_with_runtime_dependencies(/home/tharun/cognipilot/cranium/install/b3rb_nav2/share/colcon-core/packages/b3rb_nav2)
[0.568s] Level 1:colcon.colcon_core.environment:create_environment_scripts_only(synapse_protobuf)
[0.569s] Level 1:colcon.colcon_core.environment:checking '/home/tharun/cognipilot/cranium/install/synapse_protobuf' for CMake module files
[0.569s] DEBUG:colcon.colcon_core.event_handler.log_command:Invoked command in '/home/tharun/cognipilot/cranium/build/synapse_protobuf' returned '0': CMAKE_PREFIX_PATH=${CMAKE_PREFIX_PATH}:/home/tharun/cognipilot/cranium/install/b3rb_ros_line_follower:/opt/ros/humble /usr/bin/cmake --install /home/tharun/cognipilot/cranium/build/synapse_protobuf
[0.569s] Level 1:colcon.colcon_core.environment:checking '/home/tharun/cognipilot/cranium/install/synapse_protobuf' for CMake config files
[0.569s] Level 1:colcon.colcon_core.shell:create_environment_hook('synapse_protobuf', 'cmake_prefix_path')
[0.570s] INFO:colcon.colcon_core.shell:Creating environment hook '/home/tharun/cognipilot/cranium/install/synapse_protobuf/share/synapse_protobuf/hook/cmake_prefix_path.ps1'
[0.570s] INFO:colcon.colcon_core.shell:Creating environment descriptor '/home/tharun/cognipilot/cranium/install/synapse_protobuf/share/synapse_protobuf/hook/cmake_prefix_path.dsv'
[0.570s] INFO:colcon.colcon_core.shell:Creating environment hook '/home/tharun/cognipilot/cranium/install/synapse_protobuf/share/synapse_protobuf/hook/cmake_prefix_path.sh'
[0.571s] Level 1:colcon.colcon_core.environment:checking '/home/tharun/cognipilot/cranium/install/synapse_protobuf/lib'
[0.571s] Level 1:colcon.colcon_core.environment:checking '/home/tharun/cognipilot/cranium/install/synapse_protobuf/bin'
[0.571s] Level 1:colcon.colcon_core.environment:checking '/home/tharun/cognipilot/cranium/install/synapse_protobuf/lib/pkgconfig/synapse_protobuf.pc'
[0.571s] Level 1:colcon.colcon_core.environment:checking '/home/tharun/cognipilot/cranium/install/synapse_protobuf/lib/python3.10/site-packages'
[0.571s] Level 1:colcon.colcon_core.environment:checking '/home/tharun/cognipilot/cranium/install/synapse_protobuf/bin'
[0.571s] INFO:colcon.colcon_core.shell:Creating package script '/home/tharun/cognipilot/cranium/install/synapse_protobuf/share/synapse_protobuf/package.ps1'
[0.572s] INFO:colcon.colcon_core.shell:Creating package descriptor '/home/tharun/cognipilot/cranium/install/synapse_protobuf/share/synapse_protobuf/package.dsv'
[0.572s] INFO:colcon.colcon_core.shell:Creating package script '/home/tharun/cognipilot/cranium/install/synapse_protobuf/share/synapse_protobuf/package.sh'
[0.573s] INFO:colcon.colcon_core.shell:Creating package script '/home/tharun/cognipilot/cranium/install/synapse_protobuf/share/synapse_protobuf/package.bash'
[0.573s] INFO:colcon.colcon_core.shell:Creating package script '/home/tharun/cognipilot/cranium/install/synapse_protobuf/share/synapse_protobuf/package.zsh'
[0.573s] Level 1:colcon.colcon_core.environment:create_file_with_runtime_dependencies(/home/tharun/cognipilot/cranium/install/synapse_protobuf/share/colcon-core/packages/synapse_protobuf)
[0.574s] Level 1:colcon.colcon_core.environment:create_environment_scripts_only(synapse_protobuf)
[0.574s] Level 1:colcon.colcon_core.environment:checking '/home/tharun/cognipilot/cranium/install/synapse_protobuf' for CMake module files
[0.574s] Level 1:colcon.colcon_core.environment:checking '/home/tharun/cognipilot/cranium/install/synapse_protobuf' for CMake config files
[0.574s] Level 1:colcon.colcon_core.shell:create_environment_hook('synapse_protobuf', 'cmake_prefix_path')
[0.574s] INFO:colcon.colcon_core.shell:Creating environment hook '/home/tharun/cognipilot/cranium/install/synapse_protobuf/share/synapse_protobuf/hook/cmake_prefix_path.ps1'
[0.575s] INFO:colcon.colcon_core.shell:Creating environment descriptor '/home/tharun/cognipilot/cranium/install/synapse_protobuf/share/synapse_protobuf/hook/cmake_prefix_path.dsv'
[0.575s] INFO:colcon.colcon_core.shell:Creating environment hook '/home/tharun/cognipilot/cranium/install/synapse_protobuf/share/synapse_protobuf/hook/cmake_prefix_path.sh'
[0.575s] Level 1:colcon.colcon_core.environment:checking '/home/tharun/cognipilot/cranium/install/synapse_protobuf/lib'
[0.575s] Level 1:colcon.colcon_core.environment:checking '/home/tharun/cognipilot/cranium/install/synapse_protobuf/bin'
[0.575s] Level 1:colcon.colcon_core.environment:checking '/home/tharun/cognipilot/cranium/install/synapse_protobuf/lib/pkgconfig/synapse_protobuf.pc'
[0.576s] Level 1:colcon.colcon_core.environment:checking '/home/tharun/cognipilot/cranium/install/synapse_protobuf/lib/python3.10/site-packages'
[0.576s] Level 1:colcon.colcon_core.environment:checking '/home/tharun/cognipilot/cranium/install/synapse_protobuf/bin'
[0.576s] INFO:colcon.colcon_core.shell:Creating package script '/home/tharun/cognipilot/cranium/install/synapse_protobuf/share/synapse_protobuf/package.ps1'
[0.576s] INFO:colcon.colcon_core.shell:Creating package descriptor '/home/tharun/cognipilot/cranium/install/synapse_protobuf/share/synapse_protobuf/package.dsv'
[0.577s] INFO:colcon.colcon_core.shell:Creating package script '/home/tharun/cognipilot/cranium/install/synapse_protobuf/share/synapse_protobuf/package.sh'
[0.577s] INFO:colcon.colcon_core.shell:Creating package script '/home/tharun/cognipilot/cranium/install/synapse_protobuf/share/synapse_protobuf/package.bash'
[0.577s] INFO:colcon.colcon_core.shell:Creating package script '/home/tharun/cognipilot/cranium/install/synapse_protobuf/share/synapse_protobuf/package.zsh'
[0.577s] Level 1:colcon.colcon_core.environment:create_file_with_runtime_dependencies(/home/tharun/cognipilot/cranium/install/synapse_protobuf/share/colcon-core/packages/synapse_protobuf)
[0.578s] Level 1:colcon.colcon_core.environment:create_environment_scripts_only(dream_world)
[0.578s] Level 1:colcon.colcon_core.environment:checking '/home/tharun/cognipilot/cranium/install/dream_world' for CMake module files
[0.579s] DEBUG:colcon.colcon_core.event_handler.log_command:Invoked command in '/home/tharun/cognipilot/cranium/build/dream_world' returned '0': CMAKE_PREFIX_PATH=${CMAKE_PREFIX_PATH}:/home/tharun/cognipilot/cranium/install/b3rb_ros_line_follower:/opt/ros/humble /usr/bin/cmake --install /home/tharun/cognipilot/cranium/build/dream_world
[0.579s] Level 1:colcon.colcon_core.environment:checking '/home/tharun/cognipilot/cranium/install/dream_world' for CMake config files
[0.580s] Level 1:colcon.colcon_core.shell:create_environment_hook('dream_world', 'cmake_prefix_path')
[0.580s] INFO:colcon.colcon_core.shell:Creating environment hook '/home/tharun/cognipilot/cranium/install/dream_world/share/dream_world/hook/cmake_prefix_path.ps1'
[0.581s] INFO:colcon.colcon_core.shell:Creating environment descriptor '/home/tharun/cognipilot/cranium/install/dream_world/share/dream_world/hook/cmake_prefix_path.dsv'
[0.581s] INFO:colcon.colcon_core.shell:Creating environment hook '/home/tharun/cognipilot/cranium/install/dream_world/share/dream_world/hook/cmake_prefix_path.sh'
[0.581s] Level 1:colcon.colcon_core.environment:checking '/home/tharun/cognipilot/cranium/install/dream_world/bin'
[0.581s] Level 1:colcon.colcon_core.environment:checking '/home/tharun/cognipilot/cranium/install/dream_world/lib/pkgconfig/dream_world.pc'
[0.582s] Level 1:colcon.colcon_core.environment:checking '/home/tharun/cognipilot/cranium/install/dream_world/lib/python3.10/site-packages'
[0.582s] Level 1:colcon.colcon_core.environment:checking '/home/tharun/cognipilot/cranium/install/dream_world/bin'
[0.582s] INFO:colcon.colcon_core.shell:Creating package script '/home/tharun/cognipilot/cranium/install/dream_world/share/dream_world/package.ps1'
[0.582s] INFO:colcon.colcon_core.shell:Creating package descriptor '/home/tharun/cognipilot/cranium/install/dream_world/share/dream_world/package.dsv'
[0.583s] INFO:colcon.colcon_core.shell:Creating package script '/home/tharun/cognipilot/cranium/install/dream_world/share/dream_world/package.sh'
[0.583s] INFO:colcon.colcon_core.shell:Creating package script '/home/tharun/cognipilot/cranium/install/dream_world/share/dream_world/package.bash'
[0.583s] INFO:colcon.colcon_core.shell:Creating package script '/home/tharun/cognipilot/cranium/install/dream_world/share/dream_world/package.zsh'
[0.583s] Level 1:colcon.colcon_core.environment:create_file_with_runtime_dependencies(/home/tharun/cognipilot/cranium/install/dream_world/share/colcon-core/packages/dream_world)
[0.584s] Level 1:colcon.colcon_core.environment:create_environment_scripts_only(dream_world)
[0.584s] Level 1:colcon.colcon_core.environment:checking '/home/tharun/cognipilot/cranium/install/dream_world' for CMake module files
[0.584s] Level 1:colcon.colcon_core.environment:checking '/home/tharun/cognipilot/cranium/install/dream_world' for CMake config files
[0.585s] Level 1:colcon.colcon_core.shell:create_environment_hook('dream_world', 'cmake_prefix_path')
[0.585s] INFO:colcon.colcon_core.shell:Creating environment hook '/home/tharun/cognipilot/cranium/install/dream_world/share/dream_world/hook/cmake_prefix_path.ps1'
[0.586s] INFO:colcon.colcon_core.shell:Creating environment descriptor '/home/tharun/cognipilot/cranium/install/dream_world/share/dream_world/hook/cmake_prefix_path.dsv'
[0.586s] INFO:colcon.colcon_core.shell:Creating environment hook '/home/tharun/cognipilot/cranium/install/dream_world/share/dream_world/hook/cmake_prefix_path.sh'
[0.586s] Level 1:colcon.colcon_core.environment:checking '/home/tharun/cognipilot/cranium/install/dream_world/bin'
[0.586s] Level 1:colcon.colcon_core.environment:checking '/home/tharun/cognipilot/cranium/install/dream_world/lib/pkgconfig/dream_world.pc'
[0.587s] Level 1:colcon.colcon_core.environment:checking '/home/tharun/cognipilot/cranium/install/dream_world/lib/python3.10/site-packages'
[0.587s] Level 1:colcon.colcon_core.environment:checking '/home/tharun/cognipilot/cranium/install/dream_world/bin'
[0.587s] INFO:colcon.colcon_core.shell:Creating package script '/home/tharun/cognipilot/cranium/install/dream_world/share/dream_world/package.ps1'
[0.587s] INFO:colcon.colcon_core.shell:Creating package descriptor '/home/tharun/cognipilot/cranium/install/dream_world/share/dream_world/package.dsv'
[0.588s] INFO:colcon.colcon_core.shell:Creating package script '/home/tharun/cognipilot/cranium/install/dream_world/share/dream_world/package.sh'
[0.588s] INFO:colcon.colcon_core.shell:Creating package script '/home/tharun/cognipilot/cranium/install/dream_world/share/dream_world/package.bash'
[0.588s] INFO:colcon.colcon_core.shell:Creating package script '/home/tharun/cognipilot/cranium/install/dream_world/share/dream_world/package.zsh'
[0.589s] Level 1:colcon.colcon_core.environment:create_file_with_runtime_dependencies(/home/tharun/cognipilot/cranium/install/dream_world/share/colcon-core/packages/dream_world)
[0.589s] INFO:colcon.colcon_ros.task.ament_cmake.build:Building ROS package in '/home/tharun/cognipilot/cranium/src/synapse_gz' with build type 'ament_cmake'
[0.589s] INFO:colcon.colcon_cmake.task.cmake.build:Building CMake package in '/home/tharun/cognipilot/cranium/src/synapse_gz'
[0.589s] INFO:colcon.colcon_core.shell:Skip shell extension 'powershell' for command environment: Not usable outside of PowerShell
[0.589s] DEBUG:colcon.colcon_core.shell:Skip shell extension 'dsv' for command environment
[0.594s] DEBUG:colcon.colcon_core.event_handler.log_command:Invoking command in '/home/tharun/cognipilot/cranium/build/b3rb_desktop': CMAKE_PREFIX_PATH=/home/tharun/cognipilot/cranium/install/b3rb_rviz:/home/tharun/cognipilot/cranium/install/synapse_ros:/home/tharun/cognipilot/cranium/install/synapse_gz:/home/tharun/cognipilot/cranium/install/synapse_tinyframe:/home/tharun/cognipilot/cranium/install/synapse_protobuf:/home/tharun/cognipilot/cranium/install/corti:/home/tharun/cognipilot/cranium/install/synapse_msgs:/home/tharun/cognipilot/cranium/install/dream_world:/home/tharun/cognipilot/cranium/install/cerebri_bringup:/home/tharun/cognipilot/cranium/install/b3rb_simulator:/home/tharun/cognipilot/cranium/install/b3rb_desktop:/home/tharun/cognipilot/cranium/install/b3rb_nav2:/home/tharun/cognipilot/cranium/install/b3rb_gz_resource:/home/tharun/cognipilot/cranium/install/b3rb_gz_bringup:/home/tharun/cognipilot/cranium/install/b3rb_description:/home/tharun/cognipilot/electrode/install/electrode:/home/tharun/cognipilot/cranium/install/b3rb_ros_line_follower:/opt/ros/humble /usr/bin/cmake --build /home/tharun/cognipilot/cranium/build/b3rb_desktop -- -j12 -l12
[0.598s] DEBUG:colcon.colcon_core.event_handler.log_command:Invoking command in '/home/tharun/cognipilot/cranium/build/b3rb_simulator': CMAKE_PREFIX_PATH=/home/tharun/cognipilot/cranium/install/b3rb_gz_resource:/home/tharun/cognipilot/cranium/install/b3rb_gz_bringup:/home/tharun/cognipilot/cranium/install/synapse_ros:/home/tharun/cognipilot/cranium/install/synapse_gz:/home/tharun/cognipilot/cranium/install/synapse_tinyframe:/home/tharun/cognipilot/cranium/install/synapse_protobuf:/home/tharun/cognipilot/cranium/install/corti:/home/tharun/cognipilot/cranium/install/synapse_msgs:/home/tharun/cognipilot/cranium/install/dream_world:/home/tharun/cognipilot/cranium/install/cerebri_bringup:/home/tharun/cognipilot/cranium/install/b3rb_simulator:/home/tharun/cognipilot/cranium/install/b3rb_desktop:/home/tharun/cognipilot/cranium/install/b3rb_rviz:/home/tharun/cognipilot/cranium/install/b3rb_nav2:/home/tharun/cognipilot/cranium/install/b3rb_description:/home/tharun/cognipilot/electrode/install/electrode:/home/tharun/cognipilot/cranium/install/b3rb_ros_line_follower:/opt/ros/humble /usr/bin/cmake --build /home/tharun/cognipilot/cranium/build/b3rb_simulator -- -j12 -l12
[0.602s] DEBUG:colcon.colcon_core.event_handler.log_command:Invoking command in '/home/tharun/cognipilot/cranium/build/synapse_gz': CMAKE_PREFIX_PATH=/home/tharun/cognipilot/cranium/install/synapse_tinyframe:/home/tharun/cognipilot/cranium/install/synapse_protobuf:/home/tharun/cognipilot/cranium/install/synapse_ros:/home/tharun/cognipilot/cranium/install/synapse_gz:/home/tharun/cognipilot/cranium/install/corti:/home/tharun/cognipilot/cranium/install/synapse_msgs:/home/tharun/cognipilot/cranium/install/dream_world:/home/tharun/cognipilot/cranium/install/cerebri_bringup:/home/tharun/cognipilot/cranium/install/b3rb_simulator:/home/tharun/cognipilot/cranium/install/b3rb_desktop:/home/tharun/cognipilot/cranium/install/b3rb_rviz:/home/tharun/cognipilot/cranium/install/b3rb_nav2:/home/tharun/cognipilot/cranium/install/b3rb_gz_resource:/home/tharun/cognipilot/cranium/install/b3rb_gz_bringup:/home/tharun/cognipilot/cranium/install/b3rb_description:/home/tharun/cognipilot/electrode/install/electrode:/home/tharun/cognipilot/cranium/install/b3rb_ros_line_follower:/opt/ros/humble /usr/bin/cmake --build /home/tharun/cognipilot/cranium/build/synapse_gz -- -j12 -l12
[0.608s] DEBUG:colcon.colcon_core.event_handler.log_command:Invoked command in '/home/tharun/cognipilot/cranium/build/synapse_msgs' returned '0': CMAKE_PREFIX_PATH=${CMAKE_PREFIX_PATH}:/home/tharun/cognipilot/cranium/install/b3rb_ros_line_follower:/opt/ros/humble /usr/bin/cmake --build /home/tharun/cognipilot/cranium/build/synapse_msgs -- -j12 -l12
[0.609s] DEBUG:colcon.colcon_core.event_handler.log_command:Invoking command in '/home/tharun/cognipilot/cranium/build/synapse_msgs': CMAKE_PREFIX_PATH=${CMAKE_PREFIX_PATH}:/home/tharun/cognipilot/cranium/install/b3rb_ros_line_follower:/opt/ros/humble /usr/bin/cmake --install /home/tharun/cognipilot/cranium/build/synapse_msgs
[0.624s] DEBUG:colcon.colcon_core.event_handler.log_command:Invoked command in '/home/tharun/cognipilot/cranium/build/b3rb_desktop' returned '0': CMAKE_PREFIX_PATH=/home/tharun/cognipilot/cranium/install/b3rb_rviz:/home/tharun/cognipilot/cranium/install/synapse_ros:/home/tharun/cognipilot/cranium/install/synapse_gz:/home/tharun/cognipilot/cranium/install/synapse_tinyframe:/home/tharun/cognipilot/cranium/install/synapse_protobuf:/home/tharun/cognipilot/cranium/install/corti:/home/tharun/cognipilot/cranium/install/synapse_msgs:/home/tharun/cognipilot/cranium/install/dream_world:/home/tharun/cognipilot/cranium/install/cerebri_bringup:/home/tharun/cognipilot/cranium/install/b3rb_simulator:/home/tharun/cognipilot/cranium/install/b3rb_desktop:/home/tharun/cognipilot/cranium/install/b3rb_nav2:/home/tharun/cognipilot/cranium/install/b3rb_gz_resource:/home/tharun/cognipilot/cranium/install/b3rb_gz_bringup:/home/tharun/cognipilot/cranium/install/b3rb_description:/home/tharun/cognipilot/electrode/install/electrode:/home/tharun/cognipilot/cranium/install/b3rb_ros_line_follower:/opt/ros/humble /usr/bin/cmake --build /home/tharun/cognipilot/cranium/build/b3rb_desktop -- -j12 -l12
[0.626s] DEBUG:colcon.colcon_core.event_handler.log_command:Invoking command in '/home/tharun/cognipilot/cranium/build/b3rb_desktop': CMAKE_PREFIX_PATH=/home/tharun/cognipilot/cranium/install/b3rb_rviz:/home/tharun/cognipilot/cranium/install/synapse_ros:/home/tharun/cognipilot/cranium/install/synapse_gz:/home/tharun/cognipilot/cranium/install/synapse_tinyframe:/home/tharun/cognipilot/cranium/install/synapse_protobuf:/home/tharun/cognipilot/cranium/install/corti:/home/tharun/cognipilot/cranium/install/synapse_msgs:/home/tharun/cognipilot/cranium/install/dream_world:/home/tharun/cognipilot/cranium/install/cerebri_bringup:/home/tharun/cognipilot/cranium/install/b3rb_simulator:/home/tharun/cognipilot/cranium/install/b3rb_desktop:/home/tharun/cognipilot/cranium/install/b3rb_nav2:/home/tharun/cognipilot/cranium/install/b3rb_gz_resource:/home/tharun/cognipilot/cranium/install/b3rb_gz_bringup:/home/tharun/cognipilot/cranium/install/b3rb_description:/home/tharun/cognipilot/electrode/install/electrode:/home/tharun/cognipilot/cranium/install/b3rb_ros_line_follower:/opt/ros/humble /usr/bin/cmake --install /home/tharun/cognipilot/cranium/build/b3rb_desktop
[0.629s] DEBUG:colcon.colcon_core.event_handler.log_command:Invoked command in '/home/tharun/cognipilot/cranium/build/b3rb_simulator' returned '0': CMAKE_PREFIX_PATH=/home/tharun/cognipilot/cranium/install/b3rb_gz_resource:/home/tharun/cognipilot/cranium/install/b3rb_gz_bringup:/home/tharun/cognipilot/cranium/install/synapse_ros:/home/tharun/cognipilot/cranium/install/synapse_gz:/home/tharun/cognipilot/cranium/install/synapse_tinyframe:/home/tharun/cognipilot/cranium/install/synapse_protobuf:/home/tharun/cognipilot/cranium/install/corti:/home/tharun/cognipilot/cranium/install/synapse_msgs:/home/tharun/cognipilot/cranium/install/dream_world:/home/tharun/cognipilot/cranium/install/cerebri_bringup:/home/tharun/cognipilot/cranium/install/b3rb_simulator:/home/tharun/cognipilot/cranium/install/b3rb_desktop:/home/tharun/cognipilot/cranium/install/b3rb_rviz:/home/tharun/cognipilot/cranium/install/b3rb_nav2:/home/tharun/cognipilot/cranium/install/b3rb_description:/home/tharun/cognipilot/electrode/install/electrode:/home/tharun/cognipilot/cranium/install/b3rb_ros_line_follower:/opt/ros/humble /usr/bin/cmake --build /home/tharun/cognipilot/cranium/build/b3rb_simulator -- -j12 -l12
[0.630s] DEBUG:colcon.colcon_core.event_handler.log_command:Invoking command in '/home/tharun/cognipilot/cranium/build/b3rb_simulator': CMAKE_PREFIX_PATH=/home/tharun/cognipilot/cranium/install/b3rb_gz_resource:/home/tharun/cognipilot/cranium/install/b3rb_gz_bringup:/home/tharun/cognipilot/cranium/install/synapse_ros:/home/tharun/cognipilot/cranium/install/synapse_gz:/home/tharun/cognipilot/cranium/install/synapse_tinyframe:/home/tharun/cognipilot/cranium/install/synapse_protobuf:/home/tharun/cognipilot/cranium/install/corti:/home/tharun/cognipilot/cranium/install/synapse_msgs:/home/tharun/cognipilot/cranium/install/dream_world:/home/tharun/cognipilot/cranium/install/cerebri_bringup:/home/tharun/cognipilot/cranium/install/b3rb_simulator:/home/tharun/cognipilot/cranium/install/b3rb_desktop:/home/tharun/cognipilot/cranium/install/b3rb_rviz:/home/tharun/cognipilot/cranium/install/b3rb_nav2:/home/tharun/cognipilot/cranium/install/b3rb_description:/home/tharun/cognipilot/electrode/install/electrode:/home/tharun/cognipilot/cranium/install/b3rb_ros_line_follower:/opt/ros/humble /usr/bin/cmake --install /home/tharun/cognipilot/cranium/build/b3rb_simulator
[0.634s] Level 1:colcon.colcon_core.environment:create_environment_scripts_only(b3rb_desktop)
[0.635s] Level 1:colcon.colcon_core.environment:checking '/home/tharun/cognipilot/cranium/install/b3rb_desktop' for CMake module files
[0.635s] DEBUG:colcon.colcon_core.event_handler.log_command:Invoked command in '/home/tharun/cognipilot/cranium/build/b3rb_desktop' returned '0': CMAKE_PREFIX_PATH=/home/tharun/cognipilot/cranium/install/b3rb_rviz:/home/tharun/cognipilot/cranium/install/synapse_ros:/home/tharun/cognipilot/cranium/install/synapse_gz:/home/tharun/cognipilot/cranium/install/synapse_tinyframe:/home/tharun/cognipilot/cranium/install/synapse_protobuf:/home/tharun/cognipilot/cranium/install/corti:/home/tharun/cognipilot/cranium/install/synapse_msgs:/home/tharun/cognipilot/cranium/install/dream_world:/home/tharun/cognipilot/cranium/install/cerebri_bringup:/home/tharun/cognipilot/cranium/install/b3rb_simulator:/home/tharun/cognipilot/cranium/install/b3rb_desktop:/home/tharun/cognipilot/cranium/install/b3rb_nav2:/home/tharun/cognipilot/cranium/install/b3rb_gz_resource:/home/tharun/cognipilot/cranium/install/b3rb_gz_bringup:/home/tharun/cognipilot/cranium/install/b3rb_description:/home/tharun/cognipilot/electrode/install/electrode:/home/tharun/cognipilot/cranium/install/b3rb_ros_line_follower:/opt/ros/humble /usr/bin/cmake --install /home/tharun/cognipilot/cranium/build/b3rb_desktop
[0.636s] Level 1:colcon.colcon_core.environment:checking '/home/tharun/cognipilot/cranium/install/b3rb_desktop' for CMake config files
[0.636s] Level 1:colcon.colcon_core.shell:create_environment_hook('b3rb_desktop', 'cmake_prefix_path')
[0.637s] INFO:colcon.colcon_core.shell:Creating environment hook '/home/tharun/cognipilot/cranium/install/b3rb_desktop/share/b3rb_desktop/hook/cmake_prefix_path.ps1'
[0.637s] INFO:colcon.colcon_core.shell:Creating environment descriptor '/home/tharun/cognipilot/cranium/install/b3rb_desktop/share/b3rb_desktop/hook/cmake_prefix_path.dsv'
[0.638s] INFO:colcon.colcon_core.shell:Creating environment hook '/home/tharun/cognipilot/cranium/install/b3rb_desktop/share/b3rb_desktop/hook/cmake_prefix_path.sh'
[0.640s] Level 1:colcon.colcon_core.environment:checking '/home/tharun/cognipilot/cranium/install/b3rb_desktop/bin'
[0.640s] Level 1:colcon.colcon_core.environment:checking '/home/tharun/cognipilot/cranium/install/b3rb_desktop/lib/pkgconfig/b3rb_desktop.pc'
[0.640s] Level 1:colcon.colcon_core.environment:checking '/home/tharun/cognipilot/cranium/install/b3rb_desktop/lib/python3.10/site-packages'
[0.641s] Level 1:colcon.colcon_core.environment:checking '/home/tharun/cognipilot/cranium/install/b3rb_desktop/bin'
[0.641s] INFO:colcon.colcon_core.shell:Creating package script '/home/tharun/cognipilot/cranium/install/b3rb_desktop/share/b3rb_desktop/package.ps1'
[0.643s] INFO:colcon.colcon_core.shell:Creating package descriptor '/home/tharun/cognipilot/cranium/install/b3rb_desktop/share/b3rb_desktop/package.dsv'
[0.644s] INFO:colcon.colcon_core.shell:Creating package script '/home/tharun/cognipilot/cranium/install/b3rb_desktop/share/b3rb_desktop/package.sh'
[0.644s] INFO:colcon.colcon_core.shell:Creating package script '/home/tharun/cognipilot/cranium/install/b3rb_desktop/share/b3rb_desktop/package.bash'
[0.645s] INFO:colcon.colcon_core.shell:Creating package script '/home/tharun/cognipilot/cranium/install/b3rb_desktop/share/b3rb_desktop/package.zsh'
[0.645s] Level 1:colcon.colcon_core.environment:create_file_with_runtime_dependencies(/home/tharun/cognipilot/cranium/install/b3rb_desktop/share/colcon-core/packages/b3rb_desktop)
[0.646s] Level 1:colcon.colcon_core.environment:create_environment_scripts_only(b3rb_desktop)
[0.646s] Level 1:colcon.colcon_core.environment:checking '/home/tharun/cognipilot/cranium/install/b3rb_desktop' for CMake module files
[0.647s] Level 1:colcon.colcon_core.environment:checking '/home/tharun/cognipilot/cranium/install/b3rb_desktop' for CMake config files
[0.647s] Level 1:colcon.colcon_core.shell:create_environment_hook('b3rb_desktop', 'cmake_prefix_path')
[0.648s] INFO:colcon.colcon_core.shell:Creating environment hook '/home/tharun/cognipilot/cranium/install/b3rb_desktop/share/b3rb_desktop/hook/cmake_prefix_path.ps1'
[0.648s] INFO:colcon.colcon_core.shell:Creating environment descriptor '/home/tharun/cognipilot/cranium/install/b3rb_desktop/share/b3rb_desktop/hook/cmake_prefix_path.dsv'
[0.649s] INFO:colcon.colcon_core.shell:Creating environment hook '/home/tharun/cognipilot/cranium/install/b3rb_desktop/share/b3rb_desktop/hook/cmake_prefix_path.sh'
[0.649s] Level 1:colcon.colcon_core.environment:checking '/home/tharun/cognipilot/cranium/install/b3rb_desktop/bin'
[0.649s] Level 1:colcon.colcon_core.environment:checking '/home/tharun/cognipilot/cranium/install/b3rb_desktop/lib/pkgconfig/b3rb_desktop.pc'
[0.650s] Level 1:colcon.colcon_core.environment:checking '/home/tharun/cognipilot/cranium/install/b3rb_desktop/lib/python3.10/site-packages'
[0.650s] Level 1:colcon.colcon_core.environment:checking '/home/tharun/cognipilot/cranium/install/b3rb_desktop/bin'
[0.651s] INFO:colcon.colcon_core.shell:Creating package script '/home/tharun/cognipilot/cranium/install/b3rb_desktop/share/b3rb_desktop/package.ps1'
[0.651s] INFO:colcon.colcon_core.shell:Creating package descriptor '/home/tharun/cognipilot/cranium/install/b3rb_desktop/share/b3rb_desktop/package.dsv'
[0.652s] INFO:colcon.colcon_core.shell:Creating package script '/home/tharun/cognipilot/cranium/install/b3rb_desktop/share/b3rb_desktop/package.sh'
[0.653s] INFO:colcon.colcon_core.shell:Creating package script '/home/tharun/cognipilot/cranium/install/b3rb_desktop/share/b3rb_desktop/package.bash'
[0.653s] INFO:colcon.colcon_core.shell:Creating package script '/home/tharun/cognipilot/cranium/install/b3rb_desktop/share/b3rb_desktop/package.zsh'
[0.654s] Level 1:colcon.colcon_core.environment:create_file_with_runtime_dependencies(/home/tharun/cognipilot/cranium/install/b3rb_desktop/share/colcon-core/packages/b3rb_desktop)
[0.655s] Level 1:colcon.colcon_core.environment:create_environment_scripts_only(b3rb_simulator)
[0.655s] Level 1:colcon.colcon_core.environment:checking '/home/tharun/cognipilot/cranium/install/b3rb_simulator' for CMake module files
[0.656s] DEBUG:colcon.colcon_core.event_handler.log_command:Invoked command in '/home/tharun/cognipilot/cranium/build/b3rb_simulator' returned '0': CMAKE_PREFIX_PATH=/home/tharun/cognipilot/cranium/install/b3rb_gz_resource:/home/tharun/cognipilot/cranium/install/b3rb_gz_bringup:/home/tharun/cognipilot/cranium/install/synapse_ros:/home/tharun/cognipilot/cranium/install/synapse_gz:/home/tharun/cognipilot/cranium/install/synapse_tinyframe:/home/tharun/cognipilot/cranium/install/synapse_protobuf:/home/tharun/cognipilot/cranium/install/corti:/home/tharun/cognipilot/cranium/install/synapse_msgs:/home/tharun/cognipilot/cranium/install/dream_world:/home/tharun/cognipilot/cranium/install/cerebri_bringup:/home/tharun/cognipilot/cranium/install/b3rb_simulator:/home/tharun/cognipilot/cranium/install/b3rb_desktop:/home/tharun/cognipilot/cranium/install/b3rb_rviz:/home/tharun/cognipilot/cranium/install/b3rb_nav2:/home/tharun/cognipilot/cranium/install/b3rb_description:/home/tharun/cognipilot/electrode/install/electrode:/home/tharun/cognipilot/cranium/install/b3rb_ros_line_follower:/opt/ros/humble /usr/bin/cmake --install /home/tharun/cognipilot/cranium/build/b3rb_simulator
[0.657s] Level 1:colcon.colcon_core.environment:checking '/home/tharun/cognipilot/cranium/install/b3rb_simulator' for CMake config files
[0.660s] Level 1:colcon.colcon_core.shell:create_environment_hook('b3rb_simulator', 'cmake_prefix_path')
[0.661s] INFO:colcon.colcon_core.shell:Creating environment hook '/home/tharun/cognipilot/cranium/install/b3rb_simulator/share/b3rb_simulator/hook/cmake_prefix_path.ps1'
[0.661s] INFO:colcon.colcon_core.shell:Creating environment descriptor '/home/tharun/cognipilot/cranium/install/b3rb_simulator/share/b3rb_simulator/hook/cmake_prefix_path.dsv'
[0.661s] INFO:colcon.colcon_core.shell:Creating environment hook '/home/tharun/cognipilot/cranium/install/b3rb_simulator/share/b3rb_simulator/hook/cmake_prefix_path.sh'
[0.662s] Level 1:colcon.colcon_core.environment:checking '/home/tharun/cognipilot/cranium/install/b3rb_simulator/bin'
[0.662s] Level 1:colcon.colcon_core.environment:checking '/home/tharun/cognipilot/cranium/install/b3rb_simulator/lib/pkgconfig/b3rb_simulator.pc'
[0.662s] Level 1:colcon.colcon_core.environment:checking '/home/tharun/cognipilot/cranium/install/b3rb_simulator/lib/python3.10/site-packages'
[0.662s] Level 1:colcon.colcon_core.environment:checking '/home/tharun/cognipilot/cranium/install/b3rb_simulator/bin'
[0.663s] INFO:colcon.colcon_core.shell:Creating package script '/home/tharun/cognipilot/cranium/install/b3rb_simulator/share/b3rb_simulator/package.ps1'
[0.663s] INFO:colcon.colcon_core.shell:Creating package descriptor '/home/tharun/cognipilot/cranium/install/b3rb_simulator/share/b3rb_simulator/package.dsv'
[0.663s] INFO:colcon.colcon_core.shell:Creating package script '/home/tharun/cognipilot/cranium/install/b3rb_simulator/share/b3rb_simulator/package.sh'
[0.664s] INFO:colcon.colcon_core.shell:Creating package script '/home/tharun/cognipilot/cranium/install/b3rb_simulator/share/b3rb_simulator/package.bash'
[0.664s] INFO:colcon.colcon_core.shell:Creating package script '/home/tharun/cognipilot/cranium/install/b3rb_simulator/share/b3rb_simulator/package.zsh'
[0.664s] Level 1:colcon.colcon_core.environment:create_file_with_runtime_dependencies(/home/tharun/cognipilot/cranium/install/b3rb_simulator/share/colcon-core/packages/b3rb_simulator)
[0.665s] Level 1:colcon.colcon_core.environment:create_environment_scripts_only(b3rb_simulator)
[0.665s] Level 1:colcon.colcon_core.environment:checking '/home/tharun/cognipilot/cranium/install/b3rb_simulator' for CMake module files
[0.665s] Level 1:colcon.colcon_core.environment:checking '/home/tharun/cognipilot/cranium/install/b3rb_simulator' for CMake config files
[0.665s] Level 1:colcon.colcon_core.shell:create_environment_hook('b3rb_simulator', 'cmake_prefix_path')
[0.665s] INFO:colcon.colcon_core.shell:Creating environment hook '/home/tharun/cognipilot/cranium/install/b3rb_simulator/share/b3rb_simulator/hook/cmake_prefix_path.ps1'
[0.665s] INFO:colcon.colcon_core.shell:Creating environment descriptor '/home/tharun/cognipilot/cranium/install/b3rb_simulator/share/b3rb_simulator/hook/cmake_prefix_path.dsv'
[0.666s] INFO:colcon.colcon_core.shell:Creating environment hook '/home/tharun/cognipilot/cranium/install/b3rb_simulator/share/b3rb_simulator/hook/cmake_prefix_path.sh'
[0.666s] Level 1:colcon.colcon_core.environment:checking '/home/tharun/cognipilot/cranium/install/b3rb_simulator/bin'
[0.666s] Level 1:colcon.colcon_core.environment:checking '/home/tharun/cognipilot/cranium/install/b3rb_simulator/lib/pkgconfig/b3rb_simulator.pc'
[0.666s] Level 1:colcon.colcon_core.environment:checking '/home/tharun/cognipilot/cranium/install/b3rb_simulator/lib/python3.10/site-packages'
[0.666s] Level 1:colcon.colcon_core.environment:checking '/home/tharun/cognipilot/cranium/install/b3rb_simulator/bin'
[0.667s] INFO:colcon.colcon_core.shell:Creating package script '/home/tharun/cognipilot/cranium/install/b3rb_simulator/share/b3rb_simulator/package.ps1'
[0.668s] INFO:colcon.colcon_core.shell:Creating package descriptor '/home/tharun/cognipilot/cranium/install/b3rb_simulator/share/b3rb_simulator/package.dsv'
[0.668s] INFO:colcon.colcon_core.shell:Creating package script '/home/tharun/cognipilot/cranium/install/b3rb_simulator/share/b3rb_simulator/package.sh'
[0.668s] INFO:colcon.colcon_core.shell:Creating package script '/home/tharun/cognipilot/cranium/install/b3rb_simulator/share/b3rb_simulator/package.bash'
[0.668s] INFO:colcon.colcon_core.shell:Creating package script '/home/tharun/cognipilot/cranium/install/b3rb_simulator/share/b3rb_simulator/package.zsh'
[0.669s] Level 1:colcon.colcon_core.environment:create_file_with_runtime_dependencies(/home/tharun/cognipilot/cranium/install/b3rb_simulator/share/colcon-core/packages/b3rb_simulator)
[0.670s] Level 1:colcon.colcon_core.environment:create_environment_scripts_only(synapse_msgs)
[0.670s] Level 1:colcon.colcon_core.environment:checking '/home/tharun/cognipilot/cranium/install/synapse_msgs' for CMake module files
[0.671s] DEBUG:colcon.colcon_core.event_handler.log_command:Invoked command in '/home/tharun/cognipilot/cranium/build/synapse_msgs' returned '0': CMAKE_PREFIX_PATH=${CMAKE_PREFIX_PATH}:/home/tharun/cognipilot/cranium/install/b3rb_ros_line_follower:/opt/ros/humble /usr/bin/cmake --install /home/tharun/cognipilot/cranium/build/synapse_msgs
[0.671s] Level 1:colcon.colcon_core.environment:checking '/home/tharun/cognipilot/cranium/install/synapse_msgs' for CMake config files
[0.672s] Level 1:colcon.colcon_core.shell:create_environment_hook('synapse_msgs', 'cmake_prefix_path')
[0.672s] INFO:colcon.colcon_core.shell:Creating environment hook '/home/tharun/cognipilot/cranium/install/synapse_msgs/share/synapse_msgs/hook/cmake_prefix_path.ps1'
[0.673s] INFO:colcon.colcon_core.shell:Creating environment descriptor '/home/tharun/cognipilot/cranium/install/synapse_msgs/share/synapse_msgs/hook/cmake_prefix_path.dsv'
[0.673s] INFO:colcon.colcon_core.shell:Creating environment hook '/home/tharun/cognipilot/cranium/install/synapse_msgs/share/synapse_msgs/hook/cmake_prefix_path.sh'
[0.674s] Level 1:colcon.colcon_core.environment:checking '/home/tharun/cognipilot/cranium/install/synapse_msgs/lib'
[0.674s] Level 1:colcon.colcon_core.shell:create_environment_hook('synapse_msgs', 'ld_library_path_lib')
[0.675s] INFO:colcon.colcon_core.shell:Creating environment hook '/home/tharun/cognipilot/cranium/install/synapse_msgs/share/synapse_msgs/hook/ld_library_path_lib.ps1'
[0.675s] INFO:colcon.colcon_core.shell:Creating environment descriptor '/home/tharun/cognipilot/cranium/install/synapse_msgs/share/synapse_msgs/hook/ld_library_path_lib.dsv'
[0.675s] INFO:colcon.colcon_core.shell:Creating environment hook '/home/tharun/cognipilot/cranium/install/synapse_msgs/share/synapse_msgs/hook/ld_library_path_lib.sh'
[0.675s] Level 1:colcon.colcon_core.environment:checking '/home/tharun/cognipilot/cranium/install/synapse_msgs/bin'
[0.676s] Level 1:colcon.colcon_core.environment:checking '/home/tharun/cognipilot/cranium/install/synapse_msgs/lib/pkgconfig/synapse_msgs.pc'
[0.676s] Level 1:colcon.colcon_core.environment:checking '/home/tharun/cognipilot/cranium/install/synapse_msgs/lib/python3.10/site-packages'
[0.676s] Level 1:colcon.colcon_core.environment:checking '/home/tharun/cognipilot/cranium/install/synapse_msgs/bin'
[0.676s] INFO:colcon.colcon_core.shell:Creating package script '/home/tharun/cognipilot/cranium/install/synapse_msgs/share/synapse_msgs/package.ps1'
[0.677s] INFO:colcon.colcon_core.shell:Creating package descriptor '/home/tharun/cognipilot/cranium/install/synapse_msgs/share/synapse_msgs/package.dsv'
[0.677s] INFO:colcon.colcon_core.shell:Creating package script '/home/tharun/cognipilot/cranium/install/synapse_msgs/share/synapse_msgs/package.sh'
[0.677s] INFO:colcon.colcon_core.shell:Creating package script '/home/tharun/cognipilot/cranium/install/synapse_msgs/share/synapse_msgs/package.bash'
[0.677s] INFO:colcon.colcon_core.shell:Creating package script '/home/tharun/cognipilot/cranium/install/synapse_msgs/share/synapse_msgs/package.zsh'
[0.677s] Level 1:colcon.colcon_core.environment:create_file_with_runtime_dependencies(/home/tharun/cognipilot/cranium/install/synapse_msgs/share/colcon-core/packages/synapse_msgs)
[0.678s] Level 1:colcon.colcon_core.environment:create_environment_scripts_only(synapse_msgs)
[0.678s] Level 1:colcon.colcon_core.environment:checking '/home/tharun/cognipilot/cranium/install/synapse_msgs' for CMake module files
[0.678s] Level 1:colcon.colcon_core.environment:checking '/home/tharun/cognipilot/cranium/install/synapse_msgs' for CMake config files
[0.679s] Level 1:colcon.colcon_core.shell:create_environment_hook('synapse_msgs', 'cmake_prefix_path')
[0.679s] INFO:colcon.colcon_core.shell:Creating environment hook '/home/tharun/cognipilot/cranium/install/synapse_msgs/share/synapse_msgs/hook/cmake_prefix_path.ps1'
[0.679s] INFO:colcon.colcon_core.shell:Creating environment descriptor '/home/tharun/cognipilot/cranium/install/synapse_msgs/share/synapse_msgs/hook/cmake_prefix_path.dsv'
[0.679s] INFO:colcon.colcon_core.shell:Creating environment hook '/home/tharun/cognipilot/cranium/install/synapse_msgs/share/synapse_msgs/hook/cmake_prefix_path.sh'
[0.680s] Level 1:colcon.colcon_core.environment:checking '/home/tharun/cognipilot/cranium/install/synapse_msgs/lib'
[0.680s] Level 1:colcon.colcon_core.shell:create_environment_hook('synapse_msgs', 'ld_library_path_lib')
[0.680s] INFO:colcon.colcon_core.shell:Creating environment hook '/home/tharun/cognipilot/cranium/install/synapse_msgs/share/synapse_msgs/hook/ld_library_path_lib.ps1'
[0.680s] INFO:colcon.colcon_core.shell:Creating environment descriptor '/home/tharun/cognipilot/cranium/install/synapse_msgs/share/synapse_msgs/hook/ld_library_path_lib.dsv'
[0.680s] INFO:colcon.colcon_core.shell:Creating environment hook '/home/tharun/cognipilot/cranium/install/synapse_msgs/share/synapse_msgs/hook/ld_library_path_lib.sh'
[0.680s] Level 1:colcon.colcon_core.environment:checking '/home/tharun/cognipilot/cranium/install/synapse_msgs/bin'
[0.681s] Level 1:colcon.colcon_core.environment:checking '/home/tharun/cognipilot/cranium/install/synapse_msgs/lib/pkgconfig/synapse_msgs.pc'
[0.681s] Level 1:colcon.colcon_core.environment:checking '/home/tharun/cognipilot/cranium/install/synapse_msgs/lib/python3.10/site-packages'
[0.681s] Level 1:colcon.colcon_core.environment:checking '/home/tharun/cognipilot/cranium/install/synapse_msgs/bin'
[0.681s] INFO:colcon.colcon_core.shell:Creating package script '/home/tharun/cognipilot/cranium/install/synapse_msgs/share/synapse_msgs/package.ps1'
[0.681s] INFO:colcon.colcon_core.shell:Creating package descriptor '/home/tharun/cognipilot/cranium/install/synapse_msgs/share/synapse_msgs/package.dsv'
[0.682s] INFO:colcon.colcon_core.shell:Creating package script '/home/tharun/cognipilot/cranium/install/synapse_msgs/share/synapse_msgs/package.sh'
[0.682s] INFO:colcon.colcon_core.shell:Creating package script '/home/tharun/cognipilot/cranium/install/synapse_msgs/share/synapse_msgs/package.bash'
[0.682s] INFO:colcon.colcon_core.shell:Creating package script '/home/tharun/cognipilot/cranium/install/synapse_msgs/share/synapse_msgs/package.zsh'
[0.682s] Level 1:colcon.colcon_core.environment:create_file_with_runtime_dependencies(/home/tharun/cognipilot/cranium/install/synapse_msgs/share/colcon-core/packages/synapse_msgs)
[0.683s] INFO:colcon.colcon_ros.task.ament_python.build:Building ROS package in '/home/tharun/cognipilot/cranium/src/b3rb_ros_line_follower/b3rb_ros_line_follower' with build type 'ament_python'
[0.683s] Level 1:colcon.colcon_core.shell:create_environment_hook('b3rb_ros_line_follower', 'ament_prefix_path')
[0.683s] INFO:colcon.colcon_core.shell:Creating environment hook '/home/tharun/cognipilot/cranium/install/b3rb_ros_line_follower/share/b3rb_ros_line_follower/hook/ament_prefix_path.ps1'
[0.683s] INFO:colcon.colcon_core.shell:Creating environment descriptor '/home/tharun/cognipilot/cranium/install/b3rb_ros_line_follower/share/b3rb_ros_line_follower/hook/ament_prefix_path.dsv'
[0.684s] INFO:colcon.colcon_core.shell:Creating environment hook '/home/tharun/cognipilot/cranium/install/b3rb_ros_line_follower/share/b3rb_ros_line_follower/hook/ament_prefix_path.sh'
[0.684s] INFO:colcon.colcon_core.shell:Skip shell extension 'powershell' for command environment: Not usable outside of PowerShell
[0.684s] DEBUG:colcon.colcon_core.shell:Skip shell extension 'dsv' for command environment
[0.687s] INFO:colcon.colcon_ros.task.ament_cmake.build:Building ROS package in '/home/tharun/cognipilot/cranium/src/corti' with build type 'ament_cmake'
[0.687s] INFO:colcon.colcon_cmake.task.cmake.build:Building CMake package in '/home/tharun/cognipilot/cranium/src/corti'
[0.687s] INFO:colcon.colcon_core.shell:Skip shell extension 'powershell' for command environment: Not usable outside of PowerShell
[0.687s] DEBUG:colcon.colcon_core.shell:Skip shell extension 'dsv' for command environment
[0.694s] INFO:colcon.colcon_ros.task.ament_cmake.build:Building ROS package in '/home/tharun/cognipilot/cranium/src/synapse_ros' with build type 'ament_cmake'
[0.694s] INFO:colcon.colcon_cmake.task.cmake.build:Building CMake package in '/home/tharun/cognipilot/cranium/src/synapse_ros'
[0.695s] INFO:colcon.colcon_core.shell:Skip shell extension 'powershell' for command environment: Not usable outside of PowerShell
[0.695s] DEBUG:colcon.colcon_core.shell:Skip shell extension 'dsv' for command environment
[0.699s] DEBUG:colcon.colcon_core.event_handler.log_command:Invoked command in '/home/tharun/cognipilot/cranium/build/synapse_gz' returned '0': CMAKE_PREFIX_PATH=/home/tharun/cognipilot/cranium/install/synapse_tinyframe:/home/tharun/cognipilot/cranium/install/synapse_protobuf:/home/tharun/cognipilot/cranium/install/synapse_ros:/home/tharun/cognipilot/cranium/install/synapse_gz:/home/tharun/cognipilot/cranium/install/corti:/home/tharun/cognipilot/cranium/install/synapse_msgs:/home/tharun/cognipilot/cranium/install/dream_world:/home/tharun/cognipilot/cranium/install/cerebri_bringup:/home/tharun/cognipilot/cranium/install/b3rb_simulator:/home/tharun/cognipilot/cranium/install/b3rb_desktop:/home/tharun/cognipilot/cranium/install/b3rb_rviz:/home/tharun/cognipilot/cranium/install/b3rb_nav2:/home/tharun/cognipilot/cranium/install/b3rb_gz_resource:/home/tharun/cognipilot/cranium/install/b3rb_gz_bringup:/home/tharun/cognipilot/cranium/install/b3rb_description:/home/tharun/cognipilot/electrode/install/electrode:/home/tharun/cognipilot/cranium/install/b3rb_ros_line_follower:/opt/ros/humble /usr/bin/cmake --build /home/tharun/cognipilot/cranium/build/synapse_gz -- -j12 -l12
[0.702s] DEBUG:colcon.colcon_core.event_handler.log_command:Invoking command in '/home/tharun/cognipilot/cranium/build/synapse_gz': CMAKE_PREFIX_PATH=/home/tharun/cognipilot/cranium/install/synapse_tinyframe:/home/tharun/cognipilot/cranium/install/synapse_protobuf:/home/tharun/cognipilot/cranium/install/synapse_ros:/home/tharun/cognipilot/cranium/install/synapse_gz:/home/tharun/cognipilot/cranium/install/corti:/home/tharun/cognipilot/cranium/install/synapse_msgs:/home/tharun/cognipilot/cranium/install/dream_world:/home/tharun/cognipilot/cranium/install/cerebri_bringup:/home/tharun/cognipilot/cranium/install/b3rb_simulator:/home/tharun/cognipilot/cranium/install/b3rb_desktop:/home/tharun/cognipilot/cranium/install/b3rb_rviz:/home/tharun/cognipilot/cranium/install/b3rb_nav2:/home/tharun/cognipilot/cranium/install/b3rb_gz_resource:/home/tharun/cognipilot/cranium/install/b3rb_gz_bringup:/home/tharun/cognipilot/cranium/install/b3rb_description:/home/tharun/cognipilot/electrode/install/electrode:/home/tharun/cognipilot/cranium/install/b3rb_ros_line_follower:/opt/ros/humble /usr/bin/cmake --install /home/tharun/cognipilot/cranium/build/synapse_gz
[0.863s] INFO:colcon.colcon_core.task.python.build:Building Python package in '/home/tharun/cognipilot/cranium/src/b3rb_ros_line_follower/b3rb_ros_line_follower'
[0.863s] INFO:colcon.colcon_core.shell:Skip shell extension 'powershell' for command environment: Not usable outside of PowerShell
[0.863s] DEBUG:colcon.colcon_core.shell:Skip shell extension 'dsv' for command environment
[0.871s] DEBUG:colcon.colcon_core.event_handler.log_command:Invoking command in '/home/tharun/cognipilot/cranium/build/corti': CMAKE_PREFIX_PATH=/home/tharun/cognipilot/cranium/install/synapse_msgs:/home/tharun/cognipilot/cranium/install/synapse_ros:/home/tharun/cognipilot/cranium/install/synapse_gz:/home/tharun/cognipilot/cranium/install/synapse_tinyframe:/home/tharun/cognipilot/cranium/install/synapse_protobuf:/home/tharun/cognipilot/cranium/install/corti:/home/tharun/cognipilot/cranium/install/dream_world:/home/tharun/cognipilot/cranium/install/cerebri_bringup:/home/tharun/cognipilot/cranium/install/b3rb_simulator:/home/tharun/cognipilot/cranium/install/b3rb_desktop:/home/tharun/cognipilot/cranium/install/b3rb_rviz:/home/tharun/cognipilot/cranium/install/b3rb_nav2:/home/tharun/cognipilot/cranium/install/b3rb_gz_resource:/home/tharun/cognipilot/cranium/install/b3rb_gz_bringup:/home/tharun/cognipilot/cranium/install/b3rb_description:/home/tharun/cognipilot/electrode/install/electrode:/home/tharun/cognipilot/cranium/install/b3rb_ros_line_follower:/opt/ros/humble LD_LIBRARY_PATH=/home/tharun/cognipilot/cranium/install/synapse_msgs/lib:/home/tharun/cognipilot/cranium/install/synapse_tinyframe/lib:/home/tharun/cognipilot/cranium/install/synapse_protobuf/lib:/opt/ros/humble/opt/rviz_ogre_vendor/lib:/opt/ros/humble/lib/x86_64-linux-gnu:/opt/ros/humble/lib /usr/bin/cmake --build /home/tharun/cognipilot/cranium/build/corti -- -j12 -l12
[0.874s] Level 1:colcon.colcon_core.environment:create_environment_scripts_only(synapse_gz)
[0.874s] Level 1:colcon.colcon_core.environment:checking '/home/tharun/cognipilot/cranium/install/synapse_gz' for CMake module files
[0.875s] DEBUG:colcon.colcon_core.event_handler.log_command:Invoking command in '/home/tharun/cognipilot/cranium/build/synapse_ros': CMAKE_PREFIX_PATH=/home/tharun/cognipilot/cranium/install/synapse_tinyframe:/home/tharun/cognipilot/cranium/install/synapse_protobuf:/home/tharun/cognipilot/cranium/install/synapse_msgs:/home/tharun/cognipilot/cranium/install/synapse_ros:/home/tharun/cognipilot/cranium/install/synapse_gz:/home/tharun/cognipilot/cranium/install/corti:/home/tharun/cognipilot/cranium/install/dream_world:/home/tharun/cognipilot/cranium/install/cerebri_bringup:/home/tharun/cognipilot/cranium/install/b3rb_simulator:/home/tharun/cognipilot/cranium/install/b3rb_desktop:/home/tharun/cognipilot/cranium/install/b3rb_rviz:/home/tharun/cognipilot/cranium/install/b3rb_nav2:/home/tharun/cognipilot/cranium/install/b3rb_gz_resource:/home/tharun/cognipilot/cranium/install/b3rb_gz_bringup:/home/tharun/cognipilot/cranium/install/b3rb_description:/home/tharun/cognipilot/electrode/install/electrode:/home/tharun/cognipilot/cranium/install/b3rb_ros_line_follower:/opt/ros/humble LD_LIBRARY_PATH=/home/tharun/cognipilot/cranium/install/synapse_msgs/lib:/home/tharun/cognipilot/cranium/install/synapse_tinyframe/lib:/home/tharun/cognipilot/cranium/install/synapse_protobuf/lib:/opt/ros/humble/opt/rviz_ogre_vendor/lib:/opt/ros/humble/lib/x86_64-linux-gnu:/opt/ros/humble/lib /usr/bin/cmake --build /home/tharun/cognipilot/cranium/build/synapse_ros -- -j12 -l12
[0.875s] Level 1:colcon.colcon_core.environment:checking '/home/tharun/cognipilot/cranium/install/synapse_gz' for CMake config files
[0.875s] DEBUG:colcon.colcon_core.event_handler.log_command:Invoked command in '/home/tharun/cognipilot/cranium/build/synapse_gz' returned '0': CMAKE_PREFIX_PATH=/home/tharun/cognipilot/cranium/install/synapse_tinyframe:/home/tharun/cognipilot/cranium/install/synapse_protobuf:/home/tharun/cognipilot/cranium/install/synapse_ros:/home/tharun/cognipilot/cranium/install/synapse_gz:/home/tharun/cognipilot/cranium/install/corti:/home/tharun/cognipilot/cranium/install/synapse_msgs:/home/tharun/cognipilot/cranium/install/dream_world:/home/tharun/cognipilot/cranium/install/cerebri_bringup:/home/tharun/cognipilot/cranium/install/b3rb_simulator:/home/tharun/cognipilot/cranium/install/b3rb_desktop:/home/tharun/cognipilot/cranium/install/b3rb_rviz:/home/tharun/cognipilot/cranium/install/b3rb_nav2:/home/tharun/cognipilot/cranium/install/b3rb_gz_resource:/home/tharun/cognipilot/cranium/install/b3rb_gz_bringup:/home/tharun/cognipilot/cranium/install/b3rb_description:/home/tharun/cognipilot/electrode/install/electrode:/home/tharun/cognipilot/cranium/install/b3rb_ros_line_follower:/opt/ros/humble /usr/bin/cmake --install /home/tharun/cognipilot/cranium/build/synapse_gz
[0.875s] Level 1:colcon.colcon_core.shell:create_environment_hook('synapse_gz', 'cmake_prefix_path')
[0.876s] INFO:colcon.colcon_core.shell:Creating environment hook '/home/tharun/cognipilot/cranium/install/synapse_gz/share/synapse_gz/hook/cmake_prefix_path.ps1'
[0.876s] INFO:colcon.colcon_core.shell:Creating environment descriptor '/home/tharun/cognipilot/cranium/install/synapse_gz/share/synapse_gz/hook/cmake_prefix_path.dsv'
[0.876s] INFO:colcon.colcon_core.shell:Creating environment hook '/home/tharun/cognipilot/cranium/install/synapse_gz/share/synapse_gz/hook/cmake_prefix_path.sh'
[0.876s] Level 1:colcon.colcon_core.environment:checking '/home/tharun/cognipilot/cranium/install/synapse_gz/lib'
[0.876s] Level 1:colcon.colcon_core.environment:checking '/home/tharun/cognipilot/cranium/install/synapse_gz/bin'
[0.876s] Level 1:colcon.colcon_core.environment:checking '/home/tharun/cognipilot/cranium/install/synapse_gz/lib/pkgconfig/synapse_gz.pc'
[0.877s] Level 1:colcon.colcon_core.environment:checking '/home/tharun/cognipilot/cranium/install/synapse_gz/lib/python3.10/site-packages'
[0.877s] Level 1:colcon.colcon_core.environment:checking '/home/tharun/cognipilot/cranium/install/synapse_gz/bin'
[0.877s] INFO:colcon.colcon_core.shell:Creating package script '/home/tharun/cognipilot/cranium/install/synapse_gz/share/synapse_gz/package.ps1'
[0.878s] INFO:colcon.colcon_core.shell:Creating package descriptor '/home/tharun/cognipilot/cranium/install/synapse_gz/share/synapse_gz/package.dsv'
[0.878s] INFO:colcon.colcon_core.shell:Creating package script '/home/tharun/cognipilot/cranium/install/synapse_gz/share/synapse_gz/package.sh'
[0.878s] INFO:colcon.colcon_core.shell:Creating package script '/home/tharun/cognipilot/cranium/install/synapse_gz/share/synapse_gz/package.bash'
[0.878s] INFO:colcon.colcon_core.shell:Creating package script '/home/tharun/cognipilot/cranium/install/synapse_gz/share/synapse_gz/package.zsh'
[0.878s] Level 1:colcon.colcon_core.environment:create_file_with_runtime_dependencies(/home/tharun/cognipilot/cranium/install/synapse_gz/share/colcon-core/packages/synapse_gz)
[0.879s] Level 1:colcon.colcon_core.environment:create_environment_scripts_only(synapse_gz)
[0.879s] Level 1:colcon.colcon_core.environment:checking '/home/tharun/cognipilot/cranium/install/synapse_gz' for CMake module files
[0.879s] Level 1:colcon.colcon_core.environment:checking '/home/tharun/cognipilot/cranium/install/synapse_gz' for CMake config files
[0.879s] Level 1:colcon.colcon_core.shell:create_environment_hook('synapse_gz', 'cmake_prefix_path')
[0.879s] INFO:colcon.colcon_core.shell:Creating environment hook '/home/tharun/cognipilot/cranium/install/synapse_gz/share/synapse_gz/hook/cmake_prefix_path.ps1'
[0.879s] INFO:colcon.colcon_core.shell:Creating environment descriptor '/home/tharun/cognipilot/cranium/install/synapse_gz/share/synapse_gz/hook/cmake_prefix_path.dsv'
[0.880s] INFO:colcon.colcon_core.shell:Creating environment hook '/home/tharun/cognipilot/cranium/install/synapse_gz/share/synapse_gz/hook/cmake_prefix_path.sh'
[0.880s] Level 1:colcon.colcon_core.environment:checking '/home/tharun/cognipilot/cranium/install/synapse_gz/lib'
[0.880s] Level 1:colcon.colcon_core.environment:checking '/home/tharun/cognipilot/cranium/install/synapse_gz/bin'
[0.880s] Level 1:colcon.colcon_core.environment:checking '/home/tharun/cognipilot/cranium/install/synapse_gz/lib/pkgconfig/synapse_gz.pc'
[0.880s] Level 1:colcon.colcon_core.environment:checking '/home/tharun/cognipilot/cranium/install/synapse_gz/lib/python3.10/site-packages'
[0.880s] Level 1:colcon.colcon_core.environment:checking '/home/tharun/cognipilot/cranium/install/synapse_gz/bin'
[0.881s] INFO:colcon.colcon_core.shell:Creating package script '/home/tharun/cognipilot/cranium/install/synapse_gz/share/synapse_gz/package.ps1'
[0.881s] INFO:colcon.colcon_core.shell:Creating package descriptor '/home/tharun/cognipilot/cranium/install/synapse_gz/share/synapse_gz/package.dsv'
[0.881s] INFO:colcon.colcon_core.shell:Creating package script '/home/tharun/cognipilot/cranium/install/synapse_gz/share/synapse_gz/package.sh'
[0.881s] INFO:colcon.colcon_core.shell:Creating package script '/home/tharun/cognipilot/cranium/install/synapse_gz/share/synapse_gz/package.bash'
[0.882s] INFO:colcon.colcon_core.shell:Creating package script '/home/tharun/cognipilot/cranium/install/synapse_gz/share/synapse_gz/package.zsh'
[0.882s] Level 1:colcon.colcon_core.environment:create_file_with_runtime_dependencies(/home/tharun/cognipilot/cranium/install/synapse_gz/share/colcon-core/packages/synapse_gz)
[0.948s] DEBUG:colcon.colcon_core.event_handler.log_command:Invoked command in '/home/tharun/cognipilot/cranium/build/synapse_ros' returned '0': CMAKE_PREFIX_PATH=/home/tharun/cognipilot/cranium/install/synapse_tinyframe:/home/tharun/cognipilot/cranium/install/synapse_protobuf:/home/tharun/cognipilot/cranium/install/synapse_msgs:/home/tharun/cognipilot/cranium/install/synapse_ros:/home/tharun/cognipilot/cranium/install/synapse_gz:/home/tharun/cognipilot/cranium/install/corti:/home/tharun/cognipilot/cranium/install/dream_world:/home/tharun/cognipilot/cranium/install/cerebri_bringup:/home/tharun/cognipilot/cranium/install/b3rb_simulator:/home/tharun/cognipilot/cranium/install/b3rb_desktop:/home/tharun/cognipilot/cranium/install/b3rb_rviz:/home/tharun/cognipilot/cranium/install/b3rb_nav2:/home/tharun/cognipilot/cranium/install/b3rb_gz_resource:/home/tharun/cognipilot/cranium/install/b3rb_gz_bringup:/home/tharun/cognipilot/cranium/install/b3rb_description:/home/tharun/cognipilot/electrode/install/electrode:/home/tharun/cognipilot/cranium/install/b3rb_ros_line_follower:/opt/ros/humble LD_LIBRARY_PATH=/home/tharun/cognipilot/cranium/install/synapse_msgs/lib:/home/tharun/cognipilot/cranium/install/synapse_tinyframe/lib:/home/tharun/cognipilot/cranium/install/synapse_protobuf/lib:/opt/ros/humble/opt/rviz_ogre_vendor/lib:/opt/ros/humble/lib/x86_64-linux-gnu:/opt/ros/humble/lib /usr/bin/cmake --build /home/tharun/cognipilot/cranium/build/synapse_ros -- -j12 -l12
[0.950s] DEBUG:colcon.colcon_core.event_handler.log_command:Invoking command in '/home/tharun/cognipilot/cranium/build/synapse_ros': CMAKE_PREFIX_PATH=/home/tharun/cognipilot/cranium/install/synapse_tinyframe:/home/tharun/cognipilot/cranium/install/synapse_protobuf:/home/tharun/cognipilot/cranium/install/synapse_msgs:/home/tharun/cognipilot/cranium/install/synapse_ros:/home/tharun/cognipilot/cranium/install/synapse_gz:/home/tharun/cognipilot/cranium/install/corti:/home/tharun/cognipilot/cranium/install/dream_world:/home/tharun/cognipilot/cranium/install/cerebri_bringup:/home/tharun/cognipilot/cranium/install/b3rb_simulator:/home/tharun/cognipilot/cranium/install/b3rb_desktop:/home/tharun/cognipilot/cranium/install/b3rb_rviz:/home/tharun/cognipilot/cranium/install/b3rb_nav2:/home/tharun/cognipilot/cranium/install/b3rb_gz_resource:/home/tharun/cognipilot/cranium/install/b3rb_gz_bringup:/home/tharun/cognipilot/cranium/install/b3rb_description:/home/tharun/cognipilot/electrode/install/electrode:/home/tharun/cognipilot/cranium/install/b3rb_ros_line_follower:/opt/ros/humble LD_LIBRARY_PATH=/home/tharun/cognipilot/cranium/install/synapse_msgs/lib:/home/tharun/cognipilot/cranium/install/synapse_tinyframe/lib:/home/tharun/cognipilot/cranium/install/synapse_protobuf/lib:/opt/ros/humble/opt/rviz_ogre_vendor/lib:/opt/ros/humble/lib/x86_64-linux-gnu:/opt/ros/humble/lib /usr/bin/cmake --install /home/tharun/cognipilot/cranium/build/synapse_ros
[0.957s] Level 1:colcon.colcon_core.environment:create_environment_scripts_only(synapse_ros)
[0.957s] DEBUG:colcon.colcon_core.event_handler.log_command:Invoked command in '/home/tharun/cognipilot/cranium/build/synapse_ros' returned '0': CMAKE_PREFIX_PATH=/home/tharun/cognipilot/cranium/install/synapse_tinyframe:/home/tharun/cognipilot/cranium/install/synapse_protobuf:/home/tharun/cognipilot/cranium/install/synapse_msgs:/home/tharun/cognipilot/cranium/install/synapse_ros:/home/tharun/cognipilot/cranium/install/synapse_gz:/home/tharun/cognipilot/cranium/install/corti:/home/tharun/cognipilot/cranium/install/dream_world:/home/tharun/cognipilot/cranium/install/cerebri_bringup:/home/tharun/cognipilot/cranium/install/b3rb_simulator:/home/tharun/cognipilot/cranium/install/b3rb_desktop:/home/tharun/cognipilot/cranium/install/b3rb_rviz:/home/tharun/cognipilot/cranium/install/b3rb_nav2:/home/tharun/cognipilot/cranium/install/b3rb_gz_resource:/home/tharun/cognipilot/cranium/install/b3rb_gz_bringup:/home/tharun/cognipilot/cranium/install/b3rb_description:/home/tharun/cognipilot/electrode/install/electrode:/home/tharun/cognipilot/cranium/install/b3rb_ros_line_follower:/opt/ros/humble LD_LIBRARY_PATH=/home/tharun/cognipilot/cranium/install/synapse_msgs/lib:/home/tharun/cognipilot/cranium/install/synapse_tinyframe/lib:/home/tharun/cognipilot/cranium/install/synapse_protobuf/lib:/opt/ros/humble/opt/rviz_ogre_vendor/lib:/opt/ros/humble/lib/x86_64-linux-gnu:/opt/ros/humble/lib /usr/bin/cmake --install /home/tharun/cognipilot/cranium/build/synapse_ros
[0.958s] Level 1:colcon.colcon_core.environment:checking '/home/tharun/cognipilot/cranium/install/synapse_ros' for CMake module files
[0.959s] Level 1:colcon.colcon_core.environment:checking '/home/tharun/cognipilot/cranium/install/synapse_ros' for CMake config files
[0.959s] Level 1:colcon.colcon_core.shell:create_environment_hook('synapse_ros', 'cmake_prefix_path')
[0.959s] INFO:colcon.colcon_core.shell:Creating environment hook '/home/tharun/cognipilot/cranium/install/synapse_ros/share/synapse_ros/hook/cmake_prefix_path.ps1'
[0.960s] INFO:colcon.colcon_core.shell:Creating environment descriptor '/home/tharun/cognipilot/cranium/install/synapse_ros/share/synapse_ros/hook/cmake_prefix_path.dsv'
[0.960s] INFO:colcon.colcon_core.shell:Creating environment hook '/home/tharun/cognipilot/cranium/install/synapse_ros/share/synapse_ros/hook/cmake_prefix_path.sh'
[0.961s] Level 1:colcon.colcon_core.environment:checking '/home/tharun/cognipilot/cranium/install/synapse_ros/lib'
[0.961s] Level 1:colcon.colcon_core.environment:checking '/home/tharun/cognipilot/cranium/install/synapse_ros/bin'
[0.962s] Level 1:colcon.colcon_core.environment:checking '/home/tharun/cognipilot/cranium/install/synapse_ros/lib/pkgconfig/synapse_ros.pc'
[0.962s] Level 1:colcon.colcon_core.environment:checking '/home/tharun/cognipilot/cranium/install/synapse_ros/lib/python3.10/site-packages'
[0.962s] Level 1:colcon.colcon_core.environment:checking '/home/tharun/cognipilot/cranium/install/synapse_ros/bin'
[0.962s] INFO:colcon.colcon_core.shell:Creating package script '/home/tharun/cognipilot/cranium/install/synapse_ros/share/synapse_ros/package.ps1'
[0.963s] INFO:colcon.colcon_core.shell:Creating package descriptor '/home/tharun/cognipilot/cranium/install/synapse_ros/share/synapse_ros/package.dsv'
[0.963s] INFO:colcon.colcon_core.shell:Creating package script '/home/tharun/cognipilot/cranium/install/synapse_ros/share/synapse_ros/package.sh'
[0.963s] INFO:colcon.colcon_core.shell:Creating package script '/home/tharun/cognipilot/cranium/install/synapse_ros/share/synapse_ros/package.bash'
[0.963s] INFO:colcon.colcon_core.shell:Creating package script '/home/tharun/cognipilot/cranium/install/synapse_ros/share/synapse_ros/package.zsh'
[0.964s] Level 1:colcon.colcon_core.environment:create_file_with_runtime_dependencies(/home/tharun/cognipilot/cranium/install/synapse_ros/share/colcon-core/packages/synapse_ros)
[0.964s] Level 1:colcon.colcon_core.environment:create_environment_scripts_only(synapse_ros)
[0.964s] Level 1:colcon.colcon_core.environment:checking '/home/tharun/cognipilot/cranium/install/synapse_ros' for CMake module files
[0.964s] Level 1:colcon.colcon_core.environment:checking '/home/tharun/cognipilot/cranium/install/synapse_ros' for CMake config files
[0.965s] Level 1:colcon.colcon_core.shell:create_environment_hook('synapse_ros', 'cmake_prefix_path')
[0.965s] INFO:colcon.colcon_core.shell:Creating environment hook '/home/tharun/cognipilot/cranium/install/synapse_ros/share/synapse_ros/hook/cmake_prefix_path.ps1'
[0.965s] INFO:colcon.colcon_core.shell:Creating environment descriptor '/home/tharun/cognipilot/cranium/install/synapse_ros/share/synapse_ros/hook/cmake_prefix_path.dsv'
[0.965s] INFO:colcon.colcon_core.shell:Creating environment hook '/home/tharun/cognipilot/cranium/install/synapse_ros/share/synapse_ros/hook/cmake_prefix_path.sh'
[0.966s] Level 1:colcon.colcon_core.environment:checking '/home/tharun/cognipilot/cranium/install/synapse_ros/lib'
[0.966s] Level 1:colcon.colcon_core.environment:checking '/home/tharun/cognipilot/cranium/install/synapse_ros/bin'
[0.966s] Level 1:colcon.colcon_core.environment:checking '/home/tharun/cognipilot/cranium/install/synapse_ros/lib/pkgconfig/synapse_ros.pc'
[0.966s] Level 1:colcon.colcon_core.environment:checking '/home/tharun/cognipilot/cranium/install/synapse_ros/lib/python3.10/site-packages'
[0.966s] Level 1:colcon.colcon_core.environment:checking '/home/tharun/cognipilot/cranium/install/synapse_ros/bin'
[0.966s] INFO:colcon.colcon_core.shell:Creating package script '/home/tharun/cognipilot/cranium/install/synapse_ros/share/synapse_ros/package.ps1'
[0.967s] INFO:colcon.colcon_core.shell:Creating package descriptor '/home/tharun/cognipilot/cranium/install/synapse_ros/share/synapse_ros/package.dsv'
[0.967s] INFO:colcon.colcon_core.shell:Creating package script '/home/tharun/cognipilot/cranium/install/synapse_ros/share/synapse_ros/package.sh'
[0.967s] INFO:colcon.colcon_core.shell:Creating package script '/home/tharun/cognipilot/cranium/install/synapse_ros/share/synapse_ros/package.bash'
[0.967s] INFO:colcon.colcon_core.shell:Creating package script '/home/tharun/cognipilot/cranium/install/synapse_ros/share/synapse_ros/package.zsh'
[0.968s] Level 1:colcon.colcon_core.environment:create_file_with_runtime_dependencies(/home/tharun/cognipilot/cranium/install/synapse_ros/share/colcon-core/packages/synapse_ros)
[1.129s] DEBUG:colcon.colcon_core.task.python.build:Available setuptools commands: bdist_rpm, symlink_data, alias, test, sdist, bdist_dumb, check, bdist, upload, install_data, install_egg_info, update_catalog, install_scripts, setopt, bdist_wheel, build_ext, register, build, build_py, dist_info, install_lib, init_catalog, develop, install_headers, saveopts, egg_info, compile_catalog, clean, install, upload_docs, extract_messages, easy_install, rotate, bdist_egg, build_clib, build_scripts
[1.131s] DEBUG:colcon.colcon_core.event_handler.log_command:Invoking command in '/home/tharun/cognipilot/cranium/src/b3rb_ros_line_follower/b3rb_ros_line_follower': CMAKE_PREFIX_PATH=/home/tharun/cognipilot/cranium/install/synapse_msgs:/home/tharun/cognipilot/cranium/install/synapse_ros:/home/tharun/cognipilot/cranium/install/synapse_gz:/home/tharun/cognipilot/cranium/install/synapse_tinyframe:/home/tharun/cognipilot/cranium/install/synapse_protobuf:/home/tharun/cognipilot/cranium/install/corti:/home/tharun/cognipilot/cranium/install/dream_world:/home/tharun/cognipilot/cranium/install/cerebri_bringup:/home/tharun/cognipilot/cranium/install/b3rb_simulator:/home/tharun/cognipilot/cranium/install/b3rb_desktop:/home/tharun/cognipilot/cranium/install/b3rb_rviz:/home/tharun/cognipilot/cranium/install/b3rb_nav2:/home/tharun/cognipilot/cranium/install/b3rb_gz_resource:/home/tharun/cognipilot/cranium/install/b3rb_gz_bringup:/home/tharun/cognipilot/cranium/install/b3rb_description:/home/tharun/cognipilot/electrode/install/electrode LD_LIBRARY_PATH=/home/tharun/cognipilot/cranium/install/synapse_msgs/lib:/home/tharun/cognipilot/cranium/install/synapse_tinyframe/lib:/home/tharun/cognipilot/cranium/install/synapse_protobuf/lib:/opt/ros/humble/opt/rviz_ogre_vendor/lib:/opt/ros/humble/lib/x86_64-linux-gnu:/opt/ros/humble/lib PYTHONPATH=/home/tharun/cognipilot/cranium/build/b3rb_ros_line_follower/prefix_override:/usr/lib/python3/dist-packages/colcon_core/task/python/colcon_distutils_commands:/home/tharun/cognipilot/cranium/install/b3rb_ros_line_follower/lib/python3.10/site-packages:${PYTHONPATH} /usr/bin/python3 -W ignore:setup.py install is deprecated -W ignore:easy_install command is deprecated setup.py egg_info --egg-base ../../../build/b3rb_ros_line_follower build --build-base /home/tharun/cognipilot/cranium/build/b3rb_ros_line_follower/build install --record /home/tharun/cognipilot/cranium/build/b3rb_ros_line_follower/install.log --install-scripts $base/lib/b3rb_ros_line_follower --single-version-externally-managed install_data
[1.132s] DEBUG:colcon.colcon_core.event_handler.log_command:Invoked command in '/home/tharun/cognipilot/cranium/build/corti' returned '0': CMAKE_PREFIX_PATH=/home/tharun/cognipilot/cranium/install/synapse_msgs:/home/tharun/cognipilot/cranium/install/synapse_ros:/home/tharun/cognipilot/cranium/install/synapse_gz:/home/tharun/cognipilot/cranium/install/synapse_tinyframe:/home/tharun/cognipilot/cranium/install/synapse_protobuf:/home/tharun/cognipilot/cranium/install/corti:/home/tharun/cognipilot/cranium/install/dream_world:/home/tharun/cognipilot/cranium/install/cerebri_bringup:/home/tharun/cognipilot/cranium/install/b3rb_simulator:/home/tharun/cognipilot/cranium/install/b3rb_desktop:/home/tharun/cognipilot/cranium/install/b3rb_rviz:/home/tharun/cognipilot/cranium/install/b3rb_nav2:/home/tharun/cognipilot/cranium/install/b3rb_gz_resource:/home/tharun/cognipilot/cranium/install/b3rb_gz_bringup:/home/tharun/cognipilot/cranium/install/b3rb_description:/home/tharun/cognipilot/electrode/install/electrode:/home/tharun/cognipilot/cranium/install/b3rb_ros_line_follower:/opt/ros/humble LD_LIBRARY_PATH=/home/tharun/cognipilot/cranium/install/synapse_msgs/lib:/home/tharun/cognipilot/cranium/install/synapse_tinyframe/lib:/home/tharun/cognipilot/cranium/install/synapse_protobuf/lib:/opt/ros/humble/opt/rviz_ogre_vendor/lib:/opt/ros/humble/lib/x86_64-linux-gnu:/opt/ros/humble/lib /usr/bin/cmake --build /home/tharun/cognipilot/cranium/build/corti -- -j12 -l12
[1.134s] DEBUG:colcon.colcon_core.event_handler.log_command:Invoking command in '/home/tharun/cognipilot/cranium/build/corti': CMAKE_PREFIX_PATH=/home/tharun/cognipilot/cranium/install/synapse_msgs:/home/tharun/cognipilot/cranium/install/synapse_ros:/home/tharun/cognipilot/cranium/install/synapse_gz:/home/tharun/cognipilot/cranium/install/synapse_tinyframe:/home/tharun/cognipilot/cranium/install/synapse_protobuf:/home/tharun/cognipilot/cranium/install/corti:/home/tharun/cognipilot/cranium/install/dream_world:/home/tharun/cognipilot/cranium/install/cerebri_bringup:/home/tharun/cognipilot/cranium/install/b3rb_simulator:/home/tharun/cognipilot/cranium/install/b3rb_desktop:/home/tharun/cognipilot/cranium/install/b3rb_rviz:/home/tharun/cognipilot/cranium/install/b3rb_nav2:/home/tharun/cognipilot/cranium/install/b3rb_gz_resource:/home/tharun/cognipilot/cranium/install/b3rb_gz_bringup:/home/tharun/cognipilot/cranium/install/b3rb_description:/home/tharun/cognipilot/electrode/install/electrode:/home/tharun/cognipilot/cranium/install/b3rb_ros_line_follower:/opt/ros/humble LD_LIBRARY_PATH=/home/tharun/cognipilot/cranium/install/synapse_msgs/lib:/home/tharun/cognipilot/cranium/install/synapse_tinyframe/lib:/home/tharun/cognipilot/cranium/install/synapse_protobuf/lib:/opt/ros/humble/opt/rviz_ogre_vendor/lib:/opt/ros/humble/lib/x86_64-linux-gnu:/opt/ros/humble/lib /usr/bin/cmake --install /home/tharun/cognipilot/cranium/build/corti
[1.170s] Level 1:colcon.colcon_core.environment:create_environment_scripts_only(corti)
[1.171s] Level 1:colcon.colcon_core.environment:checking '/home/tharun/cognipilot/cranium/install/corti' for CMake module files
[1.171s] DEBUG:colcon.colcon_core.event_handler.log_command:Invoked command in '/home/tharun/cognipilot/cranium/build/corti' returned '0': CMAKE_PREFIX_PATH=/home/tharun/cognipilot/cranium/install/synapse_msgs:/home/tharun/cognipilot/cranium/install/synapse_ros:/home/tharun/cognipilot/cranium/install/synapse_gz:/home/tharun/cognipilot/cranium/install/synapse_tinyframe:/home/tharun/cognipilot/cranium/install/synapse_protobuf:/home/tharun/cognipilot/cranium/install/corti:/home/tharun/cognipilot/cranium/install/dream_world:/home/tharun/cognipilot/cranium/install/cerebri_bringup:/home/tharun/cognipilot/cranium/install/b3rb_simulator:/home/tharun/cognipilot/cranium/install/b3rb_desktop:/home/tharun/cognipilot/cranium/install/b3rb_rviz:/home/tharun/cognipilot/cranium/install/b3rb_nav2:/home/tharun/cognipilot/cranium/install/b3rb_gz_resource:/home/tharun/cognipilot/cranium/install/b3rb_gz_bringup:/home/tharun/cognipilot/cranium/install/b3rb_description:/home/tharun/cognipilot/electrode/install/electrode:/home/tharun/cognipilot/cranium/install/b3rb_ros_line_follower:/opt/ros/humble LD_LIBRARY_PATH=/home/tharun/cognipilot/cranium/install/synapse_msgs/lib:/home/tharun/cognipilot/cranium/install/synapse_tinyframe/lib:/home/tharun/cognipilot/cranium/install/synapse_protobuf/lib:/opt/ros/humble/opt/rviz_ogre_vendor/lib:/opt/ros/humble/lib/x86_64-linux-gnu:/opt/ros/humble/lib /usr/bin/cmake --install /home/tharun/cognipilot/cranium/build/corti
[1.172s] Level 1:colcon.colcon_core.environment:checking '/home/tharun/cognipilot/cranium/install/corti' for CMake config files
[1.172s] Level 1:colcon.colcon_core.shell:create_environment_hook('corti', 'cmake_prefix_path')
[1.173s] INFO:colcon.colcon_core.shell:Creating environment hook '/home/tharun/cognipilot/cranium/install/corti/share/corti/hook/cmake_prefix_path.ps1'
[1.173s] INFO:colcon.colcon_core.shell:Creating environment descriptor '/home/tharun/cognipilot/cranium/install/corti/share/corti/hook/cmake_prefix_path.dsv'
[1.174s] INFO:colcon.colcon_core.shell:Creating environment hook '/home/tharun/cognipilot/cranium/install/corti/share/corti/hook/cmake_prefix_path.sh'
[1.174s] Level 1:colcon.colcon_core.environment:checking '/home/tharun/cognipilot/cranium/install/corti/lib'
[1.174s] Level 1:colcon.colcon_core.environment:checking '/home/tharun/cognipilot/cranium/install/corti/bin'
[1.174s] Level 1:colcon.colcon_core.environment:checking '/home/tharun/cognipilot/cranium/install/corti/lib/pkgconfig/corti.pc'
[1.175s] Level 1:colcon.colcon_core.environment:checking '/home/tharun/cognipilot/cranium/install/corti/lib/python3.10/site-packages'
[1.175s] Level 1:colcon.colcon_core.environment:checking '/home/tharun/cognipilot/cranium/install/corti/bin'
[1.176s] INFO:colcon.colcon_core.shell:Creating package script '/home/tharun/cognipilot/cranium/install/corti/share/corti/package.ps1'
[1.176s] INFO:colcon.colcon_core.shell:Creating package descriptor '/home/tharun/cognipilot/cranium/install/corti/share/corti/package.dsv'
[1.177s] INFO:colcon.colcon_core.shell:Creating package script '/home/tharun/cognipilot/cranium/install/corti/share/corti/package.sh'
[1.177s] INFO:colcon.colcon_core.shell:Creating package script '/home/tharun/cognipilot/cranium/install/corti/share/corti/package.bash'
[1.177s] INFO:colcon.colcon_core.shell:Creating package script '/home/tharun/cognipilot/cranium/install/corti/share/corti/package.zsh'
[1.177s] Level 1:colcon.colcon_core.environment:create_file_with_runtime_dependencies(/home/tharun/cognipilot/cranium/install/corti/share/colcon-core/packages/corti)
[1.178s] Level 1:colcon.colcon_core.environment:create_environment_scripts_only(corti)
[1.178s] Level 1:colcon.colcon_core.environment:checking '/home/tharun/cognipilot/cranium/install/corti' for CMake module files
[1.178s] Level 1:colcon.colcon_core.environment:checking '/home/tharun/cognipilot/cranium/install/corti' for CMake config files
[1.179s] Level 1:colcon.colcon_core.shell:create_environment_hook('corti', 'cmake_prefix_path')
[1.179s] INFO:colcon.colcon_core.shell:Creating environment hook '/home/tharun/cognipilot/cranium/install/corti/share/corti/hook/cmake_prefix_path.ps1'
[1.179s] INFO:colcon.colcon_core.shell:Creating environment descriptor '/home/tharun/cognipilot/cranium/install/corti/share/corti/hook/cmake_prefix_path.dsv'
[1.179s] INFO:colcon.colcon_core.shell:Creating environment hook '/home/tharun/cognipilot/cranium/install/corti/share/corti/hook/cmake_prefix_path.sh'
[1.179s] Level 1:colcon.colcon_core.environment:checking '/home/tharun/cognipilot/cranium/install/corti/lib'
[1.179s] Level 1:colcon.colcon_core.environment:checking '/home/tharun/cognipilot/cranium/install/corti/bin'
[1.179s] Level 1:colcon.colcon_core.environment:checking '/home/tharun/cognipilot/cranium/install/corti/lib/pkgconfig/corti.pc'
[1.180s] Level 1:colcon.colcon_core.environment:checking '/home/tharun/cognipilot/cranium/install/corti/lib/python3.10/site-packages'
[1.180s] Level 1:colcon.colcon_core.environment:checking '/home/tharun/cognipilot/cranium/install/corti/bin'
[1.180s] INFO:colcon.colcon_core.shell:Creating package script '/home/tharun/cognipilot/cranium/install/corti/share/corti/package.ps1'
[1.180s] INFO:colcon.colcon_core.shell:Creating package descriptor '/home/tharun/cognipilot/cranium/install/corti/share/corti/package.dsv'
[1.181s] INFO:colcon.colcon_core.shell:Creating package script '/home/tharun/cognipilot/cranium/install/corti/share/corti/package.sh'
[1.181s] INFO:colcon.colcon_core.shell:Creating package script '/home/tharun/cognipilot/cranium/install/corti/share/corti/package.bash'
[1.181s] INFO:colcon.colcon_core.shell:Creating package script '/home/tharun/cognipilot/cranium/install/corti/share/corti/package.zsh'
[1.181s] Level 1:colcon.colcon_core.environment:create_file_with_runtime_dependencies(/home/tharun/cognipilot/cranium/install/corti/share/colcon-core/packages/corti)
[1.315s] Level 1:colcon.colcon_core.environment:checking '/home/tharun/cognipilot/cranium/install/b3rb_ros_line_follower' for CMake module files
[1.315s] DEBUG:colcon.colcon_core.event_handler.log_command:Invoked command in '/home/tharun/cognipilot/cranium/src/b3rb_ros_line_follower/b3rb_ros_line_follower' returned '0': CMAKE_PREFIX_PATH=/home/tharun/cognipilot/cranium/install/synapse_msgs:/home/tharun/cognipilot/cranium/install/synapse_ros:/home/tharun/cognipilot/cranium/install/synapse_gz:/home/tharun/cognipilot/cranium/install/synapse_tinyframe:/home/tharun/cognipilot/cranium/install/synapse_protobuf:/home/tharun/cognipilot/cranium/install/corti:/home/tharun/cognipilot/cranium/install/dream_world:/home/tharun/cognipilot/cranium/install/cerebri_bringup:/home/tharun/cognipilot/cranium/install/b3rb_simulator:/home/tharun/cognipilot/cranium/install/b3rb_desktop:/home/tharun/cognipilot/cranium/install/b3rb_rviz:/home/tharun/cognipilot/cranium/install/b3rb_nav2:/home/tharun/cognipilot/cranium/install/b3rb_gz_resource:/home/tharun/cognipilot/cranium/install/b3rb_gz_bringup:/home/tharun/cognipilot/cranium/install/b3rb_description:/home/tharun/cognipilot/electrode/install/electrode LD_LIBRARY_PATH=/home/tharun/cognipilot/cranium/install/synapse_msgs/lib:/home/tharun/cognipilot/cranium/install/synapse_tinyframe/lib:/home/tharun/cognipilot/cranium/install/synapse_protobuf/lib:/opt/ros/humble/opt/rviz_ogre_vendor/lib:/opt/ros/humble/lib/x86_64-linux-gnu:/opt/ros/humble/lib PYTHONPATH=/home/tharun/cognipilot/cranium/build/b3rb_ros_line_follower/prefix_override:/usr/lib/python3/dist-packages/colcon_core/task/python/colcon_distutils_commands:/home/tharun/cognipilot/cranium/install/b3rb_ros_line_follower/lib/python3.10/site-packages:${PYTHONPATH} /usr/bin/python3 -W ignore:setup.py install is deprecated -W ignore:easy_install command is deprecated setup.py egg_info --egg-base ../../../build/b3rb_ros_line_follower build --build-base /home/tharun/cognipilot/cranium/build/b3rb_ros_line_follower/build install --record /home/tharun/cognipilot/cranium/build/b3rb_ros_line_follower/install.log --install-scripts $base/lib/b3rb_ros_line_follower --single-version-externally-managed install_data
[1.316s] Level 1:colcon.colcon_core.environment:checking '/home/tharun/cognipilot/cranium/install/b3rb_ros_line_follower' for CMake config files
[1.316s] Level 1:colcon.colcon_core.environment:checking '/home/tharun/cognipilot/cranium/install/b3rb_ros_line_follower/lib'
[1.316s] Level 1:colcon.colcon_core.environment:checking '/home/tharun/cognipilot/cranium/install/b3rb_ros_line_follower/bin'
[1.316s] Level 1:colcon.colcon_core.environment:checking '/home/tharun/cognipilot/cranium/install/b3rb_ros_line_follower/lib/pkgconfig/b3rb_ros_line_follower.pc'
[1.316s] Level 1:colcon.colcon_core.environment:checking '/home/tharun/cognipilot/cranium/install/b3rb_ros_line_follower/lib/python3.10/site-packages'
[1.316s] Level 1:colcon.colcon_core.shell:create_environment_hook('b3rb_ros_line_follower', 'pythonpath')
[1.316s] INFO:colcon.colcon_core.shell:Creating environment hook '/home/tharun/cognipilot/cranium/install/b3rb_ros_line_follower/share/b3rb_ros_line_follower/hook/pythonpath.ps1'
[1.317s] INFO:colcon.colcon_core.shell:Creating environment descriptor '/home/tharun/cognipilot/cranium/install/b3rb_ros_line_follower/share/b3rb_ros_line_follower/hook/pythonpath.dsv'
[1.317s] INFO:colcon.colcon_core.shell:Creating environment hook '/home/tharun/cognipilot/cranium/install/b3rb_ros_line_follower/share/b3rb_ros_line_follower/hook/pythonpath.sh'
[1.317s] Level 1:colcon.colcon_core.environment:checking '/home/tharun/cognipilot/cranium/install/b3rb_ros_line_follower/bin'
[1.317s] Level 1:colcon.colcon_core.environment:create_environment_scripts_only(b3rb_ros_line_follower)
[1.318s] INFO:colcon.colcon_core.shell:Creating package script '/home/tharun/cognipilot/cranium/install/b3rb_ros_line_follower/share/b3rb_ros_line_follower/package.ps1'
[1.318s] INFO:colcon.colcon_core.shell:Creating package descriptor '/home/tharun/cognipilot/cranium/install/b3rb_ros_line_follower/share/b3rb_ros_line_follower/package.dsv'
[1.318s] INFO:colcon.colcon_core.shell:Creating package script '/home/tharun/cognipilot/cranium/install/b3rb_ros_line_follower/share/b3rb_ros_line_follower/package.sh'
[1.319s] INFO:colcon.colcon_core.shell:Creating package script '/home/tharun/cognipilot/cranium/install/b3rb_ros_line_follower/share/b3rb_ros_line_follower/package.bash'
[1.319s] INFO:colcon.colcon_core.shell:Creating package script '/home/tharun/cognipilot/cranium/install/b3rb_ros_line_follower/share/b3rb_ros_line_follower/package.zsh'
[1.319s] Level 1:colcon.colcon_core.environment:create_file_with_runtime_dependencies(/home/tharun/cognipilot/cranium/install/b3rb_ros_line_follower/share/colcon-core/packages/b3rb_ros_line_follower)
[1.319s] DEBUG:colcon.colcon_parallel_executor.executor.parallel:closing loop
[1.319s] DEBUG:colcon.colcon_parallel_executor.executor.parallel:loop closed
[1.319s] DEBUG:colcon.colcon_parallel_executor.executor.parallel:run_until_complete finished with '0'
[1.319s] DEBUG:colcon.colcon_core.event_reactor:joining thread
[1.325s] INFO:colcon.colcon_core.plugin_system:Skipping extension 'colcon_notification.desktop_notification.terminal_notifier': Not used on non-Darwin systems
[1.325s] INFO:colcon.colcon_core.plugin_system:Skipping extension 'colcon_notification.desktop_notification.win32': Not used on non-Windows systems
[1.325s] INFO:colcon.colcon_notification.desktop_notification:Sending desktop notification using 'notify2'
[1.335s] DEBUG:colcon.colcon_core.event_reactor:joined thread
[1.336s] INFO:colcon.colcon_core.shell:Creating prefix script '/home/tharun/cognipilot/cranium/install/local_setup.ps1'
[1.337s] INFO:colcon.colcon_core.shell:Creating prefix util module '/home/tharun/cognipilot/cranium/install/_local_setup_util_ps1.py'
[1.338s] INFO:colcon.colcon_core.shell:Creating prefix chain script '/home/tharun/cognipilot/cranium/install/setup.ps1'
[1.339s] INFO:colcon.colcon_core.shell:Creating prefix script '/home/tharun/cognipilot/cranium/install/local_setup.sh'
[1.340s] INFO:colcon.colcon_core.shell:Creating prefix util module '/home/tharun/cognipilot/cranium/install/_local_setup_util_sh.py'
[1.340s] INFO:colcon.colcon_core.shell:Creating prefix chain script '/home/tharun/cognipilot/cranium/install/setup.sh'
[1.342s] INFO:colcon.colcon_core.shell:Creating prefix script '/home/tharun/cognipilot/cranium/install/local_setup.bash'
[1.342s] INFO:colcon.colcon_core.shell:Creating prefix chain script '/home/tharun/cognipilot/cranium/install/setup.bash'
[1.343s] INFO:colcon.colcon_core.shell:Creating prefix script '/home/tharun/cognipilot/cranium/install/local_setup.zsh'
[1.343s] INFO:colcon.colcon_core.shell:Creating prefix chain script '/home/tharun/cognipilot/cranium/install/setup.zsh'
