[0.238s] [34mcolcon[0m [1;30mDEBUG[0m [32mCommand line arguments: ['/usr/bin/colcon', 'build'][0m
[0.239s] [34mcolcon[0m [1;30mDEBUG[0m [32mParsed command line arguments: Namespace(log_base=None, log_level=None, verb_name='build', build_base='build', install_base='install', merge_install=False, symlink_install=False, test_result_base=None, continue_on_error=False, executor='parallel', parallel_workers=12, event_handlers=None, ignore_user_meta=False, metas=['./colcon.meta'], base_paths=['.'], packages_ignore=None, packages_ignore_regex=None, paths=None, packages_up_to=None, packages_up_to_regex=None, packages_above=None, packages_above_and_dependencies=None, packages_above_depth=None, packages_select_by_dep=None, packages_skip_by_dep=None, packages_skip_up_to=None, packages_select_build_failed=False, packages_skip_build_finished=False, packages_select_test_failures=False, packages_skip_test_passed=False, packages_select=None, packages_skip=None, packages_select_regex=None, packages_skip_regex=None, packages_start=None, packages_end=None, cmake_args=None, cmake_target=None, cmake_target_skip_unavailable=False, cmake_clean_cache=False, cmake_clean_first=False, cmake_force_configure=False, ament_cmake_args=None, catkin_cmake_args=None, catkin_skip_building_tests=False, verb_parser=<colcon_defaults.argument_parser.defaults.DefaultArgumentsDecorator object at 0x79da5d812bc0>, verb_extension=<colcon_core.verb.build.BuildVerb object at 0x79da5d9582e0>, main=<bound method BuildVerb.main of <colcon_core.verb.build.BuildVerb object at 0x79da5d9582e0>>)[0m
[0.416s] [34mcolcon.colcon_core.package_discovery[0m [1;30mLevel 1[0m discover_packages(colcon_meta) check parameters
[0.416s] [34mcolcon.colcon_core.package_discovery[0m [1;30mLevel 1[0m discover_packages(recursive) check parameters
[0.416s] [34mcolcon.colcon_core.package_discovery[0m [1;30mLevel 1[0m discover_packages(ignore) check parameters
[0.416s] [34mcolcon.colcon_core.package_discovery[0m [1;30mLevel 1[0m discover_packages(path) check parameters
[0.416s] [34mcolcon.colcon_core.package_discovery[0m [1;30mLevel 1[0m discover_packages(colcon_meta) discover
[0.416s] [34mcolcon.colcon_core.package_discovery[0m [1;30mLevel 1[0m discover_packages(recursive) discover
[0.416s] [34mcolcon.colcon_core.package_discovery[0m [1;30mINFO[0m Crawling recursively for packages in '/home/tharun/cognipilot/cranium'
[0.416s] [34mcolcon.colcon_core.package_identification[0m [1;30mLevel 1[0m _identify(.) by extensions ['ignore', 'ignore_ament_install']
[0.416s] [34mcolcon.colcon_core.package_identification[0m [1;30mLevel 1[0m _identify(.) by extension 'ignore'
[0.416s] [34mcolcon.colcon_core.package_identification[0m [1;30mLevel 1[0m _identify(.) by extension 'ignore_ament_install'
[0.416s] [34mcolcon.colcon_core.package_identification[0m [1;30mLevel 1[0m _identify(.) by extensions ['colcon_pkg']
[0.416s] [34mcolcon.colcon_core.package_identification[0m [1;30mLevel 1[0m _identify(.) by extension 'colcon_pkg'
[0.416s] [34mcolcon.colcon_core.package_identification[0m [1;30mLevel 1[0m _identify(.) by extensions ['colcon_meta']
[0.416s] [34mcolcon.colcon_core.package_identification[0m [1;30mLevel 1[0m _identify(.) by extension 'colcon_meta'
[0.416s] [34mcolcon.colcon_core.package_identification[0m [1;30mLevel 1[0m _identify(.) by extensions ['ros']
[0.416s] [34mcolcon.colcon_core.package_identification[0m [1;30mLevel 1[0m _identify(.) by extension 'ros'
[0.424s] [34mcolcon.colcon_core.package_identification[0m [1;30mLevel 1[0m _identify(.) by extensions ['cmake', 'python']
[0.424s] [34mcolcon.colcon_core.package_identification[0m [1;30mLevel 1[0m _identify(.) by extension 'cmake'
[0.424s] [34mcolcon.colcon_core.package_identification[0m [1;30mLevel 1[0m _identify(.) by extension 'python'
[0.425s] [34mcolcon.colcon_core.package_identification[0m [1;30mLevel 1[0m _identify(.) by extensions ['python_setup_py']
[0.425s] [34mcolcon.colcon_core.package_identification[0m [1;30mLevel 1[0m _identify(.) by extension 'python_setup_py'
[0.425s] [34mcolcon.colcon_core.package_identification[0m [1;30mLevel 1[0m _identify(NXP_CUP_INDIA_2026) by extensions ['ignore', 'ignore_ament_install']
[0.425s] [34mcolcon.colcon_core.package_identification[0m [1;30mLevel 1[0m _identify(NXP_CUP_INDIA_2026) by extension 'ignore'
[0.425s] [34mcolcon.colcon_core.package_identification[0m [1;30mLevel 1[0m _identify(NXP_CUP_INDIA_2026) by extension 'ignore_ament_install'
[0.425s] [34mcolcon.colcon_core.package_identification[0m [1;30mLevel 1[0m _identify(NXP_CUP_INDIA_2026) by extensions ['colcon_pkg']
[0.425s] [34mcolcon.colcon_core.package_identification[0m [1;30mLevel 1[0m _identify(NXP_CUP_INDIA_2026) by extension 'colcon_pkg'
[0.425s] [34mcolcon.colcon_core.package_identification[0m [1;30mLevel 1[0m _identify(NXP_CUP_INDIA_2026) by extensions ['colcon_meta']
[0.425s] [34mcolcon.colcon_core.package_identification[0m [1;30mLevel 1[0m _identify(NXP_CUP_INDIA_2026) by extension 'colcon_meta'
[0.425s] [34mcolcon.colcon_core.package_identification[0m [1;30mLevel 1[0m _identify(NXP_CUP_INDIA_2026) by extensions ['ros']
[0.425s] [34mcolcon.colcon_core.package_identification[0m [1;30mLevel 1[0m _identify(NXP_CUP_INDIA_2026) by extension 'ros'
[0.425s] [34mcolcon.colcon_core.package_identification[0m [1;30mLevel 1[0m _identify(NXP_CUP_INDIA_2026) by extensions ['cmake', 'python']
[0.425s] [34mcolcon.colcon_core.package_identification[0m [1;30mLevel 1[0m _identify(NXP_CUP_INDIA_2026) by extension 'cmake'
[0.425s] [34mcolcon.colcon_core.package_identification[0m [1;30mLevel 1[0m _identify(NXP_CUP_INDIA_2026) by extension 'python'
[0.425s] [34mcolcon.colcon_core.package_identification[0m [1;30mLevel 1[0m _identify(NXP_CUP_INDIA_2026) by extensions ['python_setup_py']
[0.425s] [34mcolcon.colcon_core.package_identification[0m [1;30mLevel 1[0m _identify(NXP_CUP_INDIA_2026) by extension 'python_setup_py'
[0.425s] [34mcolcon.colcon_core.package_identification[0m [1;30mLevel 1[0m _identify(build) by extensions ['ignore', 'ignore_ament_install']
[0.425s] [34mcolcon.colcon_core.package_identification[0m [1;30mLevel 1[0m _identify(build) by extension 'ignore'
[0.425s] [34mcolcon.colcon_core.package_identification[0m [1;30mLevel 1[0m _identify(build) ignored
[0.425s] [34mcolcon.colcon_core.package_identification[0m [1;30mLevel 1[0m _identify(created_model_NXPCUP_2026.v2-v1_yolov8) by extensions ['ignore', 'ignore_ament_install']
[0.425s] [34mcolcon.colcon_core.package_identification[0m [1;30mLevel 1[0m _identify(created_model_NXPCUP_2026.v2-v1_yolov8) by extension 'ignore'
[0.426s] [34mcolcon.colcon_core.package_identification[0m [1;30mLevel 1[0m _identify(created_model_NXPCUP_2026.v2-v1_yolov8) by extension 'ignore_ament_install'
[0.426s] [34mcolcon.colcon_core.package_identification[0m [1;30mLevel 1[0m _identify(created_model_NXPCUP_2026.v2-v1_yolov8) by extensions ['colcon_pkg']
[0.426s] [34mcolcon.colcon_core.package_identification[0m [1;30mLevel 1[0m _identify(created_model_NXPCUP_2026.v2-v1_yolov8) by extension 'colcon_pkg'
[0.426s] [34mcolcon.colcon_core.package_identification[0m [1;30mLevel 1[0m _identify(created_model_NXPCUP_2026.v2-v1_yolov8) by extensions ['colcon_meta']
[0.426s] [34mcolcon.colcon_core.package_identification[0m [1;30mLevel 1[0m _identify(created_model_NXPCUP_2026.v2-v1_yolov8) by extension 'colcon_meta'
[0.426s] [34mcolcon.colcon_core.package_identification[0m [1;30mLevel 1[0m _identify(created_model_NXPCUP_2026.v2-v1_yolov8) by extensions ['ros']
[0.426s] [34mcolcon.colcon_core.package_identification[0m [1;30mLevel 1[0m _identify(created_model_NXPCUP_2026.v2-v1_yolov8) by extension 'ros'
[0.426s] [34mcolcon.colcon_core.package_identification[0m [1;30mLevel 1[0m _identify(created_model_NXPCUP_2026.v2-v1_yolov8) by extensions ['cmake', 'python']
[0.426s] [34mcolcon.colcon_core.package_identification[0m [1;30mLevel 1[0m _identify(created_model_NXPCUP_2026.v2-v1_yolov8) by extension 'cmake'
[0.426s] [34mcolcon.colcon_core.package_identification[0m [1;30mLevel 1[0m _identify(created_model_NXPCUP_2026.v2-v1_yolov8) by extension 'python'
[0.426s] [34mcolcon.colcon_core.package_identification[0m [1;30mLevel 1[0m _identify(created_model_NXPCUP_2026.v2-v1_yolov8) by extensions ['python_setup_py']
[0.426s] [34mcolcon.colcon_core.package_identification[0m [1;30mLevel 1[0m _identify(created_model_NXPCUP_2026.v2-v1_yolov8) by extension 'python_setup_py'
[0.426s] [34mcolcon.colcon_core.package_identification[0m [1;30mLevel 1[0m _identify(created_model_NXPCUP_2026.v2-v1_yolov8/content) by extensions ['ignore', 'ignore_ament_install']
[0.426s] [34mcolcon.colcon_core.package_identification[0m [1;30mLevel 1[0m _identify(created_model_NXPCUP_2026.v2-v1_yolov8/content) by extension 'ignore'
[0.426s] [34mcolcon.colcon_core.package_identification[0m [1;30mLevel 1[0m _identify(created_model_NXPCUP_2026.v2-v1_yolov8/content) by extension 'ignore_ament_install'
[0.426s] [34mcolcon.colcon_core.package_identification[0m [1;30mLevel 1[0m _identify(created_model_NXPCUP_2026.v2-v1_yolov8/content) by extensions ['colcon_pkg']
[0.426s] [34mcolcon.colcon_core.package_identification[0m [1;30mLevel 1[0m _identify(created_model_NXPCUP_2026.v2-v1_yolov8/content) by extension 'colcon_pkg'
[0.426s] [34mcolcon.colcon_core.package_identification[0m [1;30mLevel 1[0m _identify(created_model_NXPCUP_2026.v2-v1_yolov8/content) by extensions ['colcon_meta']
[0.426s] [34mcolcon.colcon_core.package_identification[0m [1;30mLevel 1[0m _identify(created_model_NXPCUP_2026.v2-v1_yolov8/content) by extension 'colcon_meta'
[0.426s] [34mcolcon.colcon_core.package_identification[0m [1;30mLevel 1[0m _identify(created_model_NXPCUP_2026.v2-v1_yolov8/content) by extensions ['ros']
[0.426s] [34mcolcon.colcon_core.package_identification[0m [1;30mLevel 1[0m _identify(created_model_NXPCUP_2026.v2-v1_yolov8/content) by extension 'ros'
[0.426s] [34mcolcon.colcon_core.package_identification[0m [1;30mLevel 1[0m _identify(created_model_NXPCUP_2026.v2-v1_yolov8/content) by extensions ['cmake', 'python']
[0.426s] [34mcolcon.colcon_core.package_identification[0m [1;30mLevel 1[0m _identify(created_model_NXPCUP_2026.v2-v1_yolov8/content) by extension 'cmake'
[0.426s] [34mcolcon.colcon_core.package_identification[0m [1;30mLevel 1[0m _identify(created_model_NXPCUP_2026.v2-v1_yolov8/content) by extension 'python'
[0.426s] [34mcolcon.colcon_core.package_identification[0m [1;30mLevel 1[0m _identify(created_model_NXPCUP_2026.v2-v1_yolov8/content) by extensions ['python_setup_py']
[0.426s] [34mcolcon.colcon_core.package_identification[0m [1;30mLevel 1[0m _identify(created_model_NXPCUP_2026.v2-v1_yolov8/content) by extension 'python_setup_py'
[0.426s] [34mcolcon.colcon_core.package_identification[0m [1;30mLevel 1[0m _identify(created_model_NXPCUP_2026.v2-v1_yolov8/content/NXPCUP_2026.v2-v1_a.yolov8) by extensions ['ignore', 'ignore_ament_install']
[0.427s] [34mcolcon.colcon_core.package_identification[0m [1;30mLevel 1[0m _identify(created_model_NXPCUP_2026.v2-v1_yolov8/content/NXPCUP_2026.v2-v1_a.yolov8) by extension 'ignore'
[0.427s] [34mcolcon.colcon_core.package_identification[0m [1;30mLevel 1[0m _identify(created_model_NXPCUP_2026.v2-v1_yolov8/content/NXPCUP_2026.v2-v1_a.yolov8) by extension 'ignore_ament_install'
[0.427s] [34mcolcon.colcon_core.package_identification[0m [1;30mLevel 1[0m _identify(created_model_NXPCUP_2026.v2-v1_yolov8/content/NXPCUP_2026.v2-v1_a.yolov8) by extensions ['colcon_pkg']
[0.427s] [34mcolcon.colcon_core.package_identification[0m [1;30mLevel 1[0m _identify(created_model_NXPCUP_2026.v2-v1_yolov8/content/NXPCUP_2026.v2-v1_a.yolov8) by extension 'colcon_pkg'
[0.427s] [34mcolcon.colcon_core.package_identification[0m [1;30mLevel 1[0m _identify(created_model_NXPCUP_2026.v2-v1_yolov8/content/NXPCUP_2026.v2-v1_a.yolov8) by extensions ['colcon_meta']
[0.427s] [34mcolcon.colcon_core.package_identification[0m [1;30mLevel 1[0m _identify(created_model_NXPCUP_2026.v2-v1_yolov8/content/NXPCUP_2026.v2-v1_a.yolov8) by extension 'colcon_meta'
[0.427s] [34mcolcon.colcon_core.package_identification[0m [1;30mLevel 1[0m _identify(created_model_NXPCUP_2026.v2-v1_yolov8/content/NXPCUP_2026.v2-v1_a.yolov8) by extensions ['ros']
[0.427s] [34mcolcon.colcon_core.package_identification[0m [1;30mLevel 1[0m _identify(created_model_NXPCUP_2026.v2-v1_yolov8/content/NXPCUP_2026.v2-v1_a.yolov8) by extension 'ros'
[0.427s] [34mcolcon.colcon_core.package_identification[0m [1;30mLevel 1[0m _identify(created_model_NXPCUP_2026.v2-v1_yolov8/content/NXPCUP_2026.v2-v1_a.yolov8) by extensions ['cmake', 'python']
[0.427s] [34mcolcon.colcon_core.package_identification[0m [1;30mLevel 1[0m _identify(created_model_NXPCUP_2026.v2-v1_yolov8/content/NXPCUP_2026.v2-v1_a.yolov8) by extension 'cmake'
[0.427s] [34mcolcon.colcon_core.package_identification[0m [1;30mLevel 1[0m _identify(created_model_NXPCUP_2026.v2-v1_yolov8/content/NXPCUP_2026.v2-v1_a.yolov8) by extension 'python'
[0.427s] [34mcolcon.colcon_core.package_identification[0m [1;30mLevel 1[0m _identify(created_model_NXPCUP_2026.v2-v1_yolov8/content/NXPCUP_2026.v2-v1_a.yolov8) by extensions ['python_setup_py']
[0.427s] [34mcolcon.colcon_core.package_identification[0m [1;30mLevel 1[0m _identify(created_model_NXPCUP_2026.v2-v1_yolov8/content/NXPCUP_2026.v2-v1_a.yolov8) by extension 'python_setup_py'
[0.427s] [34mcolcon.colcon_core.package_identification[0m [1;30mLevel 1[0m _identify(created_model_NXPCUP_2026.v2-v1_yolov8/content/NXPCUP_2026.v2-v1_a.yolov8/configs) by extensions ['ignore', 'ignore_ament_install']
[0.427s] [34mcolcon.colcon_core.package_identification[0m [1;30mLevel 1[0m _identify(created_model_NXPCUP_2026.v2-v1_yolov8/content/NXPCUP_2026.v2-v1_a.yolov8/configs) by extension 'ignore'
[0.427s] [34mcolcon.colcon_core.package_identification[0m [1;30mLevel 1[0m _identify(created_model_NXPCUP_2026.v2-v1_yolov8/content/NXPCUP_2026.v2-v1_a.yolov8/configs) by extension 'ignore_ament_install'
[0.427s] [34mcolcon.colcon_core.package_identification[0m [1;30mLevel 1[0m _identify(created_model_NXPCUP_2026.v2-v1_yolov8/content/NXPCUP_2026.v2-v1_a.yolov8/configs) by extensions ['colcon_pkg']
[0.427s] [34mcolcon.colcon_core.package_identification[0m [1;30mLevel 1[0m _identify(created_model_NXPCUP_2026.v2-v1_yolov8/content/NXPCUP_2026.v2-v1_a.yolov8/configs) by extension 'colcon_pkg'
[0.427s] [34mcolcon.colcon_core.package_identification[0m [1;30mLevel 1[0m _identify(created_model_NXPCUP_2026.v2-v1_yolov8/content/NXPCUP_2026.v2-v1_a.yolov8/configs) by extensions ['colcon_meta']
[0.427s] [34mcolcon.colcon_core.package_identification[0m [1;30mLevel 1[0m _identify(created_model_NXPCUP_2026.v2-v1_yolov8/content/NXPCUP_2026.v2-v1_a.yolov8/configs) by extension 'colcon_meta'
[0.427s] [34mcolcon.colcon_core.package_identification[0m [1;30mLevel 1[0m _identify(created_model_NXPCUP_2026.v2-v1_yolov8/content/NXPCUP_2026.v2-v1_a.yolov8/configs) by extensions ['ros']
[0.427s] [34mcolcon.colcon_core.package_identification[0m [1;30mLevel 1[0m _identify(created_model_NXPCUP_2026.v2-v1_yolov8/content/NXPCUP_2026.v2-v1_a.yolov8/configs) by extension 'ros'
[0.427s] [34mcolcon.colcon_core.package_identification[0m [1;30mLevel 1[0m _identify(created_model_NXPCUP_2026.v2-v1_yolov8/content/NXPCUP_2026.v2-v1_a.yolov8/configs) by extensions ['cmake', 'python']
[0.427s] [34mcolcon.colcon_core.package_identification[0m [1;30mLevel 1[0m _identify(created_model_NXPCUP_2026.v2-v1_yolov8/content/NXPCUP_2026.v2-v1_a.yolov8/configs) by extension 'cmake'
[0.427s] [34mcolcon.colcon_core.package_identification[0m [1;30mLevel 1[0m _identify(created_model_NXPCUP_2026.v2-v1_yolov8/content/NXPCUP_2026.v2-v1_a.yolov8/configs) by extension 'python'
[0.427s] [34mcolcon.colcon_core.package_identification[0m [1;30mLevel 1[0m _identify(created_model_NXPCUP_2026.v2-v1_yolov8/content/NXPCUP_2026.v2-v1_a.yolov8/configs) by extensions ['python_setup_py']
[0.427s] [34mcolcon.colcon_core.package_identification[0m [1;30mLevel 1[0m _identify(created_model_NXPCUP_2026.v2-v1_yolov8/content/NXPCUP_2026.v2-v1_a.yolov8/configs) by extension 'python_setup_py'
[0.427s] [34mcolcon.colcon_core.package_identification[0m [1;30mLevel 1[0m _identify(created_model_NXPCUP_2026.v2-v1_yolov8/content/NXPCUP_2026.v2-v1_a.yolov8/docs) by extensions ['ignore', 'ignore_ament_install']
[0.427s] [34mcolcon.colcon_core.package_identification[0m [1;30mLevel 1[0m _identify(created_model_NXPCUP_2026.v2-v1_yolov8/content/NXPCUP_2026.v2-v1_a.yolov8/docs) by extension 'ignore'
[0.428s] [34mcolcon.colcon_core.package_identification[0m [1;30mLevel 1[0m _identify(created_model_NXPCUP_2026.v2-v1_yolov8/content/NXPCUP_2026.v2-v1_a.yolov8/docs) by extension 'ignore_ament_install'
[0.428s] [34mcolcon.colcon_core.package_identification[0m [1;30mLevel 1[0m _identify(created_model_NXPCUP_2026.v2-v1_yolov8/content/NXPCUP_2026.v2-v1_a.yolov8/docs) by extensions ['colcon_pkg']
[0.428s] [34mcolcon.colcon_core.package_identification[0m [1;30mLevel 1[0m _identify(created_model_NXPCUP_2026.v2-v1_yolov8/content/NXPCUP_2026.v2-v1_a.yolov8/docs) by extension 'colcon_pkg'
[0.428s] [34mcolcon.colcon_core.package_identification[0m [1;30mLevel 1[0m _identify(created_model_NXPCUP_2026.v2-v1_yolov8/content/NXPCUP_2026.v2-v1_a.yolov8/docs) by extensions ['colcon_meta']
[0.428s] [34mcolcon.colcon_core.package_identification[0m [1;30mLevel 1[0m _identify(created_model_NXPCUP_2026.v2-v1_yolov8/content/NXPCUP_2026.v2-v1_a.yolov8/docs) by extension 'colcon_meta'
[0.428s] [34mcolcon.colcon_core.package_identification[0m [1;30mLevel 1[0m _identify(created_model_NXPCUP_2026.v2-v1_yolov8/content/NXPCUP_2026.v2-v1_a.yolov8/docs) by extensions ['ros']
[0.428s] [34mcolcon.colcon_core.package_identification[0m [1;30mLevel 1[0m _identify(created_model_NXPCUP_2026.v2-v1_yolov8/content/NXPCUP_2026.v2-v1_a.yolov8/docs) by extension 'ros'
[0.428s] [34mcolcon.colcon_core.package_identification[0m [1;30mLevel 1[0m _identify(created_model_NXPCUP_2026.v2-v1_yolov8/content/NXPCUP_2026.v2-v1_a.yolov8/docs) by extensions ['cmake', 'python']
[0.428s] [34mcolcon.colcon_core.package_identification[0m [1;30mLevel 1[0m _identify(created_model_NXPCUP_2026.v2-v1_yolov8/content/NXPCUP_2026.v2-v1_a.yolov8/docs) by extension 'cmake'
[0.428s] [34mcolcon.colcon_core.package_identification[0m [1;30mLevel 1[0m _identify(created_model_NXPCUP_2026.v2-v1_yolov8/content/NXPCUP_2026.v2-v1_a.yolov8/docs) by extension 'python'
[0.428s] [34mcolcon.colcon_core.package_identification[0m [1;30mLevel 1[0m _identify(created_model_NXPCUP_2026.v2-v1_yolov8/content/NXPCUP_2026.v2-v1_a.yolov8/docs) by extensions ['python_setup_py']
[0.428s] [34mcolcon.colcon_core.package_identification[0m [1;30mLevel 1[0m _identify(created_model_NXPCUP_2026.v2-v1_yolov8/content/NXPCUP_2026.v2-v1_a.yolov8/docs) by extension 'python_setup_py'
[0.428s] [34mcolcon.colcon_core.package_identification[0m [1;30mLevel 1[0m _identify(created_model_NXPCUP_2026.v2-v1_yolov8/content/NXPCUP_2026.v2-v1_a.yolov8/exports) by extensions ['ignore', 'ignore_ament_install']
[0.428s] [34mcolcon.colcon_core.package_identification[0m [1;30mLevel 1[0m _identify(created_model_NXPCUP_2026.v2-v1_yolov8/content/NXPCUP_2026.v2-v1_a.yolov8/exports) by extension 'ignore'
[0.428s] [34mcolcon.colcon_core.package_identification[0m [1;30mLevel 1[0m _identify(created_model_NXPCUP_2026.v2-v1_yolov8/content/NXPCUP_2026.v2-v1_a.yolov8/exports) by extension 'ignore_ament_install'
[0.428s] [34mcolcon.colcon_core.package_identification[0m [1;30mLevel 1[0m _identify(created_model_NXPCUP_2026.v2-v1_yolov8/content/NXPCUP_2026.v2-v1_a.yolov8/exports) by extensions ['colcon_pkg']
[0.428s] [34mcolcon.colcon_core.package_identification[0m [1;30mLevel 1[0m _identify(created_model_NXPCUP_2026.v2-v1_yolov8/content/NXPCUP_2026.v2-v1_a.yolov8/exports) by extension 'colcon_pkg'
[0.428s] [34mcolcon.colcon_core.package_identification[0m [1;30mLevel 1[0m _identify(created_model_NXPCUP_2026.v2-v1_yolov8/content/NXPCUP_2026.v2-v1_a.yolov8/exports) by extensions ['colcon_meta']
[0.428s] [34mcolcon.colcon_core.package_identification[0m [1;30mLevel 1[0m _identify(created_model_NXPCUP_2026.v2-v1_yolov8/content/NXPCUP_2026.v2-v1_a.yolov8/exports) by extension 'colcon_meta'
[0.428s] [34mcolcon.colcon_core.package_identification[0m [1;30mLevel 1[0m _identify(created_model_NXPCUP_2026.v2-v1_yolov8/content/NXPCUP_2026.v2-v1_a.yolov8/exports) by extensions ['ros']
[0.428s] [34mcolcon.colcon_core.package_identification[0m [1;30mLevel 1[0m _identify(created_model_NXPCUP_2026.v2-v1_yolov8/content/NXPCUP_2026.v2-v1_a.yolov8/exports) by extension 'ros'
[0.428s] [34mcolcon.colcon_core.package_identification[0m [1;30mLevel 1[0m _identify(created_model_NXPCUP_2026.v2-v1_yolov8/content/NXPCUP_2026.v2-v1_a.yolov8/exports) by extensions ['cmake', 'python']
[0.428s] [34mcolcon.colcon_core.package_identification[0m [1;30mLevel 1[0m _identify(created_model_NXPCUP_2026.v2-v1_yolov8/content/NXPCUP_2026.v2-v1_a.yolov8/exports) by extension 'cmake'
[0.428s] [34mcolcon.colcon_core.package_identification[0m [1;30mLevel 1[0m _identify(created_model_NXPCUP_2026.v2-v1_yolov8/content/NXPCUP_2026.v2-v1_a.yolov8/exports) by extension 'python'
[0.428s] [34mcolcon.colcon_core.package_identification[0m [1;30mLevel 1[0m _identify(created_model_NXPCUP_2026.v2-v1_yolov8/content/NXPCUP_2026.v2-v1_a.yolov8/exports) by extensions ['python_setup_py']
[0.428s] [34mcolcon.colcon_core.package_identification[0m [1;30mLevel 1[0m _identify(created_model_NXPCUP_2026.v2-v1_yolov8/content/NXPCUP_2026.v2-v1_a.yolov8/exports) by extension 'python_setup_py'
[0.428s] [34mcolcon.colcon_core.package_identification[0m [1;30mLevel 1[0m _identify(created_model_NXPCUP_2026.v2-v1_yolov8/content/NXPCUP_2026.v2-v1_a.yolov8/inference) by extensions ['ignore', 'ignore_ament_install']
[0.428s] [34mcolcon.colcon_core.package_identification[0m [1;30mLevel 1[0m _identify(created_model_NXPCUP_2026.v2-v1_yolov8/content/NXPCUP_2026.v2-v1_a.yolov8/inference) by extension 'ignore'
[0.428s] [34mcolcon.colcon_core.package_identification[0m [1;30mLevel 1[0m _identify(created_model_NXPCUP_2026.v2-v1_yolov8/content/NXPCUP_2026.v2-v1_a.yolov8/inference) by extension 'ignore_ament_install'
[0.428s] [34mcolcon.colcon_core.package_identification[0m [1;30mLevel 1[0m _identify(created_model_NXPCUP_2026.v2-v1_yolov8/content/NXPCUP_2026.v2-v1_a.yolov8/inference) by extensions ['colcon_pkg']
[0.428s] [34mcolcon.colcon_core.package_identification[0m [1;30mLevel 1[0m _identify(created_model_NXPCUP_2026.v2-v1_yolov8/content/NXPCUP_2026.v2-v1_a.yolov8/inference) by extension 'colcon_pkg'
[0.428s] [34mcolcon.colcon_core.package_identification[0m [1;30mLevel 1[0m _identify(created_model_NXPCUP_2026.v2-v1_yolov8/content/NXPCUP_2026.v2-v1_a.yolov8/inference) by extensions ['colcon_meta']
[0.428s] [34mcolcon.colcon_core.package_identification[0m [1;30mLevel 1[0m _identify(created_model_NXPCUP_2026.v2-v1_yolov8/content/NXPCUP_2026.v2-v1_a.yolov8/inference) by extension 'colcon_meta'
[0.428s] [34mcolcon.colcon_core.package_identification[0m [1;30mLevel 1[0m _identify(created_model_NXPCUP_2026.v2-v1_yolov8/content/NXPCUP_2026.v2-v1_a.yolov8/inference) by extensions ['ros']
[0.428s] [34mcolcon.colcon_core.package_identification[0m [1;30mLevel 1[0m _identify(created_model_NXPCUP_2026.v2-v1_yolov8/content/NXPCUP_2026.v2-v1_a.yolov8/inference) by extension 'ros'
[0.428s] [34mcolcon.colcon_core.package_identification[0m [1;30mLevel 1[0m _identify(created_model_NXPCUP_2026.v2-v1_yolov8/content/NXPCUP_2026.v2-v1_a.yolov8/inference) by extensions ['cmake', 'python']
[0.428s] [34mcolcon.colcon_core.package_identification[0m [1;30mLevel 1[0m _identify(created_model_NXPCUP_2026.v2-v1_yolov8/content/NXPCUP_2026.v2-v1_a.yolov8/inference) by extension 'cmake'
[0.429s] [34mcolcon.colcon_core.package_identification[0m [1;30mLevel 1[0m _identify(created_model_NXPCUP_2026.v2-v1_yolov8/content/NXPCUP_2026.v2-v1_a.yolov8/inference) by extension 'python'
[0.429s] [34mcolcon.colcon_core.package_identification[0m [1;30mLevel 1[0m _identify(created_model_NXPCUP_2026.v2-v1_yolov8/content/NXPCUP_2026.v2-v1_a.yolov8/inference) by extensions ['python_setup_py']
[0.429s] [34mcolcon.colcon_core.package_identification[0m [1;30mLevel 1[0m _identify(created_model_NXPCUP_2026.v2-v1_yolov8/content/NXPCUP_2026.v2-v1_a.yolov8/inference) by extension 'python_setup_py'
[0.429s] [34mcolcon.colcon_core.package_identification[0m [1;30mLevel 1[0m _identify(created_model_NXPCUP_2026.v2-v1_yolov8/content/NXPCUP_2026.v2-v1_a.yolov8/logs) by extensions ['ignore', 'ignore_ament_install']
[0.429s] [34mcolcon.colcon_core.package_identification[0m [1;30mLevel 1[0m _identify(created_model_NXPCUP_2026.v2-v1_yolov8/content/NXPCUP_2026.v2-v1_a.yolov8/logs) by extension 'ignore'
[0.429s] [34mcolcon.colcon_core.package_identification[0m [1;30mLevel 1[0m _identify(created_model_NXPCUP_2026.v2-v1_yolov8/content/NXPCUP_2026.v2-v1_a.yolov8/logs) by extension 'ignore_ament_install'
[0.429s] [34mcolcon.colcon_core.package_identification[0m [1;30mLevel 1[0m _identify(created_model_NXPCUP_2026.v2-v1_yolov8/content/NXPCUP_2026.v2-v1_a.yolov8/logs) by extensions ['colcon_pkg']
[0.429s] [34mcolcon.colcon_core.package_identification[0m [1;30mLevel 1[0m _identify(created_model_NXPCUP_2026.v2-v1_yolov8/content/NXPCUP_2026.v2-v1_a.yolov8/logs) by extension 'colcon_pkg'
[0.429s] [34mcolcon.colcon_core.package_identification[0m [1;30mLevel 1[0m _identify(created_model_NXPCUP_2026.v2-v1_yolov8/content/NXPCUP_2026.v2-v1_a.yolov8/logs) by extensions ['colcon_meta']
[0.429s] [34mcolcon.colcon_core.package_identification[0m [1;30mLevel 1[0m _identify(created_model_NXPCUP_2026.v2-v1_yolov8/content/NXPCUP_2026.v2-v1_a.yolov8/logs) by extension 'colcon_meta'
[0.429s] [34mcolcon.colcon_core.package_identification[0m [1;30mLevel 1[0m _identify(created_model_NXPCUP_2026.v2-v1_yolov8/content/NXPCUP_2026.v2-v1_a.yolov8/logs) by extensions ['ros']
[0.429s] [34mcolcon.colcon_core.package_identification[0m [1;30mLevel 1[0m _identify(created_model_NXPCUP_2026.v2-v1_yolov8/content/NXPCUP_2026.v2-v1_a.yolov8/logs) by extension 'ros'
[0.429s] [34mcolcon.colcon_core.package_identification[0m [1;30mLevel 1[0m _identify(created_model_NXPCUP_2026.v2-v1_yolov8/content/NXPCUP_2026.v2-v1_a.yolov8/logs) by extensions ['cmake', 'python']
[0.429s] [34mcolcon.colcon_core.package_identification[0m [1;30mLevel 1[0m _identify(created_model_NXPCUP_2026.v2-v1_yolov8/content/NXPCUP_2026.v2-v1_a.yolov8/logs) by extension 'cmake'
[0.429s] [34mcolcon.colcon_core.package_identification[0m [1;30mLevel 1[0m _identify(created_model_NXPCUP_2026.v2-v1_yolov8/content/NXPCUP_2026.v2-v1_a.yolov8/logs) by extension 'python'
[0.429s] [34mcolcon.colcon_core.package_identification[0m [1;30mLevel 1[0m _identify(created_model_NXPCUP_2026.v2-v1_yolov8/content/NXPCUP_2026.v2-v1_a.yolov8/logs) by extensions ['python_setup_py']
[0.429s] [34mcolcon.colcon_core.package_identification[0m [1;30mLevel 1[0m _identify(created_model_NXPCUP_2026.v2-v1_yolov8/content/NXPCUP_2026.v2-v1_a.yolov8/logs) by extension 'python_setup_py'
[0.429s] [34mcolcon.colcon_core.package_identification[0m [1;30mLevel 1[0m _identify(created_model_NXPCUP_2026.v2-v1_yolov8/content/NXPCUP_2026.v2-v1_a.yolov8/models) by extensions ['ignore', 'ignore_ament_install']
[0.429s] [34mcolcon.colcon_core.package_identification[0m [1;30mLevel 1[0m _identify(created_model_NXPCUP_2026.v2-v1_yolov8/content/NXPCUP_2026.v2-v1_a.yolov8/models) by extension 'ignore'
[0.429s] [34mcolcon.colcon_core.package_identification[0m [1;30mLevel 1[0m _identify(created_model_NXPCUP_2026.v2-v1_yolov8/content/NXPCUP_2026.v2-v1_a.yolov8/models) by extension 'ignore_ament_install'
[0.429s] [34mcolcon.colcon_core.package_identification[0m [1;30mLevel 1[0m _identify(created_model_NXPCUP_2026.v2-v1_yolov8/content/NXPCUP_2026.v2-v1_a.yolov8/models) by extensions ['colcon_pkg']
[0.429s] [34mcolcon.colcon_core.package_identification[0m [1;30mLevel 1[0m _identify(created_model_NXPCUP_2026.v2-v1_yolov8/content/NXPCUP_2026.v2-v1_a.yolov8/models) by extension 'colcon_pkg'
[0.429s] [34mcolcon.colcon_core.package_identification[0m [1;30mLevel 1[0m _identify(created_model_NXPCUP_2026.v2-v1_yolov8/content/NXPCUP_2026.v2-v1_a.yolov8/models) by extensions ['colcon_meta']
[0.429s] [34mcolcon.colcon_core.package_identification[0m [1;30mLevel 1[0m _identify(created_model_NXPCUP_2026.v2-v1_yolov8/content/NXPCUP_2026.v2-v1_a.yolov8/models) by extension 'colcon_meta'
[0.429s] [34mcolcon.colcon_core.package_identification[0m [1;30mLevel 1[0m _identify(created_model_NXPCUP_2026.v2-v1_yolov8/content/NXPCUP_2026.v2-v1_a.yolov8/models) by extensions ['ros']
[0.429s] [34mcolcon.colcon_core.package_identification[0m [1;30mLevel 1[0m _identify(created_model_NXPCUP_2026.v2-v1_yolov8/content/NXPCUP_2026.v2-v1_a.yolov8/models) by extension 'ros'
[0.429s] [34mcolcon.colcon_core.package_identification[0m [1;30mLevel 1[0m _identify(created_model_NXPCUP_2026.v2-v1_yolov8/content/NXPCUP_2026.v2-v1_a.yolov8/models) by extensions ['cmake', 'python']
[0.429s] [34mcolcon.colcon_core.package_identification[0m [1;30mLevel 1[0m _identify(created_model_NXPCUP_2026.v2-v1_yolov8/content/NXPCUP_2026.v2-v1_a.yolov8/models) by extension 'cmake'
[0.429s] [34mcolcon.colcon_core.package_identification[0m [1;30mLevel 1[0m _identify(created_model_NXPCUP_2026.v2-v1_yolov8/content/NXPCUP_2026.v2-v1_a.yolov8/models) by extension 'python'
[0.429s] [34mcolcon.colcon_core.package_identification[0m [1;30mLevel 1[0m _identify(created_model_NXPCUP_2026.v2-v1_yolov8/content/NXPCUP_2026.v2-v1_a.yolov8/models) by extensions ['python_setup_py']
[0.429s] [34mcolcon.colcon_core.package_identification[0m [1;30mLevel 1[0m _identify(created_model_NXPCUP_2026.v2-v1_yolov8/content/NXPCUP_2026.v2-v1_a.yolov8/models) by extension 'python_setup_py'
[0.429s] [34mcolcon.colcon_core.package_identification[0m [1;30mLevel 1[0m _identify(created_model_NXPCUP_2026.v2-v1_yolov8/content/NXPCUP_2026.v2-v1_a.yolov8/new) by extensions ['ignore', 'ignore_ament_install']
[0.429s] [34mcolcon.colcon_core.package_identification[0m [1;30mLevel 1[0m _identify(created_model_NXPCUP_2026.v2-v1_yolov8/content/NXPCUP_2026.v2-v1_a.yolov8/new) by extension 'ignore'
[0.429s] [34mcolcon.colcon_core.package_identification[0m [1;30mLevel 1[0m _identify(created_model_NXPCUP_2026.v2-v1_yolov8/content/NXPCUP_2026.v2-v1_a.yolov8/new) by extension 'ignore_ament_install'
[0.429s] [34mcolcon.colcon_core.package_identification[0m [1;30mLevel 1[0m _identify(created_model_NXPCUP_2026.v2-v1_yolov8/content/NXPCUP_2026.v2-v1_a.yolov8/new) by extensions ['colcon_pkg']
[0.430s] [34mcolcon.colcon_core.package_identification[0m [1;30mLevel 1[0m _identify(created_model_NXPCUP_2026.v2-v1_yolov8/content/NXPCUP_2026.v2-v1_a.yolov8/new) by extension 'colcon_pkg'
[0.430s] [34mcolcon.colcon_core.package_identification[0m [1;30mLevel 1[0m _identify(created_model_NXPCUP_2026.v2-v1_yolov8/content/NXPCUP_2026.v2-v1_a.yolov8/new) by extensions ['colcon_meta']
[0.430s] [34mcolcon.colcon_core.package_identification[0m [1;30mLevel 1[0m _identify(created_model_NXPCUP_2026.v2-v1_yolov8/content/NXPCUP_2026.v2-v1_a.yolov8/new) by extension 'colcon_meta'
[0.430s] [34mcolcon.colcon_core.package_identification[0m [1;30mLevel 1[0m _identify(created_model_NXPCUP_2026.v2-v1_yolov8/content/NXPCUP_2026.v2-v1_a.yolov8/new) by extensions ['ros']
[0.430s] [34mcolcon.colcon_core.package_identification[0m [1;30mLevel 1[0m _identify(created_model_NXPCUP_2026.v2-v1_yolov8/content/NXPCUP_2026.v2-v1_a.yolov8/new) by extension 'ros'
[0.430s] [34mcolcon.colcon_core.package_identification[0m [1;30mLevel 1[0m _identify(created_model_NXPCUP_2026.v2-v1_yolov8/content/NXPCUP_2026.v2-v1_a.yolov8/new) by extensions ['cmake', 'python']
[0.430s] [34mcolcon.colcon_core.package_identification[0m [1;30mLevel 1[0m _identify(created_model_NXPCUP_2026.v2-v1_yolov8/content/NXPCUP_2026.v2-v1_a.yolov8/new) by extension 'cmake'
[0.430s] [34mcolcon.colcon_core.package_identification[0m [1;30mLevel 1[0m _identify(created_model_NXPCUP_2026.v2-v1_yolov8/content/NXPCUP_2026.v2-v1_a.yolov8/new) by extension 'python'
[0.430s] [34mcolcon.colcon_core.package_identification[0m [1;30mLevel 1[0m _identify(created_model_NXPCUP_2026.v2-v1_yolov8/content/NXPCUP_2026.v2-v1_a.yolov8/new) by extensions ['python_setup_py']
[0.430s] [34mcolcon.colcon_core.package_identification[0m [1;30mLevel 1[0m _identify(created_model_NXPCUP_2026.v2-v1_yolov8/content/NXPCUP_2026.v2-v1_a.yolov8/new) by extension 'python_setup_py'
[0.430s] [34mcolcon.colcon_core.package_identification[0m [1;30mLevel 1[0m _identify(created_model_NXPCUP_2026.v2-v1_yolov8/content/NXPCUP_2026.v2-v1_a.yolov8/new/best) by extensions ['ignore', 'ignore_ament_install']
[0.430s] [34mcolcon.colcon_core.package_identification[0m [1;30mLevel 1[0m _identify(created_model_NXPCUP_2026.v2-v1_yolov8/content/NXPCUP_2026.v2-v1_a.yolov8/new/best) by extension 'ignore'
[0.430s] [34mcolcon.colcon_core.package_identification[0m [1;30mLevel 1[0m _identify(created_model_NXPCUP_2026.v2-v1_yolov8/content/NXPCUP_2026.v2-v1_a.yolov8/new/best) by extension 'ignore_ament_install'
[0.430s] [34mcolcon.colcon_core.package_identification[0m [1;30mLevel 1[0m _identify(created_model_NXPCUP_2026.v2-v1_yolov8/content/NXPCUP_2026.v2-v1_a.yolov8/new/best) by extensions ['colcon_pkg']
[0.430s] [34mcolcon.colcon_core.package_identification[0m [1;30mLevel 1[0m _identify(created_model_NXPCUP_2026.v2-v1_yolov8/content/NXPCUP_2026.v2-v1_a.yolov8/new/best) by extension 'colcon_pkg'
[0.430s] [34mcolcon.colcon_core.package_identification[0m [1;30mLevel 1[0m _identify(created_model_NXPCUP_2026.v2-v1_yolov8/content/NXPCUP_2026.v2-v1_a.yolov8/new/best) by extensions ['colcon_meta']
[0.430s] [34mcolcon.colcon_core.package_identification[0m [1;30mLevel 1[0m _identify(created_model_NXPCUP_2026.v2-v1_yolov8/content/NXPCUP_2026.v2-v1_a.yolov8/new/best) by extension 'colcon_meta'
[0.430s] [34mcolcon.colcon_core.package_identification[0m [1;30mLevel 1[0m _identify(created_model_NXPCUP_2026.v2-v1_yolov8/content/NXPCUP_2026.v2-v1_a.yolov8/new/best) by extensions ['ros']
[0.430s] [34mcolcon.colcon_core.package_identification[0m [1;30mLevel 1[0m _identify(created_model_NXPCUP_2026.v2-v1_yolov8/content/NXPCUP_2026.v2-v1_a.yolov8/new/best) by extension 'ros'
[0.430s] [34mcolcon.colcon_core.package_identification[0m [1;30mLevel 1[0m _identify(created_model_NXPCUP_2026.v2-v1_yolov8/content/NXPCUP_2026.v2-v1_a.yolov8/new/best) by extensions ['cmake', 'python']
[0.430s] [34mcolcon.colcon_core.package_identification[0m [1;30mLevel 1[0m _identify(created_model_NXPCUP_2026.v2-v1_yolov8/content/NXPCUP_2026.v2-v1_a.yolov8/new/best) by extension 'cmake'
[0.430s] [34mcolcon.colcon_core.package_identification[0m [1;30mLevel 1[0m _identify(created_model_NXPCUP_2026.v2-v1_yolov8/content/NXPCUP_2026.v2-v1_a.yolov8/new/best) by extension 'python'
[0.430s] [34mcolcon.colcon_core.package_identification[0m [1;30mLevel 1[0m _identify(created_model_NXPCUP_2026.v2-v1_yolov8/content/NXPCUP_2026.v2-v1_a.yolov8/new/best) by extensions ['python_setup_py']
[0.430s] [34mcolcon.colcon_core.package_identification[0m [1;30mLevel 1[0m _identify(created_model_NXPCUP_2026.v2-v1_yolov8/content/NXPCUP_2026.v2-v1_a.yolov8/new/best) by extension 'python_setup_py'
[0.431s] [34mcolcon.colcon_core.package_identification[0m [1;30mLevel 1[0m _identify(created_model_NXPCUP_2026.v2-v1_yolov8/content/NXPCUP_2026.v2-v1_a.yolov8/new/best/data) by extensions ['ignore', 'ignore_ament_install']
[0.431s] [34mcolcon.colcon_core.package_identification[0m [1;30mLevel 1[0m _identify(created_model_NXPCUP_2026.v2-v1_yolov8/content/NXPCUP_2026.v2-v1_a.yolov8/new/best/data) by extension 'ignore'
[0.431s] [34mcolcon.colcon_core.package_identification[0m [1;30mLevel 1[0m _identify(created_model_NXPCUP_2026.v2-v1_yolov8/content/NXPCUP_2026.v2-v1_a.yolov8/new/best/data) by extension 'ignore_ament_install'
[0.431s] [34mcolcon.colcon_core.package_identification[0m [1;30mLevel 1[0m _identify(created_model_NXPCUP_2026.v2-v1_yolov8/content/NXPCUP_2026.v2-v1_a.yolov8/new/best/data) by extensions ['colcon_pkg']
[0.431s] [34mcolcon.colcon_core.package_identification[0m [1;30mLevel 1[0m _identify(created_model_NXPCUP_2026.v2-v1_yolov8/content/NXPCUP_2026.v2-v1_a.yolov8/new/best/data) by extension 'colcon_pkg'
[0.431s] [34mcolcon.colcon_core.package_identification[0m [1;30mLevel 1[0m _identify(created_model_NXPCUP_2026.v2-v1_yolov8/content/NXPCUP_2026.v2-v1_a.yolov8/new/best/data) by extensions ['colcon_meta']
[0.431s] [34mcolcon.colcon_core.package_identification[0m [1;30mLevel 1[0m _identify(created_model_NXPCUP_2026.v2-v1_yolov8/content/NXPCUP_2026.v2-v1_a.yolov8/new/best/data) by extension 'colcon_meta'
[0.431s] [34mcolcon.colcon_core.package_identification[0m [1;30mLevel 1[0m _identify(created_model_NXPCUP_2026.v2-v1_yolov8/content/NXPCUP_2026.v2-v1_a.yolov8/new/best/data) by extensions ['ros']
[0.431s] [34mcolcon.colcon_core.package_identification[0m [1;30mLevel 1[0m _identify(created_model_NXPCUP_2026.v2-v1_yolov8/content/NXPCUP_2026.v2-v1_a.yolov8/new/best/data) by extension 'ros'
[0.431s] [34mcolcon.colcon_core.package_identification[0m [1;30mLevel 1[0m _identify(created_model_NXPCUP_2026.v2-v1_yolov8/content/NXPCUP_2026.v2-v1_a.yolov8/new/best/data) by extensions ['cmake', 'python']
[0.431s] [34mcolcon.colcon_core.package_identification[0m [1;30mLevel 1[0m _identify(created_model_NXPCUP_2026.v2-v1_yolov8/content/NXPCUP_2026.v2-v1_a.yolov8/new/best/data) by extension 'cmake'
[0.431s] [34mcolcon.colcon_core.package_identification[0m [1;30mLevel 1[0m _identify(created_model_NXPCUP_2026.v2-v1_yolov8/content/NXPCUP_2026.v2-v1_a.yolov8/new/best/data) by extension 'python'
[0.431s] [34mcolcon.colcon_core.package_identification[0m [1;30mLevel 1[0m _identify(created_model_NXPCUP_2026.v2-v1_yolov8/content/NXPCUP_2026.v2-v1_a.yolov8/new/best/data) by extensions ['python_setup_py']
[0.431s] [34mcolcon.colcon_core.package_identification[0m [1;30mLevel 1[0m _identify(created_model_NXPCUP_2026.v2-v1_yolov8/content/NXPCUP_2026.v2-v1_a.yolov8/new/best/data) by extension 'python_setup_py'
[0.432s] [34mcolcon.colcon_core.package_identification[0m [1;30mLevel 1[0m _identify(created_model_NXPCUP_2026.v2-v1_yolov8/content/NXPCUP_2026.v2-v1_a.yolov8/reports) by extensions ['ignore', 'ignore_ament_install']
[0.432s] [34mcolcon.colcon_core.package_identification[0m [1;30mLevel 1[0m _identify(created_model_NXPCUP_2026.v2-v1_yolov8/content/NXPCUP_2026.v2-v1_a.yolov8/reports) by extension 'ignore'
[0.432s] [34mcolcon.colcon_core.package_identification[0m [1;30mLevel 1[0m _identify(created_model_NXPCUP_2026.v2-v1_yolov8/content/NXPCUP_2026.v2-v1_a.yolov8/reports) by extension 'ignore_ament_install'
[0.432s] [34mcolcon.colcon_core.package_identification[0m [1;30mLevel 1[0m _identify(created_model_NXPCUP_2026.v2-v1_yolov8/content/NXPCUP_2026.v2-v1_a.yolov8/reports) by extensions ['colcon_pkg']
[0.432s] [34mcolcon.colcon_core.package_identification[0m [1;30mLevel 1[0m _identify(created_model_NXPCUP_2026.v2-v1_yolov8/content/NXPCUP_2026.v2-v1_a.yolov8/reports) by extension 'colcon_pkg'
[0.432s] [34mcolcon.colcon_core.package_identification[0m [1;30mLevel 1[0m _identify(created_model_NXPCUP_2026.v2-v1_yolov8/content/NXPCUP_2026.v2-v1_a.yolov8/reports) by extensions ['colcon_meta']
[0.432s] [34mcolcon.colcon_core.package_identification[0m [1;30mLevel 1[0m _identify(created_model_NXPCUP_2026.v2-v1_yolov8/content/NXPCUP_2026.v2-v1_a.yolov8/reports) by extension 'colcon_meta'
[0.432s] [34mcolcon.colcon_core.package_identification[0m [1;30mLevel 1[0m _identify(created_model_NXPCUP_2026.v2-v1_yolov8/content/NXPCUP_2026.v2-v1_a.yolov8/reports) by extensions ['ros']
[0.432s] [34mcolcon.colcon_core.package_identification[0m [1;30mLevel 1[0m _identify(created_model_NXPCUP_2026.v2-v1_yolov8/content/NXPCUP_2026.v2-v1_a.yolov8/reports) by extension 'ros'
[0.432s] [34mcolcon.colcon_core.package_identification[0m [1;30mLevel 1[0m _identify(created_model_NXPCUP_2026.v2-v1_yolov8/content/NXPCUP_2026.v2-v1_a.yolov8/reports) by extensions ['cmake', 'python']
[0.432s] [34mcolcon.colcon_core.package_identification[0m [1;30mLevel 1[0m _identify(created_model_NXPCUP_2026.v2-v1_yolov8/content/NXPCUP_2026.v2-v1_a.yolov8/reports) by extension 'cmake'
[0.432s] [34mcolcon.colcon_core.package_identification[0m [1;30mLevel 1[0m _identify(created_model_NXPCUP_2026.v2-v1_yolov8/content/NXPCUP_2026.v2-v1_a.yolov8/reports) by extension 'python'
[0.432s] [34mcolcon.colcon_core.package_identification[0m [1;30mLevel 1[0m _identify(created_model_NXPCUP_2026.v2-v1_yolov8/content/NXPCUP_2026.v2-v1_a.yolov8/reports) by extensions ['python_setup_py']
[0.432s] [34mcolcon.colcon_core.package_identification[0m [1;30mLevel 1[0m _identify(created_model_NXPCUP_2026.v2-v1_yolov8/content/NXPCUP_2026.v2-v1_a.yolov8/reports) by extension 'python_setup_py'
[0.433s] [34mcolcon.colcon_core.package_identification[0m [1;30mLevel 1[0m _identify(created_model_NXPCUP_2026.v2-v1_yolov8/content/NXPCUP_2026.v2-v1_a.yolov8/results) by extensions ['ignore', 'ignore_ament_install']
[0.433s] [34mcolcon.colcon_core.package_identification[0m [1;30mLevel 1[0m _identify(created_model_NXPCUP_2026.v2-v1_yolov8/content/NXPCUP_2026.v2-v1_a.yolov8/results) by extension 'ignore'
[0.433s] [34mcolcon.colcon_core.package_identification[0m [1;30mLevel 1[0m _identify(created_model_NXPCUP_2026.v2-v1_yolov8/content/NXPCUP_2026.v2-v1_a.yolov8/results) by extension 'ignore_ament_install'
[0.433s] [34mcolcon.colcon_core.package_identification[0m [1;30mLevel 1[0m _identify(created_model_NXPCUP_2026.v2-v1_yolov8/content/NXPCUP_2026.v2-v1_a.yolov8/results) by extensions ['colcon_pkg']
[0.433s] [34mcolcon.colcon_core.package_identification[0m [1;30mLevel 1[0m _identify(created_model_NXPCUP_2026.v2-v1_yolov8/content/NXPCUP_2026.v2-v1_a.yolov8/results) by extension 'colcon_pkg'
[0.433s] [34mcolcon.colcon_core.package_identification[0m [1;30mLevel 1[0m _identify(created_model_NXPCUP_2026.v2-v1_yolov8/content/NXPCUP_2026.v2-v1_a.yolov8/results) by extensions ['colcon_meta']
[0.433s] [34mcolcon.colcon_core.package_identification[0m [1;30mLevel 1[0m _identify(created_model_NXPCUP_2026.v2-v1_yolov8/content/NXPCUP_2026.v2-v1_a.yolov8/results) by extension 'colcon_meta'
[0.433s] [34mcolcon.colcon_core.package_identification[0m [1;30mLevel 1[0m _identify(created_model_NXPCUP_2026.v2-v1_yolov8/content/NXPCUP_2026.v2-v1_a.yolov8/results) by extensions ['ros']
[0.433s] [34mcolcon.colcon_core.package_identification[0m [1;30mLevel 1[0m _identify(created_model_NXPCUP_2026.v2-v1_yolov8/content/NXPCUP_2026.v2-v1_a.yolov8/results) by extension 'ros'
[0.433s] [34mcolcon.colcon_core.package_identification[0m [1;30mLevel 1[0m _identify(created_model_NXPCUP_2026.v2-v1_yolov8/content/NXPCUP_2026.v2-v1_a.yolov8/results) by extensions ['cmake', 'python']
[0.433s] [34mcolcon.colcon_core.package_identification[0m [1;30mLevel 1[0m _identify(created_model_NXPCUP_2026.v2-v1_yolov8/content/NXPCUP_2026.v2-v1_a.yolov8/results) by extension 'cmake'
[0.433s] [34mcolcon.colcon_core.package_identification[0m [1;30mLevel 1[0m _identify(created_model_NXPCUP_2026.v2-v1_yolov8/content/NXPCUP_2026.v2-v1_a.yolov8/results) by extension 'python'
[0.433s] [34mcolcon.colcon_core.package_identification[0m [1;30mLevel 1[0m _identify(created_model_NXPCUP_2026.v2-v1_yolov8/content/NXPCUP_2026.v2-v1_a.yolov8/results) by extensions ['python_setup_py']
[0.433s] [34mcolcon.colcon_core.package_identification[0m [1;30mLevel 1[0m _identify(created_model_NXPCUP_2026.v2-v1_yolov8/content/NXPCUP_2026.v2-v1_a.yolov8/results) by extension 'python_setup_py'
[0.433s] [34mcolcon.colcon_core.package_identification[0m [1;30mLevel 1[0m _identify(created_model_NXPCUP_2026.v2-v1_yolov8/content/NXPCUP_2026.v2-v1_a.yolov8/runs) by extensions ['ignore', 'ignore_ament_install']
[0.433s] [34mcolcon.colcon_core.package_identification[0m [1;30mLevel 1[0m _identify(created_model_NXPCUP_2026.v2-v1_yolov8/content/NXPCUP_2026.v2-v1_a.yolov8/runs) by extension 'ignore'
[0.433s] [34mcolcon.colcon_core.package_identification[0m [1;30mLevel 1[0m _identify(created_model_NXPCUP_2026.v2-v1_yolov8/content/NXPCUP_2026.v2-v1_a.yolov8/runs) by extension 'ignore_ament_install'
[0.433s] [34mcolcon.colcon_core.package_identification[0m [1;30mLevel 1[0m _identify(created_model_NXPCUP_2026.v2-v1_yolov8/content/NXPCUP_2026.v2-v1_a.yolov8/runs) by extensions ['colcon_pkg']
[0.433s] [34mcolcon.colcon_core.package_identification[0m [1;30mLevel 1[0m _identify(created_model_NXPCUP_2026.v2-v1_yolov8/content/NXPCUP_2026.v2-v1_a.yolov8/runs) by extension 'colcon_pkg'
[0.433s] [34mcolcon.colcon_core.package_identification[0m [1;30mLevel 1[0m _identify(created_model_NXPCUP_2026.v2-v1_yolov8/content/NXPCUP_2026.v2-v1_a.yolov8/runs) by extensions ['colcon_meta']
[0.433s] [34mcolcon.colcon_core.package_identification[0m [1;30mLevel 1[0m _identify(created_model_NXPCUP_2026.v2-v1_yolov8/content/NXPCUP_2026.v2-v1_a.yolov8/runs) by extension 'colcon_meta'
[0.433s] [34mcolcon.colcon_core.package_identification[0m [1;30mLevel 1[0m _identify(created_model_NXPCUP_2026.v2-v1_yolov8/content/NXPCUP_2026.v2-v1_a.yolov8/runs) by extensions ['ros']
[0.433s] [34mcolcon.colcon_core.package_identification[0m [1;30mLevel 1[0m _identify(created_model_NXPCUP_2026.v2-v1_yolov8/content/NXPCUP_2026.v2-v1_a.yolov8/runs) by extension 'ros'
[0.433s] [34mcolcon.colcon_core.package_identification[0m [1;30mLevel 1[0m _identify(created_model_NXPCUP_2026.v2-v1_yolov8/content/NXPCUP_2026.v2-v1_a.yolov8/runs) by extensions ['cmake', 'python']
[0.433s] [34mcolcon.colcon_core.package_identification[0m [1;30mLevel 1[0m _identify(created_model_NXPCUP_2026.v2-v1_yolov8/content/NXPCUP_2026.v2-v1_a.yolov8/runs) by extension 'cmake'
[0.433s] [34mcolcon.colcon_core.package_identification[0m [1;30mLevel 1[0m _identify(created_model_NXPCUP_2026.v2-v1_yolov8/content/NXPCUP_2026.v2-v1_a.yolov8/runs) by extension 'python'
[0.433s] [34mcolcon.colcon_core.package_identification[0m [1;30mLevel 1[0m _identify(created_model_NXPCUP_2026.v2-v1_yolov8/content/NXPCUP_2026.v2-v1_a.yolov8/runs) by extensions ['python_setup_py']
[0.433s] [34mcolcon.colcon_core.package_identification[0m [1;30mLevel 1[0m _identify(created_model_NXPCUP_2026.v2-v1_yolov8/content/NXPCUP_2026.v2-v1_a.yolov8/runs) by extension 'python_setup_py'
[0.434s] [34mcolcon.colcon_core.package_identification[0m [1;30mLevel 1[0m _identify(created_model_NXPCUP_2026.v2-v1_yolov8/content/NXPCUP_2026.v2-v1_a.yolov8/runs/eval) by extensions ['ignore', 'ignore_ament_install']
[0.434s] [34mcolcon.colcon_core.package_identification[0m [1;30mLevel 1[0m _identify(created_model_NXPCUP_2026.v2-v1_yolov8/content/NXPCUP_2026.v2-v1_a.yolov8/runs/eval) by extension 'ignore'
[0.434s] [34mcolcon.colcon_core.package_identification[0m [1;30mLevel 1[0m _identify(created_model_NXPCUP_2026.v2-v1_yolov8/content/NXPCUP_2026.v2-v1_a.yolov8/runs/eval) by extension 'ignore_ament_install'
[0.434s] [34mcolcon.colcon_core.package_identification[0m [1;30mLevel 1[0m _identify(created_model_NXPCUP_2026.v2-v1_yolov8/content/NXPCUP_2026.v2-v1_a.yolov8/runs/eval) by extensions ['colcon_pkg']
[0.434s] [34mcolcon.colcon_core.package_identification[0m [1;30mLevel 1[0m _identify(created_model_NXPCUP_2026.v2-v1_yolov8/content/NXPCUP_2026.v2-v1_a.yolov8/runs/eval) by extension 'colcon_pkg'
[0.434s] [34mcolcon.colcon_core.package_identification[0m [1;30mLevel 1[0m _identify(created_model_NXPCUP_2026.v2-v1_yolov8/content/NXPCUP_2026.v2-v1_a.yolov8/runs/eval) by extensions ['colcon_meta']
[0.434s] [34mcolcon.colcon_core.package_identification[0m [1;30mLevel 1[0m _identify(created_model_NXPCUP_2026.v2-v1_yolov8/content/NXPCUP_2026.v2-v1_a.yolov8/runs/eval) by extension 'colcon_meta'
[0.434s] [34mcolcon.colcon_core.package_identification[0m [1;30mLevel 1[0m _identify(created_model_NXPCUP_2026.v2-v1_yolov8/content/NXPCUP_2026.v2-v1_a.yolov8/runs/eval) by extensions ['ros']
[0.434s] [34mcolcon.colcon_core.package_identification[0m [1;30mLevel 1[0m _identify(created_model_NXPCUP_2026.v2-v1_yolov8/content/NXPCUP_2026.v2-v1_a.yolov8/runs/eval) by extension 'ros'
[0.434s] [34mcolcon.colcon_core.package_identification[0m [1;30mLevel 1[0m _identify(created_model_NXPCUP_2026.v2-v1_yolov8/content/NXPCUP_2026.v2-v1_a.yolov8/runs/eval) by extensions ['cmake', 'python']
[0.434s] [34mcolcon.colcon_core.package_identification[0m [1;30mLevel 1[0m _identify(created_model_NXPCUP_2026.v2-v1_yolov8/content/NXPCUP_2026.v2-v1_a.yolov8/runs/eval) by extension 'cmake'
[0.434s] [34mcolcon.colcon_core.package_identification[0m [1;30mLevel 1[0m _identify(created_model_NXPCUP_2026.v2-v1_yolov8/content/NXPCUP_2026.v2-v1_a.yolov8/runs/eval) by extension 'python'
[0.434s] [34mcolcon.colcon_core.package_identification[0m [1;30mLevel 1[0m _identify(created_model_NXPCUP_2026.v2-v1_yolov8/content/NXPCUP_2026.v2-v1_a.yolov8/runs/eval) by extensions ['python_setup_py']
[0.434s] [34mcolcon.colcon_core.package_identification[0m [1;30mLevel 1[0m _identify(created_model_NXPCUP_2026.v2-v1_yolov8/content/NXPCUP_2026.v2-v1_a.yolov8/runs/eval) by extension 'python_setup_py'
[0.434s] [34mcolcon.colcon_core.package_identification[0m [1;30mLevel 1[0m _identify(created_model_NXPCUP_2026.v2-v1_yolov8/content/NXPCUP_2026.v2-v1_a.yolov8/runs/eval/test_20260728_080538) by extensions ['ignore', 'ignore_ament_install']
[0.434s] [34mcolcon.colcon_core.package_identification[0m [1;30mLevel 1[0m _identify(created_model_NXPCUP_2026.v2-v1_yolov8/content/NXPCUP_2026.v2-v1_a.yolov8/runs/eval/test_20260728_080538) by extension 'ignore'
[0.434s] [34mcolcon.colcon_core.package_identification[0m [1;30mLevel 1[0m _identify(created_model_NXPCUP_2026.v2-v1_yolov8/content/NXPCUP_2026.v2-v1_a.yolov8/runs/eval/test_20260728_080538) by extension 'ignore_ament_install'
[0.434s] [34mcolcon.colcon_core.package_identification[0m [1;30mLevel 1[0m _identify(created_model_NXPCUP_2026.v2-v1_yolov8/content/NXPCUP_2026.v2-v1_a.yolov8/runs/eval/test_20260728_080538) by extensions ['colcon_pkg']
[0.434s] [34mcolcon.colcon_core.package_identification[0m [1;30mLevel 1[0m _identify(created_model_NXPCUP_2026.v2-v1_yolov8/content/NXPCUP_2026.v2-v1_a.yolov8/runs/eval/test_20260728_080538) by extension 'colcon_pkg'
[0.434s] [34mcolcon.colcon_core.package_identification[0m [1;30mLevel 1[0m _identify(created_model_NXPCUP_2026.v2-v1_yolov8/content/NXPCUP_2026.v2-v1_a.yolov8/runs/eval/test_20260728_080538) by extensions ['colcon_meta']
[0.434s] [34mcolcon.colcon_core.package_identification[0m [1;30mLevel 1[0m _identify(created_model_NXPCUP_2026.v2-v1_yolov8/content/NXPCUP_2026.v2-v1_a.yolov8/runs/eval/test_20260728_080538) by extension 'colcon_meta'
[0.434s] [34mcolcon.colcon_core.package_identification[0m [1;30mLevel 1[0m _identify(created_model_NXPCUP_2026.v2-v1_yolov8/content/NXPCUP_2026.v2-v1_a.yolov8/runs/eval/test_20260728_080538) by extensions ['ros']
[0.434s] [34mcolcon.colcon_core.package_identification[0m [1;30mLevel 1[0m _identify(created_model_NXPCUP_2026.v2-v1_yolov8/content/NXPCUP_2026.v2-v1_a.yolov8/runs/eval/test_20260728_080538) by extension 'ros'
[0.434s] [34mcolcon.colcon_core.package_identification[0m [1;30mLevel 1[0m _identify(created_model_NXPCUP_2026.v2-v1_yolov8/content/NXPCUP_2026.v2-v1_a.yolov8/runs/eval/test_20260728_080538) by extensions ['cmake', 'python']
[0.434s] [34mcolcon.colcon_core.package_identification[0m [1;30mLevel 1[0m _identify(created_model_NXPCUP_2026.v2-v1_yolov8/content/NXPCUP_2026.v2-v1_a.yolov8/runs/eval/test_20260728_080538) by extension 'cmake'
[0.434s] [34mcolcon.colcon_core.package_identification[0m [1;30mLevel 1[0m _identify(created_model_NXPCUP_2026.v2-v1_yolov8/content/NXPCUP_2026.v2-v1_a.yolov8/runs/eval/test_20260728_080538) by extension 'python'
[0.434s] [34mcolcon.colcon_core.package_identification[0m [1;30mLevel 1[0m _identify(created_model_NXPCUP_2026.v2-v1_yolov8/content/NXPCUP_2026.v2-v1_a.yolov8/runs/eval/test_20260728_080538) by extensions ['python_setup_py']
[0.434s] [34mcolcon.colcon_core.package_identification[0m [1;30mLevel 1[0m _identify(created_model_NXPCUP_2026.v2-v1_yolov8/content/NXPCUP_2026.v2-v1_a.yolov8/runs/eval/test_20260728_080538) by extension 'python_setup_py'
[0.435s] [34mcolcon.colcon_core.package_identification[0m [1;30mLevel 1[0m _identify(created_model_NXPCUP_2026.v2-v1_yolov8/content/NXPCUP_2026.v2-v1_a.yolov8/runs/train) by extensions ['ignore', 'ignore_ament_install']
[0.435s] [34mcolcon.colcon_core.package_identification[0m [1;30mLevel 1[0m _identify(created_model_NXPCUP_2026.v2-v1_yolov8/content/NXPCUP_2026.v2-v1_a.yolov8/runs/train) by extension 'ignore'
[0.435s] [34mcolcon.colcon_core.package_identification[0m [1;30mLevel 1[0m _identify(created_model_NXPCUP_2026.v2-v1_yolov8/content/NXPCUP_2026.v2-v1_a.yolov8/runs/train) by extension 'ignore_ament_install'
[0.435s] [34mcolcon.colcon_core.package_identification[0m [1;30mLevel 1[0m _identify(created_model_NXPCUP_2026.v2-v1_yolov8/content/NXPCUP_2026.v2-v1_a.yolov8/runs/train) by extensions ['colcon_pkg']
[0.435s] [34mcolcon.colcon_core.package_identification[0m [1;30mLevel 1[0m _identify(created_model_NXPCUP_2026.v2-v1_yolov8/content/NXPCUP_2026.v2-v1_a.yolov8/runs/train) by extension 'colcon_pkg'
[0.435s] [34mcolcon.colcon_core.package_identification[0m [1;30mLevel 1[0m _identify(created_model_NXPCUP_2026.v2-v1_yolov8/content/NXPCUP_2026.v2-v1_a.yolov8/runs/train) by extensions ['colcon_meta']
[0.435s] [34mcolcon.colcon_core.package_identification[0m [1;30mLevel 1[0m _identify(created_model_NXPCUP_2026.v2-v1_yolov8/content/NXPCUP_2026.v2-v1_a.yolov8/runs/train) by extension 'colcon_meta'
[0.435s] [34mcolcon.colcon_core.package_identification[0m [1;30mLevel 1[0m _identify(created_model_NXPCUP_2026.v2-v1_yolov8/content/NXPCUP_2026.v2-v1_a.yolov8/runs/train) by extensions ['ros']
[0.435s] [34mcolcon.colcon_core.package_identification[0m [1;30mLevel 1[0m _identify(created_model_NXPCUP_2026.v2-v1_yolov8/content/NXPCUP_2026.v2-v1_a.yolov8/runs/train) by extension 'ros'
[0.435s] [34mcolcon.colcon_core.package_identification[0m [1;30mLevel 1[0m _identify(created_model_NXPCUP_2026.v2-v1_yolov8/content/NXPCUP_2026.v2-v1_a.yolov8/runs/train) by extensions ['cmake', 'python']
[0.435s] [34mcolcon.colcon_core.package_identification[0m [1;30mLevel 1[0m _identify(created_model_NXPCUP_2026.v2-v1_yolov8/content/NXPCUP_2026.v2-v1_a.yolov8/runs/train) by extension 'cmake'
[0.435s] [34mcolcon.colcon_core.package_identification[0m [1;30mLevel 1[0m _identify(created_model_NXPCUP_2026.v2-v1_yolov8/content/NXPCUP_2026.v2-v1_a.yolov8/runs/train) by extension 'python'
[0.435s] [34mcolcon.colcon_core.package_identification[0m [1;30mLevel 1[0m _identify(created_model_NXPCUP_2026.v2-v1_yolov8/content/NXPCUP_2026.v2-v1_a.yolov8/runs/train) by extensions ['python_setup_py']
[0.435s] [34mcolcon.colcon_core.package_identification[0m [1;30mLevel 1[0m _identify(created_model_NXPCUP_2026.v2-v1_yolov8/content/NXPCUP_2026.v2-v1_a.yolov8/runs/train) by extension 'python_setup_py'
[0.435s] [34mcolcon.colcon_core.package_identification[0m [1;30mLevel 1[0m _identify(created_model_NXPCUP_2026.v2-v1_yolov8/content/NXPCUP_2026.v2-v1_a.yolov8/runs/train/nxpcup_yolov8n) by extensions ['ignore', 'ignore_ament_install']
[0.435s] [34mcolcon.colcon_core.package_identification[0m [1;30mLevel 1[0m _identify(created_model_NXPCUP_2026.v2-v1_yolov8/content/NXPCUP_2026.v2-v1_a.yolov8/runs/train/nxpcup_yolov8n) by extension 'ignore'
[0.435s] [34mcolcon.colcon_core.package_identification[0m [1;30mLevel 1[0m _identify(created_model_NXPCUP_2026.v2-v1_yolov8/content/NXPCUP_2026.v2-v1_a.yolov8/runs/train/nxpcup_yolov8n) by extension 'ignore_ament_install'
[0.435s] [34mcolcon.colcon_core.package_identification[0m [1;30mLevel 1[0m _identify(created_model_NXPCUP_2026.v2-v1_yolov8/content/NXPCUP_2026.v2-v1_a.yolov8/runs/train/nxpcup_yolov8n) by extensions ['colcon_pkg']
[0.435s] [34mcolcon.colcon_core.package_identification[0m [1;30mLevel 1[0m _identify(created_model_NXPCUP_2026.v2-v1_yolov8/content/NXPCUP_2026.v2-v1_a.yolov8/runs/train/nxpcup_yolov8n) by extension 'colcon_pkg'
[0.435s] [34mcolcon.colcon_core.package_identification[0m [1;30mLevel 1[0m _identify(created_model_NXPCUP_2026.v2-v1_yolov8/content/NXPCUP_2026.v2-v1_a.yolov8/runs/train/nxpcup_yolov8n) by extensions ['colcon_meta']
[0.435s] [34mcolcon.colcon_core.package_identification[0m [1;30mLevel 1[0m _identify(created_model_NXPCUP_2026.v2-v1_yolov8/content/NXPCUP_2026.v2-v1_a.yolov8/runs/train/nxpcup_yolov8n) by extension 'colcon_meta'
[0.435s] [34mcolcon.colcon_core.package_identification[0m [1;30mLevel 1[0m _identify(created_model_NXPCUP_2026.v2-v1_yolov8/content/NXPCUP_2026.v2-v1_a.yolov8/runs/train/nxpcup_yolov8n) by extensions ['ros']
[0.435s] [34mcolcon.colcon_core.package_identification[0m [1;30mLevel 1[0m _identify(created_model_NXPCUP_2026.v2-v1_yolov8/content/NXPCUP_2026.v2-v1_a.yolov8/runs/train/nxpcup_yolov8n) by extension 'ros'
[0.435s] [34mcolcon.colcon_core.package_identification[0m [1;30mLevel 1[0m _identify(created_model_NXPCUP_2026.v2-v1_yolov8/content/NXPCUP_2026.v2-v1_a.yolov8/runs/train/nxpcup_yolov8n) by extensions ['cmake', 'python']
[0.435s] [34mcolcon.colcon_core.package_identification[0m [1;30mLevel 1[0m _identify(created_model_NXPCUP_2026.v2-v1_yolov8/content/NXPCUP_2026.v2-v1_a.yolov8/runs/train/nxpcup_yolov8n) by extension 'cmake'
[0.435s] [34mcolcon.colcon_core.package_identification[0m [1;30mLevel 1[0m _identify(created_model_NXPCUP_2026.v2-v1_yolov8/content/NXPCUP_2026.v2-v1_a.yolov8/runs/train/nxpcup_yolov8n) by extension 'python'
[0.435s] [34mcolcon.colcon_core.package_identification[0m [1;30mLevel 1[0m _identify(created_model_NXPCUP_2026.v2-v1_yolov8/content/NXPCUP_2026.v2-v1_a.yolov8/runs/train/nxpcup_yolov8n) by extensions ['python_setup_py']
[0.435s] [34mcolcon.colcon_core.package_identification[0m [1;30mLevel 1[0m _identify(created_model_NXPCUP_2026.v2-v1_yolov8/content/NXPCUP_2026.v2-v1_a.yolov8/runs/train/nxpcup_yolov8n) by extension 'python_setup_py'
[0.436s] [34mcolcon.colcon_core.package_identification[0m [1;30mLevel 1[0m _identify(created_model_NXPCUP_2026.v2-v1_yolov8/content/NXPCUP_2026.v2-v1_a.yolov8/runs/train/nxpcup_yolov8n/weights) by extensions ['ignore', 'ignore_ament_install']
[0.436s] [34mcolcon.colcon_core.package_identification[0m [1;30mLevel 1[0m _identify(created_model_NXPCUP_2026.v2-v1_yolov8/content/NXPCUP_2026.v2-v1_a.yolov8/runs/train/nxpcup_yolov8n/weights) by extension 'ignore'
[0.436s] [34mcolcon.colcon_core.package_identification[0m [1;30mLevel 1[0m _identify(created_model_NXPCUP_2026.v2-v1_yolov8/content/NXPCUP_2026.v2-v1_a.yolov8/runs/train/nxpcup_yolov8n/weights) by extension 'ignore_ament_install'
[0.436s] [34mcolcon.colcon_core.package_identification[0m [1;30mLevel 1[0m _identify(created_model_NXPCUP_2026.v2-v1_yolov8/content/NXPCUP_2026.v2-v1_a.yolov8/runs/train/nxpcup_yolov8n/weights) by extensions ['colcon_pkg']
[0.436s] [34mcolcon.colcon_core.package_identification[0m [1;30mLevel 1[0m _identify(created_model_NXPCUP_2026.v2-v1_yolov8/content/NXPCUP_2026.v2-v1_a.yolov8/runs/train/nxpcup_yolov8n/weights) by extension 'colcon_pkg'
[0.436s] [34mcolcon.colcon_core.package_identification[0m [1;30mLevel 1[0m _identify(created_model_NXPCUP_2026.v2-v1_yolov8/content/NXPCUP_2026.v2-v1_a.yolov8/runs/train/nxpcup_yolov8n/weights) by extensions ['colcon_meta']
[0.436s] [34mcolcon.colcon_core.package_identification[0m [1;30mLevel 1[0m _identify(created_model_NXPCUP_2026.v2-v1_yolov8/content/NXPCUP_2026.v2-v1_a.yolov8/runs/train/nxpcup_yolov8n/weights) by extension 'colcon_meta'
[0.436s] [34mcolcon.colcon_core.package_identification[0m [1;30mLevel 1[0m _identify(created_model_NXPCUP_2026.v2-v1_yolov8/content/NXPCUP_2026.v2-v1_a.yolov8/runs/train/nxpcup_yolov8n/weights) by extensions ['ros']
[0.436s] [34mcolcon.colcon_core.package_identification[0m [1;30mLevel 1[0m _identify(created_model_NXPCUP_2026.v2-v1_yolov8/content/NXPCUP_2026.v2-v1_a.yolov8/runs/train/nxpcup_yolov8n/weights) by extension 'ros'
[0.436s] [34mcolcon.colcon_core.package_identification[0m [1;30mLevel 1[0m _identify(created_model_NXPCUP_2026.v2-v1_yolov8/content/NXPCUP_2026.v2-v1_a.yolov8/runs/train/nxpcup_yolov8n/weights) by extensions ['cmake', 'python']
[0.436s] [34mcolcon.colcon_core.package_identification[0m [1;30mLevel 1[0m _identify(created_model_NXPCUP_2026.v2-v1_yolov8/content/NXPCUP_2026.v2-v1_a.yolov8/runs/train/nxpcup_yolov8n/weights) by extension 'cmake'
[0.436s] [34mcolcon.colcon_core.package_identification[0m [1;30mLevel 1[0m _identify(created_model_NXPCUP_2026.v2-v1_yolov8/content/NXPCUP_2026.v2-v1_a.yolov8/runs/train/nxpcup_yolov8n/weights) by extension 'python'
[0.436s] [34mcolcon.colcon_core.package_identification[0m [1;30mLevel 1[0m _identify(created_model_NXPCUP_2026.v2-v1_yolov8/content/NXPCUP_2026.v2-v1_a.yolov8/runs/train/nxpcup_yolov8n/weights) by extensions ['python_setup_py']
[0.436s] [34mcolcon.colcon_core.package_identification[0m [1;30mLevel 1[0m _identify(created_model_NXPCUP_2026.v2-v1_yolov8/content/NXPCUP_2026.v2-v1_a.yolov8/runs/train/nxpcup_yolov8n/weights) by extension 'python_setup_py'
[0.436s] [34mcolcon.colcon_core.package_identification[0m [1;30mLevel 1[0m _identify(created_model_NXPCUP_2026.v2-v1_yolov8/content/NXPCUP_2026.v2-v1_a.yolov8/scripts) by extensions ['ignore', 'ignore_ament_install']
[0.436s] [34mcolcon.colcon_core.package_identification[0m [1;30mLevel 1[0m _identify(created_model_NXPCUP_2026.v2-v1_yolov8/content/NXPCUP_2026.v2-v1_a.yolov8/scripts) by extension 'ignore'
[0.436s] [34mcolcon.colcon_core.package_identification[0m [1;30mLevel 1[0m _identify(created_model_NXPCUP_2026.v2-v1_yolov8/content/NXPCUP_2026.v2-v1_a.yolov8/scripts) by extension 'ignore_ament_install'
[0.436s] [34mcolcon.colcon_core.package_identification[0m [1;30mLevel 1[0m _identify(created_model_NXPCUP_2026.v2-v1_yolov8/content/NXPCUP_2026.v2-v1_a.yolov8/scripts) by extensions ['colcon_pkg']
[0.436s] [34mcolcon.colcon_core.package_identification[0m [1;30mLevel 1[0m _identify(created_model_NXPCUP_2026.v2-v1_yolov8/content/NXPCUP_2026.v2-v1_a.yolov8/scripts) by extension 'colcon_pkg'
[0.436s] [34mcolcon.colcon_core.package_identification[0m [1;30mLevel 1[0m _identify(created_model_NXPCUP_2026.v2-v1_yolov8/content/NXPCUP_2026.v2-v1_a.yolov8/scripts) by extensions ['colcon_meta']
[0.436s] [34mcolcon.colcon_core.package_identification[0m [1;30mLevel 1[0m _identify(created_model_NXPCUP_2026.v2-v1_yolov8/content/NXPCUP_2026.v2-v1_a.yolov8/scripts) by extension 'colcon_meta'
[0.436s] [34mcolcon.colcon_core.package_identification[0m [1;30mLevel 1[0m _identify(created_model_NXPCUP_2026.v2-v1_yolov8/content/NXPCUP_2026.v2-v1_a.yolov8/scripts) by extensions ['ros']
[0.436s] [34mcolcon.colcon_core.package_identification[0m [1;30mLevel 1[0m _identify(created_model_NXPCUP_2026.v2-v1_yolov8/content/NXPCUP_2026.v2-v1_a.yolov8/scripts) by extension 'ros'
[0.436s] [34mcolcon.colcon_core.package_identification[0m [1;30mLevel 1[0m _identify(created_model_NXPCUP_2026.v2-v1_yolov8/content/NXPCUP_2026.v2-v1_a.yolov8/scripts) by extensions ['cmake', 'python']
[0.436s] [34mcolcon.colcon_core.package_identification[0m [1;30mLevel 1[0m _identify(created_model_NXPCUP_2026.v2-v1_yolov8/content/NXPCUP_2026.v2-v1_a.yolov8/scripts) by extension 'cmake'
[0.436s] [34mcolcon.colcon_core.package_identification[0m [1;30mLevel 1[0m _identify(created_model_NXPCUP_2026.v2-v1_yolov8/content/NXPCUP_2026.v2-v1_a.yolov8/scripts) by extension 'python'
[0.436s] [34mcolcon.colcon_core.package_identification[0m [1;30mLevel 1[0m _identify(created_model_NXPCUP_2026.v2-v1_yolov8/content/NXPCUP_2026.v2-v1_a.yolov8/scripts) by extensions ['python_setup_py']
[0.436s] [34mcolcon.colcon_core.package_identification[0m [1;30mLevel 1[0m _identify(created_model_NXPCUP_2026.v2-v1_yolov8/content/NXPCUP_2026.v2-v1_a.yolov8/scripts) by extension 'python_setup_py'
[0.437s] [34mcolcon.colcon_core.package_identification[0m [1;30mLevel 1[0m _identify(created_model_NXPCUP_2026.v2-v1_yolov8/content/NXPCUP_2026.v2-v1_a.yolov8/test) by extensions ['ignore', 'ignore_ament_install']
[0.437s] [34mcolcon.colcon_core.package_identification[0m [1;30mLevel 1[0m _identify(created_model_NXPCUP_2026.v2-v1_yolov8/content/NXPCUP_2026.v2-v1_a.yolov8/test) by extension 'ignore'
[0.437s] [34mcolcon.colcon_core.package_identification[0m [1;30mLevel 1[0m _identify(created_model_NXPCUP_2026.v2-v1_yolov8/content/NXPCUP_2026.v2-v1_a.yolov8/test) by extension 'ignore_ament_install'
[0.437s] [34mcolcon.colcon_core.package_identification[0m [1;30mLevel 1[0m _identify(created_model_NXPCUP_2026.v2-v1_yolov8/content/NXPCUP_2026.v2-v1_a.yolov8/test) by extensions ['colcon_pkg']
[0.437s] [34mcolcon.colcon_core.package_identification[0m [1;30mLevel 1[0m _identify(created_model_NXPCUP_2026.v2-v1_yolov8/content/NXPCUP_2026.v2-v1_a.yolov8/test) by extension 'colcon_pkg'
[0.437s] [34mcolcon.colcon_core.package_identification[0m [1;30mLevel 1[0m _identify(created_model_NXPCUP_2026.v2-v1_yolov8/content/NXPCUP_2026.v2-v1_a.yolov8/test) by extensions ['colcon_meta']
[0.437s] [34mcolcon.colcon_core.package_identification[0m [1;30mLevel 1[0m _identify(created_model_NXPCUP_2026.v2-v1_yolov8/content/NXPCUP_2026.v2-v1_a.yolov8/test) by extension 'colcon_meta'
[0.437s] [34mcolcon.colcon_core.package_identification[0m [1;30mLevel 1[0m _identify(created_model_NXPCUP_2026.v2-v1_yolov8/content/NXPCUP_2026.v2-v1_a.yolov8/test) by extensions ['ros']
[0.437s] [34mcolcon.colcon_core.package_identification[0m [1;30mLevel 1[0m _identify(created_model_NXPCUP_2026.v2-v1_yolov8/content/NXPCUP_2026.v2-v1_a.yolov8/test) by extension 'ros'
[0.437s] [34mcolcon.colcon_core.package_identification[0m [1;30mLevel 1[0m _identify(created_model_NXPCUP_2026.v2-v1_yolov8/content/NXPCUP_2026.v2-v1_a.yolov8/test) by extensions ['cmake', 'python']
[0.437s] [34mcolcon.colcon_core.package_identification[0m [1;30mLevel 1[0m _identify(created_model_NXPCUP_2026.v2-v1_yolov8/content/NXPCUP_2026.v2-v1_a.yolov8/test) by extension 'cmake'
[0.437s] [34mcolcon.colcon_core.package_identification[0m [1;30mLevel 1[0m _identify(created_model_NXPCUP_2026.v2-v1_yolov8/content/NXPCUP_2026.v2-v1_a.yolov8/test) by extension 'python'
[0.437s] [34mcolcon.colcon_core.package_identification[0m [1;30mLevel 1[0m _identify(created_model_NXPCUP_2026.v2-v1_yolov8/content/NXPCUP_2026.v2-v1_a.yolov8/test) by extensions ['python_setup_py']
[0.437s] [34mcolcon.colcon_core.package_identification[0m [1;30mLevel 1[0m _identify(created_model_NXPCUP_2026.v2-v1_yolov8/content/NXPCUP_2026.v2-v1_a.yolov8/test) by extension 'python_setup_py'
[0.438s] [34mcolcon.colcon_core.package_identification[0m [1;30mLevel 1[0m _identify(created_model_NXPCUP_2026.v2-v1_yolov8/content/NXPCUP_2026.v2-v1_a.yolov8/test/images) by extensions ['ignore', 'ignore_ament_install']
[0.438s] [34mcolcon.colcon_core.package_identification[0m [1;30mLevel 1[0m _identify(created_model_NXPCUP_2026.v2-v1_yolov8/content/NXPCUP_2026.v2-v1_a.yolov8/test/images) by extension 'ignore'
[0.438s] [34mcolcon.colcon_core.package_identification[0m [1;30mLevel 1[0m _identify(created_model_NXPCUP_2026.v2-v1_yolov8/content/NXPCUP_2026.v2-v1_a.yolov8/test/images) by extension 'ignore_ament_install'
[0.438s] [34mcolcon.colcon_core.package_identification[0m [1;30mLevel 1[0m _identify(created_model_NXPCUP_2026.v2-v1_yolov8/content/NXPCUP_2026.v2-v1_a.yolov8/test/images) by extensions ['colcon_pkg']
[0.438s] [34mcolcon.colcon_core.package_identification[0m [1;30mLevel 1[0m _identify(created_model_NXPCUP_2026.v2-v1_yolov8/content/NXPCUP_2026.v2-v1_a.yolov8/test/images) by extension 'colcon_pkg'
[0.438s] [34mcolcon.colcon_core.package_identification[0m [1;30mLevel 1[0m _identify(created_model_NXPCUP_2026.v2-v1_yolov8/content/NXPCUP_2026.v2-v1_a.yolov8/test/images) by extensions ['colcon_meta']
[0.438s] [34mcolcon.colcon_core.package_identification[0m [1;30mLevel 1[0m _identify(created_model_NXPCUP_2026.v2-v1_yolov8/content/NXPCUP_2026.v2-v1_a.yolov8/test/images) by extension 'colcon_meta'
[0.438s] [34mcolcon.colcon_core.package_identification[0m [1;30mLevel 1[0m _identify(created_model_NXPCUP_2026.v2-v1_yolov8/content/NXPCUP_2026.v2-v1_a.yolov8/test/images) by extensions ['ros']
[0.438s] [34mcolcon.colcon_core.package_identification[0m [1;30mLevel 1[0m _identify(created_model_NXPCUP_2026.v2-v1_yolov8/content/NXPCUP_2026.v2-v1_a.yolov8/test/images) by extension 'ros'
[0.438s] [34mcolcon.colcon_core.package_identification[0m [1;30mLevel 1[0m _identify(created_model_NXPCUP_2026.v2-v1_yolov8/content/NXPCUP_2026.v2-v1_a.yolov8/test/images) by extensions ['cmake', 'python']
[0.438s] [34mcolcon.colcon_core.package_identification[0m [1;30mLevel 1[0m _identify(created_model_NXPCUP_2026.v2-v1_yolov8/content/NXPCUP_2026.v2-v1_a.yolov8/test/images) by extension 'cmake'
[0.438s] [34mcolcon.colcon_core.package_identification[0m [1;30mLevel 1[0m _identify(created_model_NXPCUP_2026.v2-v1_yolov8/content/NXPCUP_2026.v2-v1_a.yolov8/test/images) by extension 'python'
[0.438s] [34mcolcon.colcon_core.package_identification[0m [1;30mLevel 1[0m _identify(created_model_NXPCUP_2026.v2-v1_yolov8/content/NXPCUP_2026.v2-v1_a.yolov8/test/images) by extensions ['python_setup_py']
[0.438s] [34mcolcon.colcon_core.package_identification[0m [1;30mLevel 1[0m _identify(created_model_NXPCUP_2026.v2-v1_yolov8/content/NXPCUP_2026.v2-v1_a.yolov8/test/images) by extension 'python_setup_py'
[0.439s] [34mcolcon.colcon_core.package_identification[0m [1;30mLevel 1[0m _identify(created_model_NXPCUP_2026.v2-v1_yolov8/content/NXPCUP_2026.v2-v1_a.yolov8/test/labels) by extensions ['ignore', 'ignore_ament_install']
[0.439s] [34mcolcon.colcon_core.package_identification[0m [1;30mLevel 1[0m _identify(created_model_NXPCUP_2026.v2-v1_yolov8/content/NXPCUP_2026.v2-v1_a.yolov8/test/labels) by extension 'ignore'
[0.439s] [34mcolcon.colcon_core.package_identification[0m [1;30mLevel 1[0m _identify(created_model_NXPCUP_2026.v2-v1_yolov8/content/NXPCUP_2026.v2-v1_a.yolov8/test/labels) by extension 'ignore_ament_install'
[0.439s] [34mcolcon.colcon_core.package_identification[0m [1;30mLevel 1[0m _identify(created_model_NXPCUP_2026.v2-v1_yolov8/content/NXPCUP_2026.v2-v1_a.yolov8/test/labels) by extensions ['colcon_pkg']
[0.439s] [34mcolcon.colcon_core.package_identification[0m [1;30mLevel 1[0m _identify(created_model_NXPCUP_2026.v2-v1_yolov8/content/NXPCUP_2026.v2-v1_a.yolov8/test/labels) by extension 'colcon_pkg'
[0.439s] [34mcolcon.colcon_core.package_identification[0m [1;30mLevel 1[0m _identify(created_model_NXPCUP_2026.v2-v1_yolov8/content/NXPCUP_2026.v2-v1_a.yolov8/test/labels) by extensions ['colcon_meta']
[0.439s] [34mcolcon.colcon_core.package_identification[0m [1;30mLevel 1[0m _identify(created_model_NXPCUP_2026.v2-v1_yolov8/content/NXPCUP_2026.v2-v1_a.yolov8/test/labels) by extension 'colcon_meta'
[0.439s] [34mcolcon.colcon_core.package_identification[0m [1;30mLevel 1[0m _identify(created_model_NXPCUP_2026.v2-v1_yolov8/content/NXPCUP_2026.v2-v1_a.yolov8/test/labels) by extensions ['ros']
[0.439s] [34mcolcon.colcon_core.package_identification[0m [1;30mLevel 1[0m _identify(created_model_NXPCUP_2026.v2-v1_yolov8/content/NXPCUP_2026.v2-v1_a.yolov8/test/labels) by extension 'ros'
[0.439s] [34mcolcon.colcon_core.package_identification[0m [1;30mLevel 1[0m _identify(created_model_NXPCUP_2026.v2-v1_yolov8/content/NXPCUP_2026.v2-v1_a.yolov8/test/labels) by extensions ['cmake', 'python']
[0.439s] [34mcolcon.colcon_core.package_identification[0m [1;30mLevel 1[0m _identify(created_model_NXPCUP_2026.v2-v1_yolov8/content/NXPCUP_2026.v2-v1_a.yolov8/test/labels) by extension 'cmake'
[0.439s] [34mcolcon.colcon_core.package_identification[0m [1;30mLevel 1[0m _identify(created_model_NXPCUP_2026.v2-v1_yolov8/content/NXPCUP_2026.v2-v1_a.yolov8/test/labels) by extension 'python'
[0.439s] [34mcolcon.colcon_core.package_identification[0m [1;30mLevel 1[0m _identify(created_model_NXPCUP_2026.v2-v1_yolov8/content/NXPCUP_2026.v2-v1_a.yolov8/test/labels) by extensions ['python_setup_py']
[0.439s] [34mcolcon.colcon_core.package_identification[0m [1;30mLevel 1[0m _identify(created_model_NXPCUP_2026.v2-v1_yolov8/content/NXPCUP_2026.v2-v1_a.yolov8/test/labels) by extension 'python_setup_py'
[0.439s] [34mcolcon.colcon_core.package_identification[0m [1;30mLevel 1[0m _identify(created_model_NXPCUP_2026.v2-v1_yolov8/content/NXPCUP_2026.v2-v1_a.yolov8/train) by extensions ['ignore', 'ignore_ament_install']
[0.439s] [34mcolcon.colcon_core.package_identification[0m [1;30mLevel 1[0m _identify(created_model_NXPCUP_2026.v2-v1_yolov8/content/NXPCUP_2026.v2-v1_a.yolov8/train) by extension 'ignore'
[0.439s] [34mcolcon.colcon_core.package_identification[0m [1;30mLevel 1[0m _identify(created_model_NXPCUP_2026.v2-v1_yolov8/content/NXPCUP_2026.v2-v1_a.yolov8/train) by extension 'ignore_ament_install'
[0.439s] [34mcolcon.colcon_core.package_identification[0m [1;30mLevel 1[0m _identify(created_model_NXPCUP_2026.v2-v1_yolov8/content/NXPCUP_2026.v2-v1_a.yolov8/train) by extensions ['colcon_pkg']
[0.439s] [34mcolcon.colcon_core.package_identification[0m [1;30mLevel 1[0m _identify(created_model_NXPCUP_2026.v2-v1_yolov8/content/NXPCUP_2026.v2-v1_a.yolov8/train) by extension 'colcon_pkg'
[0.439s] [34mcolcon.colcon_core.package_identification[0m [1;30mLevel 1[0m _identify(created_model_NXPCUP_2026.v2-v1_yolov8/content/NXPCUP_2026.v2-v1_a.yolov8/train) by extensions ['colcon_meta']
[0.439s] [34mcolcon.colcon_core.package_identification[0m [1;30mLevel 1[0m _identify(created_model_NXPCUP_2026.v2-v1_yolov8/content/NXPCUP_2026.v2-v1_a.yolov8/train) by extension 'colcon_meta'
[0.440s] [34mcolcon.colcon_core.package_identification[0m [1;30mLevel 1[0m _identify(created_model_NXPCUP_2026.v2-v1_yolov8/content/NXPCUP_2026.v2-v1_a.yolov8/train) by extensions ['ros']
[0.440s] [34mcolcon.colcon_core.package_identification[0m [1;30mLevel 1[0m _identify(created_model_NXPCUP_2026.v2-v1_yolov8/content/NXPCUP_2026.v2-v1_a.yolov8/train) by extension 'ros'
[0.440s] [34mcolcon.colcon_core.package_identification[0m [1;30mLevel 1[0m _identify(created_model_NXPCUP_2026.v2-v1_yolov8/content/NXPCUP_2026.v2-v1_a.yolov8/train) by extensions ['cmake', 'python']
[0.440s] [34mcolcon.colcon_core.package_identification[0m [1;30mLevel 1[0m _identify(created_model_NXPCUP_2026.v2-v1_yolov8/content/NXPCUP_2026.v2-v1_a.yolov8/train) by extension 'cmake'
[0.440s] [34mcolcon.colcon_core.package_identification[0m [1;30mLevel 1[0m _identify(created_model_NXPCUP_2026.v2-v1_yolov8/content/NXPCUP_2026.v2-v1_a.yolov8/train) by extension 'python'
[0.440s] [34mcolcon.colcon_core.package_identification[0m [1;30mLevel 1[0m _identify(created_model_NXPCUP_2026.v2-v1_yolov8/content/NXPCUP_2026.v2-v1_a.yolov8/train) by extensions ['python_setup_py']
[0.440s] [34mcolcon.colcon_core.package_identification[0m [1;30mLevel 1[0m _identify(created_model_NXPCUP_2026.v2-v1_yolov8/content/NXPCUP_2026.v2-v1_a.yolov8/train) by extension 'python_setup_py'
[0.446s] [34mcolcon.colcon_core.package_identification[0m [1;30mLevel 1[0m _identify(created_model_NXPCUP_2026.v2-v1_yolov8/content/NXPCUP_2026.v2-v1_a.yolov8/train/images) by extensions ['ignore', 'ignore_ament_install']
[0.446s] [34mcolcon.colcon_core.package_identification[0m [1;30mLevel 1[0m _identify(created_model_NXPCUP_2026.v2-v1_yolov8/content/NXPCUP_2026.v2-v1_a.yolov8/train/images) by extension 'ignore'
[0.446s] [34mcolcon.colcon_core.package_identification[0m [1;30mLevel 1[0m _identify(created_model_NXPCUP_2026.v2-v1_yolov8/content/NXPCUP_2026.v2-v1_a.yolov8/train/images) by extension 'ignore_ament_install'
[0.446s] [34mcolcon.colcon_core.package_identification[0m [1;30mLevel 1[0m _identify(created_model_NXPCUP_2026.v2-v1_yolov8/content/NXPCUP_2026.v2-v1_a.yolov8/train/images) by extensions ['colcon_pkg']
[0.447s] [34mcolcon.colcon_core.package_identification[0m [1;30mLevel 1[0m _identify(created_model_NXPCUP_2026.v2-v1_yolov8/content/NXPCUP_2026.v2-v1_a.yolov8/train/images) by extension 'colcon_pkg'
[0.447s] [34mcolcon.colcon_core.package_identification[0m [1;30mLevel 1[0m _identify(created_model_NXPCUP_2026.v2-v1_yolov8/content/NXPCUP_2026.v2-v1_a.yolov8/train/images) by extensions ['colcon_meta']
[0.447s] [34mcolcon.colcon_core.package_identification[0m [1;30mLevel 1[0m _identify(created_model_NXPCUP_2026.v2-v1_yolov8/content/NXPCUP_2026.v2-v1_a.yolov8/train/images) by extension 'colcon_meta'
[0.447s] [34mcolcon.colcon_core.package_identification[0m [1;30mLevel 1[0m _identify(created_model_NXPCUP_2026.v2-v1_yolov8/content/NXPCUP_2026.v2-v1_a.yolov8/train/images) by extensions ['ros']
[0.447s] [34mcolcon.colcon_core.package_identification[0m [1;30mLevel 1[0m _identify(created_model_NXPCUP_2026.v2-v1_yolov8/content/NXPCUP_2026.v2-v1_a.yolov8/train/images) by extension 'ros'
[0.447s] [34mcolcon.colcon_core.package_identification[0m [1;30mLevel 1[0m _identify(created_model_NXPCUP_2026.v2-v1_yolov8/content/NXPCUP_2026.v2-v1_a.yolov8/train/images) by extensions ['cmake', 'python']
[0.447s] [34mcolcon.colcon_core.package_identification[0m [1;30mLevel 1[0m _identify(created_model_NXPCUP_2026.v2-v1_yolov8/content/NXPCUP_2026.v2-v1_a.yolov8/train/images) by extension 'cmake'
[0.447s] [34mcolcon.colcon_core.package_identification[0m [1;30mLevel 1[0m _identify(created_model_NXPCUP_2026.v2-v1_yolov8/content/NXPCUP_2026.v2-v1_a.yolov8/train/images) by extension 'python'
[0.447s] [34mcolcon.colcon_core.package_identification[0m [1;30mLevel 1[0m _identify(created_model_NXPCUP_2026.v2-v1_yolov8/content/NXPCUP_2026.v2-v1_a.yolov8/train/images) by extensions ['python_setup_py']
[0.447s] [34mcolcon.colcon_core.package_identification[0m [1;30mLevel 1[0m _identify(created_model_NXPCUP_2026.v2-v1_yolov8/content/NXPCUP_2026.v2-v1_a.yolov8/train/images) by extension 'python_setup_py'
[0.454s] [34mcolcon.colcon_core.package_identification[0m [1;30mLevel 1[0m _identify(created_model_NXPCUP_2026.v2-v1_yolov8/content/NXPCUP_2026.v2-v1_a.yolov8/train/labels) by extensions ['ignore', 'ignore_ament_install']
[0.454s] [34mcolcon.colcon_core.package_identification[0m [1;30mLevel 1[0m _identify(created_model_NXPCUP_2026.v2-v1_yolov8/content/NXPCUP_2026.v2-v1_a.yolov8/train/labels) by extension 'ignore'
[0.454s] [34mcolcon.colcon_core.package_identification[0m [1;30mLevel 1[0m _identify(created_model_NXPCUP_2026.v2-v1_yolov8/content/NXPCUP_2026.v2-v1_a.yolov8/train/labels) by extension 'ignore_ament_install'
[0.454s] [34mcolcon.colcon_core.package_identification[0m [1;30mLevel 1[0m _identify(created_model_NXPCUP_2026.v2-v1_yolov8/content/NXPCUP_2026.v2-v1_a.yolov8/train/labels) by extensions ['colcon_pkg']
[0.454s] [34mcolcon.colcon_core.package_identification[0m [1;30mLevel 1[0m _identify(created_model_NXPCUP_2026.v2-v1_yolov8/content/NXPCUP_2026.v2-v1_a.yolov8/train/labels) by extension 'colcon_pkg'
[0.454s] [34mcolcon.colcon_core.package_identification[0m [1;30mLevel 1[0m _identify(created_model_NXPCUP_2026.v2-v1_yolov8/content/NXPCUP_2026.v2-v1_a.yolov8/train/labels) by extensions ['colcon_meta']
[0.454s] [34mcolcon.colcon_core.package_identification[0m [1;30mLevel 1[0m _identify(created_model_NXPCUP_2026.v2-v1_yolov8/content/NXPCUP_2026.v2-v1_a.yolov8/train/labels) by extension 'colcon_meta'
[0.454s] [34mcolcon.colcon_core.package_identification[0m [1;30mLevel 1[0m _identify(created_model_NXPCUP_2026.v2-v1_yolov8/content/NXPCUP_2026.v2-v1_a.yolov8/train/labels) by extensions ['ros']
[0.454s] [34mcolcon.colcon_core.package_identification[0m [1;30mLevel 1[0m _identify(created_model_NXPCUP_2026.v2-v1_yolov8/content/NXPCUP_2026.v2-v1_a.yolov8/train/labels) by extension 'ros'
[0.454s] [34mcolcon.colcon_core.package_identification[0m [1;30mLevel 1[0m _identify(created_model_NXPCUP_2026.v2-v1_yolov8/content/NXPCUP_2026.v2-v1_a.yolov8/train/labels) by extensions ['cmake', 'python']
[0.454s] [34mcolcon.colcon_core.package_identification[0m [1;30mLevel 1[0m _identify(created_model_NXPCUP_2026.v2-v1_yolov8/content/NXPCUP_2026.v2-v1_a.yolov8/train/labels) by extension 'cmake'
[0.454s] [34mcolcon.colcon_core.package_identification[0m [1;30mLevel 1[0m _identify(created_model_NXPCUP_2026.v2-v1_yolov8/content/NXPCUP_2026.v2-v1_a.yolov8/train/labels) by extension 'python'
[0.454s] [34mcolcon.colcon_core.package_identification[0m [1;30mLevel 1[0m _identify(created_model_NXPCUP_2026.v2-v1_yolov8/content/NXPCUP_2026.v2-v1_a.yolov8/train/labels) by extensions ['python_setup_py']
[0.454s] [34mcolcon.colcon_core.package_identification[0m [1;30mLevel 1[0m _identify(created_model_NXPCUP_2026.v2-v1_yolov8/content/NXPCUP_2026.v2-v1_a.yolov8/train/labels) by extension 'python_setup_py'
[0.455s] [34mcolcon.colcon_core.package_identification[0m [1;30mLevel 1[0m _identify(created_model_NXPCUP_2026.v2-v1_yolov8/content/NXPCUP_2026.v2-v1_a.yolov8/valid) by extensions ['ignore', 'ignore_ament_install']
[0.455s] [34mcolcon.colcon_core.package_identification[0m [1;30mLevel 1[0m _identify(created_model_NXPCUP_2026.v2-v1_yolov8/content/NXPCUP_2026.v2-v1_a.yolov8/valid) by extension 'ignore'
[0.455s] [34mcolcon.colcon_core.package_identification[0m [1;30mLevel 1[0m _identify(created_model_NXPCUP_2026.v2-v1_yolov8/content/NXPCUP_2026.v2-v1_a.yolov8/valid) by extension 'ignore_ament_install'
[0.455s] [34mcolcon.colcon_core.package_identification[0m [1;30mLevel 1[0m _identify(created_model_NXPCUP_2026.v2-v1_yolov8/content/NXPCUP_2026.v2-v1_a.yolov8/valid) by extensions ['colcon_pkg']
[0.455s] [34mcolcon.colcon_core.package_identification[0m [1;30mLevel 1[0m _identify(created_model_NXPCUP_2026.v2-v1_yolov8/content/NXPCUP_2026.v2-v1_a.yolov8/valid) by extension 'colcon_pkg'
[0.455s] [34mcolcon.colcon_core.package_identification[0m [1;30mLevel 1[0m _identify(created_model_NXPCUP_2026.v2-v1_yolov8/content/NXPCUP_2026.v2-v1_a.yolov8/valid) by extensions ['colcon_meta']
[0.455s] [34mcolcon.colcon_core.package_identification[0m [1;30mLevel 1[0m _identify(created_model_NXPCUP_2026.v2-v1_yolov8/content/NXPCUP_2026.v2-v1_a.yolov8/valid) by extension 'colcon_meta'
[0.455s] [34mcolcon.colcon_core.package_identification[0m [1;30mLevel 1[0m _identify(created_model_NXPCUP_2026.v2-v1_yolov8/content/NXPCUP_2026.v2-v1_a.yolov8/valid) by extensions ['ros']
[0.455s] [34mcolcon.colcon_core.package_identification[0m [1;30mLevel 1[0m _identify(created_model_NXPCUP_2026.v2-v1_yolov8/content/NXPCUP_2026.v2-v1_a.yolov8/valid) by extension 'ros'
[0.455s] [34mcolcon.colcon_core.package_identification[0m [1;30mLevel 1[0m _identify(created_model_NXPCUP_2026.v2-v1_yolov8/content/NXPCUP_2026.v2-v1_a.yolov8/valid) by extensions ['cmake', 'python']
[0.455s] [34mcolcon.colcon_core.package_identification[0m [1;30mLevel 1[0m _identify(created_model_NXPCUP_2026.v2-v1_yolov8/content/NXPCUP_2026.v2-v1_a.yolov8/valid) by extension 'cmake'
[0.455s] [34mcolcon.colcon_core.package_identification[0m [1;30mLevel 1[0m _identify(created_model_NXPCUP_2026.v2-v1_yolov8/content/NXPCUP_2026.v2-v1_a.yolov8/valid) by extension 'python'
[0.455s] [34mcolcon.colcon_core.package_identification[0m [1;30mLevel 1[0m _identify(created_model_NXPCUP_2026.v2-v1_yolov8/content/NXPCUP_2026.v2-v1_a.yolov8/valid) by extensions ['python_setup_py']
[0.455s] [34mcolcon.colcon_core.package_identification[0m [1;30mLevel 1[0m _identify(created_model_NXPCUP_2026.v2-v1_yolov8/content/NXPCUP_2026.v2-v1_a.yolov8/valid) by extension 'python_setup_py'
[0.455s] [34mcolcon.colcon_core.package_identification[0m [1;30mLevel 1[0m _identify(created_model_NXPCUP_2026.v2-v1_yolov8/content/NXPCUP_2026.v2-v1_a.yolov8/valid/images) by extensions ['ignore', 'ignore_ament_install']
[0.456s] [34mcolcon.colcon_core.package_identification[0m [1;30mLevel 1[0m _identify(created_model_NXPCUP_2026.v2-v1_yolov8/content/NXPCUP_2026.v2-v1_a.yolov8/valid/images) by extension 'ignore'
[0.456s] [34mcolcon.colcon_core.package_identification[0m [1;30mLevel 1[0m _identify(created_model_NXPCUP_2026.v2-v1_yolov8/content/NXPCUP_2026.v2-v1_a.yolov8/valid/images) by extension 'ignore_ament_install'
[0.456s] [34mcolcon.colcon_core.package_identification[0m [1;30mLevel 1[0m _identify(created_model_NXPCUP_2026.v2-v1_yolov8/content/NXPCUP_2026.v2-v1_a.yolov8/valid/images) by extensions ['colcon_pkg']
[0.456s] [34mcolcon.colcon_core.package_identification[0m [1;30mLevel 1[0m _identify(created_model_NXPCUP_2026.v2-v1_yolov8/content/NXPCUP_2026.v2-v1_a.yolov8/valid/images) by extension 'colcon_pkg'
[0.456s] [34mcolcon.colcon_core.package_identification[0m [1;30mLevel 1[0m _identify(created_model_NXPCUP_2026.v2-v1_yolov8/content/NXPCUP_2026.v2-v1_a.yolov8/valid/images) by extensions ['colcon_meta']
[0.456s] [34mcolcon.colcon_core.package_identification[0m [1;30mLevel 1[0m _identify(created_model_NXPCUP_2026.v2-v1_yolov8/content/NXPCUP_2026.v2-v1_a.yolov8/valid/images) by extension 'colcon_meta'
[0.456s] [34mcolcon.colcon_core.package_identification[0m [1;30mLevel 1[0m _identify(created_model_NXPCUP_2026.v2-v1_yolov8/content/NXPCUP_2026.v2-v1_a.yolov8/valid/images) by extensions ['ros']
[0.456s] [34mcolcon.colcon_core.package_identification[0m [1;30mLevel 1[0m _identify(created_model_NXPCUP_2026.v2-v1_yolov8/content/NXPCUP_2026.v2-v1_a.yolov8/valid/images) by extension 'ros'
[0.456s] [34mcolcon.colcon_core.package_identification[0m [1;30mLevel 1[0m _identify(created_model_NXPCUP_2026.v2-v1_yolov8/content/NXPCUP_2026.v2-v1_a.yolov8/valid/images) by extensions ['cmake', 'python']
[0.456s] [34mcolcon.colcon_core.package_identification[0m [1;30mLevel 1[0m _identify(created_model_NXPCUP_2026.v2-v1_yolov8/content/NXPCUP_2026.v2-v1_a.yolov8/valid/images) by extension 'cmake'
[0.456s] [34mcolcon.colcon_core.package_identification[0m [1;30mLevel 1[0m _identify(created_model_NXPCUP_2026.v2-v1_yolov8/content/NXPCUP_2026.v2-v1_a.yolov8/valid/images) by extension 'python'
[0.456s] [34mcolcon.colcon_core.package_identification[0m [1;30mLevel 1[0m _identify(created_model_NXPCUP_2026.v2-v1_yolov8/content/NXPCUP_2026.v2-v1_a.yolov8/valid/images) by extensions ['python_setup_py']
[0.456s] [34mcolcon.colcon_core.package_identification[0m [1;30mLevel 1[0m _identify(created_model_NXPCUP_2026.v2-v1_yolov8/content/NXPCUP_2026.v2-v1_a.yolov8/valid/images) by extension 'python_setup_py'
[0.456s] [34mcolcon.colcon_core.package_identification[0m [1;30mLevel 1[0m _identify(created_model_NXPCUP_2026.v2-v1_yolov8/content/NXPCUP_2026.v2-v1_a.yolov8/valid/labels) by extensions ['ignore', 'ignore_ament_install']
[0.456s] [34mcolcon.colcon_core.package_identification[0m [1;30mLevel 1[0m _identify(created_model_NXPCUP_2026.v2-v1_yolov8/content/NXPCUP_2026.v2-v1_a.yolov8/valid/labels) by extension 'ignore'
[0.456s] [34mcolcon.colcon_core.package_identification[0m [1;30mLevel 1[0m _identify(created_model_NXPCUP_2026.v2-v1_yolov8/content/NXPCUP_2026.v2-v1_a.yolov8/valid/labels) by extension 'ignore_ament_install'
[0.456s] [34mcolcon.colcon_core.package_identification[0m [1;30mLevel 1[0m _identify(created_model_NXPCUP_2026.v2-v1_yolov8/content/NXPCUP_2026.v2-v1_a.yolov8/valid/labels) by extensions ['colcon_pkg']
[0.456s] [34mcolcon.colcon_core.package_identification[0m [1;30mLevel 1[0m _identify(created_model_NXPCUP_2026.v2-v1_yolov8/content/NXPCUP_2026.v2-v1_a.yolov8/valid/labels) by extension 'colcon_pkg'
[0.456s] [34mcolcon.colcon_core.package_identification[0m [1;30mLevel 1[0m _identify(created_model_NXPCUP_2026.v2-v1_yolov8/content/NXPCUP_2026.v2-v1_a.yolov8/valid/labels) by extensions ['colcon_meta']
[0.457s] [34mcolcon.colcon_core.package_identification[0m [1;30mLevel 1[0m _identify(created_model_NXPCUP_2026.v2-v1_yolov8/content/NXPCUP_2026.v2-v1_a.yolov8/valid/labels) by extension 'colcon_meta'
[0.457s] [34mcolcon.colcon_core.package_identification[0m [1;30mLevel 1[0m _identify(created_model_NXPCUP_2026.v2-v1_yolov8/content/NXPCUP_2026.v2-v1_a.yolov8/valid/labels) by extensions ['ros']
[0.457s] [34mcolcon.colcon_core.package_identification[0m [1;30mLevel 1[0m _identify(created_model_NXPCUP_2026.v2-v1_yolov8/content/NXPCUP_2026.v2-v1_a.yolov8/valid/labels) by extension 'ros'
[0.457s] [34mcolcon.colcon_core.package_identification[0m [1;30mLevel 1[0m _identify(created_model_NXPCUP_2026.v2-v1_yolov8/content/NXPCUP_2026.v2-v1_a.yolov8/valid/labels) by extensions ['cmake', 'python']
[0.457s] [34mcolcon.colcon_core.package_identification[0m [1;30mLevel 1[0m _identify(created_model_NXPCUP_2026.v2-v1_yolov8/content/NXPCUP_2026.v2-v1_a.yolov8/valid/labels) by extension 'cmake'
[0.457s] [34mcolcon.colcon_core.package_identification[0m [1;30mLevel 1[0m _identify(created_model_NXPCUP_2026.v2-v1_yolov8/content/NXPCUP_2026.v2-v1_a.yolov8/valid/labels) by extension 'python'
[0.457s] [34mcolcon.colcon_core.package_identification[0m [1;30mLevel 1[0m _identify(created_model_NXPCUP_2026.v2-v1_yolov8/content/NXPCUP_2026.v2-v1_a.yolov8/valid/labels) by extensions ['python_setup_py']
[0.457s] [34mcolcon.colcon_core.package_identification[0m [1;30mLevel 1[0m _identify(created_model_NXPCUP_2026.v2-v1_yolov8/content/NXPCUP_2026.v2-v1_a.yolov8/valid/labels) by extension 'python_setup_py'
[0.457s] [34mcolcon.colcon_core.package_identification[0m [1;30mLevel 1[0m _identify(install) by extensions ['ignore', 'ignore_ament_install']
[0.457s] [34mcolcon.colcon_core.package_identification[0m [1;30mLevel 1[0m _identify(install) by extension 'ignore'
[0.457s] [34mcolcon.colcon_core.package_identification[0m [1;30mLevel 1[0m _identify(install) ignored
[0.457s] [34mcolcon.colcon_core.package_identification[0m [1;30mLevel 1[0m _identify(log) by extensions ['ignore', 'ignore_ament_install']
[0.457s] [34mcolcon.colcon_core.package_identification[0m [1;30mLevel 1[0m _identify(log) by extension 'ignore'
[0.457s] [34mcolcon.colcon_core.package_identification[0m [1;30mLevel 1[0m _identify(log) ignored
[0.457s] [34mcolcon.colcon_core.package_identification[0m [1;30mLevel 1[0m _identify(src) by extensions ['ignore', 'ignore_ament_install']
[0.457s] [34mcolcon.colcon_core.package_identification[0m [1;30mLevel 1[0m _identify(src) by extension 'ignore'
[0.457s] [34mcolcon.colcon_core.package_identification[0m [1;30mLevel 1[0m _identify(src) by extension 'ignore_ament_install'
[0.457s] [34mcolcon.colcon_core.package_identification[0m [1;30mLevel 1[0m _identify(src) by extensions ['colcon_pkg']
[0.457s] [34mcolcon.colcon_core.package_identification[0m [1;30mLevel 1[0m _identify(src) by extension 'colcon_pkg'
[0.457s] [34mcolcon.colcon_core.package_identification[0m [1;30mLevel 1[0m _identify(src) by extensions ['colcon_meta']
[0.457s] [34mcolcon.colcon_core.package_identification[0m [1;30mLevel 1[0m _identify(src) by extension 'colcon_meta'
[0.457s] [34mcolcon.colcon_core.package_identification[0m [1;30mLevel 1[0m _identify(src) by extensions ['ros']
[0.457s] [34mcolcon.colcon_core.package_identification[0m [1;30mLevel 1[0m _identify(src) by extension 'ros'
[0.457s] [34mcolcon.colcon_core.package_identification[0m [1;30mLevel 1[0m _identify(src) by extensions ['cmake', 'python']
[0.457s] [34mcolcon.colcon_core.package_identification[0m [1;30mLevel 1[0m _identify(src) by extension 'cmake'
[0.457s] [34mcolcon.colcon_core.package_identification[0m [1;30mLevel 1[0m _identify(src) by extension 'python'
[0.457s] [34mcolcon.colcon_core.package_identification[0m [1;30mLevel 1[0m _identify(src) by extensions ['python_setup_py']
[0.457s] [34mcolcon.colcon_core.package_identification[0m [1;30mLevel 1[0m _identify(src) by extension 'python_setup_py'
[0.458s] [34mcolcon.colcon_core.package_identification[0m [1;30mLevel 1[0m _identify(src/b3rb) by extensions ['ignore', 'ignore_ament_install']
[0.458s] [34mcolcon.colcon_core.package_identification[0m [1;30mLevel 1[0m _identify(src/b3rb) by extension 'ignore'
[0.458s] [34mcolcon.colcon_core.package_identification[0m [1;30mLevel 1[0m _identify(src/b3rb) by extension 'ignore_ament_install'
[0.458s] [34mcolcon.colcon_core.package_identification[0m [1;30mLevel 1[0m _identify(src/b3rb) by extensions ['colcon_pkg']
[0.458s] [34mcolcon.colcon_core.package_identification[0m [1;30mLevel 1[0m _identify(src/b3rb) by extension 'colcon_pkg'
[0.458s] [34mcolcon.colcon_core.package_identification[0m [1;30mLevel 1[0m _identify(src/b3rb) by extensions ['colcon_meta']
[0.458s] [34mcolcon.colcon_core.package_identification[0m [1;30mLevel 1[0m _identify(src/b3rb) by extension 'colcon_meta'
[0.458s] [34mcolcon.colcon_core.package_identification[0m [1;30mLevel 1[0m _identify(src/b3rb) by extensions ['ros']
[0.458s] [34mcolcon.colcon_core.package_identification[0m [1;30mLevel 1[0m _identify(src/b3rb) by extension 'ros'
[0.458s] [34mcolcon.colcon_core.package_identification[0m [1;30mLevel 1[0m _identify(src/b3rb) by extensions ['cmake', 'python']
[0.458s] [34mcolcon.colcon_core.package_identification[0m [1;30mLevel 1[0m _identify(src/b3rb) by extension 'cmake'
[0.458s] [34mcolcon.colcon_core.package_identification[0m [1;30mLevel 1[0m _identify(src/b3rb) by extension 'python'
[0.458s] [34mcolcon.colcon_core.package_identification[0m [1;30mLevel 1[0m _identify(src/b3rb) by extensions ['python_setup_py']
[0.458s] [34mcolcon.colcon_core.package_identification[0m [1;30mLevel 1[0m _identify(src/b3rb) by extension 'python_setup_py'
[0.458s] [34mcolcon.colcon_core.package_identification[0m [1;30mLevel 1[0m _identify(src/b3rb/b3rb_description) by extensions ['ignore', 'ignore_ament_install']
[0.458s] [34mcolcon.colcon_core.package_identification[0m [1;30mLevel 1[0m _identify(src/b3rb/b3rb_description) by extension 'ignore'
[0.458s] [34mcolcon.colcon_core.package_identification[0m [1;30mLevel 1[0m _identify(src/b3rb/b3rb_description) by extension 'ignore_ament_install'
[0.458s] [34mcolcon.colcon_core.package_identification[0m [1;30mLevel 1[0m _identify(src/b3rb/b3rb_description) by extensions ['colcon_pkg']
[0.458s] [34mcolcon.colcon_core.package_identification[0m [1;30mLevel 1[0m _identify(src/b3rb/b3rb_description) by extension 'colcon_pkg'
[0.458s] [34mcolcon.colcon_core.package_identification[0m [1;30mLevel 1[0m _identify(src/b3rb/b3rb_description) by extensions ['colcon_meta']
[0.458s] [34mcolcon.colcon_core.package_identification[0m [1;30mLevel 1[0m _identify(src/b3rb/b3rb_description) by extension 'colcon_meta'
[0.458s] [34mcolcon.colcon_core.package_identification[0m [1;30mLevel 1[0m _identify(src/b3rb/b3rb_description) by extensions ['ros']
[0.458s] [34mcolcon.colcon_core.package_identification[0m [1;30mLevel 1[0m _identify(src/b3rb/b3rb_description) by extension 'ros'
[0.461s] [34mcolcon.colcon_core.package_identification[0m [1;30mDEBUG[0m [32mPackage 'src/b3rb/b3rb_description' with type 'ros.ament_cmake' and name 'b3rb_description'[0m
[0.461s] [34mcolcon.colcon_core.package_identification[0m [1;30mLevel 1[0m _identify(src/b3rb/b3rb_nav2) by extensions ['ignore', 'ignore_ament_install']
[0.461s] [34mcolcon.colcon_core.package_identification[0m [1;30mLevel 1[0m _identify(src/b3rb/b3rb_nav2) by extension 'ignore'
[0.461s] [34mcolcon.colcon_core.package_identification[0m [1;30mLevel 1[0m _identify(src/b3rb/b3rb_nav2) by extension 'ignore_ament_install'
[0.461s] [34mcolcon.colcon_core.package_identification[0m [1;30mLevel 1[0m _identify(src/b3rb/b3rb_nav2) by extensions ['colcon_pkg']
[0.461s] [34mcolcon.colcon_core.package_identification[0m [1;30mLevel 1[0m _identify(src/b3rb/b3rb_nav2) by extension 'colcon_pkg'
[0.461s] [34mcolcon.colcon_core.package_identification[0m [1;30mLevel 1[0m _identify(src/b3rb/b3rb_nav2) by extensions ['colcon_meta']
[0.461s] [34mcolcon.colcon_core.package_identification[0m [1;30mLevel 1[0m _identify(src/b3rb/b3rb_nav2) by extension 'colcon_meta'
[0.461s] [34mcolcon.colcon_core.package_identification[0m [1;30mLevel 1[0m _identify(src/b3rb/b3rb_nav2) by extensions ['ros']
[0.461s] [34mcolcon.colcon_core.package_identification[0m [1;30mLevel 1[0m _identify(src/b3rb/b3rb_nav2) by extension 'ros'
[0.462s] [34mcolcon.colcon_core.package_identification[0m [1;30mDEBUG[0m [32mPackage 'src/b3rb/b3rb_nav2' with type 'ros.ament_cmake' and name 'b3rb_nav2'[0m
[0.462s] [34mcolcon.colcon_core.package_identification[0m [1;30mLevel 1[0m _identify(src/b3rb_desktop) by extensions ['ignore', 'ignore_ament_install']
[0.462s] [34mcolcon.colcon_core.package_identification[0m [1;30mLevel 1[0m _identify(src/b3rb_desktop) by extension 'ignore'
[0.462s] [34mcolcon.colcon_core.package_identification[0m [1;30mLevel 1[0m _identify(src/b3rb_desktop) by extension 'ignore_ament_install'
[0.462s] [34mcolcon.colcon_core.package_identification[0m [1;30mLevel 1[0m _identify(src/b3rb_desktop) by extensions ['colcon_pkg']
[0.462s] [34mcolcon.colcon_core.package_identification[0m [1;30mLevel 1[0m _identify(src/b3rb_desktop) by extension 'colcon_pkg'
[0.462s] [34mcolcon.colcon_core.package_identification[0m [1;30mLevel 1[0m _identify(src/b3rb_desktop) by extensions ['colcon_meta']
[0.462s] [34mcolcon.colcon_core.package_identification[0m [1;30mLevel 1[0m _identify(src/b3rb_desktop) by extension 'colcon_meta'
[0.462s] [34mcolcon.colcon_core.package_identification[0m [1;30mLevel 1[0m _identify(src/b3rb_desktop) by extensions ['ros']
[0.462s] [34mcolcon.colcon_core.package_identification[0m [1;30mLevel 1[0m _identify(src/b3rb_desktop) by extension 'ros'
[0.462s] [34mcolcon.colcon_core.package_identification[0m [1;30mLevel 1[0m _identify(src/b3rb_desktop) by extensions ['cmake', 'python']
[0.462s] [34mcolcon.colcon_core.package_identification[0m [1;30mLevel 1[0m _identify(src/b3rb_desktop) by extension 'cmake'
[0.462s] [34mcolcon.colcon_core.package_identification[0m [1;30mLevel 1[0m _identify(src/b3rb_desktop) by extension 'python'
[0.462s] [34mcolcon.colcon_core.package_identification[0m [1;30mLevel 1[0m _identify(src/b3rb_desktop) by extensions ['python_setup_py']
[0.462s] [34mcolcon.colcon_core.package_identification[0m [1;30mLevel 1[0m _identify(src/b3rb_desktop) by extension 'python_setup_py'
[0.462s] [34mcolcon.colcon_core.package_identification[0m [1;30mLevel 1[0m _identify(src/b3rb_desktop/b3rb_desktop) by extensions ['ignore', 'ignore_ament_install']
[0.462s] [34mcolcon.colcon_core.package_identification[0m [1;30mLevel 1[0m _identify(src/b3rb_desktop/b3rb_desktop) by extension 'ignore'
[0.462s] [34mcolcon.colcon_core.package_identification[0m [1;30mLevel 1[0m _identify(src/b3rb_desktop/b3rb_desktop) by extension 'ignore_ament_install'
[0.462s] [34mcolcon.colcon_core.package_identification[0m [1;30mLevel 1[0m _identify(src/b3rb_desktop/b3rb_desktop) by extensions ['colcon_pkg']
[0.462s] [34mcolcon.colcon_core.package_identification[0m [1;30mLevel 1[0m _identify(src/b3rb_desktop/b3rb_desktop) by extension 'colcon_pkg'
[0.462s] [34mcolcon.colcon_core.package_identification[0m [1;30mLevel 1[0m _identify(src/b3rb_desktop/b3rb_desktop) by extensions ['colcon_meta']
[0.462s] [34mcolcon.colcon_core.package_identification[0m [1;30mLevel 1[0m _identify(src/b3rb_desktop/b3rb_desktop) by extension 'colcon_meta'
[0.462s] [34mcolcon.colcon_core.package_identification[0m [1;30mLevel 1[0m _identify(src/b3rb_desktop/b3rb_desktop) by extensions ['ros']
[0.462s] [34mcolcon.colcon_core.package_identification[0m [1;30mLevel 1[0m _identify(src/b3rb_desktop/b3rb_desktop) by extension 'ros'
[0.463s] [34mcolcon.colcon_core.package_identification[0m [1;30mDEBUG[0m [32mPackage 'src/b3rb_desktop/b3rb_desktop' with type 'ros.ament_cmake' and name 'b3rb_desktop'[0m
[0.463s] [34mcolcon.colcon_core.package_identification[0m [1;30mLevel 1[0m _identify(src/b3rb_desktop/b3rb_rviz) by extensions ['ignore', 'ignore_ament_install']
[0.463s] [34mcolcon.colcon_core.package_identification[0m [1;30mLevel 1[0m _identify(src/b3rb_desktop/b3rb_rviz) by extension 'ignore'
[0.463s] [34mcolcon.colcon_core.package_identification[0m [1;30mLevel 1[0m _identify(src/b3rb_desktop/b3rb_rviz) by extension 'ignore_ament_install'
[0.463s] [34mcolcon.colcon_core.package_identification[0m [1;30mLevel 1[0m _identify(src/b3rb_desktop/b3rb_rviz) by extensions ['colcon_pkg']
[0.463s] [34mcolcon.colcon_core.package_identification[0m [1;30mLevel 1[0m _identify(src/b3rb_desktop/b3rb_rviz) by extension 'colcon_pkg'
[0.463s] [34mcolcon.colcon_core.package_identification[0m [1;30mLevel 1[0m _identify(src/b3rb_desktop/b3rb_rviz) by extensions ['colcon_meta']
[0.463s] [34mcolcon.colcon_core.package_identification[0m [1;30mLevel 1[0m _identify(src/b3rb_desktop/b3rb_rviz) by extension 'colcon_meta'
[0.463s] [34mcolcon.colcon_core.package_identification[0m [1;30mLevel 1[0m _identify(src/b3rb_desktop/b3rb_rviz) by extensions ['ros']
[0.463s] [34mcolcon.colcon_core.package_identification[0m [1;30mLevel 1[0m _identify(src/b3rb_desktop/b3rb_rviz) by extension 'ros'
[0.464s] [34mcolcon.colcon_core.package_identification[0m [1;30mDEBUG[0m [32mPackage 'src/b3rb_desktop/b3rb_rviz' with type 'ros.ament_cmake' and name 'b3rb_rviz'[0m
[0.464s] [34mcolcon.colcon_core.package_identification[0m [1;30mLevel 1[0m _identify(src/b3rb_ros_line_follower) by extensions ['ignore', 'ignore_ament_install']
[0.464s] [34mcolcon.colcon_core.package_identification[0m [1;30mLevel 1[0m _identify(src/b3rb_ros_line_follower) by extension 'ignore'
[0.464s] [34mcolcon.colcon_core.package_identification[0m [1;30mLevel 1[0m _identify(src/b3rb_ros_line_follower) by extension 'ignore_ament_install'
[0.464s] [34mcolcon.colcon_core.package_identification[0m [1;30mLevel 1[0m _identify(src/b3rb_ros_line_follower) by extensions ['colcon_pkg']
[0.464s] [34mcolcon.colcon_core.package_identification[0m [1;30mLevel 1[0m _identify(src/b3rb_ros_line_follower) by extension 'colcon_pkg'
[0.464s] [34mcolcon.colcon_core.package_identification[0m [1;30mLevel 1[0m _identify(src/b3rb_ros_line_follower) by extensions ['colcon_meta']
[0.464s] [34mcolcon.colcon_core.package_identification[0m [1;30mLevel 1[0m _identify(src/b3rb_ros_line_follower) by extension 'colcon_meta'
[0.464s] [34mcolcon.colcon_core.package_identification[0m [1;30mLevel 1[0m _identify(src/b3rb_ros_line_follower) by extensions ['ros']
[0.464s] [34mcolcon.colcon_core.package_identification[0m [1;30mLevel 1[0m _identify(src/b3rb_ros_line_follower) by extension 'ros'
[0.464s] [34mcolcon.colcon_core.package_identification[0m [1;30mLevel 1[0m _identify(src/b3rb_ros_line_follower) by extensions ['cmake', 'python']
[0.464s] [34mcolcon.colcon_core.package_identification[0m [1;30mLevel 1[0m _identify(src/b3rb_ros_line_follower) by extension 'cmake'
[0.464s] [34mcolcon.colcon_core.package_identification[0m [1;30mLevel 1[0m _identify(src/b3rb_ros_line_follower) by extension 'python'
[0.464s] [34mcolcon.colcon_core.package_identification[0m [1;30mLevel 1[0m _identify(src/b3rb_ros_line_follower) by extensions ['python_setup_py']
[0.464s] [34mcolcon.colcon_core.package_identification[0m [1;30mLevel 1[0m _identify(src/b3rb_ros_line_follower) by extension 'python_setup_py'
[0.465s] [34mcolcon.colcon_core.package_identification[0m [1;30mLevel 1[0m _identify(src/b3rb_ros_line_follower/b3rb_ros_line_follower) by extensions ['ignore', 'ignore_ament_install']
[0.465s] [34mcolcon.colcon_core.package_identification[0m [1;30mLevel 1[0m _identify(src/b3rb_ros_line_follower/b3rb_ros_line_follower) by extension 'ignore'
[0.465s] [34mcolcon.colcon_core.package_identification[0m [1;30mLevel 1[0m _identify(src/b3rb_ros_line_follower/b3rb_ros_line_follower) by extension 'ignore_ament_install'
[0.465s] [34mcolcon.colcon_core.package_identification[0m [1;30mLevel 1[0m _identify(src/b3rb_ros_line_follower/b3rb_ros_line_follower) by extensions ['colcon_pkg']
[0.465s] [34mcolcon.colcon_core.package_identification[0m [1;30mLevel 1[0m _identify(src/b3rb_ros_line_follower/b3rb_ros_line_follower) by extension 'colcon_pkg'
[0.465s] [34mcolcon.colcon_core.package_identification[0m [1;30mLevel 1[0m _identify(src/b3rb_ros_line_follower/b3rb_ros_line_follower) by extensions ['colcon_meta']
[0.465s] [34mcolcon.colcon_core.package_identification[0m [1;30mLevel 1[0m _identify(src/b3rb_ros_line_follower/b3rb_ros_line_follower) by extension 'colcon_meta'
[0.465s] [34mcolcon.colcon_core.package_identification[0m [1;30mLevel 1[0m _identify(src/b3rb_ros_line_follower/b3rb_ros_line_follower) by extensions ['ros']
[0.465s] [34mcolcon.colcon_core.package_identification[0m [1;30mLevel 1[0m _identify(src/b3rb_ros_line_follower/b3rb_ros_line_follower) by extension 'ros'
[0.465s] [34mcolcon.colcon_core.package_identification[0m [1;30mDEBUG[0m [32mPackage 'src/b3rb_ros_line_follower/b3rb_ros_line_follower' with type 'ros.ament_python' and name 'b3rb_ros_line_follower'[0m
[0.466s] [34mcolcon.colcon_core.package_identification[0m [1;30mLevel 1[0m _identify(src/b3rb_simulator) by extensions ['ignore', 'ignore_ament_install']
[0.466s] [34mcolcon.colcon_core.package_identification[0m [1;30mLevel 1[0m _identify(src/b3rb_simulator) by extension 'ignore'
[0.466s] [34mcolcon.colcon_core.package_identification[0m [1;30mLevel 1[0m _identify(src/b3rb_simulator) by extension 'ignore_ament_install'
[0.466s] [34mcolcon.colcon_core.package_identification[0m [1;30mLevel 1[0m _identify(src/b3rb_simulator) by extensions ['colcon_pkg']
[0.466s] [34mcolcon.colcon_core.package_identification[0m [1;30mLevel 1[0m _identify(src/b3rb_simulator) by extension 'colcon_pkg'
[0.466s] [34mcolcon.colcon_core.package_identification[0m [1;30mLevel 1[0m _identify(src/b3rb_simulator) by extensions ['colcon_meta']
[0.466s] [34mcolcon.colcon_core.package_identification[0m [1;30mLevel 1[0m _identify(src/b3rb_simulator) by extension 'colcon_meta'
[0.466s] [34mcolcon.colcon_core.package_identification[0m [1;30mLevel 1[0m _identify(src/b3rb_simulator) by extensions ['ros']
[0.466s] [34mcolcon.colcon_core.package_identification[0m [1;30mLevel 1[0m _identify(src/b3rb_simulator) by extension 'ros'
[0.466s] [34mcolcon.colcon_core.package_identification[0m [1;30mLevel 1[0m _identify(src/b3rb_simulator) by extensions ['cmake', 'python']
[0.466s] [34mcolcon.colcon_core.package_identification[0m [1;30mLevel 1[0m _identify(src/b3rb_simulator) by extension 'cmake'
[0.466s] [34mcolcon.colcon_core.package_identification[0m [1;30mLevel 1[0m _identify(src/b3rb_simulator) by extension 'python'
[0.466s] [34mcolcon.colcon_core.package_identification[0m [1;30mLevel 1[0m _identify(src/b3rb_simulator) by extensions ['python_setup_py']
[0.466s] [34mcolcon.colcon_core.package_identification[0m [1;30mLevel 1[0m _identify(src/b3rb_simulator) by extension 'python_setup_py'
[0.466s] [34mcolcon.colcon_core.package_identification[0m [1;30mLevel 1[0m _identify(src/b3rb_simulator/b3rb_gz_bringup) by extensions ['ignore', 'ignore_ament_install']
[0.466s] [34mcolcon.colcon_core.package_identification[0m [1;30mLevel 1[0m _identify(src/b3rb_simulator/b3rb_gz_bringup) by extension 'ignore'
[0.466s] [34mcolcon.colcon_core.package_identification[0m [1;30mLevel 1[0m _identify(src/b3rb_simulator/b3rb_gz_bringup) by extension 'ignore_ament_install'
[0.466s] [34mcolcon.colcon_core.package_identification[0m [1;30mLevel 1[0m _identify(src/b3rb_simulator/b3rb_gz_bringup) by extensions ['colcon_pkg']
[0.466s] [34mcolcon.colcon_core.package_identification[0m [1;30mLevel 1[0m _identify(src/b3rb_simulator/b3rb_gz_bringup) by extension 'colcon_pkg'
[0.466s] [34mcolcon.colcon_core.package_identification[0m [1;30mLevel 1[0m _identify(src/b3rb_simulator/b3rb_gz_bringup) by extensions ['colcon_meta']
[0.466s] [34mcolcon.colcon_core.package_identification[0m [1;30mLevel 1[0m _identify(src/b3rb_simulator/b3rb_gz_bringup) by extension 'colcon_meta'
[0.466s] [34mcolcon.colcon_core.package_identification[0m [1;30mLevel 1[0m _identify(src/b3rb_simulator/b3rb_gz_bringup) by extensions ['ros']
[0.466s] [34mcolcon.colcon_core.package_identification[0m [1;30mLevel 1[0m _identify(src/b3rb_simulator/b3rb_gz_bringup) by extension 'ros'
[0.467s] [34mcolcon.colcon_core.package_identification[0m [1;30mDEBUG[0m [32mPackage 'src/b3rb_simulator/b3rb_gz_bringup' with type 'ros.ament_cmake' and name 'b3rb_gz_bringup'[0m
[0.467s] [34mcolcon.colcon_core.package_identification[0m [1;30mLevel 1[0m _identify(src/b3rb_simulator/b3rb_gz_resource) by extensions ['ignore', 'ignore_ament_install']
[0.467s] [34mcolcon.colcon_core.package_identification[0m [1;30mLevel 1[0m _identify(src/b3rb_simulator/b3rb_gz_resource) by extension 'ignore'
[0.467s] [34mcolcon.colcon_core.package_identification[0m [1;30mLevel 1[0m _identify(src/b3rb_simulator/b3rb_gz_resource) by extension 'ignore_ament_install'
[0.467s] [34mcolcon.colcon_core.package_identification[0m [1;30mLevel 1[0m _identify(src/b3rb_simulator/b3rb_gz_resource) by extensions ['colcon_pkg']
[0.467s] [34mcolcon.colcon_core.package_identification[0m [1;30mLevel 1[0m _identify(src/b3rb_simulator/b3rb_gz_resource) by extension 'colcon_pkg'
[0.467s] [34mcolcon.colcon_core.package_identification[0m [1;30mLevel 1[0m _identify(src/b3rb_simulator/b3rb_gz_resource) by extensions ['colcon_meta']
[0.467s] [34mcolcon.colcon_core.package_identification[0m [1;30mLevel 1[0m _identify(src/b3rb_simulator/b3rb_gz_resource) by extension 'colcon_meta'
[0.467s] [34mcolcon.colcon_core.package_identification[0m [1;30mLevel 1[0m _identify(src/b3rb_simulator/b3rb_gz_resource) by extensions ['ros']
[0.467s] [34mcolcon.colcon_core.package_identification[0m [1;30mLevel 1[0m _identify(src/b3rb_simulator/b3rb_gz_resource) by extension 'ros'
[0.467s] [34mcolcon.colcon_core.package_identification[0m [1;30mDEBUG[0m [32mPackage 'src/b3rb_simulator/b3rb_gz_resource' with type 'ros.ament_cmake' and name 'b3rb_gz_resource'[0m
[0.468s] [34mcolcon.colcon_core.package_identification[0m [1;30mLevel 1[0m _identify(src/b3rb_simulator/b3rb_simulator) by extensions ['ignore', 'ignore_ament_install']
[0.468s] [34mcolcon.colcon_core.package_identification[0m [1;30mLevel 1[0m _identify(src/b3rb_simulator/b3rb_simulator) by extension 'ignore'
[0.468s] [34mcolcon.colcon_core.package_identification[0m [1;30mLevel 1[0m _identify(src/b3rb_simulator/b3rb_simulator) by extension 'ignore_ament_install'
[0.468s] [34mcolcon.colcon_core.package_identification[0m [1;30mLevel 1[0m _identify(src/b3rb_simulator/b3rb_simulator) by extensions ['colcon_pkg']
[0.468s] [34mcolcon.colcon_core.package_identification[0m [1;30mLevel 1[0m _identify(src/b3rb_simulator/b3rb_simulator) by extension 'colcon_pkg'
[0.468s] [34mcolcon.colcon_core.package_identification[0m [1;30mLevel 1[0m _identify(src/b3rb_simulator/b3rb_simulator) by extensions ['colcon_meta']
[0.468s] [34mcolcon.colcon_core.package_identification[0m [1;30mLevel 1[0m _identify(src/b3rb_simulator/b3rb_simulator) by extension 'colcon_meta'
[0.468s] [34mcolcon.colcon_core.package_identification[0m [1;30mLevel 1[0m _identify(src/b3rb_simulator/b3rb_simulator) by extensions ['ros']
[0.468s] [34mcolcon.colcon_core.package_identification[0m [1;30mLevel 1[0m _identify(src/b3rb_simulator/b3rb_simulator) by extension 'ros'
[0.468s] [34mcolcon.colcon_core.package_identification[0m [1;30mDEBUG[0m [32mPackage 'src/b3rb_simulator/b3rb_simulator' with type 'ros.ament_cmake' and name 'b3rb_simulator'[0m
[0.469s] [34mcolcon.colcon_core.package_identification[0m [1;30mLevel 1[0m _identify(src/cerebri_bringup) by extensions ['ignore', 'ignore_ament_install']
[0.469s] [34mcolcon.colcon_core.package_identification[0m [1;30mLevel 1[0m _identify(src/cerebri_bringup) by extension 'ignore'
[0.469s] [34mcolcon.colcon_core.package_identification[0m [1;30mLevel 1[0m _identify(src/cerebri_bringup) by extension 'ignore_ament_install'
[0.469s] [34mcolcon.colcon_core.package_identification[0m [1;30mLevel 1[0m _identify(src/cerebri_bringup) by extensions ['colcon_pkg']
[0.469s] [34mcolcon.colcon_core.package_identification[0m [1;30mLevel 1[0m _identify(src/cerebri_bringup) by extension 'colcon_pkg'
[0.469s] [34mcolcon.colcon_core.package_identification[0m [1;30mLevel 1[0m _identify(src/cerebri_bringup) by extensions ['colcon_meta']
[0.469s] [34mcolcon.colcon_core.package_identification[0m [1;30mLevel 1[0m _identify(src/cerebri_bringup) by extension 'colcon_meta'
[0.469s] [34mcolcon.colcon_core.package_identification[0m [1;30mLevel 1[0m _identify(src/cerebri_bringup) by extensions ['ros']
[0.469s] [34mcolcon.colcon_core.package_identification[0m [1;30mLevel 1[0m _identify(src/cerebri_bringup) by extension 'ros'
[0.469s] [34mcolcon.colcon_core.package_identification[0m [1;30mDEBUG[0m [32mPackage 'src/cerebri_bringup' with type 'ros.ament_cmake' and name 'cerebri_bringup'[0m
[0.469s] [34mcolcon.colcon_core.package_identification[0m [1;30mLevel 1[0m _identify(src/corti) by extensions ['ignore', 'ignore_ament_install']
[0.469s] [34mcolcon.colcon_core.package_identification[0m [1;30mLevel 1[0m _identify(src/corti) by extension 'ignore'
[0.469s] [34mcolcon.colcon_core.package_identification[0m [1;30mLevel 1[0m _identify(src/corti) by extension 'ignore_ament_install'
[0.469s] [34mcolcon.colcon_core.package_identification[0m [1;30mLevel 1[0m _identify(src/corti) by extensions ['colcon_pkg']
[0.469s] [34mcolcon.colcon_core.package_identification[0m [1;30mLevel 1[0m _identify(src/corti) by extension 'colcon_pkg'
[0.469s] [34mcolcon.colcon_core.package_identification[0m [1;30mLevel 1[0m _identify(src/corti) by extensions ['colcon_meta']
[0.470s] [34mcolcon.colcon_core.package_identification[0m [1;30mLevel 1[0m _identify(src/corti) by extension 'colcon_meta'
[0.470s] [34mcolcon.colcon_core.package_identification[0m [1;30mLevel 1[0m _identify(src/corti) by extensions ['ros']
[0.470s] [34mcolcon.colcon_core.package_identification[0m [1;30mLevel 1[0m _identify(src/corti) by extension 'ros'
[0.471s] [34mcolcon.colcon_core.package_identification[0m [1;30mDEBUG[0m [32mPackage 'src/corti' with type 'ros.ament_cmake' and name 'corti'[0m
[0.471s] [34mcolcon.colcon_core.package_identification[0m [1;30mLevel 1[0m _identify(src/dream_world) by extensions ['ignore', 'ignore_ament_install']
[0.471s] [34mcolcon.colcon_core.package_identification[0m [1;30mLevel 1[0m _identify(src/dream_world) by extension 'ignore'
[0.471s] [34mcolcon.colcon_core.package_identification[0m [1;30mLevel 1[0m _identify(src/dream_world) by extension 'ignore_ament_install'
[0.471s] [34mcolcon.colcon_core.package_identification[0m [1;30mLevel 1[0m _identify(src/dream_world) by extensions ['colcon_pkg']
[0.471s] [34mcolcon.colcon_core.package_identification[0m [1;30mLevel 1[0m _identify(src/dream_world) by extension 'colcon_pkg'
[0.471s] [34mcolcon.colcon_core.package_identification[0m [1;30mLevel 1[0m _identify(src/dream_world) by extensions ['colcon_meta']
[0.471s] [34mcolcon.colcon_core.package_identification[0m [1;30mLevel 1[0m _identify(src/dream_world) by extension 'colcon_meta'
[0.471s] [34mcolcon.colcon_core.package_identification[0m [1;30mLevel 1[0m _identify(src/dream_world) by extensions ['ros']
[0.471s] [34mcolcon.colcon_core.package_identification[0m [1;30mLevel 1[0m _identify(src/dream_world) by extension 'ros'
[0.472s] [34mcolcon.colcon_core.package_identification[0m [1;30mLevel 1[0m _identify(src/dream_world) by extensions ['cmake', 'python']
[0.472s] [34mcolcon.colcon_core.package_identification[0m [1;30mLevel 1[0m _identify(src/dream_world) by extension 'cmake'
[0.472s] [34mcolcon.colcon_core.package_identification[0m [1;30mLevel 1[0m _identify(src/dream_world) by extension 'python'
[0.472s] [34mcolcon.colcon_core.package_identification[0m [1;30mLevel 1[0m _identify(src/dream_world) by extensions ['python_setup_py']
[0.472s] [34mcolcon.colcon_core.package_identification[0m [1;30mLevel 1[0m _identify(src/dream_world) by extension 'python_setup_py'
[0.472s] [34mcolcon.colcon_core.package_identification[0m [1;30mLevel 1[0m _identify(src/dream_world/dream_world) by extensions ['ignore', 'ignore_ament_install']
[0.472s] [34mcolcon.colcon_core.package_identification[0m [1;30mLevel 1[0m _identify(src/dream_world/dream_world) by extension 'ignore'
[0.472s] [34mcolcon.colcon_core.package_identification[0m [1;30mLevel 1[0m _identify(src/dream_world/dream_world) by extension 'ignore_ament_install'
[0.472s] [34mcolcon.colcon_core.package_identification[0m [1;30mLevel 1[0m _identify(src/dream_world/dream_world) by extensions ['colcon_pkg']
[0.472s] [34mcolcon.colcon_core.package_identification[0m [1;30mLevel 1[0m _identify(src/dream_world/dream_world) by extension 'colcon_pkg'
[0.472s] [34mcolcon.colcon_core.package_identification[0m [1;30mLevel 1[0m _identify(src/dream_world/dream_world) by extensions ['colcon_meta']
[0.472s] [34mcolcon.colcon_core.package_identification[0m [1;30mLevel 1[0m _identify(src/dream_world/dream_world) by extension 'colcon_meta'
[0.472s] [34mcolcon.colcon_core.package_identification[0m [1;30mLevel 1[0m _identify(src/dream_world/dream_world) by extensions ['ros']
[0.472s] [34mcolcon.colcon_core.package_identification[0m [1;30mLevel 1[0m _identify(src/dream_world/dream_world) by extension 'ros'
[0.473s] [34mcolcon.colcon_core.package_identification[0m [1;30mDEBUG[0m [32mPackage 'src/dream_world/dream_world' with type 'ros.ament_cmake' and name 'dream_world'[0m
[0.473s] [34mcolcon.colcon_core.package_identification[0m [1;30mLevel 1[0m _identify(src/synapse_gz) by extensions ['ignore', 'ignore_ament_install']
[0.473s] [34mcolcon.colcon_core.package_identification[0m [1;30mLevel 1[0m _identify(src/synapse_gz) by extension 'ignore'
[0.473s] [34mcolcon.colcon_core.package_identification[0m [1;30mLevel 1[0m _identify(src/synapse_gz) by extension 'ignore_ament_install'
[0.474s] [34mcolcon.colcon_core.package_identification[0m [1;30mLevel 1[0m _identify(src/synapse_gz) by extensions ['colcon_pkg']
[0.474s] [34mcolcon.colcon_core.package_identification[0m [1;30mLevel 1[0m _identify(src/synapse_gz) by extension 'colcon_pkg'
[0.474s] [34mcolcon.colcon_core.package_identification[0m [1;30mLevel 1[0m _identify(src/synapse_gz) by extensions ['colcon_meta']
[0.474s] [34mcolcon.colcon_core.package_identification[0m [1;30mLevel 1[0m _identify(src/synapse_gz) by extension 'colcon_meta'
[0.474s] [34mcolcon.colcon_core.package_identification[0m [1;30mLevel 1[0m _identify(src/synapse_gz) by extensions ['ros']
[0.474s] [34mcolcon.colcon_core.package_identification[0m [1;30mLevel 1[0m _identify(src/synapse_gz) by extension 'ros'
[0.474s] [34mcolcon.colcon_core.package_identification[0m [1;30mDEBUG[0m [32mPackage 'src/synapse_gz' with type 'ros.ament_cmake' and name 'synapse_gz'[0m
[0.474s] [34mcolcon.colcon_core.package_identification[0m [1;30mLevel 1[0m _identify(src/synapse_msgs) by extensions ['ignore', 'ignore_ament_install']
[0.474s] [34mcolcon.colcon_core.package_identification[0m [1;30mLevel 1[0m _identify(src/synapse_msgs) by extension 'ignore'
[0.474s] [34mcolcon.colcon_core.package_identification[0m [1;30mLevel 1[0m _identify(src/synapse_msgs) by extension 'ignore_ament_install'
[0.474s] [34mcolcon.colcon_core.package_identification[0m [1;30mLevel 1[0m _identify(src/synapse_msgs) by extensions ['colcon_pkg']
[0.474s] [34mcolcon.colcon_core.package_identification[0m [1;30mLevel 1[0m _identify(src/synapse_msgs) by extension 'colcon_pkg'
[0.475s] [34mcolcon.colcon_core.package_identification[0m [1;30mLevel 1[0m _identify(src/synapse_msgs) by extensions ['colcon_meta']
[0.475s] [34mcolcon.colcon_core.package_identification[0m [1;30mLevel 1[0m _identify(src/synapse_msgs) by extension 'colcon_meta'
[0.475s] [34mcolcon.colcon_core.package_identification[0m [1;30mLevel 1[0m _identify(src/synapse_msgs) by extensions ['ros']
[0.475s] [34mcolcon.colcon_core.package_identification[0m [1;30mLevel 1[0m _identify(src/synapse_msgs) by extension 'ros'
[0.475s] [34mcolcon.colcon_core.package_identification[0m [1;30mDEBUG[0m [32mPackage 'src/synapse_msgs' with type 'ros.ament_cmake' and name 'synapse_msgs'[0m
[0.475s] [34mcolcon.colcon_core.package_identification[0m [1;30mLevel 1[0m _identify(src/synapse_protobuf) by extensions ['ignore', 'ignore_ament_install']
[0.475s] [34mcolcon.colcon_core.package_identification[0m [1;30mLevel 1[0m _identify(src/synapse_protobuf) by extension 'ignore'
[0.475s] [34mcolcon.colcon_core.package_identification[0m [1;30mLevel 1[0m _identify(src/synapse_protobuf) by extension 'ignore_ament_install'
[0.475s] [34mcolcon.colcon_core.package_identification[0m [1;30mLevel 1[0m _identify(src/synapse_protobuf) by extensions ['colcon_pkg']
[0.475s] [34mcolcon.colcon_core.package_identification[0m [1;30mLevel 1[0m _identify(src/synapse_protobuf) by extension 'colcon_pkg'
[0.475s] [34mcolcon.colcon_core.package_identification[0m [1;30mLevel 1[0m _identify(src/synapse_protobuf) by extensions ['colcon_meta']
[0.475s] [34mcolcon.colcon_core.package_identification[0m [1;30mLevel 1[0m _identify(src/synapse_protobuf) by extension 'colcon_meta'
[0.475s] [34mcolcon.colcon_core.package_identification[0m [1;30mLevel 1[0m _identify(src/synapse_protobuf) by extensions ['ros']
[0.476s] [34mcolcon.colcon_core.package_identification[0m [1;30mLevel 1[0m _identify(src/synapse_protobuf) by extension 'ros'
[0.476s] [34mcolcon.colcon_core.package_identification[0m [1;30mDEBUG[0m [32mPackage 'src/synapse_protobuf' with type 'ros.ament_cmake' and name 'synapse_protobuf'[0m
[0.476s] [34mcolcon.colcon_core.package_identification[0m [1;30mLevel 1[0m _identify(src/synapse_ros) by extensions ['ignore', 'ignore_ament_install']
[0.476s] [34mcolcon.colcon_core.package_identification[0m [1;30mLevel 1[0m _identify(src/synapse_ros) by extension 'ignore'
[0.476s] [34mcolcon.colcon_core.package_identification[0m [1;30mLevel 1[0m _identify(src/synapse_ros) by extension 'ignore_ament_install'
[0.476s] [34mcolcon.colcon_core.package_identification[0m [1;30mLevel 1[0m _identify(src/synapse_ros) by extensions ['colcon_pkg']
[0.476s] [34mcolcon.colcon_core.package_identification[0m [1;30mLevel 1[0m _identify(src/synapse_ros) by extension 'colcon_pkg'
[0.476s] [34mcolcon.colcon_core.package_identification[0m [1;30mLevel 1[0m _identify(src/synapse_ros) by extensions ['colcon_meta']
[0.476s] [34mcolcon.colcon_core.package_identification[0m [1;30mLevel 1[0m _identify(src/synapse_ros) by extension 'colcon_meta'
[0.476s] [34mcolcon.colcon_core.package_identification[0m [1;30mLevel 1[0m _identify(src/synapse_ros) by extensions ['ros']
[0.476s] [34mcolcon.colcon_core.package_identification[0m [1;30mLevel 1[0m _identify(src/synapse_ros) by extension 'ros'
[0.477s] [34mcolcon.colcon_core.package_identification[0m [1;30mDEBUG[0m [32mPackage 'src/synapse_ros' with type 'ros.ament_cmake' and name 'synapse_ros'[0m
[0.477s] [34mcolcon.colcon_core.package_identification[0m [1;30mLevel 1[0m _identify(src/synapse_tinyframe) by extensions ['ignore', 'ignore_ament_install']
[0.477s] [34mcolcon.colcon_core.package_identification[0m [1;30mLevel 1[0m _identify(src/synapse_tinyframe) by extension 'ignore'
[0.477s] [34mcolcon.colcon_core.package_identification[0m [1;30mLevel 1[0m _identify(src/synapse_tinyframe) by extension 'ignore_ament_install'
[0.477s] [34mcolcon.colcon_core.package_identification[0m [1;30mLevel 1[0m _identify(src/synapse_tinyframe) by extensions ['colcon_pkg']
[0.477s] [34mcolcon.colcon_core.package_identification[0m [1;30mLevel 1[0m _identify(src/synapse_tinyframe) by extension 'colcon_pkg'
[0.477s] [34mcolcon.colcon_core.package_identification[0m [1;30mLevel 1[0m _identify(src/synapse_tinyframe) by extensions ['colcon_meta']
[0.477s] [34mcolcon.colcon_core.package_identification[0m [1;30mLevel 1[0m _identify(src/synapse_tinyframe) by extension 'colcon_meta'
[0.477s] [34mcolcon.colcon_core.package_identification[0m [1;30mLevel 1[0m _identify(src/synapse_tinyframe) by extensions ['ros']
[0.477s] [34mcolcon.colcon_core.package_identification[0m [1;30mLevel 1[0m _identify(src/synapse_tinyframe) by extension 'ros'
[0.486s] [34mcolcon.colcon_core.package_identification[0m [1;30mDEBUG[0m [32mPackage 'src/synapse_tinyframe' with type 'ros.ament_cmake' and name 'synapse_tinyframe'[0m
[0.486s] [34mcolcon.colcon_core.package_discovery[0m [1;30mLevel 1[0m discover_packages(recursive) using defaults
[0.486s] [34mcolcon.colcon_core.package_discovery[0m [1;30mLevel 1[0m discover_packages(ignore) discover
[0.486s] [34mcolcon.colcon_core.package_discovery[0m [1;30mLevel 1[0m discover_packages(ignore) using defaults
[0.486s] [34mcolcon.colcon_core.package_discovery[0m [1;30mLevel 1[0m discover_packages(path) discover
[0.486s] [34mcolcon.colcon_core.package_discovery[0m [1;30mLevel 1[0m discover_packages(path) using defaults
[0.503s] [34mcolcon.colcon_core.verb[0m [1;30mLevel 5[0m set package 'b3rb_description' build argument 'cmake_args' from command line to 'None'
[0.503s] [34mcolcon.colcon_core.verb[0m [1;30mLevel 5[0m set package 'b3rb_description' build argument 'cmake_target' from command line to 'None'
[0.503s] [34mcolcon.colcon_core.verb[0m [1;30mLevel 5[0m set package 'b3rb_description' build argument 'cmake_target_skip_unavailable' from command line to 'False'
[0.503s] [34mcolcon.colcon_core.verb[0m [1;30mLevel 5[0m set package 'b3rb_description' build argument 'cmake_clean_cache' from command line to 'False'
[0.503s] [34mcolcon.colcon_core.verb[0m [1;30mLevel 5[0m set package 'b3rb_description' build argument 'cmake_clean_first' from command line to 'False'
[0.503s] [34mcolcon.colcon_core.verb[0m [1;30mLevel 5[0m set package 'b3rb_description' build argument 'cmake_force_configure' from command line to 'False'
[0.503s] [34mcolcon.colcon_core.verb[0m [1;30mLevel 5[0m set package 'b3rb_description' build argument 'ament_cmake_args' from command line to 'None'
[0.503s] [34mcolcon.colcon_core.verb[0m [1;30mLevel 5[0m set package 'b3rb_description' build argument 'catkin_cmake_args' from command line to 'None'
[0.503s] [34mcolcon.colcon_core.verb[0m [1;30mLevel 5[0m set package 'b3rb_description' build argument 'catkin_skip_building_tests' from command line to 'False'
[0.503s] [34mcolcon.colcon_core.verb[0m [1;30mDEBUG[0m [32mBuilding package 'b3rb_description' with the following arguments: {'ament_cmake_args': None, 'build_base': '/home/tharun/cognipilot/cranium/build/b3rb_description', 'catkin_cmake_args': None, 'catkin_skip_building_tests': False, 'cmake_args': None, 'cmake_clean_cache': False, 'cmake_clean_first': False, 'cmake_force_configure': False, 'cmake_target': None, 'cmake_target_skip_unavailable': False, 'install_base': '/home/tharun/cognipilot/cranium/install/b3rb_description', 'merge_install': False, 'path': '/home/tharun/cognipilot/cranium/src/b3rb/b3rb_description', 'symlink_install': False, 'test_result_base': None}[0m
[0.503s] [34mcolcon.colcon_core.verb[0m [1;30mLevel 5[0m set package 'b3rb_gz_bringup' build argument 'cmake_args' from command line to 'None'
[0.503s] [34mcolcon.colcon_core.verb[0m [1;30mLevel 5[0m set package 'b3rb_gz_bringup' build argument 'cmake_target' from command line to 'None'
[0.503s] [34mcolcon.colcon_core.verb[0m [1;30mLevel 5[0m set package 'b3rb_gz_bringup' build argument 'cmake_target_skip_unavailable' from command line to 'False'
[0.503s] [34mcolcon.colcon_core.verb[0m [1;30mLevel 5[0m set package 'b3rb_gz_bringup' build argument 'cmake_clean_cache' from command line to 'False'
[0.503s] [34mcolcon.colcon_core.verb[0m [1;30mLevel 5[0m set package 'b3rb_gz_bringup' build argument 'cmake_clean_first' from command line to 'False'
[0.503s] [34mcolcon.colcon_core.verb[0m [1;30mLevel 5[0m set package 'b3rb_gz_bringup' build argument 'cmake_force_configure' from command line to 'False'
[0.503s] [34mcolcon.colcon_core.verb[0m [1;30mLevel 5[0m set package 'b3rb_gz_bringup' build argument 'ament_cmake_args' from command line to 'None'
[0.503s] [34mcolcon.colcon_core.verb[0m [1;30mLevel 5[0m set package 'b3rb_gz_bringup' build argument 'catkin_cmake_args' from command line to 'None'
[0.503s] [34mcolcon.colcon_core.verb[0m [1;30mLevel 5[0m set package 'b3rb_gz_bringup' build argument 'catkin_skip_building_tests' from command line to 'False'
[0.503s] [34mcolcon.colcon_core.verb[0m [1;30mDEBUG[0m [32mBuilding package 'b3rb_gz_bringup' with the following arguments: {'ament_cmake_args': None, 'build_base': '/home/tharun/cognipilot/cranium/build/b3rb_gz_bringup', 'catkin_cmake_args': None, 'catkin_skip_building_tests': False, 'cmake_args': None, 'cmake_clean_cache': False, 'cmake_clean_first': False, 'cmake_force_configure': False, 'cmake_target': None, 'cmake_target_skip_unavailable': False, 'install_base': '/home/tharun/cognipilot/cranium/install/b3rb_gz_bringup', 'merge_install': False, 'path': '/home/tharun/cognipilot/cranium/src/b3rb_simulator/b3rb_gz_bringup', 'symlink_install': False, 'test_result_base': None}[0m
[0.503s] [34mcolcon.colcon_core.verb[0m [1;30mLevel 5[0m set package 'b3rb_gz_resource' build argument 'cmake_args' from command line to 'None'
[0.503s] [34mcolcon.colcon_core.verb[0m [1;30mLevel 5[0m set package 'b3rb_gz_resource' build argument 'cmake_target' from command line to 'None'
[0.503s] [34mcolcon.colcon_core.verb[0m [1;30mLevel 5[0m set package 'b3rb_gz_resource' build argument 'cmake_target_skip_unavailable' from command line to 'False'
[0.503s] [34mcolcon.colcon_core.verb[0m [1;30mLevel 5[0m set package 'b3rb_gz_resource' build argument 'cmake_clean_cache' from command line to 'False'
[0.503s] [34mcolcon.colcon_core.verb[0m [1;30mLevel 5[0m set package 'b3rb_gz_resource' build argument 'cmake_clean_first' from command line to 'False'
[0.503s] [34mcolcon.colcon_core.verb[0m [1;30mLevel 5[0m set package 'b3rb_gz_resource' build argument 'cmake_force_configure' from command line to 'False'
[0.503s] [34mcolcon.colcon_core.verb[0m [1;30mLevel 5[0m set package 'b3rb_gz_resource' build argument 'ament_cmake_args' from command line to 'None'
[0.504s] [34mcolcon.colcon_core.verb[0m [1;30mLevel 5[0m set package 'b3rb_gz_resource' build argument 'catkin_cmake_args' from command line to 'None'
[0.504s] [34mcolcon.colcon_core.verb[0m [1;30mLevel 5[0m set package 'b3rb_gz_resource' build argument 'catkin_skip_building_tests' from command line to 'False'
[0.504s] [34mcolcon.colcon_core.verb[0m [1;30mDEBUG[0m [32mBuilding package 'b3rb_gz_resource' with the following arguments: {'ament_cmake_args': None, 'build_base': '/home/tharun/cognipilot/cranium/build/b3rb_gz_resource', 'catkin_cmake_args': None, 'catkin_skip_building_tests': False, 'cmake_args': None, 'cmake_clean_cache': False, 'cmake_clean_first': False, 'cmake_force_configure': False, 'cmake_target': None, 'cmake_target_skip_unavailable': False, 'install_base': '/home/tharun/cognipilot/cranium/install/b3rb_gz_resource', 'merge_install': False, 'path': '/home/tharun/cognipilot/cranium/src/b3rb_simulator/b3rb_gz_resource', 'symlink_install': False, 'test_result_base': None}[0m
[0.504s] [34mcolcon.colcon_core.verb[0m [1;30mLevel 5[0m set package 'b3rb_nav2' build argument 'cmake_args' from command line to 'None'
[0.504s] [34mcolcon.colcon_core.verb[0m [1;30mLevel 5[0m set package 'b3rb_nav2' build argument 'cmake_target' from command line to 'None'
[0.504s] [34mcolcon.colcon_core.verb[0m [1;30mLevel 5[0m set package 'b3rb_nav2' build argument 'cmake_target_skip_unavailable' from command line to 'False'
[0.504s] [34mcolcon.colcon_core.verb[0m [1;30mLevel 5[0m set package 'b3rb_nav2' build argument 'cmake_clean_cache' from command line to 'False'
[0.504s] [34mcolcon.colcon_core.verb[0m [1;30mLevel 5[0m set package 'b3rb_nav2' build argument 'cmake_clean_first' from command line to 'False'
[0.504s] [34mcolcon.colcon_core.verb[0m [1;30mLevel 5[0m set package 'b3rb_nav2' build argument 'cmake_force_configure' from command line to 'False'
[0.504s] [34mcolcon.colcon_core.verb[0m [1;30mLevel 5[0m set package 'b3rb_nav2' build argument 'ament_cmake_args' from command line to 'None'
[0.504s] [34mcolcon.colcon_core.verb[0m [1;30mLevel 5[0m set package 'b3rb_nav2' build argument 'catkin_cmake_args' from command line to 'None'
[0.504s] [34mcolcon.colcon_core.verb[0m [1;30mLevel 5[0m set package 'b3rb_nav2' build argument 'catkin_skip_building_tests' from command line to 'False'
[0.504s] [34mcolcon.colcon_core.verb[0m [1;30mDEBUG[0m [32mBuilding package 'b3rb_nav2' with the following arguments: {'ament_cmake_args': None, 'build_base': '/home/tharun/cognipilot/cranium/build/b3rb_nav2', 'catkin_cmake_args': None, 'catkin_skip_building_tests': False, 'cmake_args': None, 'cmake_clean_cache': False, 'cmake_clean_first': False, 'cmake_force_configure': False, 'cmake_target': None, 'cmake_target_skip_unavailable': False, 'install_base': '/home/tharun/cognipilot/cranium/install/b3rb_nav2', 'merge_install': False, 'path': '/home/tharun/cognipilot/cranium/src/b3rb/b3rb_nav2', 'symlink_install': False, 'test_result_base': None}[0m
[0.504s] [34mcolcon.colcon_core.verb[0m [1;30mLevel 5[0m set package 'b3rb_rviz' build argument 'cmake_args' from command line to 'None'
[0.504s] [34mcolcon.colcon_core.verb[0m [1;30mLevel 5[0m set package 'b3rb_rviz' build argument 'cmake_target' from command line to 'None'
[0.504s] [34mcolcon.colcon_core.verb[0m [1;30mLevel 5[0m set package 'b3rb_rviz' build argument 'cmake_target_skip_unavailable' from command line to 'False'
[0.504s] [34mcolcon.colcon_core.verb[0m [1;30mLevel 5[0m set package 'b3rb_rviz' build argument 'cmake_clean_cache' from command line to 'False'
[0.504s] [34mcolcon.colcon_core.verb[0m [1;30mLevel 5[0m set package 'b3rb_rviz' build argument 'cmake_clean_first' from command line to 'False'
[0.504s] [34mcolcon.colcon_core.verb[0m [1;30mLevel 5[0m set package 'b3rb_rviz' build argument 'cmake_force_configure' from command line to 'False'
[0.504s] [34mcolcon.colcon_core.verb[0m [1;30mLevel 5[0m set package 'b3rb_rviz' build argument 'ament_cmake_args' from command line to 'None'
[0.504s] [34mcolcon.colcon_core.verb[0m [1;30mLevel 5[0m set package 'b3rb_rviz' build argument 'catkin_cmake_args' from command line to 'None'
[0.504s] [34mcolcon.colcon_core.verb[0m [1;30mLevel 5[0m set package 'b3rb_rviz' build argument 'catkin_skip_building_tests' from command line to 'False'
[0.504s] [34mcolcon.colcon_core.verb[0m [1;30mDEBUG[0m [32mBuilding package 'b3rb_rviz' with the following arguments: {'ament_cmake_args': None, 'build_base': '/home/tharun/cognipilot/cranium/build/b3rb_rviz', 'catkin_cmake_args': None, 'catkin_skip_building_tests': False, 'cmake_args': None, 'cmake_clean_cache': False, 'cmake_clean_first': False, 'cmake_force_configure': False, 'cmake_target': None, 'cmake_target_skip_unavailable': False, 'install_base': '/home/tharun/cognipilot/cranium/install/b3rb_rviz', 'merge_install': False, 'path': '/home/tharun/cognipilot/cranium/src/b3rb_desktop/b3rb_rviz', 'symlink_install': False, 'test_result_base': None}[0m
[0.504s] [34mcolcon.colcon_core.verb[0m [1;30mLevel 5[0m set package 'cerebri_bringup' build argument 'cmake_args' from command line to 'None'
[0.504s] [34mcolcon.colcon_core.verb[0m [1;30mLevel 5[0m set package 'cerebri_bringup' build argument 'cmake_target' from command line to 'None'
[0.504s] [34mcolcon.colcon_core.verb[0m [1;30mLevel 5[0m set package 'cerebri_bringup' build argument 'cmake_target_skip_unavailable' from command line to 'False'
[0.504s] [34mcolcon.colcon_core.verb[0m [1;30mLevel 5[0m set package 'cerebri_bringup' build argument 'cmake_clean_cache' from command line to 'False'
[0.504s] [34mcolcon.colcon_core.verb[0m [1;30mLevel 5[0m set package 'cerebri_bringup' build argument 'cmake_clean_first' from command line to 'False'
[0.504s] [34mcolcon.colcon_core.verb[0m [1;30mLevel 5[0m set package 'cerebri_bringup' build argument 'cmake_force_configure' from command line to 'False'
[0.504s] [34mcolcon.colcon_core.verb[0m [1;30mLevel 5[0m set package 'cerebri_bringup' build argument 'ament_cmake_args' from command line to 'None'
[0.505s] [34mcolcon.colcon_core.verb[0m [1;30mLevel 5[0m set package 'cerebri_bringup' build argument 'catkin_cmake_args' from command line to 'None'
[0.505s] [34mcolcon.colcon_core.verb[0m [1;30mLevel 5[0m set package 'cerebri_bringup' build argument 'catkin_skip_building_tests' from command line to 'False'
[0.505s] [34mcolcon.colcon_core.verb[0m [1;30mDEBUG[0m [32mBuilding package 'cerebri_bringup' with the following arguments: {'ament_cmake_args': None, 'build_base': '/home/tharun/cognipilot/cranium/build/cerebri_bringup', 'catkin_cmake_args': None, 'catkin_skip_building_tests': False, 'cmake_args': None, 'cmake_clean_cache': False, 'cmake_clean_first': False, 'cmake_force_configure': False, 'cmake_target': None, 'cmake_target_skip_unavailable': False, 'install_base': '/home/tharun/cognipilot/cranium/install/cerebri_bringup', 'merge_install': False, 'path': '/home/tharun/cognipilot/cranium/src/cerebri_bringup', 'symlink_install': False, 'test_result_base': None}[0m
[0.505s] [34mcolcon.colcon_core.verb[0m [1;30mLevel 5[0m set package 'dream_world' build argument 'cmake_args' from command line to 'None'
[0.505s] [34mcolcon.colcon_core.verb[0m [1;30mLevel 5[0m set package 'dream_world' build argument 'cmake_target' from command line to 'None'
[0.505s] [34mcolcon.colcon_core.verb[0m [1;30mLevel 5[0m set package 'dream_world' build argument 'cmake_target_skip_unavailable' from command line to 'False'
[0.505s] [34mcolcon.colcon_core.verb[0m [1;30mLevel 5[0m set package 'dream_world' build argument 'cmake_clean_cache' from command line to 'False'
[0.505s] [34mcolcon.colcon_core.verb[0m [1;30mLevel 5[0m set package 'dream_world' build argument 'cmake_clean_first' from command line to 'False'
[0.505s] [34mcolcon.colcon_core.verb[0m [1;30mLevel 5[0m set package 'dream_world' build argument 'cmake_force_configure' from command line to 'False'
[0.505s] [34mcolcon.colcon_core.verb[0m [1;30mLevel 5[0m set package 'dream_world' build argument 'ament_cmake_args' from command line to 'None'
[0.505s] [34mcolcon.colcon_core.verb[0m [1;30mLevel 5[0m set package 'dream_world' build argument 'catkin_cmake_args' from command line to 'None'
[0.505s] [34mcolcon.colcon_core.verb[0m [1;30mLevel 5[0m set package 'dream_world' build argument 'catkin_skip_building_tests' from command line to 'False'
[0.505s] [34mcolcon.colcon_core.verb[0m [1;30mDEBUG[0m [32mBuilding package 'dream_world' with the following arguments: {'ament_cmake_args': None, 'build_base': '/home/tharun/cognipilot/cranium/build/dream_world', 'catkin_cmake_args': None, 'catkin_skip_building_tests': False, 'cmake_args': None, 'cmake_clean_cache': False, 'cmake_clean_first': False, 'cmake_force_configure': False, 'cmake_target': None, 'cmake_target_skip_unavailable': False, 'install_base': '/home/tharun/cognipilot/cranium/install/dream_world', 'merge_install': False, 'path': '/home/tharun/cognipilot/cranium/src/dream_world/dream_world', 'symlink_install': False, 'test_result_base': None}[0m
[0.505s] [34mcolcon.colcon_core.verb[0m [1;30mLevel 5[0m set package 'synapse_msgs' build argument 'cmake_args' from command line to 'None'
[0.505s] [34mcolcon.colcon_core.verb[0m [1;30mLevel 5[0m set package 'synapse_msgs' build argument 'cmake_target' from command line to 'None'
[0.505s] [34mcolcon.colcon_core.verb[0m [1;30mLevel 5[0m set package 'synapse_msgs' build argument 'cmake_target_skip_unavailable' from command line to 'False'
[0.505s] [34mcolcon.colcon_core.verb[0m [1;30mLevel 5[0m set package 'synapse_msgs' build argument 'cmake_clean_cache' from command line to 'False'
[0.505s] [34mcolcon.colcon_core.verb[0m [1;30mLevel 5[0m set package 'synapse_msgs' build argument 'cmake_clean_first' from command line to 'False'
[0.505s] [34mcolcon.colcon_core.verb[0m [1;30mLevel 5[0m set package 'synapse_msgs' build argument 'cmake_force_configure' from command line to 'False'
[0.505s] [34mcolcon.colcon_core.verb[0m [1;30mLevel 5[0m set package 'synapse_msgs' build argument 'ament_cmake_args' from command line to 'None'
[0.505s] [34mcolcon.colcon_core.verb[0m [1;30mLevel 5[0m set package 'synapse_msgs' build argument 'catkin_cmake_args' from command line to 'None'
[0.505s] [34mcolcon.colcon_core.verb[0m [1;30mLevel 5[0m set package 'synapse_msgs' build argument 'catkin_skip_building_tests' from command line to 'False'
[0.505s] [34mcolcon.colcon_core.verb[0m [1;30mDEBUG[0m [32mBuilding package 'synapse_msgs' with the following arguments: {'ament_cmake_args': None, 'build_base': '/home/tharun/cognipilot/cranium/build/synapse_msgs', 'catkin_cmake_args': None, 'catkin_skip_building_tests': False, 'cmake_args': None, 'cmake_clean_cache': False, 'cmake_clean_first': False, 'cmake_force_configure': False, 'cmake_target': None, 'cmake_target_skip_unavailable': False, 'install_base': '/home/tharun/cognipilot/cranium/install/synapse_msgs', 'merge_install': False, 'path': '/home/tharun/cognipilot/cranium/src/synapse_msgs', 'symlink_install': False, 'test_result_base': None}[0m
[0.505s] [34mcolcon.colcon_core.verb[0m [1;30mLevel 5[0m set package 'synapse_protobuf' build argument 'cmake_args' from command line to 'None'
[0.505s] [34mcolcon.colcon_core.verb[0m [1;30mLevel 5[0m set package 'synapse_protobuf' build argument 'cmake_target' from command line to 'None'
[0.505s] [34mcolcon.colcon_core.verb[0m [1;30mLevel 5[0m set package 'synapse_protobuf' build argument 'cmake_target_skip_unavailable' from command line to 'False'
[0.505s] [34mcolcon.colcon_core.verb[0m [1;30mLevel 5[0m set package 'synapse_protobuf' build argument 'cmake_clean_cache' from command line to 'False'
[0.505s] [34mcolcon.colcon_core.verb[0m [1;30mLevel 5[0m set package 'synapse_protobuf' build argument 'cmake_clean_first' from command line to 'False'
[0.505s] [34mcolcon.colcon_core.verb[0m [1;30mLevel 5[0m set package 'synapse_protobuf' build argument 'cmake_force_configure' from command line to 'False'
[0.505s] [34mcolcon.colcon_core.verb[0m [1;30mLevel 5[0m set package 'synapse_protobuf' build argument 'ament_cmake_args' from command line to 'None'
[0.505s] [34mcolcon.colcon_core.verb[0m [1;30mLevel 5[0m set package 'synapse_protobuf' build argument 'catkin_cmake_args' from command line to 'None'
[0.505s] [34mcolcon.colcon_core.verb[0m [1;30mLevel 5[0m set package 'synapse_protobuf' build argument 'catkin_skip_building_tests' from command line to 'False'
[0.505s] [34mcolcon.colcon_core.verb[0m [1;30mDEBUG[0m [32mBuilding package 'synapse_protobuf' with the following arguments: {'ament_cmake_args': None, 'build_base': '/home/tharun/cognipilot/cranium/build/synapse_protobuf', 'catkin_cmake_args': None, 'catkin_skip_building_tests': False, 'cmake_args': None, 'cmake_clean_cache': False, 'cmake_clean_first': False, 'cmake_force_configure': False, 'cmake_target': None, 'cmake_target_skip_unavailable': False, 'install_base': '/home/tharun/cognipilot/cranium/install/synapse_protobuf', 'merge_install': False, 'path': '/home/tharun/cognipilot/cranium/src/synapse_protobuf', 'symlink_install': False, 'test_result_base': None}[0m
[0.506s] [34mcolcon.colcon_core.verb[0m [1;30mLevel 5[0m set package 'synapse_tinyframe' build argument 'cmake_args' from command line to 'None'
[0.506s] [34mcolcon.colcon_core.verb[0m [1;30mLevel 5[0m set package 'synapse_tinyframe' build argument 'cmake_target' from command line to 'None'
[0.506s] [34mcolcon.colcon_core.verb[0m [1;30mLevel 5[0m set package 'synapse_tinyframe' build argument 'cmake_target_skip_unavailable' from command line to 'False'
[0.506s] [34mcolcon.colcon_core.verb[0m [1;30mLevel 5[0m set package 'synapse_tinyframe' build argument 'cmake_clean_cache' from command line to 'False'
[0.506s] [34mcolcon.colcon_core.verb[0m [1;30mLevel 5[0m set package 'synapse_tinyframe' build argument 'cmake_clean_first' from command line to 'False'
[0.506s] [34mcolcon.colcon_core.verb[0m [1;30mLevel 5[0m set package 'synapse_tinyframe' build argument 'cmake_force_configure' from command line to 'False'
[0.506s] [34mcolcon.colcon_core.verb[0m [1;30mLevel 5[0m set package 'synapse_tinyframe' build argument 'ament_cmake_args' from command line to 'None'
[0.506s] [34mcolcon.colcon_core.verb[0m [1;30mLevel 5[0m set package 'synapse_tinyframe' build argument 'catkin_cmake_args' from command line to 'None'
[0.506s] [34mcolcon.colcon_core.verb[0m [1;30mLevel 5[0m set package 'synapse_tinyframe' build argument 'catkin_skip_building_tests' from command line to 'False'
[0.506s] [34mcolcon.colcon_core.verb[0m [1;30mDEBUG[0m [32mBuilding package 'synapse_tinyframe' with the following arguments: {'ament_cmake_args': None, 'build_base': '/home/tharun/cognipilot/cranium/build/synapse_tinyframe', 'catkin_cmake_args': None, 'catkin_skip_building_tests': False, 'cmake_args': None, 'cmake_clean_cache': False, 'cmake_clean_first': False, 'cmake_force_configure': False, 'cmake_target': None, 'cmake_target_skip_unavailable': False, 'install_base': '/home/tharun/cognipilot/cranium/install/synapse_tinyframe', 'merge_install': False, 'path': '/home/tharun/cognipilot/cranium/src/synapse_tinyframe', 'symlink_install': False, 'test_result_base': None}[0m
[0.506s] [34mcolcon.colcon_core.verb[0m [1;30mLevel 5[0m set package 'b3rb_desktop' build argument 'cmake_args' from command line to 'None'
[0.506s] [34mcolcon.colcon_core.verb[0m [1;30mLevel 5[0m set package 'b3rb_desktop' build argument 'cmake_target' from command line to 'None'
[0.506s] [34mcolcon.colcon_core.verb[0m [1;30mLevel 5[0m set package 'b3rb_desktop' build argument 'cmake_target_skip_unavailable' from command line to 'False'
[0.506s] [34mcolcon.colcon_core.verb[0m [1;30mLevel 5[0m set package 'b3rb_desktop' build argument 'cmake_clean_cache' from command line to 'False'
[0.506s] [34mcolcon.colcon_core.verb[0m [1;30mLevel 5[0m set package 'b3rb_desktop' build argument 'cmake_clean_first' from command line to 'False'
[0.506s] [34mcolcon.colcon_core.verb[0m [1;30mLevel 5[0m set package 'b3rb_desktop' build argument 'cmake_force_configure' from command line to 'False'
[0.506s] [34mcolcon.colcon_core.verb[0m [1;30mLevel 5[0m set package 'b3rb_desktop' build argument 'ament_cmake_args' from command line to 'None'
[0.506s] [34mcolcon.colcon_core.verb[0m [1;30mLevel 5[0m set package 'b3rb_desktop' build argument 'catkin_cmake_args' from command line to 'None'
[0.506s] [34mcolcon.colcon_core.verb[0m [1;30mLevel 5[0m set package 'b3rb_desktop' build argument 'catkin_skip_building_tests' from command line to 'False'
[0.506s] [34mcolcon.colcon_core.verb[0m [1;30mDEBUG[0m [32mBuilding package 'b3rb_desktop' with the following arguments: {'ament_cmake_args': None, 'build_base': '/home/tharun/cognipilot/cranium/build/b3rb_desktop', 'catkin_cmake_args': None, 'catkin_skip_building_tests': False, 'cmake_args': None, 'cmake_clean_cache': False, 'cmake_clean_first': False, 'cmake_force_configure': False, 'cmake_target': None, 'cmake_target_skip_unavailable': False, 'install_base': '/home/tharun/cognipilot/cranium/install/b3rb_desktop', 'merge_install': False, 'path': '/home/tharun/cognipilot/cranium/src/b3rb_desktop/b3rb_desktop', 'symlink_install': False, 'test_result_base': None}[0m
[0.506s] [34mcolcon.colcon_core.verb[0m [1;30mLevel 5[0m set package 'b3rb_ros_line_follower' build argument 'cmake_args' from command line to 'None'
[0.506s] [34mcolcon.colcon_core.verb[0m [1;30mLevel 5[0m set package 'b3rb_ros_line_follower' build argument 'cmake_target' from command line to 'None'
[0.506s] [34mcolcon.colcon_core.verb[0m [1;30mLevel 5[0m set package 'b3rb_ros_line_follower' build argument 'cmake_target_skip_unavailable' from command line to 'False'
[0.506s] [34mcolcon.colcon_core.verb[0m [1;30mLevel 5[0m set package 'b3rb_ros_line_follower' build argument 'cmake_clean_cache' from command line to 'False'
[0.506s] [34mcolcon.colcon_core.verb[0m [1;30mLevel 5[0m set package 'b3rb_ros_line_follower' build argument 'cmake_clean_first' from command line to 'False'
[0.506s] [34mcolcon.colcon_core.verb[0m [1;30mLevel 5[0m set package 'b3rb_ros_line_follower' build argument 'cmake_force_configure' from command line to 'False'
[0.506s] [34mcolcon.colcon_core.verb[0m [1;30mLevel 5[0m set package 'b3rb_ros_line_follower' build argument 'ament_cmake_args' from command line to 'None'
[0.506s] [34mcolcon.colcon_core.verb[0m [1;30mLevel 5[0m set package 'b3rb_ros_line_follower' build argument 'catkin_cmake_args' from command line to 'None'
[0.506s] [34mcolcon.colcon_core.verb[0m [1;30mLevel 5[0m set package 'b3rb_ros_line_follower' build argument 'catkin_skip_building_tests' from command line to 'False'
[0.506s] [34mcolcon.colcon_core.verb[0m [1;30mDEBUG[0m [32mBuilding package 'b3rb_ros_line_follower' with the following arguments: {'ament_cmake_args': None, 'build_base': '/home/tharun/cognipilot/cranium/build/b3rb_ros_line_follower', 'catkin_cmake_args': None, 'catkin_skip_building_tests': False, 'cmake_args': None, 'cmake_clean_cache': False, 'cmake_clean_first': False, 'cmake_force_configure': False, 'cmake_target': None, 'cmake_target_skip_unavailable': False, 'install_base': '/home/tharun/cognipilot/cranium/install/b3rb_ros_line_follower', 'merge_install': False, 'path': '/home/tharun/cognipilot/cranium/src/b3rb_ros_line_follower/b3rb_ros_line_follower', 'symlink_install': False, 'test_result_base': None}[0m
[0.507s] [34mcolcon.colcon_core.verb[0m [1;30mLevel 5[0m set package 'b3rb_simulator' build argument 'cmake_args' from command line to 'None'
[0.507s] [34mcolcon.colcon_core.verb[0m [1;30mLevel 5[0m set package 'b3rb_simulator' build argument 'cmake_target' from command line to 'None'
[0.507s] [34mcolcon.colcon_core.verb[0m [1;30mLevel 5[0m set package 'b3rb_simulator' build argument 'cmake_target_skip_unavailable' from command line to 'False'
[0.507s] [34mcolcon.colcon_core.verb[0m [1;30mLevel 5[0m set package 'b3rb_simulator' build argument 'cmake_clean_cache' from command line to 'False'
[0.507s] [34mcolcon.colcon_core.verb[0m [1;30mLevel 5[0m set package 'b3rb_simulator' build argument 'cmake_clean_first' from command line to 'False'
[0.507s] [34mcolcon.colcon_core.verb[0m [1;30mLevel 5[0m set package 'b3rb_simulator' build argument 'cmake_force_configure' from command line to 'False'
[0.507s] [34mcolcon.colcon_core.verb[0m [1;30mLevel 5[0m set package 'b3rb_simulator' build argument 'ament_cmake_args' from command line to 'None'
[0.507s] [34mcolcon.colcon_core.verb[0m [1;30mLevel 5[0m set package 'b3rb_simulator' build argument 'catkin_cmake_args' from command line to 'None'
[0.507s] [34mcolcon.colcon_core.verb[0m [1;30mLevel 5[0m set package 'b3rb_simulator' build argument 'catkin_skip_building_tests' from command line to 'False'
[0.507s] [34mcolcon.colcon_core.verb[0m [1;30mDEBUG[0m [32mBuilding package 'b3rb_simulator' with the following arguments: {'ament_cmake_args': None, 'build_base': '/home/tharun/cognipilot/cranium/build/b3rb_simulator', 'catkin_cmake_args': None, 'catkin_skip_building_tests': False, 'cmake_args': None, 'cmake_clean_cache': False, 'cmake_clean_first': False, 'cmake_force_configure': False, 'cmake_target': None, 'cmake_target_skip_unavailable': False, 'install_base': '/home/tharun/cognipilot/cranium/install/b3rb_simulator', 'merge_install': False, 'path': '/home/tharun/cognipilot/cranium/src/b3rb_simulator/b3rb_simulator', 'symlink_install': False, 'test_result_base': None}[0m
[0.507s] [34mcolcon.colcon_core.verb[0m [1;30mLevel 5[0m set package 'corti' build argument 'cmake_args' from command line to 'None'
[0.507s] [34mcolcon.colcon_core.verb[0m [1;30mLevel 5[0m set package 'corti' build argument 'cmake_target' from command line to 'None'
[0.507s] [34mcolcon.colcon_core.verb[0m [1;30mLevel 5[0m set package 'corti' build argument 'cmake_target_skip_unavailable' from command line to 'False'
[0.507s] [34mcolcon.colcon_core.verb[0m [1;30mLevel 5[0m set package 'corti' build argument 'cmake_clean_cache' from command line to 'False'
[0.507s] [34mcolcon.colcon_core.verb[0m [1;30mLevel 5[0m set package 'corti' build argument 'cmake_clean_first' from command line to 'False'
[0.507s] [34mcolcon.colcon_core.verb[0m [1;30mLevel 5[0m set package 'corti' build argument 'cmake_force_configure' from command line to 'False'
[0.507s] [34mcolcon.colcon_core.verb[0m [1;30mLevel 5[0m set package 'corti' build argument 'ament_cmake_args' from command line to 'None'
[0.507s] [34mcolcon.colcon_core.verb[0m [1;30mLevel 5[0m set package 'corti' build argument 'catkin_cmake_args' from command line to 'None'
[0.507s] [34mcolcon.colcon_core.verb[0m [1;30mLevel 5[0m set package 'corti' build argument 'catkin_skip_building_tests' from command line to 'False'
[0.507s] [34mcolcon.colcon_core.verb[0m [1;30mDEBUG[0m [32mBuilding package 'corti' with the following arguments: {'ament_cmake_args': None, 'build_base': '/home/tharun/cognipilot/cranium/build/corti', 'catkin_cmake_args': None, 'catkin_skip_building_tests': False, 'cmake_args': None, 'cmake_clean_cache': False, 'cmake_clean_first': False, 'cmake_force_configure': False, 'cmake_target': None, 'cmake_target_skip_unavailable': False, 'install_base': '/home/tharun/cognipilot/cranium/install/corti', 'merge_install': False, 'path': '/home/tharun/cognipilot/cranium/src/corti', 'symlink_install': False, 'test_result_base': None}[0m
[0.507s] [34mcolcon.colcon_core.verb[0m [1;30mLevel 5[0m set package 'synapse_gz' build argument 'cmake_args' from command line to 'None'
[0.507s] [34mcolcon.colcon_core.verb[0m [1;30mLevel 5[0m set package 'synapse_gz' build argument 'cmake_target' from command line to 'None'
[0.507s] [34mcolcon.colcon_core.verb[0m [1;30mLevel 5[0m set package 'synapse_gz' build argument 'cmake_target_skip_unavailable' from command line to 'False'
[0.507s] [34mcolcon.colcon_core.verb[0m [1;30mLevel 5[0m set package 'synapse_gz' build argument 'cmake_clean_cache' from command line to 'False'
[0.507s] [34mcolcon.colcon_core.verb[0m [1;30mLevel 5[0m set package 'synapse_gz' build argument 'cmake_clean_first' from command line to 'False'
[0.507s] [34mcolcon.colcon_core.verb[0m [1;30mLevel 5[0m set package 'synapse_gz' build argument 'cmake_force_configure' from command line to 'False'
[0.507s] [34mcolcon.colcon_core.verb[0m [1;30mLevel 5[0m set package 'synapse_gz' build argument 'ament_cmake_args' from command line to 'None'
[0.507s] [34mcolcon.colcon_core.verb[0m [1;30mLevel 5[0m set package 'synapse_gz' build argument 'catkin_cmake_args' from command line to 'None'
[0.507s] [34mcolcon.colcon_core.verb[0m [1;30mLevel 5[0m set package 'synapse_gz' build argument 'catkin_skip_building_tests' from command line to 'False'
[0.507s] [34mcolcon.colcon_core.verb[0m [1;30mDEBUG[0m [32mBuilding package 'synapse_gz' with the following arguments: {'ament_cmake_args': None, 'build_base': '/home/tharun/cognipilot/cranium/build/synapse_gz', 'catkin_cmake_args': None, 'catkin_skip_building_tests': False, 'cmake_args': None, 'cmake_clean_cache': False, 'cmake_clean_first': False, 'cmake_force_configure': False, 'cmake_target': None, 'cmake_target_skip_unavailable': False, 'install_base': '/home/tharun/cognipilot/cranium/install/synapse_gz', 'merge_install': False, 'path': '/home/tharun/cognipilot/cranium/src/synapse_gz', 'symlink_install': False, 'test_result_base': None}[0m
[0.508s] [34mcolcon.colcon_core.verb[0m [1;30mLevel 5[0m set package 'synapse_ros' build argument 'cmake_args' from command line to 'None'
[0.508s] [34mcolcon.colcon_core.verb[0m [1;30mLevel 5[0m set package 'synapse_ros' build argument 'cmake_target' from command line to 'None'
[0.508s] [34mcolcon.colcon_core.verb[0m [1;30mLevel 5[0m set package 'synapse_ros' build argument 'cmake_target_skip_unavailable' from command line to 'False'
[0.508s] [34mcolcon.colcon_core.verb[0m [1;30mLevel 5[0m set package 'synapse_ros' build argument 'cmake_clean_cache' from command line to 'False'
[0.508s] [34mcolcon.colcon_core.verb[0m [1;30mLevel 5[0m set package 'synapse_ros' build argument 'cmake_clean_first' from command line to 'False'
[0.508s] [34mcolcon.colcon_core.verb[0m [1;30mLevel 5[0m set package 'synapse_ros' build argument 'cmake_force_configure' from command line to 'False'
[0.508s] [34mcolcon.colcon_core.verb[0m [1;30mLevel 5[0m set package 'synapse_ros' build argument 'ament_cmake_args' from command line to 'None'
[0.508s] [34mcolcon.colcon_core.verb[0m [1;30mLevel 5[0m set package 'synapse_ros' build argument 'catkin_cmake_args' from command line to 'None'
[0.508s] [34mcolcon.colcon_core.verb[0m [1;30mLevel 5[0m set package 'synapse_ros' build argument 'catkin_skip_building_tests' from command line to 'False'
[0.508s] [34mcolcon.colcon_core.verb[0m [1;30mDEBUG[0m [32mBuilding package 'synapse_ros' with the following arguments: {'ament_cmake_args': None, 'build_base': '/home/tharun/cognipilot/cranium/build/synapse_ros', 'catkin_cmake_args': None, 'catkin_skip_building_tests': False, 'cmake_args': None, 'cmake_clean_cache': False, 'cmake_clean_first': False, 'cmake_force_configure': False, 'cmake_target': None, 'cmake_target_skip_unavailable': False, 'install_base': '/home/tharun/cognipilot/cranium/install/synapse_ros', 'merge_install': False, 'path': '/home/tharun/cognipilot/cranium/src/synapse_ros', 'symlink_install': False, 'test_result_base': None}[0m
[0.508s] [34mcolcon.colcon_core.executor[0m [1;30mINFO[0m Executing jobs using 'parallel' executor
[0.509s] [34mcolcon.colcon_parallel_executor.executor.parallel[0m [1;30mDEBUG[0m [32mrun_until_complete[0m
[0.509s] [34mcolcon.colcon_ros.task.ament_cmake.build[0m [1;30mINFO[0m Building ROS package in '/home/tharun/cognipilot/cranium/src/synapse_msgs' with build type 'ament_cmake'
[0.509s] [34mcolcon.colcon_cmake.task.cmake.build[0m [1;30mINFO[0m Building CMake package in '/home/tharun/cognipilot/cranium/src/synapse_msgs'
[0.512s] [34mcolcon.colcon_core.plugin_system[0m [1;30mINFO[0m Skipping extension 'colcon_core.shell.bat': Not used on non-Windows systems
[0.513s] [34mcolcon.colcon_core.shell[0m [1;30mINFO[0m Skip shell extension 'powershell' for command environment: Not usable outside of PowerShell
[0.513s] [34mcolcon.colcon_core.shell[0m [1;30mDEBUG[0m [32mSkip shell extension 'dsv' for command environment[0m
[0.517s] [34mcolcon.colcon_ros.task.ament_cmake.build[0m [1;30mINFO[0m Building ROS package in '/home/tharun/cognipilot/cranium/src/synapse_protobuf' with build type 'ament_cmake'
[0.517s] [34mcolcon.colcon_cmake.task.cmake.build[0m [1;30mINFO[0m Building CMake package in '/home/tharun/cognipilot/cranium/src/synapse_protobuf'
[0.517s] [34mcolcon.colcon_core.shell[0m [1;30mINFO[0m Skip shell extension 'powershell' for command environment: Not usable outside of PowerShell
[0.517s] [34mcolcon.colcon_core.shell[0m [1;30mDEBUG[0m [32mSkip shell extension 'dsv' for command environment[0m
[0.520s] [34mcolcon.colcon_ros.task.ament_cmake.build[0m [1;30mINFO[0m Building ROS package in '/home/tharun/cognipilot/cranium/src/synapse_tinyframe' with build type 'ament_cmake'
[0.520s] [34mcolcon.colcon_cmake.task.cmake.build[0m [1;30mINFO[0m Building CMake package in '/home/tharun/cognipilot/cranium/src/synapse_tinyframe'
[0.520s] [34mcolcon.colcon_core.shell[0m [1;30mINFO[0m Skip shell extension 'powershell' for command environment: Not usable outside of PowerShell
[0.520s] [34mcolcon.colcon_core.shell[0m [1;30mDEBUG[0m [32mSkip shell extension 'dsv' for command environment[0m
[0.523s] [34mcolcon.colcon_ros.task.ament_cmake.build[0m [1;30mINFO[0m Building ROS package in '/home/tharun/cognipilot/cranium/src/b3rb_simulator/b3rb_gz_bringup' with build type 'ament_cmake'
[0.523s] [34mcolcon.colcon_cmake.task.cmake.build[0m [1;30mINFO[0m Building CMake package in '/home/tharun/cognipilot/cranium/src/b3rb_simulator/b3rb_gz_bringup'
[0.523s] [34mcolcon.colcon_core.shell[0m [1;30mINFO[0m Skip shell extension 'powershell' for command environment: Not usable outside of PowerShell
[0.523s] [34mcolcon.colcon_core.shell[0m [1;30mDEBUG[0m [32mSkip shell extension 'dsv' for command environment[0m
[0.526s] [34mcolcon.colcon_ros.task.ament_cmake.build[0m [1;30mINFO[0m Building ROS package in '/home/tharun/cognipilot/cranium/src/b3rb_simulator/b3rb_gz_resource' with build type 'ament_cmake'
[0.526s] [34mcolcon.colcon_cmake.task.cmake.build[0m [1;30mINFO[0m Building CMake package in '/home/tharun/cognipilot/cranium/src/b3rb_simulator/b3rb_gz_resource'
[0.526s] [34mcolcon.colcon_core.shell[0m [1;30mINFO[0m Skip shell extension 'powershell' for command environment: Not usable outside of PowerShell
[0.526s] [34mcolcon.colcon_core.shell[0m [1;30mDEBUG[0m [32mSkip shell extension 'dsv' for command environment[0m
[0.529s] [34mcolcon.colcon_ros.task.ament_cmake.build[0m [1;30mINFO[0m Building ROS package in '/home/tharun/cognipilot/cranium/src/b3rb_desktop/b3rb_rviz' with build type 'ament_cmake'
[0.529s] [34mcolcon.colcon_cmake.task.cmake.build[0m [1;30mINFO[0m Building CMake package in '/home/tharun/cognipilot/cranium/src/b3rb_desktop/b3rb_rviz'
[0.529s] [34mcolcon.colcon_core.shell[0m [1;30mINFO[0m Skip shell extension 'powershell' for command environment: Not usable outside of PowerShell
[0.529s] [34mcolcon.colcon_core.shell[0m [1;30mDEBUG[0m [32mSkip shell extension 'dsv' for command environment[0m
[0.532s] [34mcolcon.colcon_ros.task.ament_cmake.build[0m [1;30mINFO[0m Building ROS package in '/home/tharun/cognipilot/cranium/src/b3rb/b3rb_description' with build type 'ament_cmake'
[0.532s] [34mcolcon.colcon_cmake.task.cmake.build[0m [1;30mINFO[0m Building CMake package in '/home/tharun/cognipilot/cranium/src/b3rb/b3rb_description'
[0.532s] [34mcolcon.colcon_core.shell[0m [1;30mINFO[0m Skip shell extension 'powershell' for command environment: Not usable outside of PowerShell
[0.532s] [34mcolcon.colcon_core.shell[0m [1;30mDEBUG[0m [32mSkip shell extension 'dsv' for command environment[0m
[0.534s] [34mcolcon.colcon_ros.task.ament_cmake.build[0m [1;30mINFO[0m Building ROS package in '/home/tharun/cognipilot/cranium/src/b3rb/b3rb_nav2' with build type 'ament_cmake'
[0.534s] [34mcolcon.colcon_cmake.task.cmake.build[0m [1;30mINFO[0m Building CMake package in '/home/tharun/cognipilot/cranium/src/b3rb/b3rb_nav2'
[0.534s] [34mcolcon.colcon_core.shell[0m [1;30mINFO[0m Skip shell extension 'powershell' for command environment: Not usable outside of PowerShell
[0.534s] [34mcolcon.colcon_core.shell[0m [1;30mDEBUG[0m [32mSkip shell extension 'dsv' for command environment[0m
[0.537s] [34mcolcon.colcon_ros.task.ament_cmake.build[0m [1;30mINFO[0m Building ROS package in '/home/tharun/cognipilot/cranium/src/cerebri_bringup' with build type 'ament_cmake'
[0.537s] [34mcolcon.colcon_cmake.task.cmake.build[0m [1;30mINFO[0m Building CMake package in '/home/tharun/cognipilot/cranium/src/cerebri_bringup'
[0.537s] [34mcolcon.colcon_core.shell[0m [1;30mINFO[0m Skip shell extension 'powershell' for command environment: Not usable outside of PowerShell
[0.538s] [34mcolcon.colcon_core.shell[0m [1;30mDEBUG[0m [32mSkip shell extension 'dsv' for command environment[0m
[0.540s] [34mcolcon.colcon_ros.task.ament_cmake.build[0m [1;30mINFO[0m Building ROS package in '/home/tharun/cognipilot/cranium/src/dream_world/dream_world' with build type 'ament_cmake'
[0.540s] [34mcolcon.colcon_cmake.task.cmake.build[0m [1;30mINFO[0m Building CMake package in '/home/tharun/cognipilot/cranium/src/dream_world/dream_world'
[0.540s] [34mcolcon.colcon_core.shell[0m [1;30mINFO[0m Skip shell extension 'powershell' for command environment: Not usable outside of PowerShell
[0.540s] [34mcolcon.colcon_core.shell[0m [1;30mDEBUG[0m [32mSkip shell extension 'dsv' for command environment[0m
[0.546s] [34mcolcon.colcon_core.event_handler.log_command[0m [1;30mDEBUG[0m [32mInvoking command in '/home/tharun/cognipilot/cranium/build/synapse_msgs': CMAKE_PREFIX_PATH=${CMAKE_PREFIX_PATH}:/home/tharun/cognipilot/cranium/install/b3rb_ros_line_follower:/opt/ros/humble /usr/bin/cmake --build /home/tharun/cognipilot/cranium/build/synapse_msgs -- -j12 -l12[0m
[0.549s] [34mcolcon.colcon_core.event_handler.log_command[0m [1;30mDEBUG[0m [32mInvoking command in '/home/tharun/cognipilot/cranium/build/synapse_protobuf': CMAKE_PREFIX_PATH=${CMAKE_PREFIX_PATH}:/home/tharun/cognipilot/cranium/install/b3rb_ros_line_follower:/opt/ros/humble /usr/bin/cmake --build /home/tharun/cognipilot/cranium/build/synapse_protobuf -- -j12 -l12[0m
[0.551s] [34mcolcon.colcon_core.event_handler.log_command[0m [1;30mDEBUG[0m [32mInvoking command in '/home/tharun/cognipilot/cranium/build/synapse_tinyframe': CMAKE_PREFIX_PATH=${CMAKE_PREFIX_PATH}:/home/tharun/cognipilot/cranium/install/b3rb_ros_line_follower:/opt/ros/humble /usr/bin/cmake --build /home/tharun/cognipilot/cranium/build/synapse_tinyframe -- -j12 -l12[0m
[0.553s] [34mcolcon.colcon_core.event_handler.log_command[0m [1;30mDEBUG[0m [32mInvoking command in '/home/tharun/cognipilot/cranium/build/b3rb_gz_bringup': CMAKE_PREFIX_PATH=${CMAKE_PREFIX_PATH}:/home/tharun/cognipilot/cranium/install/b3rb_ros_line_follower:/opt/ros/humble /usr/bin/cmake --build /home/tharun/cognipilot/cranium/build/b3rb_gz_bringup -- -j12 -l12[0m
[0.556s] [34mcolcon.colcon_core.event_handler.log_command[0m [1;30mDEBUG[0m [32mInvoking command in '/home/tharun/cognipilot/cranium/build/b3rb_gz_resource': CMAKE_PREFIX_PATH=${CMAKE_PREFIX_PATH}:/home/tharun/cognipilot/cranium/install/b3rb_ros_line_follower:/opt/ros/humble /usr/bin/cmake --build /home/tharun/cognipilot/cranium/build/b3rb_gz_resource -- -j12 -l12[0m
[0.558s] [34mcolcon.colcon_core.event_handler.log_command[0m [1;30mDEBUG[0m [32mInvoking command in '/home/tharun/cognipilot/cranium/build/b3rb_rviz': CMAKE_PREFIX_PATH=${CMAKE_PREFIX_PATH}:/home/tharun/cognipilot/cranium/install/b3rb_ros_line_follower:/opt/ros/humble /usr/bin/cmake --build /home/tharun/cognipilot/cranium/build/b3rb_rviz -- -j12 -l12[0m
[0.561s] [34mcolcon.colcon_core.event_handler.log_command[0m [1;30mDEBUG[0m [32mInvoking command in '/home/tharun/cognipilot/cranium/build/b3rb_description': CMAKE_PREFIX_PATH=${CMAKE_PREFIX_PATH}:/home/tharun/cognipilot/cranium/install/b3rb_ros_line_follower:/opt/ros/humble /usr/bin/cmake --build /home/tharun/cognipilot/cranium/build/b3rb_description -- -j12 -l12[0m
[0.563s] [34mcolcon.colcon_core.event_handler.log_command[0m [1;30mDEBUG[0m [32mInvoking command in '/home/tharun/cognipilot/cranium/build/b3rb_nav2': CMAKE_PREFIX_PATH=${CMAKE_PREFIX_PATH}:/home/tharun/cognipilot/cranium/install/b3rb_ros_line_follower:/opt/ros/humble /usr/bin/cmake --build /home/tharun/cognipilot/cranium/build/b3rb_nav2 -- -j12 -l12[0m
[0.569s] [34mcolcon.colcon_core.event_handler.log_command[0m [1;30mDEBUG[0m [32mInvoking command in '/home/tharun/cognipilot/cranium/build/cerebri_bringup': CMAKE_PREFIX_PATH=${CMAKE_PREFIX_PATH}:/home/tharun/cognipilot/cranium/install/b3rb_ros_line_follower:/opt/ros/humble /usr/bin/cmake --build /home/tharun/cognipilot/cranium/build/cerebri_bringup -- -j12 -l12[0m
[0.574s] [34mcolcon.colcon_core.event_handler.log_command[0m [1;30mDEBUG[0m [32mInvoking command in '/home/tharun/cognipilot/cranium/build/dream_world': CMAKE_PREFIX_PATH=${CMAKE_PREFIX_PATH}:/home/tharun/cognipilot/cranium/install/b3rb_ros_line_follower:/opt/ros/humble /usr/bin/cmake --build /home/tharun/cognipilot/cranium/build/dream_world -- -j12 -l12[0m
[0.637s] [34mcolcon.colcon_core.event_handler.log_command[0m [1;30mDEBUG[0m [32mInvoked command in '/home/tharun/cognipilot/cranium/build/b3rb_nav2' returned '0': CMAKE_PREFIX_PATH=${CMAKE_PREFIX_PATH}:/home/tharun/cognipilot/cranium/install/b3rb_ros_line_follower:/opt/ros/humble /usr/bin/cmake --build /home/tharun/cognipilot/cranium/build/b3rb_nav2 -- -j12 -l12[0m
[0.652s] [34mcolcon.colcon_core.event_handler.log_command[0m [1;30mDEBUG[0m [32mInvoking command in '/home/tharun/cognipilot/cranium/build/b3rb_nav2': CMAKE_PREFIX_PATH=${CMAKE_PREFIX_PATH}:/home/tharun/cognipilot/cranium/install/b3rb_ros_line_follower:/opt/ros/humble /usr/bin/cmake --install /home/tharun/cognipilot/cranium/build/b3rb_nav2[0m
[0.654s] [34mcolcon.colcon_core.event_handler.log_command[0m [1;30mDEBUG[0m [32mInvoked command in '/home/tharun/cognipilot/cranium/build/b3rb_gz_resource' returned '0': CMAKE_PREFIX_PATH=${CMAKE_PREFIX_PATH}:/home/tharun/cognipilot/cranium/install/b3rb_ros_line_follower:/opt/ros/humble /usr/bin/cmake --build /home/tharun/cognipilot/cranium/build/b3rb_gz_resource -- -j12 -l12[0m
[0.657s] [34mcolcon.colcon_core.event_handler.log_command[0m [1;30mDEBUG[0m [32mInvoking command in '/home/tharun/cognipilot/cranium/build/b3rb_gz_resource': CMAKE_PREFIX_PATH=${CMAKE_PREFIX_PATH}:/home/tharun/cognipilot/cranium/install/b3rb_ros_line_follower:/opt/ros/humble /usr/bin/cmake --install /home/tharun/cognipilot/cranium/build/b3rb_gz_resource[0m
[0.659s] [34mcolcon.colcon_core.event_handler.log_command[0m [1;30mDEBUG[0m [32mInvoked command in '/home/tharun/cognipilot/cranium/build/b3rb_description' returned '0': CMAKE_PREFIX_PATH=${CMAKE_PREFIX_PATH}:/home/tharun/cognipilot/cranium/install/b3rb_ros_line_follower:/opt/ros/humble /usr/bin/cmake --build /home/tharun/cognipilot/cranium/build/b3rb_description -- -j12 -l12[0m
[0.663s] [34mcolcon.colcon_core.event_handler.log_command[0m [1;30mDEBUG[0m [32mInvoking command in '/home/tharun/cognipilot/cranium/build/b3rb_description': CMAKE_PREFIX_PATH=${CMAKE_PREFIX_PATH}:/home/tharun/cognipilot/cranium/install/b3rb_ros_line_follower:/opt/ros/humble /usr/bin/cmake --install /home/tharun/cognipilot/cranium/build/b3rb_description[0m
[0.664s] [34mcolcon.colcon_core.event_handler.log_command[0m [1;30mDEBUG[0m [32mInvoked command in '/home/tharun/cognipilot/cranium/build/b3rb_gz_bringup' returned '0': CMAKE_PREFIX_PATH=${CMAKE_PREFIX_PATH}:/home/tharun/cognipilot/cranium/install/b3rb_ros_line_follower:/opt/ros/humble /usr/bin/cmake --build /home/tharun/cognipilot/cranium/build/b3rb_gz_bringup -- -j12 -l12[0m
[0.668s] [34mcolcon.colcon_core.event_handler.log_command[0m [1;30mDEBUG[0m [32mInvoking command in '/home/tharun/cognipilot/cranium/build/b3rb_gz_bringup': CMAKE_PREFIX_PATH=${CMAKE_PREFIX_PATH}:/home/tharun/cognipilot/cranium/install/b3rb_ros_line_follower:/opt/ros/humble /usr/bin/cmake --install /home/tharun/cognipilot/cranium/build/b3rb_gz_bringup[0m
[0.674s] [34mcolcon.colcon_core.event_handler.log_command[0m [1;30mDEBUG[0m [32mInvoked command in '/home/tharun/cognipilot/cranium/build/dream_world' returned '0': CMAKE_PREFIX_PATH=${CMAKE_PREFIX_PATH}:/home/tharun/cognipilot/cranium/install/b3rb_ros_line_follower:/opt/ros/humble /usr/bin/cmake --build /home/tharun/cognipilot/cranium/build/dream_world -- -j12 -l12[0m
[0.677s] [34mcolcon.colcon_core.event_handler.log_command[0m [1;30mDEBUG[0m [32mInvoking command in '/home/tharun/cognipilot/cranium/build/dream_world': CMAKE_PREFIX_PATH=${CMAKE_PREFIX_PATH}:/home/tharun/cognipilot/cranium/install/b3rb_ros_line_follower:/opt/ros/humble /usr/bin/cmake --install /home/tharun/cognipilot/cranium/build/dream_world[0m
[0.680s] [34mcolcon.colcon_core.event_handler.log_command[0m [1;30mDEBUG[0m [32mInvoked command in '/home/tharun/cognipilot/cranium/build/b3rb_rviz' returned '0': CMAKE_PREFIX_PATH=${CMAKE_PREFIX_PATH}:/home/tharun/cognipilot/cranium/install/b3rb_ros_line_follower:/opt/ros/humble /usr/bin/cmake --build /home/tharun/cognipilot/cranium/build/b3rb_rviz -- -j12 -l12[0m
[0.689s] [34mcolcon.colcon_core.event_handler.log_command[0m [1;30mDEBUG[0m [32mInvoking command in '/home/tharun/cognipilot/cranium/build/b3rb_rviz': CMAKE_PREFIX_PATH=${CMAKE_PREFIX_PATH}:/home/tharun/cognipilot/cranium/install/b3rb_ros_line_follower:/opt/ros/humble /usr/bin/cmake --install /home/tharun/cognipilot/cranium/build/b3rb_rviz[0m
[0.693s] [34mcolcon.colcon_core.event_handler.log_command[0m [1;30mDEBUG[0m [32mInvoked command in '/home/tharun/cognipilot/cranium/build/cerebri_bringup' returned '0': CMAKE_PREFIX_PATH=${CMAKE_PREFIX_PATH}:/home/tharun/cognipilot/cranium/install/b3rb_ros_line_follower:/opt/ros/humble /usr/bin/cmake --build /home/tharun/cognipilot/cranium/build/cerebri_bringup -- -j12 -l12[0m
[0.704s] [34mcolcon.colcon_core.event_handler.log_command[0m [1;30mDEBUG[0m [32mInvoking command in '/home/tharun/cognipilot/cranium/build/cerebri_bringup': CMAKE_PREFIX_PATH=${CMAKE_PREFIX_PATH}:/home/tharun/cognipilot/cranium/install/b3rb_ros_line_follower:/opt/ros/humble /usr/bin/cmake --install /home/tharun/cognipilot/cranium/build/cerebri_bringup[0m
[0.709s] [34mcolcon.colcon_core.event_handler.log_command[0m [1;30mDEBUG[0m [32mInvoked command in '/home/tharun/cognipilot/cranium/build/synapse_tinyframe' returned '0': CMAKE_PREFIX_PATH=${CMAKE_PREFIX_PATH}:/home/tharun/cognipilot/cranium/install/b3rb_ros_line_follower:/opt/ros/humble /usr/bin/cmake --build /home/tharun/cognipilot/cranium/build/synapse_tinyframe -- -j12 -l12[0m
[0.711s] [34mcolcon.colcon_core.environment[0m [1;30mLevel 1[0m create_environment_scripts_only(b3rb_nav2)
[0.712s] [34mcolcon.colcon_core.event_handler.log_command[0m [1;30mDEBUG[0m [32mInvoking command in '/home/tharun/cognipilot/cranium/build/synapse_tinyframe': CMAKE_PREFIX_PATH=${CMAKE_PREFIX_PATH}:/home/tharun/cognipilot/cranium/install/b3rb_ros_line_follower:/opt/ros/humble /usr/bin/cmake --install /home/tharun/cognipilot/cranium/build/synapse_tinyframe[0m
[0.714s] [34mcolcon.colcon_core.event_handler.log_command[0m [1;30mDEBUG[0m [32mInvoked command in '/home/tharun/cognipilot/cranium/build/b3rb_nav2' returned '0': CMAKE_PREFIX_PATH=${CMAKE_PREFIX_PATH}:/home/tharun/cognipilot/cranium/install/b3rb_ros_line_follower:/opt/ros/humble /usr/bin/cmake --install /home/tharun/cognipilot/cranium/build/b3rb_nav2[0m
[0.719s] [34mcolcon.colcon_core.environment[0m [1;30mLevel 1[0m checking '/home/tharun/cognipilot/cranium/install/b3rb_nav2' for CMake module files
[0.720s] [34mcolcon.colcon_core.environment[0m [1;30mLevel 1[0m checking '/home/tharun/cognipilot/cranium/install/b3rb_nav2' for CMake config files
[0.720s] [34mcolcon.colcon_core.shell[0m [1;30mLevel 1[0m create_environment_hook('b3rb_nav2', 'cmake_prefix_path')
[0.720s] [34mcolcon.colcon_core.shell[0m [1;30mINFO[0m Creating environment hook '/home/tharun/cognipilot/cranium/install/b3rb_nav2/share/b3rb_nav2/hook/cmake_prefix_path.ps1'
[0.721s] [34mcolcon.colcon_core.shell[0m [1;30mINFO[0m Creating environment descriptor '/home/tharun/cognipilot/cranium/install/b3rb_nav2/share/b3rb_nav2/hook/cmake_prefix_path.dsv'
[0.723s] [34mcolcon.colcon_core.shell[0m [1;30mINFO[0m Creating environment hook '/home/tharun/cognipilot/cranium/install/b3rb_nav2/share/b3rb_nav2/hook/cmake_prefix_path.sh'
[0.724s] [34mcolcon.colcon_core.environment[0m [1;30mLevel 1[0m checking '/home/tharun/cognipilot/cranium/install/b3rb_nav2/bin'
[0.724s] [34mcolcon.colcon_core.environment[0m [1;30mLevel 1[0m checking '/home/tharun/cognipilot/cranium/install/b3rb_nav2/lib/pkgconfig/b3rb_nav2.pc'
[0.726s] [34mcolcon.colcon_core.environment[0m [1;30mLevel 1[0m checking '/home/tharun/cognipilot/cranium/install/b3rb_nav2/lib/python3.10/site-packages'
[0.726s] [34mcolcon.colcon_core.environment[0m [1;30mLevel 1[0m checking '/home/tharun/cognipilot/cranium/install/b3rb_nav2/bin'
[0.727s] [34mcolcon.colcon_core.shell[0m [1;30mINFO[0m Creating package script '/home/tharun/cognipilot/cranium/install/b3rb_nav2/share/b3rb_nav2/package.ps1'
[0.730s] [34mcolcon.colcon_core.shell[0m [1;30mINFO[0m Creating package descriptor '/home/tharun/cognipilot/cranium/install/b3rb_nav2/share/b3rb_nav2/package.dsv'
[0.731s] [34mcolcon.colcon_core.shell[0m [1;30mINFO[0m Creating package script '/home/tharun/cognipilot/cranium/install/b3rb_nav2/share/b3rb_nav2/package.sh'
[0.732s] [34mcolcon.colcon_core.shell[0m [1;30mINFO[0m Creating package script '/home/tharun/cognipilot/cranium/install/b3rb_nav2/share/b3rb_nav2/package.bash'
[0.734s] [34mcolcon.colcon_core.shell[0m [1;30mINFO[0m Creating package script '/home/tharun/cognipilot/cranium/install/b3rb_nav2/share/b3rb_nav2/package.zsh'
[0.735s] [34mcolcon.colcon_core.environment[0m [1;30mLevel 1[0m create_file_with_runtime_dependencies(/home/tharun/cognipilot/cranium/install/b3rb_nav2/share/colcon-core/packages/b3rb_nav2)
[0.736s] [34mcolcon.colcon_core.environment[0m [1;30mLevel 1[0m create_environment_scripts_only(b3rb_nav2)
[0.737s] [34mcolcon.colcon_core.environment[0m [1;30mLevel 1[0m checking '/home/tharun/cognipilot/cranium/install/b3rb_nav2' for CMake module files
[0.737s] [34mcolcon.colcon_core.environment[0m [1;30mLevel 1[0m checking '/home/tharun/cognipilot/cranium/install/b3rb_nav2' for CMake config files
[0.738s] [34mcolcon.colcon_core.shell[0m [1;30mLevel 1[0m create_environment_hook('b3rb_nav2', 'cmake_prefix_path')
[0.738s] [34mcolcon.colcon_core.shell[0m [1;30mINFO[0m Creating environment hook '/home/tharun/cognipilot/cranium/install/b3rb_nav2/share/b3rb_nav2/hook/cmake_prefix_path.ps1'
[0.739s] [34mcolcon.colcon_core.shell[0m [1;30mINFO[0m Creating environment descriptor '/home/tharun/cognipilot/cranium/install/b3rb_nav2/share/b3rb_nav2/hook/cmake_prefix_path.dsv'
[0.739s] [34mcolcon.colcon_core.shell[0m [1;30mINFO[0m Creating environment hook '/home/tharun/cognipilot/cranium/install/b3rb_nav2/share/b3rb_nav2/hook/cmake_prefix_path.sh'
[0.740s] [34mcolcon.colcon_core.environment[0m [1;30mLevel 1[0m checking '/home/tharun/cognipilot/cranium/install/b3rb_nav2/bin'
[0.740s] [34mcolcon.colcon_core.environment[0m [1;30mLevel 1[0m checking '/home/tharun/cognipilot/cranium/install/b3rb_nav2/lib/pkgconfig/b3rb_nav2.pc'
[0.740s] [34mcolcon.colcon_core.environment[0m [1;30mLevel 1[0m checking '/home/tharun/cognipilot/cranium/install/b3rb_nav2/lib/python3.10/site-packages'
[0.740s] [34mcolcon.colcon_core.environment[0m [1;30mLevel 1[0m checking '/home/tharun/cognipilot/cranium/install/b3rb_nav2/bin'
[0.741s] [34mcolcon.colcon_core.shell[0m [1;30mINFO[0m Creating package script '/home/tharun/cognipilot/cranium/install/b3rb_nav2/share/b3rb_nav2/package.ps1'
[0.742s] [34mcolcon.colcon_core.shell[0m [1;30mINFO[0m Creating package descriptor '/home/tharun/cognipilot/cranium/install/b3rb_nav2/share/b3rb_nav2/package.dsv'
[0.743s] [34mcolcon.colcon_core.shell[0m [1;30mINFO[0m Creating package script '/home/tharun/cognipilot/cranium/install/b3rb_nav2/share/b3rb_nav2/package.sh'
[0.744s] [34mcolcon.colcon_core.shell[0m [1;30mINFO[0m Creating package script '/home/tharun/cognipilot/cranium/install/b3rb_nav2/share/b3rb_nav2/package.bash'
[0.744s] [34mcolcon.colcon_core.shell[0m [1;30mINFO[0m Creating package script '/home/tharun/cognipilot/cranium/install/b3rb_nav2/share/b3rb_nav2/package.zsh'
[0.745s] [34mcolcon.colcon_core.environment[0m [1;30mLevel 1[0m create_file_with_runtime_dependencies(/home/tharun/cognipilot/cranium/install/b3rb_nav2/share/colcon-core/packages/b3rb_nav2)
[0.745s] [34mcolcon.colcon_core.environment[0m [1;30mLevel 1[0m create_environment_scripts_only(b3rb_description)
[0.746s] [34mcolcon.colcon_core.environment[0m [1;30mLevel 1[0m checking '/home/tharun/cognipilot/cranium/install/b3rb_description' for CMake module files
[0.747s] [34mcolcon.colcon_core.event_handler.log_command[0m [1;30mDEBUG[0m [32mInvoked command in '/home/tharun/cognipilot/cranium/build/b3rb_description' returned '0': CMAKE_PREFIX_PATH=${CMAKE_PREFIX_PATH}:/home/tharun/cognipilot/cranium/install/b3rb_ros_line_follower:/opt/ros/humble /usr/bin/cmake --install /home/tharun/cognipilot/cranium/build/b3rb_description[0m
[0.747s] [34mcolcon.colcon_core.environment[0m [1;30mLevel 1[0m checking '/home/tharun/cognipilot/cranium/install/b3rb_description' for CMake config files
[0.747s] [34mcolcon.colcon_core.shell[0m [1;30mLevel 1[0m create_environment_hook('b3rb_description', 'cmake_prefix_path')
[0.748s] [34mcolcon.colcon_core.shell[0m [1;30mINFO[0m Creating environment hook '/home/tharun/cognipilot/cranium/install/b3rb_description/share/b3rb_description/hook/cmake_prefix_path.ps1'
[0.748s] [34mcolcon.colcon_core.shell[0m [1;30mINFO[0m Creating environment descriptor '/home/tharun/cognipilot/cranium/install/b3rb_description/share/b3rb_description/hook/cmake_prefix_path.dsv'
[0.748s] [34mcolcon.colcon_core.shell[0m [1;30mINFO[0m Creating environment hook '/home/tharun/cognipilot/cranium/install/b3rb_description/share/b3rb_description/hook/cmake_prefix_path.sh'
[0.749s] [34mcolcon.colcon_core.environment[0m [1;30mLevel 1[0m checking '/home/tharun/cognipilot/cranium/install/b3rb_description/bin'
[0.749s] [34mcolcon.colcon_core.environment[0m [1;30mLevel 1[0m checking '/home/tharun/cognipilot/cranium/install/b3rb_description/lib/pkgconfig/b3rb_description.pc'
[0.749s] [34mcolcon.colcon_core.environment[0m [1;30mLevel 1[0m checking '/home/tharun/cognipilot/cranium/install/b3rb_description/lib/python3.10/site-packages'
[0.750s] [34mcolcon.colcon_core.environment[0m [1;30mLevel 1[0m checking '/home/tharun/cognipilot/cranium/install/b3rb_description/bin'
[0.750s] [34mcolcon.colcon_core.shell[0m [1;30mINFO[0m Creating package script '/home/tharun/cognipilot/cranium/install/b3rb_description/share/b3rb_description/package.ps1'
[0.751s] [34mcolcon.colcon_core.shell[0m [1;30mINFO[0m Creating package descriptor '/home/tharun/cognipilot/cranium/install/b3rb_description/share/b3rb_description/package.dsv'
[0.751s] [34mcolcon.colcon_core.shell[0m [1;30mINFO[0m Creating package script '/home/tharun/cognipilot/cranium/install/b3rb_description/share/b3rb_description/package.sh'
[0.752s] [34mcolcon.colcon_core.shell[0m [1;30mINFO[0m Creating package script '/home/tharun/cognipilot/cranium/install/b3rb_description/share/b3rb_description/package.bash'
[0.753s] [34mcolcon.colcon_core.shell[0m [1;30mINFO[0m Creating package script '/home/tharun/cognipilot/cranium/install/b3rb_description/share/b3rb_description/package.zsh'
[0.753s] [34mcolcon.colcon_core.environment[0m [1;30mLevel 1[0m create_file_with_runtime_dependencies(/home/tharun/cognipilot/cranium/install/b3rb_description/share/colcon-core/packages/b3rb_description)
[0.754s] [34mcolcon.colcon_core.environment[0m [1;30mLevel 1[0m create_environment_scripts_only(b3rb_description)
[0.754s] [34mcolcon.colcon_core.environment[0m [1;30mLevel 1[0m checking '/home/tharun/cognipilot/cranium/install/b3rb_description' for CMake module files
[0.755s] [34mcolcon.colcon_core.environment[0m [1;30mLevel 1[0m checking '/home/tharun/cognipilot/cranium/install/b3rb_description' for CMake config files
[0.755s] [34mcolcon.colcon_core.shell[0m [1;30mLevel 1[0m create_environment_hook('b3rb_description', 'cmake_prefix_path')
[0.755s] [34mcolcon.colcon_core.shell[0m [1;30mINFO[0m Creating environment hook '/home/tharun/cognipilot/cranium/install/b3rb_description/share/b3rb_description/hook/cmake_prefix_path.ps1'
[0.756s] [34mcolcon.colcon_core.shell[0m [1;30mINFO[0m Creating environment descriptor '/home/tharun/cognipilot/cranium/install/b3rb_description/share/b3rb_description/hook/cmake_prefix_path.dsv'
[0.756s] [34mcolcon.colcon_core.shell[0m [1;30mINFO[0m Creating environment hook '/home/tharun/cognipilot/cranium/install/b3rb_description/share/b3rb_description/hook/cmake_prefix_path.sh'
[0.757s] [34mcolcon.colcon_core.environment[0m [1;30mLevel 1[0m checking '/home/tharun/cognipilot/cranium/install/b3rb_description/bin'
[0.757s] [34mcolcon.colcon_core.environment[0m [1;30mLevel 1[0m checking '/home/tharun/cognipilot/cranium/install/b3rb_description/lib/pkgconfig/b3rb_description.pc'
[0.757s] [34mcolcon.colcon_core.environment[0m [1;30mLevel 1[0m checking '/home/tharun/cognipilot/cranium/install/b3rb_description/lib/python3.10/site-packages'
[0.757s] [34mcolcon.colcon_core.environment[0m [1;30mLevel 1[0m checking '/home/tharun/cognipilot/cranium/install/b3rb_description/bin'
[0.757s] [34mcolcon.colcon_core.shell[0m [1;30mINFO[0m Creating package script '/home/tharun/cognipilot/cranium/install/b3rb_description/share/b3rb_description/package.ps1'
[0.758s] [34mcolcon.colcon_core.shell[0m [1;30mINFO[0m Creating package descriptor '/home/tharun/cognipilot/cranium/install/b3rb_description/share/b3rb_description/package.dsv'
[0.759s] [34mcolcon.colcon_core.shell[0m [1;30mINFO[0m Creating package script '/home/tharun/cognipilot/cranium/install/b3rb_description/share/b3rb_description/package.sh'
[0.759s] [34mcolcon.colcon_core.shell[0m [1;30mINFO[0m Creating package script '/home/tharun/cognipilot/cranium/install/b3rb_description/share/b3rb_description/package.bash'
[0.760s] [34mcolcon.colcon_core.shell[0m [1;30mINFO[0m Creating package script '/home/tharun/cognipilot/cranium/install/b3rb_description/share/b3rb_description/package.zsh'
[0.760s] [34mcolcon.colcon_core.environment[0m [1;30mLevel 1[0m create_file_with_runtime_dependencies(/home/tharun/cognipilot/cranium/install/b3rb_description/share/colcon-core/packages/b3rb_description)
[0.760s] [34mcolcon.colcon_core.environment[0m [1;30mLevel 1[0m create_environment_scripts_only(b3rb_gz_resource)
[0.761s] [34mcolcon.colcon_core.environment[0m [1;30mLevel 1[0m checking '/home/tharun/cognipilot/cranium/install/b3rb_gz_resource' for CMake module files
[0.762s] [34mcolcon.colcon_core.environment[0m [1;30mLevel 1[0m checking '/home/tharun/cognipilot/cranium/install/b3rb_gz_resource' for CMake config files
[0.762s] [34mcolcon.colcon_core.event_handler.log_command[0m [1;30mDEBUG[0m [32mInvoked command in '/home/tharun/cognipilot/cranium/build/b3rb_gz_resource' returned '0': CMAKE_PREFIX_PATH=${CMAKE_PREFIX_PATH}:/home/tharun/cognipilot/cranium/install/b3rb_ros_line_follower:/opt/ros/humble /usr/bin/cmake --install /home/tharun/cognipilot/cranium/build/b3rb_gz_resource[0m
[0.763s] [34mcolcon.colcon_core.shell[0m [1;30mLevel 1[0m create_environment_hook('b3rb_gz_resource', 'cmake_prefix_path')
[0.763s] [34mcolcon.colcon_core.shell[0m [1;30mINFO[0m Creating environment hook '/home/tharun/cognipilot/cranium/install/b3rb_gz_resource/share/b3rb_gz_resource/hook/cmake_prefix_path.ps1'
[0.763s] [34mcolcon.colcon_core.shell[0m [1;30mINFO[0m Creating environment descriptor '/home/tharun/cognipilot/cranium/install/b3rb_gz_resource/share/b3rb_gz_resource/hook/cmake_prefix_path.dsv'
[0.764s] [34mcolcon.colcon_core.shell[0m [1;30mINFO[0m Creating environment hook '/home/tharun/cognipilot/cranium/install/b3rb_gz_resource/share/b3rb_gz_resource/hook/cmake_prefix_path.sh'
[0.765s] [34mcolcon.colcon_core.environment[0m [1;30mLevel 1[0m checking '/home/tharun/cognipilot/cranium/install/b3rb_gz_resource/bin'
[0.765s] [34mcolcon.colcon_core.environment[0m [1;30mLevel 1[0m checking '/home/tharun/cognipilot/cranium/install/b3rb_gz_resource/lib/pkgconfig/b3rb_gz_resource.pc'
[0.765s] [34mcolcon.colcon_core.environment[0m [1;30mLevel 1[0m checking '/home/tharun/cognipilot/cranium/install/b3rb_gz_resource/lib/python3.10/site-packages'
[0.765s] [34mcolcon.colcon_core.environment[0m [1;30mLevel 1[0m checking '/home/tharun/cognipilot/cranium/install/b3rb_gz_resource/bin'
[0.766s] [34mcolcon.colcon_core.shell[0m [1;30mINFO[0m Creating package script '/home/tharun/cognipilot/cranium/install/b3rb_gz_resource/share/b3rb_gz_resource/package.ps1'
[0.766s] [34mcolcon.colcon_core.shell[0m [1;30mINFO[0m Creating package descriptor '/home/tharun/cognipilot/cranium/install/b3rb_gz_resource/share/b3rb_gz_resource/package.dsv'
[0.767s] [34mcolcon.colcon_core.shell[0m [1;30mINFO[0m Creating package script '/home/tharun/cognipilot/cranium/install/b3rb_gz_resource/share/b3rb_gz_resource/package.sh'
[0.768s] [34mcolcon.colcon_core.shell[0m [1;30mINFO[0m Creating package script '/home/tharun/cognipilot/cranium/install/b3rb_gz_resource/share/b3rb_gz_resource/package.bash'
[0.768s] [34mcolcon.colcon_core.shell[0m [1;30mINFO[0m Creating package script '/home/tharun/cognipilot/cranium/install/b3rb_gz_resource/share/b3rb_gz_resource/package.zsh'
[0.769s] [34mcolcon.colcon_core.environment[0m [1;30mLevel 1[0m create_file_with_runtime_dependencies(/home/tharun/cognipilot/cranium/install/b3rb_gz_resource/share/colcon-core/packages/b3rb_gz_resource)
[0.769s] [34mcolcon.colcon_core.environment[0m [1;30mLevel 1[0m create_environment_scripts_only(b3rb_gz_resource)
[0.770s] [34mcolcon.colcon_core.environment[0m [1;30mLevel 1[0m checking '/home/tharun/cognipilot/cranium/install/b3rb_gz_resource' for CMake module files
[0.770s] [34mcolcon.colcon_core.environment[0m [1;30mLevel 1[0m checking '/home/tharun/cognipilot/cranium/install/b3rb_gz_resource' for CMake config files
[0.771s] [34mcolcon.colcon_core.shell[0m [1;30mLevel 1[0m create_environment_hook('b3rb_gz_resource', 'cmake_prefix_path')
[0.771s] [34mcolcon.colcon_core.shell[0m [1;30mINFO[0m Creating environment hook '/home/tharun/cognipilot/cranium/install/b3rb_gz_resource/share/b3rb_gz_resource/hook/cmake_prefix_path.ps1'
[0.772s] [34mcolcon.colcon_core.shell[0m [1;30mINFO[0m Creating environment descriptor '/home/tharun/cognipilot/cranium/install/b3rb_gz_resource/share/b3rb_gz_resource/hook/cmake_prefix_path.dsv'
[0.772s] [34mcolcon.colcon_core.shell[0m [1;30mINFO[0m Creating environment hook '/home/tharun/cognipilot/cranium/install/b3rb_gz_resource/share/b3rb_gz_resource/hook/cmake_prefix_path.sh'
[0.774s] [34mcolcon.colcon_core.environment[0m [1;30mLevel 1[0m checking '/home/tharun/cognipilot/cranium/install/b3rb_gz_resource/bin'
[0.774s] [34mcolcon.colcon_core.environment[0m [1;30mLevel 1[0m checking '/home/tharun/cognipilot/cranium/install/b3rb_gz_resource/lib/pkgconfig/b3rb_gz_resource.pc'
[0.774s] [34mcolcon.colcon_core.environment[0m [1;30mLevel 1[0m checking '/home/tharun/cognipilot/cranium/install/b3rb_gz_resource/lib/python3.10/site-packages'
[0.774s] [34mcolcon.colcon_core.environment[0m [1;30mLevel 1[0m checking '/home/tharun/cognipilot/cranium/install/b3rb_gz_resource/bin'
[0.774s] [34mcolcon.colcon_core.shell[0m [1;30mINFO[0m Creating package script '/home/tharun/cognipilot/cranium/install/b3rb_gz_resource/share/b3rb_gz_resource/package.ps1'
[0.776s] [34mcolcon.colcon_core.shell[0m [1;30mINFO[0m Creating package descriptor '/home/tharun/cognipilot/cranium/install/b3rb_gz_resource/share/b3rb_gz_resource/package.dsv'
[0.776s] [34mcolcon.colcon_core.shell[0m [1;30mINFO[0m Creating package script '/home/tharun/cognipilot/cranium/install/b3rb_gz_resource/share/b3rb_gz_resource/package.sh'
[0.777s] [34mcolcon.colcon_core.shell[0m [1;30mINFO[0m Creating package script '/home/tharun/cognipilot/cranium/install/b3rb_gz_resource/share/b3rb_gz_resource/package.bash'
[0.778s] [34mcolcon.colcon_core.shell[0m [1;30mINFO[0m Creating package script '/home/tharun/cognipilot/cranium/install/b3rb_gz_resource/share/b3rb_gz_resource/package.zsh'
[0.779s] [34mcolcon.colcon_core.environment[0m [1;30mLevel 1[0m create_file_with_runtime_dependencies(/home/tharun/cognipilot/cranium/install/b3rb_gz_resource/share/colcon-core/packages/b3rb_gz_resource)
[0.780s] [34mcolcon.colcon_core.environment[0m [1;30mLevel 1[0m create_environment_scripts_only(b3rb_gz_bringup)
[0.780s] [34mcolcon.colcon_core.environment[0m [1;30mLevel 1[0m checking '/home/tharun/cognipilot/cranium/install/b3rb_gz_bringup' for CMake module files
[0.781s] [34mcolcon.colcon_core.event_handler.log_command[0m [1;30mDEBUG[0m [32mInvoked command in '/home/tharun/cognipilot/cranium/build/b3rb_gz_bringup' returned '0': CMAKE_PREFIX_PATH=${CMAKE_PREFIX_PATH}:/home/tharun/cognipilot/cranium/install/b3rb_ros_line_follower:/opt/ros/humble /usr/bin/cmake --install /home/tharun/cognipilot/cranium/build/b3rb_gz_bringup[0m
[0.783s] [34mcolcon.colcon_core.environment[0m [1;30mLevel 1[0m checking '/home/tharun/cognipilot/cranium/install/b3rb_gz_bringup' for CMake config files
[0.783s] [34mcolcon.colcon_core.shell[0m [1;30mLevel 1[0m create_environment_hook('b3rb_gz_bringup', 'cmake_prefix_path')
[0.783s] [34mcolcon.colcon_core.shell[0m [1;30mINFO[0m Creating environment hook '/home/tharun/cognipilot/cranium/install/b3rb_gz_bringup/share/b3rb_gz_bringup/hook/cmake_prefix_path.ps1'
[0.784s] [34mcolcon.colcon_core.shell[0m [1;30mINFO[0m Creating environment descriptor '/home/tharun/cognipilot/cranium/install/b3rb_gz_bringup/share/b3rb_gz_bringup/hook/cmake_prefix_path.dsv'
[0.785s] [34mcolcon.colcon_core.shell[0m [1;30mINFO[0m Creating environment hook '/home/tharun/cognipilot/cranium/install/b3rb_gz_bringup/share/b3rb_gz_bringup/hook/cmake_prefix_path.sh'
[0.786s] [34mcolcon.colcon_core.environment[0m [1;30mLevel 1[0m checking '/home/tharun/cognipilot/cranium/install/b3rb_gz_bringup/bin'
[0.786s] [34mcolcon.colcon_core.environment[0m [1;30mLevel 1[0m checking '/home/tharun/cognipilot/cranium/install/b3rb_gz_bringup/lib/pkgconfig/b3rb_gz_bringup.pc'
[0.787s] [34mcolcon.colcon_core.environment[0m [1;30mLevel 1[0m checking '/home/tharun/cognipilot/cranium/install/b3rb_gz_bringup/lib/python3.10/site-packages'
[0.787s] [34mcolcon.colcon_core.environment[0m [1;30mLevel 1[0m checking '/home/tharun/cognipilot/cranium/install/b3rb_gz_bringup/bin'
[0.787s] [34mcolcon.colcon_core.shell[0m [1;30mINFO[0m Creating package script '/home/tharun/cognipilot/cranium/install/b3rb_gz_bringup/share/b3rb_gz_bringup/package.ps1'
[0.791s] [34mcolcon.colcon_core.shell[0m [1;30mINFO[0m Creating package descriptor '/home/tharun/cognipilot/cranium/install/b3rb_gz_bringup/share/b3rb_gz_bringup/package.dsv'
[0.793s] [34mcolcon.colcon_core.shell[0m [1;30mINFO[0m Creating package script '/home/tharun/cognipilot/cranium/install/b3rb_gz_bringup/share/b3rb_gz_bringup/package.sh'
[0.794s] [34mcolcon.colcon_core.shell[0m [1;30mINFO[0m Creating package script '/home/tharun/cognipilot/cranium/install/b3rb_gz_bringup/share/b3rb_gz_bringup/package.bash'
[0.794s] [34mcolcon.colcon_core.shell[0m [1;30mINFO[0m Creating package script '/home/tharun/cognipilot/cranium/install/b3rb_gz_bringup/share/b3rb_gz_bringup/package.zsh'
[0.795s] [34mcolcon.colcon_core.environment[0m [1;30mLevel 1[0m create_file_with_runtime_dependencies(/home/tharun/cognipilot/cranium/install/b3rb_gz_bringup/share/colcon-core/packages/b3rb_gz_bringup)
[0.795s] [34mcolcon.colcon_core.environment[0m [1;30mLevel 1[0m create_environment_scripts_only(b3rb_gz_bringup)
[0.795s] [34mcolcon.colcon_core.environment[0m [1;30mLevel 1[0m checking '/home/tharun/cognipilot/cranium/install/b3rb_gz_bringup' for CMake module files
[0.796s] [34mcolcon.colcon_core.environment[0m [1;30mLevel 1[0m checking '/home/tharun/cognipilot/cranium/install/b3rb_gz_bringup' for CMake config files
[0.796s] [34mcolcon.colcon_core.shell[0m [1;30mLevel 1[0m create_environment_hook('b3rb_gz_bringup', 'cmake_prefix_path')
[0.796s] [34mcolcon.colcon_core.shell[0m [1;30mINFO[0m Creating environment hook '/home/tharun/cognipilot/cranium/install/b3rb_gz_bringup/share/b3rb_gz_bringup/hook/cmake_prefix_path.ps1'
[0.797s] [34mcolcon.colcon_core.shell[0m [1;30mINFO[0m Creating environment descriptor '/home/tharun/cognipilot/cranium/install/b3rb_gz_bringup/share/b3rb_gz_bringup/hook/cmake_prefix_path.dsv'
[0.797s] [34mcolcon.colcon_core.shell[0m [1;30mINFO[0m Creating environment hook '/home/tharun/cognipilot/cranium/install/b3rb_gz_bringup/share/b3rb_gz_bringup/hook/cmake_prefix_path.sh'
[0.798s] [34mcolcon.colcon_core.environment[0m [1;30mLevel 1[0m checking '/home/tharun/cognipilot/cranium/install/b3rb_gz_bringup/bin'
[0.798s] [34mcolcon.colcon_core.environment[0m [1;30mLevel 1[0m checking '/home/tharun/cognipilot/cranium/install/b3rb_gz_bringup/lib/pkgconfig/b3rb_gz_bringup.pc'
[0.798s] [34mcolcon.colcon_core.environment[0m [1;30mLevel 1[0m checking '/home/tharun/cognipilot/cranium/install/b3rb_gz_bringup/lib/python3.10/site-packages'
[0.799s] [34mcolcon.colcon_core.environment[0m [1;30mLevel 1[0m checking '/home/tharun/cognipilot/cranium/install/b3rb_gz_bringup/bin'
[0.799s] [34mcolcon.colcon_core.shell[0m [1;30mINFO[0m Creating package script '/home/tharun/cognipilot/cranium/install/b3rb_gz_bringup/share/b3rb_gz_bringup/package.ps1'
[0.800s] [34mcolcon.colcon_core.shell[0m [1;30mINFO[0m Creating package descriptor '/home/tharun/cognipilot/cranium/install/b3rb_gz_bringup/share/b3rb_gz_bringup/package.dsv'
[0.800s] [34mcolcon.colcon_core.shell[0m [1;30mINFO[0m Creating package script '/home/tharun/cognipilot/cranium/install/b3rb_gz_bringup/share/b3rb_gz_bringup/package.sh'
[0.801s] [34mcolcon.colcon_core.shell[0m [1;30mINFO[0m Creating package script '/home/tharun/cognipilot/cranium/install/b3rb_gz_bringup/share/b3rb_gz_bringup/package.bash'
[0.801s] [34mcolcon.colcon_core.shell[0m [1;30mINFO[0m Creating package script '/home/tharun/cognipilot/cranium/install/b3rb_gz_bringup/share/b3rb_gz_bringup/package.zsh'
[0.801s] [34mcolcon.colcon_core.environment[0m [1;30mLevel 1[0m create_file_with_runtime_dependencies(/home/tharun/cognipilot/cranium/install/b3rb_gz_bringup/share/colcon-core/packages/b3rb_gz_bringup)
[0.802s] [34mcolcon.colcon_ros.task.ament_cmake.build[0m [1;30mINFO[0m Building ROS package in '/home/tharun/cognipilot/cranium/src/b3rb_simulator/b3rb_simulator' with build type 'ament_cmake'
[0.803s] [34mcolcon.colcon_cmake.task.cmake.build[0m [1;30mINFO[0m Building CMake package in '/home/tharun/cognipilot/cranium/src/b3rb_simulator/b3rb_simulator'
[0.803s] [34mcolcon.colcon_core.shell[0m [1;30mINFO[0m Skip shell extension 'powershell' for command environment: Not usable outside of PowerShell
[0.803s] [34mcolcon.colcon_core.shell[0m [1;30mDEBUG[0m [32mSkip shell extension 'dsv' for command environment[0m
[0.807s] [34mcolcon.colcon_core.environment[0m [1;30mLevel 1[0m create_environment_scripts_only(cerebri_bringup)
[0.807s] [34mcolcon.colcon_core.environment[0m [1;30mLevel 1[0m checking '/home/tharun/cognipilot/cranium/install/cerebri_bringup' for CMake module files
[0.808s] [34mcolcon.colcon_core.event_handler.log_command[0m [1;30mDEBUG[0m [32mInvoked command in '/home/tharun/cognipilot/cranium/build/cerebri_bringup' returned '0': CMAKE_PREFIX_PATH=${CMAKE_PREFIX_PATH}:/home/tharun/cognipilot/cranium/install/b3rb_ros_line_follower:/opt/ros/humble /usr/bin/cmake --install /home/tharun/cognipilot/cranium/build/cerebri_bringup[0m
[0.808s] [34mcolcon.colcon_core.environment[0m [1;30mLevel 1[0m checking '/home/tharun/cognipilot/cranium/install/cerebri_bringup' for CMake config files
[0.809s] [34mcolcon.colcon_core.shell[0m [1;30mLevel 1[0m create_environment_hook('cerebri_bringup', 'cmake_prefix_path')
[0.809s] [34mcolcon.colcon_core.shell[0m [1;30mINFO[0m Creating environment hook '/home/tharun/cognipilot/cranium/install/cerebri_bringup/share/cerebri_bringup/hook/cmake_prefix_path.ps1'
[0.810s] [34mcolcon.colcon_core.shell[0m [1;30mINFO[0m Creating environment descriptor '/home/tharun/cognipilot/cranium/install/cerebri_bringup/share/cerebri_bringup/hook/cmake_prefix_path.dsv'
[0.811s] [34mcolcon.colcon_core.shell[0m [1;30mINFO[0m Creating environment hook '/home/tharun/cognipilot/cranium/install/cerebri_bringup/share/cerebri_bringup/hook/cmake_prefix_path.sh'
[0.813s] [34mcolcon.colcon_core.environment[0m [1;30mLevel 1[0m checking '/home/tharun/cognipilot/cranium/install/cerebri_bringup/bin'
[0.813s] [34mcolcon.colcon_core.environment[0m [1;30mLevel 1[0m checking '/home/tharun/cognipilot/cranium/install/cerebri_bringup/lib/pkgconfig/cerebri_bringup.pc'
[0.814s] [34mcolcon.colcon_core.environment[0m [1;30mLevel 1[0m checking '/home/tharun/cognipilot/cranium/install/cerebri_bringup/lib/python3.10/site-packages'
[0.814s] [34mcolcon.colcon_core.environment[0m [1;30mLevel 1[0m checking '/home/tharun/cognipilot/cranium/install/cerebri_bringup/bin'
[0.814s] [34mcolcon.colcon_core.shell[0m [1;30mINFO[0m Creating package script '/home/tharun/cognipilot/cranium/install/cerebri_bringup/share/cerebri_bringup/package.ps1'
[0.815s] [34mcolcon.colcon_core.shell[0m [1;30mINFO[0m Creating package descriptor '/home/tharun/cognipilot/cranium/install/cerebri_bringup/share/cerebri_bringup/package.dsv'
[0.815s] [34mcolcon.colcon_core.shell[0m [1;30mINFO[0m Creating package script '/home/tharun/cognipilot/cranium/install/cerebri_bringup/share/cerebri_bringup/package.sh'
[0.815s] [34mcolcon.colcon_core.shell[0m [1;30mINFO[0m Creating package script '/home/tharun/cognipilot/cranium/install/cerebri_bringup/share/cerebri_bringup/package.bash'
[0.816s] [34mcolcon.colcon_core.shell[0m [1;30mINFO[0m Creating package script '/home/tharun/cognipilot/cranium/install/cerebri_bringup/share/cerebri_bringup/package.zsh'
[0.816s] [34mcolcon.colcon_core.environment[0m [1;30mLevel 1[0m create_file_with_runtime_dependencies(/home/tharun/cognipilot/cranium/install/cerebri_bringup/share/colcon-core/packages/cerebri_bringup)
[0.816s] [34mcolcon.colcon_core.environment[0m [1;30mLevel 1[0m create_environment_scripts_only(cerebri_bringup)
[0.816s] [34mcolcon.colcon_core.environment[0m [1;30mLevel 1[0m checking '/home/tharun/cognipilot/cranium/install/cerebri_bringup' for CMake module files
[0.817s] [34mcolcon.colcon_core.environment[0m [1;30mLevel 1[0m checking '/home/tharun/cognipilot/cranium/install/cerebri_bringup' for CMake config files
[0.817s] [34mcolcon.colcon_core.shell[0m [1;30mLevel 1[0m create_environment_hook('cerebri_bringup', 'cmake_prefix_path')
[0.817s] [34mcolcon.colcon_core.shell[0m [1;30mINFO[0m Creating environment hook '/home/tharun/cognipilot/cranium/install/cerebri_bringup/share/cerebri_bringup/hook/cmake_prefix_path.ps1'
[0.817s] [34mcolcon.colcon_core.shell[0m [1;30mINFO[0m Creating environment descriptor '/home/tharun/cognipilot/cranium/install/cerebri_bringup/share/cerebri_bringup/hook/cmake_prefix_path.dsv'
[0.818s] [34mcolcon.colcon_core.shell[0m [1;30mINFO[0m Creating environment hook '/home/tharun/cognipilot/cranium/install/cerebri_bringup/share/cerebri_bringup/hook/cmake_prefix_path.sh'
[0.818s] [34mcolcon.colcon_core.environment[0m [1;30mLevel 1[0m checking '/home/tharun/cognipilot/cranium/install/cerebri_bringup/bin'
[0.818s] [34mcolcon.colcon_core.environment[0m [1;30mLevel 1[0m checking '/home/tharun/cognipilot/cranium/install/cerebri_bringup/lib/pkgconfig/cerebri_bringup.pc'
[0.818s] [34mcolcon.colcon_core.environment[0m [1;30mLevel 1[0m checking '/home/tharun/cognipilot/cranium/install/cerebri_bringup/lib/python3.10/site-packages'
[0.818s] [34mcolcon.colcon_core.environment[0m [1;30mLevel 1[0m checking '/home/tharun/cognipilot/cranium/install/cerebri_bringup/bin'
[0.818s] [34mcolcon.colcon_core.shell[0m [1;30mINFO[0m Creating package script '/home/tharun/cognipilot/cranium/install/cerebri_bringup/share/cerebri_bringup/package.ps1'
[0.819s] [34mcolcon.colcon_core.shell[0m [1;30mINFO[0m Creating package descriptor '/home/tharun/cognipilot/cranium/install/cerebri_bringup/share/cerebri_bringup/package.dsv'
[0.819s] [34mcolcon.colcon_core.shell[0m [1;30mINFO[0m Creating package script '/home/tharun/cognipilot/cranium/install/cerebri_bringup/share/cerebri_bringup/package.sh'
[0.819s] [34mcolcon.colcon_core.shell[0m [1;30mINFO[0m Creating package script '/home/tharun/cognipilot/cranium/install/cerebri_bringup/share/cerebri_bringup/package.bash'
[0.820s] [34mcolcon.colcon_core.shell[0m [1;30mINFO[0m Creating package script '/home/tharun/cognipilot/cranium/install/cerebri_bringup/share/cerebri_bringup/package.zsh'
[0.820s] [34mcolcon.colcon_core.environment[0m [1;30mLevel 1[0m create_file_with_runtime_dependencies(/home/tharun/cognipilot/cranium/install/cerebri_bringup/share/colcon-core/packages/cerebri_bringup)
[0.821s] [34mcolcon.colcon_core.event_handler.log_command[0m [1;30mDEBUG[0m [32mInvoked command in '/home/tharun/cognipilot/cranium/build/synapse_protobuf' returned '0': CMAKE_PREFIX_PATH=${CMAKE_PREFIX_PATH}:/home/tharun/cognipilot/cranium/install/b3rb_ros_line_follower:/opt/ros/humble /usr/bin/cmake --build /home/tharun/cognipilot/cranium/build/synapse_protobuf -- -j12 -l12[0m
[0.822s] [34mcolcon.colcon_core.event_handler.log_command[0m [1;30mDEBUG[0m [32mInvoking command in '/home/tharun/cognipilot/cranium/build/synapse_protobuf': CMAKE_PREFIX_PATH=${CMAKE_PREFIX_PATH}:/home/tharun/cognipilot/cranium/install/b3rb_ros_line_follower:/opt/ros/humble /usr/bin/cmake --install /home/tharun/cognipilot/cranium/build/synapse_protobuf[0m
[0.823s] [34mcolcon.colcon_core.environment[0m [1;30mLevel 1[0m create_environment_scripts_only(synapse_tinyframe)
[0.823s] [34mcolcon.colcon_core.environment[0m [1;30mLevel 1[0m checking '/home/tharun/cognipilot/cranium/install/synapse_tinyframe' for CMake module files
[0.823s] [34mcolcon.colcon_core.event_handler.log_command[0m [1;30mDEBUG[0m [32mInvoked command in '/home/tharun/cognipilot/cranium/build/synapse_tinyframe' returned '0': CMAKE_PREFIX_PATH=${CMAKE_PREFIX_PATH}:/home/tharun/cognipilot/cranium/install/b3rb_ros_line_follower:/opt/ros/humble /usr/bin/cmake --install /home/tharun/cognipilot/cranium/build/synapse_tinyframe[0m
[0.824s] [34mcolcon.colcon_core.environment[0m [1;30mLevel 1[0m checking '/home/tharun/cognipilot/cranium/install/synapse_tinyframe' for CMake config files
[0.824s] [34mcolcon.colcon_core.shell[0m [1;30mLevel 1[0m create_environment_hook('synapse_tinyframe', 'cmake_prefix_path')
[0.824s] [34mcolcon.colcon_core.shell[0m [1;30mINFO[0m Creating environment hook '/home/tharun/cognipilot/cranium/install/synapse_tinyframe/share/synapse_tinyframe/hook/cmake_prefix_path.ps1'
[0.825s] [34mcolcon.colcon_core.shell[0m [1;30mINFO[0m Creating environment descriptor '/home/tharun/cognipilot/cranium/install/synapse_tinyframe/share/synapse_tinyframe/hook/cmake_prefix_path.dsv'
[0.825s] [34mcolcon.colcon_core.shell[0m [1;30mINFO[0m Creating environment hook '/home/tharun/cognipilot/cranium/install/synapse_tinyframe/share/synapse_tinyframe/hook/cmake_prefix_path.sh'
[0.825s] [34mcolcon.colcon_core.environment[0m [1;30mLevel 1[0m checking '/home/tharun/cognipilot/cranium/install/synapse_tinyframe/lib'
[0.826s] [34mcolcon.colcon_core.environment[0m [1;30mLevel 1[0m checking '/home/tharun/cognipilot/cranium/install/synapse_tinyframe/bin'
[0.826s] [34mcolcon.colcon_core.environment[0m [1;30mLevel 1[0m checking '/home/tharun/cognipilot/cranium/install/synapse_tinyframe/lib/pkgconfig/synapse_tinyframe.pc'
[0.826s] [34mcolcon.colcon_core.environment[0m [1;30mLevel 1[0m checking '/home/tharun/cognipilot/cranium/install/synapse_tinyframe/lib/python3.10/site-packages'
[0.826s] [34mcolcon.colcon_core.environment[0m [1;30mLevel 1[0m checking '/home/tharun/cognipilot/cranium/install/synapse_tinyframe/bin'
[0.826s] [34mcolcon.colcon_core.shell[0m [1;30mINFO[0m Creating package script '/home/tharun/cognipilot/cranium/install/synapse_tinyframe/share/synapse_tinyframe/package.ps1'
[0.827s] [34mcolcon.colcon_core.shell[0m [1;30mINFO[0m Creating package descriptor '/home/tharun/cognipilot/cranium/install/synapse_tinyframe/share/synapse_tinyframe/package.dsv'
[0.827s] [34mcolcon.colcon_core.shell[0m [1;30mINFO[0m Creating package script '/home/tharun/cognipilot/cranium/install/synapse_tinyframe/share/synapse_tinyframe/package.sh'
[0.827s] [34mcolcon.colcon_core.shell[0m [1;30mINFO[0m Creating package script '/home/tharun/cognipilot/cranium/install/synapse_tinyframe/share/synapse_tinyframe/package.bash'
[0.828s] [34mcolcon.colcon_core.shell[0m [1;30mINFO[0m Creating package script '/home/tharun/cognipilot/cranium/install/synapse_tinyframe/share/synapse_tinyframe/package.zsh'
[0.828s] [34mcolcon.colcon_core.environment[0m [1;30mLevel 1[0m create_file_with_runtime_dependencies(/home/tharun/cognipilot/cranium/install/synapse_tinyframe/share/colcon-core/packages/synapse_tinyframe)
[0.828s] [34mcolcon.colcon_core.environment[0m [1;30mLevel 1[0m create_environment_scripts_only(synapse_tinyframe)
[0.829s] [34mcolcon.colcon_core.environment[0m [1;30mLevel 1[0m checking '/home/tharun/cognipilot/cranium/install/synapse_tinyframe' for CMake module files
[0.829s] [34mcolcon.colcon_core.environment[0m [1;30mLevel 1[0m checking '/home/tharun/cognipilot/cranium/install/synapse_tinyframe' for CMake config files
[0.829s] [34mcolcon.colcon_core.shell[0m [1;30mLevel 1[0m create_environment_hook('synapse_tinyframe', 'cmake_prefix_path')
[0.830s] [34mcolcon.colcon_core.shell[0m [1;30mINFO[0m Creating environment hook '/home/tharun/cognipilot/cranium/install/synapse_tinyframe/share/synapse_tinyframe/hook/cmake_prefix_path.ps1'
[0.830s] [34mcolcon.colcon_core.shell[0m [1;30mINFO[0m Creating environment descriptor '/home/tharun/cognipilot/cranium/install/synapse_tinyframe/share/synapse_tinyframe/hook/cmake_prefix_path.dsv'
[0.830s] [34mcolcon.colcon_core.shell[0m [1;30mINFO[0m Creating environment hook '/home/tharun/cognipilot/cranium/install/synapse_tinyframe/share/synapse_tinyframe/hook/cmake_prefix_path.sh'
[0.831s] [34mcolcon.colcon_core.environment[0m [1;30mLevel 1[0m checking '/home/tharun/cognipilot/cranium/install/synapse_tinyframe/lib'
[0.831s] [34mcolcon.colcon_core.environment[0m [1;30mLevel 1[0m checking '/home/tharun/cognipilot/cranium/install/synapse_tinyframe/bin'
[0.831s] [34mcolcon.colcon_core.environment[0m [1;30mLevel 1[0m checking '/home/tharun/cognipilot/cranium/install/synapse_tinyframe/lib/pkgconfig/synapse_tinyframe.pc'
[0.831s] [34mcolcon.colcon_core.environment[0m [1;30mLevel 1[0m checking '/home/tharun/cognipilot/cranium/install/synapse_tinyframe/lib/python3.10/site-packages'
[0.831s] [34mcolcon.colcon_core.environment[0m [1;30mLevel 1[0m checking '/home/tharun/cognipilot/cranium/install/synapse_tinyframe/bin'
[0.831s] [34mcolcon.colcon_core.shell[0m [1;30mINFO[0m Creating package script '/home/tharun/cognipilot/cranium/install/synapse_tinyframe/share/synapse_tinyframe/package.ps1'
[0.832s] [34mcolcon.colcon_core.shell[0m [1;30mINFO[0m Creating package descriptor '/home/tharun/cognipilot/cranium/install/synapse_tinyframe/share/synapse_tinyframe/package.dsv'
[0.832s] [34mcolcon.colcon_core.shell[0m [1;30mINFO[0m Creating package script '/home/tharun/cognipilot/cranium/install/synapse_tinyframe/share/synapse_tinyframe/package.sh'
[0.832s] [34mcolcon.colcon_core.shell[0m [1;30mINFO[0m Creating package script '/home/tharun/cognipilot/cranium/install/synapse_tinyframe/share/synapse_tinyframe/package.bash'
[0.833s] [34mcolcon.colcon_core.shell[0m [1;30mINFO[0m Creating package script '/home/tharun/cognipilot/cranium/install/synapse_tinyframe/share/synapse_tinyframe/package.zsh'
[0.833s] [34mcolcon.colcon_core.environment[0m [1;30mLevel 1[0m create_file_with_runtime_dependencies(/home/tharun/cognipilot/cranium/install/synapse_tinyframe/share/colcon-core/packages/synapse_tinyframe)
[0.833s] [34mcolcon.colcon_core.environment[0m [1;30mLevel 1[0m create_environment_scripts_only(b3rb_rviz)
[0.833s] [34mcolcon.colcon_core.environment[0m [1;30mLevel 1[0m checking '/home/tharun/cognipilot/cranium/install/b3rb_rviz' for CMake module files
[0.834s] [34mcolcon.colcon_core.event_handler.log_command[0m [1;30mDEBUG[0m [32mInvoked command in '/home/tharun/cognipilot/cranium/build/b3rb_rviz' returned '0': CMAKE_PREFIX_PATH=${CMAKE_PREFIX_PATH}:/home/tharun/cognipilot/cranium/install/b3rb_ros_line_follower:/opt/ros/humble /usr/bin/cmake --install /home/tharun/cognipilot/cranium/build/b3rb_rviz[0m
[0.834s] [34mcolcon.colcon_core.environment[0m [1;30mLevel 1[0m checking '/home/tharun/cognipilot/cranium/install/b3rb_rviz' for CMake config files
[0.834s] [34mcolcon.colcon_core.shell[0m [1;30mLevel 1[0m create_environment_hook('b3rb_rviz', 'cmake_prefix_path')
[0.834s] [34mcolcon.colcon_core.shell[0m [1;30mINFO[0m Creating environment hook '/home/tharun/cognipilot/cranium/install/b3rb_rviz/share/b3rb_rviz/hook/cmake_prefix_path.ps1'
[0.835s] [34mcolcon.colcon_core.shell[0m [1;30mINFO[0m Creating environment descriptor '/home/tharun/cognipilot/cranium/install/b3rb_rviz/share/b3rb_rviz/hook/cmake_prefix_path.dsv'
[0.835s] [34mcolcon.colcon_core.shell[0m [1;30mINFO[0m Creating environment hook '/home/tharun/cognipilot/cranium/install/b3rb_rviz/share/b3rb_rviz/hook/cmake_prefix_path.sh'
[0.835s] [34mcolcon.colcon_core.environment[0m [1;30mLevel 1[0m checking '/home/tharun/cognipilot/cranium/install/b3rb_rviz/bin'
[0.835s] [34mcolcon.colcon_core.environment[0m [1;30mLevel 1[0m checking '/home/tharun/cognipilot/cranium/install/b3rb_rviz/lib/pkgconfig/b3rb_rviz.pc'
[0.835s] [34mcolcon.colcon_core.environment[0m [1;30mLevel 1[0m checking '/home/tharun/cognipilot/cranium/install/b3rb_rviz/lib/python3.10/site-packages'
[0.836s] [34mcolcon.colcon_core.environment[0m [1;30mLevel 1[0m checking '/home/tharun/cognipilot/cranium/install/b3rb_rviz/bin'
[0.836s] [34mcolcon.colcon_core.shell[0m [1;30mINFO[0m Creating package script '/home/tharun/cognipilot/cranium/install/b3rb_rviz/share/b3rb_rviz/package.ps1'
[0.836s] [34mcolcon.colcon_core.shell[0m [1;30mINFO[0m Creating package descriptor '/home/tharun/cognipilot/cranium/install/b3rb_rviz/share/b3rb_rviz/package.dsv'
[0.836s] [34mcolcon.colcon_core.shell[0m [1;30mINFO[0m Creating package script '/home/tharun/cognipilot/cranium/install/b3rb_rviz/share/b3rb_rviz/package.sh'
[0.837s] [34mcolcon.colcon_core.shell[0m [1;30mINFO[0m Creating package script '/home/tharun/cognipilot/cranium/install/b3rb_rviz/share/b3rb_rviz/package.bash'
[0.837s] [34mcolcon.colcon_core.shell[0m [1;30mINFO[0m Creating package script '/home/tharun/cognipilot/cranium/install/b3rb_rviz/share/b3rb_rviz/package.zsh'
[0.837s] [34mcolcon.colcon_core.environment[0m [1;30mLevel 1[0m create_file_with_runtime_dependencies(/home/tharun/cognipilot/cranium/install/b3rb_rviz/share/colcon-core/packages/b3rb_rviz)
[0.838s] [34mcolcon.colcon_core.environment[0m [1;30mLevel 1[0m create_environment_scripts_only(b3rb_rviz)
[0.838s] [34mcolcon.colcon_core.environment[0m [1;30mLevel 1[0m checking '/home/tharun/cognipilot/cranium/install/b3rb_rviz' for CMake module files
[0.838s] [34mcolcon.colcon_core.environment[0m [1;30mLevel 1[0m checking '/home/tharun/cognipilot/cranium/install/b3rb_rviz' for CMake config files
[0.838s] [34mcolcon.colcon_core.shell[0m [1;30mLevel 1[0m create_environment_hook('b3rb_rviz', 'cmake_prefix_path')
[0.838s] [34mcolcon.colcon_core.shell[0m [1;30mINFO[0m Creating environment hook '/home/tharun/cognipilot/cranium/install/b3rb_rviz/share/b3rb_rviz/hook/cmake_prefix_path.ps1'
[0.839s] [34mcolcon.colcon_core.shell[0m [1;30mINFO[0m Creating environment descriptor '/home/tharun/cognipilot/cranium/install/b3rb_rviz/share/b3rb_rviz/hook/cmake_prefix_path.dsv'
[0.839s] [34mcolcon.colcon_core.shell[0m [1;30mINFO[0m Creating environment hook '/home/tharun/cognipilot/cranium/install/b3rb_rviz/share/b3rb_rviz/hook/cmake_prefix_path.sh'
[0.839s] [34mcolcon.colcon_core.environment[0m [1;30mLevel 1[0m checking '/home/tharun/cognipilot/cranium/install/b3rb_rviz/bin'
[0.839s] [34mcolcon.colcon_core.environment[0m [1;30mLevel 1[0m checking '/home/tharun/cognipilot/cranium/install/b3rb_rviz/lib/pkgconfig/b3rb_rviz.pc'
[0.839s] [34mcolcon.colcon_core.environment[0m [1;30mLevel 1[0m checking '/home/tharun/cognipilot/cranium/install/b3rb_rviz/lib/python3.10/site-packages'
[0.839s] [34mcolcon.colcon_core.environment[0m [1;30mLevel 1[0m checking '/home/tharun/cognipilot/cranium/install/b3rb_rviz/bin'
[0.840s] [34mcolcon.colcon_core.shell[0m [1;30mINFO[0m Creating package script '/home/tharun/cognipilot/cranium/install/b3rb_rviz/share/b3rb_rviz/package.ps1'
[0.840s] [34mcolcon.colcon_core.shell[0m [1;30mINFO[0m Creating package descriptor '/home/tharun/cognipilot/cranium/install/b3rb_rviz/share/b3rb_rviz/package.dsv'
[0.840s] [34mcolcon.colcon_core.shell[0m [1;30mINFO[0m Creating package script '/home/tharun/cognipilot/cranium/install/b3rb_rviz/share/b3rb_rviz/package.sh'
[0.841s] [34mcolcon.colcon_core.shell[0m [1;30mINFO[0m Creating package script '/home/tharun/cognipilot/cranium/install/b3rb_rviz/share/b3rb_rviz/package.bash'
[0.841s] [34mcolcon.colcon_core.shell[0m [1;30mINFO[0m Creating package script '/home/tharun/cognipilot/cranium/install/b3rb_rviz/share/b3rb_rviz/package.zsh'
[0.841s] [34mcolcon.colcon_core.environment[0m [1;30mLevel 1[0m create_file_with_runtime_dependencies(/home/tharun/cognipilot/cranium/install/b3rb_rviz/share/colcon-core/packages/b3rb_rviz)
[0.842s] [34mcolcon.colcon_ros.task.ament_cmake.build[0m [1;30mINFO[0m Building ROS package in '/home/tharun/cognipilot/cranium/src/b3rb_desktop/b3rb_desktop' with build type 'ament_cmake'
[0.842s] [34mcolcon.colcon_cmake.task.cmake.build[0m [1;30mINFO[0m Building CMake package in '/home/tharun/cognipilot/cranium/src/b3rb_desktop/b3rb_desktop'
[0.842s] [34mcolcon.colcon_core.shell[0m [1;30mINFO[0m Skip shell extension 'powershell' for command environment: Not usable outside of PowerShell
[0.842s] [34mcolcon.colcon_core.shell[0m [1;30mDEBUG[0m [32mSkip shell extension 'dsv' for command environment[0m
[0.847s] [34mcolcon.colcon_core.environment[0m [1;30mLevel 1[0m create_environment_scripts_only(dream_world)
[0.848s] [34mcolcon.colcon_core.event_handler.log_command[0m [1;30mDEBUG[0m [32mInvoked command in '/home/tharun/cognipilot/cranium/build/dream_world' returned '0': CMAKE_PREFIX_PATH=${CMAKE_PREFIX_PATH}:/home/tharun/cognipilot/cranium/install/b3rb_ros_line_follower:/opt/ros/humble /usr/bin/cmake --install /home/tharun/cognipilot/cranium/build/dream_world[0m
[0.848s] [34mcolcon.colcon_core.environment[0m [1;30mLevel 1[0m checking '/home/tharun/cognipilot/cranium/install/dream_world' for CMake module files
[0.849s] [34mcolcon.colcon_core.environment[0m [1;30mLevel 1[0m checking '/home/tharun/cognipilot/cranium/install/dream_world' for CMake config files
[0.854s] [34mcolcon.colcon_core.shell[0m [1;30mLevel 1[0m create_environment_hook('dream_world', 'cmake_prefix_path')
[0.855s] [34mcolcon.colcon_core.shell[0m [1;30mINFO[0m Creating environment hook '/home/tharun/cognipilot/cranium/install/dream_world/share/dream_world/hook/cmake_prefix_path.ps1'
[0.855s] [34mcolcon.colcon_core.shell[0m [1;30mINFO[0m Creating environment descriptor '/home/tharun/cognipilot/cranium/install/dream_world/share/dream_world/hook/cmake_prefix_path.dsv'
[0.856s] [34mcolcon.colcon_core.shell[0m [1;30mINFO[0m Creating environment hook '/home/tharun/cognipilot/cranium/install/dream_world/share/dream_world/hook/cmake_prefix_path.sh'
[0.856s] [34mcolcon.colcon_core.environment[0m [1;30mLevel 1[0m checking '/home/tharun/cognipilot/cranium/install/dream_world/lib'
[0.856s] [34mcolcon.colcon_core.environment[0m [1;30mLevel 1[0m checking '/home/tharun/cognipilot/cranium/install/dream_world/bin'
[0.856s] [34mcolcon.colcon_core.environment[0m [1;30mLevel 1[0m checking '/home/tharun/cognipilot/cranium/install/dream_world/lib/pkgconfig/dream_world.pc'
[0.856s] [34mcolcon.colcon_core.environment[0m [1;30mLevel 1[0m checking '/home/tharun/cognipilot/cranium/install/dream_world/lib/python3.10/site-packages'
[0.857s] [34mcolcon.colcon_core.environment[0m [1;30mLevel 1[0m checking '/home/tharun/cognipilot/cranium/install/dream_world/bin'
[0.857s] [34mcolcon.colcon_core.shell[0m [1;30mINFO[0m Creating package script '/home/tharun/cognipilot/cranium/install/dream_world/share/dream_world/package.ps1'
[0.858s] [34mcolcon.colcon_core.shell[0m [1;30mINFO[0m Creating package descriptor '/home/tharun/cognipilot/cranium/install/dream_world/share/dream_world/package.dsv'
[0.858s] [34mcolcon.colcon_core.shell[0m [1;30mINFO[0m Creating package script '/home/tharun/cognipilot/cranium/install/dream_world/share/dream_world/package.sh'
[0.858s] [34mcolcon.colcon_core.shell[0m [1;30mINFO[0m Creating package script '/home/tharun/cognipilot/cranium/install/dream_world/share/dream_world/package.bash'
[0.858s] [34mcolcon.colcon_core.shell[0m [1;30mINFO[0m Creating package script '/home/tharun/cognipilot/cranium/install/dream_world/share/dream_world/package.zsh'
[0.859s] [34mcolcon.colcon_core.environment[0m [1;30mLevel 1[0m create_file_with_runtime_dependencies(/home/tharun/cognipilot/cranium/install/dream_world/share/colcon-core/packages/dream_world)
[0.859s] [34mcolcon.colcon_core.environment[0m [1;30mLevel 1[0m create_environment_scripts_only(dream_world)
[0.859s] [34mcolcon.colcon_core.environment[0m [1;30mLevel 1[0m checking '/home/tharun/cognipilot/cranium/install/dream_world' for CMake module files
[0.860s] [34mcolcon.colcon_core.environment[0m [1;30mLevel 1[0m checking '/home/tharun/cognipilot/cranium/install/dream_world' for CMake config files
[0.862s] [34mcolcon.colcon_core.shell[0m [1;30mLevel 1[0m create_environment_hook('dream_world', 'cmake_prefix_path')
[0.862s] [34mcolcon.colcon_core.shell[0m [1;30mINFO[0m Creating environment hook '/home/tharun/cognipilot/cranium/install/dream_world/share/dream_world/hook/cmake_prefix_path.ps1'
[0.862s] [34mcolcon.colcon_core.shell[0m [1;30mINFO[0m Creating environment descriptor '/home/tharun/cognipilot/cranium/install/dream_world/share/dream_world/hook/cmake_prefix_path.dsv'
[0.863s] [34mcolcon.colcon_core.shell[0m [1;30mINFO[0m Creating environment hook '/home/tharun/cognipilot/cranium/install/dream_world/share/dream_world/hook/cmake_prefix_path.sh'
[0.863s] [34mcolcon.colcon_core.environment[0m [1;30mLevel 1[0m checking '/home/tharun/cognipilot/cranium/install/dream_world/lib'
[0.863s] [34mcolcon.colcon_core.environment[0m [1;30mLevel 1[0m checking '/home/tharun/cognipilot/cranium/install/dream_world/bin'
[0.863s] [34mcolcon.colcon_core.environment[0m [1;30mLevel 1[0m checking '/home/tharun/cognipilot/cranium/install/dream_world/lib/pkgconfig/dream_world.pc'
[0.863s] [34mcolcon.colcon_core.environment[0m [1;30mLevel 1[0m checking '/home/tharun/cognipilot/cranium/install/dream_world/lib/python3.10/site-packages'
[0.863s] [34mcolcon.colcon_core.environment[0m [1;30mLevel 1[0m checking '/home/tharun/cognipilot/cranium/install/dream_world/bin'
[0.864s] [34mcolcon.colcon_core.shell[0m [1;30mINFO[0m Creating package script '/home/tharun/cognipilot/cranium/install/dream_world/share/dream_world/package.ps1'
[0.864s] [34mcolcon.colcon_core.shell[0m [1;30mINFO[0m Creating package descriptor '/home/tharun/cognipilot/cranium/install/dream_world/share/dream_world/package.dsv'
[0.864s] [34mcolcon.colcon_core.shell[0m [1;30mINFO[0m Creating package script '/home/tharun/cognipilot/cranium/install/dream_world/share/dream_world/package.sh'
[0.864s] [34mcolcon.colcon_core.shell[0m [1;30mINFO[0m Creating package script '/home/tharun/cognipilot/cranium/install/dream_world/share/dream_world/package.bash'
[0.865s] [34mcolcon.colcon_core.shell[0m [1;30mINFO[0m Creating package script '/home/tharun/cognipilot/cranium/install/dream_world/share/dream_world/package.zsh'
[0.865s] [34mcolcon.colcon_core.environment[0m [1;30mLevel 1[0m create_file_with_runtime_dependencies(/home/tharun/cognipilot/cranium/install/dream_world/share/colcon-core/packages/dream_world)
[0.868s] [34mcolcon.colcon_core.environment[0m [1;30mLevel 1[0m create_environment_scripts_only(synapse_protobuf)
[0.868s] [34mcolcon.colcon_core.environment[0m [1;30mLevel 1[0m checking '/home/tharun/cognipilot/cranium/install/synapse_protobuf' for CMake module files
[0.869s] [34mcolcon.colcon_core.event_handler.log_command[0m [1;30mDEBUG[0m [32mInvoking command in '/home/tharun/cognipilot/cranium/build/b3rb_simulator': CMAKE_PREFIX_PATH=/home/tharun/cognipilot/cranium/install/b3rb_gz_resource:/home/tharun/cognipilot/cranium/install/b3rb_gz_bringup:/home/tharun/cognipilot/cranium/install/synapse_ros:/home/tharun/cognipilot/cranium/install/synapse_gz:/home/tharun/cognipilot/cranium/install/synapse_tinyframe:/home/tharun/cognipilot/cranium/install/synapse_protobuf:/home/tharun/cognipilot/cranium/install/corti:/home/tharun/cognipilot/cranium/install/synapse_msgs:/home/tharun/cognipilot/cranium/install/dream_world:/home/tharun/cognipilot/cranium/install/cerebri_bringup:/home/tharun/cognipilot/cranium/install/b3rb_simulator:/home/tharun/cognipilot/cranium/install/b3rb_desktop:/home/tharun/cognipilot/cranium/install/b3rb_rviz:/home/tharun/cognipilot/cranium/install/b3rb_nav2:/home/tharun/cognipilot/cranium/install/b3rb_description:/home/tharun/cognipilot/electrode/install/electrode:/home/tharun/cognipilot/cranium/install/b3rb_ros_line_follower:/opt/ros/humble /usr/bin/cmake --build /home/tharun/cognipilot/cranium/build/b3rb_simulator -- -j12 -l12[0m
[0.869s] [34mcolcon.colcon_core.event_handler.log_command[0m [1;30mDEBUG[0m [32mInvoked command in '/home/tharun/cognipilot/cranium/build/synapse_protobuf' returned '0': CMAKE_PREFIX_PATH=${CMAKE_PREFIX_PATH}:/home/tharun/cognipilot/cranium/install/b3rb_ros_line_follower:/opt/ros/humble /usr/bin/cmake --install /home/tharun/cognipilot/cranium/build/synapse_protobuf[0m
[0.870s] [34mcolcon.colcon_core.environment[0m [1;30mLevel 1[0m checking '/home/tharun/cognipilot/cranium/install/synapse_protobuf' for CMake config files
[0.870s] [34mcolcon.colcon_core.shell[0m [1;30mLevel 1[0m create_environment_hook('synapse_protobuf', 'cmake_prefix_path')
[0.870s] [34mcolcon.colcon_core.shell[0m [1;30mINFO[0m Creating environment hook '/home/tharun/cognipilot/cranium/install/synapse_protobuf/share/synapse_protobuf/hook/cmake_prefix_path.ps1'
[0.871s] [34mcolcon.colcon_core.shell[0m [1;30mINFO[0m Creating environment descriptor '/home/tharun/cognipilot/cranium/install/synapse_protobuf/share/synapse_protobuf/hook/cmake_prefix_path.dsv'
[0.871s] [34mcolcon.colcon_core.shell[0m [1;30mINFO[0m Creating environment hook '/home/tharun/cognipilot/cranium/install/synapse_protobuf/share/synapse_protobuf/hook/cmake_prefix_path.sh'
[0.871s] [34mcolcon.colcon_core.environment[0m [1;30mLevel 1[0m checking '/home/tharun/cognipilot/cranium/install/synapse_protobuf/lib'
[0.871s] [34mcolcon.colcon_core.environment[0m [1;30mLevel 1[0m checking '/home/tharun/cognipilot/cranium/install/synapse_protobuf/bin'
[0.871s] [34mcolcon.colcon_core.environment[0m [1;30mLevel 1[0m checking '/home/tharun/cognipilot/cranium/install/synapse_protobuf/lib/pkgconfig/synapse_protobuf.pc'
[0.872s] [34mcolcon.colcon_core.environment[0m [1;30mLevel 1[0m checking '/home/tharun/cognipilot/cranium/install/synapse_protobuf/lib/python3.10/site-packages'
[0.872s] [34mcolcon.colcon_core.environment[0m [1;30mLevel 1[0m checking '/home/tharun/cognipilot/cranium/install/synapse_protobuf/bin'
[0.872s] [34mcolcon.colcon_core.shell[0m [1;30mINFO[0m Creating package script '/home/tharun/cognipilot/cranium/install/synapse_protobuf/share/synapse_protobuf/package.ps1'
[0.872s] [34mcolcon.colcon_core.shell[0m [1;30mINFO[0m Creating package descriptor '/home/tharun/cognipilot/cranium/install/synapse_protobuf/share/synapse_protobuf/package.dsv'
[0.873s] [34mcolcon.colcon_core.shell[0m [1;30mINFO[0m Creating package script '/home/tharun/cognipilot/cranium/install/synapse_protobuf/share/synapse_protobuf/package.sh'
[0.873s] [34mcolcon.colcon_core.shell[0m [1;30mINFO[0m Creating package script '/home/tharun/cognipilot/cranium/install/synapse_protobuf/share/synapse_protobuf/package.bash'
[0.873s] [34mcolcon.colcon_core.shell[0m [1;30mINFO[0m Creating package script '/home/tharun/cognipilot/cranium/install/synapse_protobuf/share/synapse_protobuf/package.zsh'
[0.873s] [34mcolcon.colcon_core.environment[0m [1;30mLevel 1[0m create_file_with_runtime_dependencies(/home/tharun/cognipilot/cranium/install/synapse_protobuf/share/colcon-core/packages/synapse_protobuf)
[0.874s] [34mcolcon.colcon_core.environment[0m [1;30mLevel 1[0m create_environment_scripts_only(synapse_protobuf)
[0.874s] [34mcolcon.colcon_core.environment[0m [1;30mLevel 1[0m checking '/home/tharun/cognipilot/cranium/install/synapse_protobuf' for CMake module files
[0.874s] [34mcolcon.colcon_core.environment[0m [1;30mLevel 1[0m checking '/home/tharun/cognipilot/cranium/install/synapse_protobuf' for CMake config files
[0.874s] [34mcolcon.colcon_core.shell[0m [1;30mLevel 1[0m create_environment_hook('synapse_protobuf', 'cmake_prefix_path')
[0.874s] [34mcolcon.colcon_core.shell[0m [1;30mINFO[0m Creating environment hook '/home/tharun/cognipilot/cranium/install/synapse_protobuf/share/synapse_protobuf/hook/cmake_prefix_path.ps1'
[0.874s] [34mcolcon.colcon_core.shell[0m [1;30mINFO[0m Creating environment descriptor '/home/tharun/cognipilot/cranium/install/synapse_protobuf/share/synapse_protobuf/hook/cmake_prefix_path.dsv'
[0.875s] [34mcolcon.colcon_core.shell[0m [1;30mINFO[0m Creating environment hook '/home/tharun/cognipilot/cranium/install/synapse_protobuf/share/synapse_protobuf/hook/cmake_prefix_path.sh'
[0.875s] [34mcolcon.colcon_core.environment[0m [1;30mLevel 1[0m checking '/home/tharun/cognipilot/cranium/install/synapse_protobuf/lib'
[0.875s] [34mcolcon.colcon_core.environment[0m [1;30mLevel 1[0m checking '/home/tharun/cognipilot/cranium/install/synapse_protobuf/bin'
[0.875s] [34mcolcon.colcon_core.environment[0m [1;30mLevel 1[0m checking '/home/tharun/cognipilot/cranium/install/synapse_protobuf/lib/pkgconfig/synapse_protobuf.pc'
[0.875s] [34mcolcon.colcon_core.environment[0m [1;30mLevel 1[0m checking '/home/tharun/cognipilot/cranium/install/synapse_protobuf/lib/python3.10/site-packages'
[0.876s] [34mcolcon.colcon_core.environment[0m [1;30mLevel 1[0m checking '/home/tharun/cognipilot/cranium/install/synapse_protobuf/bin'
[0.876s] [34mcolcon.colcon_core.shell[0m [1;30mINFO[0m Creating package script '/home/tharun/cognipilot/cranium/install/synapse_protobuf/share/synapse_protobuf/package.ps1'
[0.876s] [34mcolcon.colcon_core.shell[0m [1;30mINFO[0m Creating package descriptor '/home/tharun/cognipilot/cranium/install/synapse_protobuf/share/synapse_protobuf/package.dsv'
[0.876s] [34mcolcon.colcon_core.shell[0m [1;30mINFO[0m Creating package script '/home/tharun/cognipilot/cranium/install/synapse_protobuf/share/synapse_protobuf/package.sh'
[0.877s] [34mcolcon.colcon_core.shell[0m [1;30mINFO[0m Creating package script '/home/tharun/cognipilot/cranium/install/synapse_protobuf/share/synapse_protobuf/package.bash'
[0.877s] [34mcolcon.colcon_core.shell[0m [1;30mINFO[0m Creating package script '/home/tharun/cognipilot/cranium/install/synapse_protobuf/share/synapse_protobuf/package.zsh'
[0.877s] [34mcolcon.colcon_core.environment[0m [1;30mLevel 1[0m create_file_with_runtime_dependencies(/home/tharun/cognipilot/cranium/install/synapse_protobuf/share/colcon-core/packages/synapse_protobuf)
[0.879s] [34mcolcon.colcon_ros.task.ament_cmake.build[0m [1;30mINFO[0m Building ROS package in '/home/tharun/cognipilot/cranium/src/synapse_gz' with build type 'ament_cmake'
[0.879s] [34mcolcon.colcon_cmake.task.cmake.build[0m [1;30mINFO[0m Building CMake package in '/home/tharun/cognipilot/cranium/src/synapse_gz'
[0.879s] [34mcolcon.colcon_core.shell[0m [1;30mINFO[0m Skip shell extension 'powershell' for command environment: Not usable outside of PowerShell
[0.879s] [34mcolcon.colcon_core.shell[0m [1;30mDEBUG[0m [32mSkip shell extension 'dsv' for command environment[0m
[0.880s] [34mcolcon.colcon_core.event_handler.log_command[0m [1;30mDEBUG[0m [32mInvoking command in '/home/tharun/cognipilot/cranium/build/b3rb_desktop': CMAKE_PREFIX_PATH=/home/tharun/cognipilot/cranium/install/b3rb_rviz:/home/tharun/cognipilot/cranium/install/synapse_ros:/home/tharun/cognipilot/cranium/install/synapse_gz:/home/tharun/cognipilot/cranium/install/synapse_tinyframe:/home/tharun/cognipilot/cranium/install/synapse_protobuf:/home/tharun/cognipilot/cranium/install/corti:/home/tharun/cognipilot/cranium/install/synapse_msgs:/home/tharun/cognipilot/cranium/install/dream_world:/home/tharun/cognipilot/cranium/install/cerebri_bringup:/home/tharun/cognipilot/cranium/install/b3rb_simulator:/home/tharun/cognipilot/cranium/install/b3rb_desktop:/home/tharun/cognipilot/cranium/install/b3rb_nav2:/home/tharun/cognipilot/cranium/install/b3rb_gz_resource:/home/tharun/cognipilot/cranium/install/b3rb_gz_bringup:/home/tharun/cognipilot/cranium/install/b3rb_description:/home/tharun/cognipilot/electrode/install/electrode:/home/tharun/cognipilot/cranium/install/b3rb_ros_line_follower:/opt/ros/humble /usr/bin/cmake --build /home/tharun/cognipilot/cranium/build/b3rb_desktop -- -j12 -l12[0m
[0.893s] [34mcolcon.colcon_core.event_handler.log_command[0m [1;30mDEBUG[0m [32mInvoking command in '/home/tharun/cognipilot/cranium/build/synapse_gz': CMAKE_PREFIX_PATH=/home/tharun/cognipilot/cranium/install/synapse_tinyframe:/home/tharun/cognipilot/cranium/install/synapse_protobuf:/home/tharun/cognipilot/cranium/install/synapse_ros:/home/tharun/cognipilot/cranium/install/synapse_gz:/home/tharun/cognipilot/cranium/install/corti:/home/tharun/cognipilot/cranium/install/synapse_msgs:/home/tharun/cognipilot/cranium/install/dream_world:/home/tharun/cognipilot/cranium/install/cerebri_bringup:/home/tharun/cognipilot/cranium/install/b3rb_simulator:/home/tharun/cognipilot/cranium/install/b3rb_desktop:/home/tharun/cognipilot/cranium/install/b3rb_rviz:/home/tharun/cognipilot/cranium/install/b3rb_nav2:/home/tharun/cognipilot/cranium/install/b3rb_gz_resource:/home/tharun/cognipilot/cranium/install/b3rb_gz_bringup:/home/tharun/cognipilot/cranium/install/b3rb_description:/home/tharun/cognipilot/electrode/install/electrode:/home/tharun/cognipilot/cranium/install/b3rb_ros_line_follower:/opt/ros/humble /usr/bin/cmake --build /home/tharun/cognipilot/cranium/build/synapse_gz -- -j12 -l12[0m
[0.908s] [34mcolcon.colcon_core.event_handler.log_command[0m [1;30mDEBUG[0m [32mInvoked command in '/home/tharun/cognipilot/cranium/build/b3rb_simulator' returned '0': CMAKE_PREFIX_PATH=/home/tharun/cognipilot/cranium/install/b3rb_gz_resource:/home/tharun/cognipilot/cranium/install/b3rb_gz_bringup:/home/tharun/cognipilot/cranium/install/synapse_ros:/home/tharun/cognipilot/cranium/install/synapse_gz:/home/tharun/cognipilot/cranium/install/synapse_tinyframe:/home/tharun/cognipilot/cranium/install/synapse_protobuf:/home/tharun/cognipilot/cranium/install/corti:/home/tharun/cognipilot/cranium/install/synapse_msgs:/home/tharun/cognipilot/cranium/install/dream_world:/home/tharun/cognipilot/cranium/install/cerebri_bringup:/home/tharun/cognipilot/cranium/install/b3rb_simulator:/home/tharun/cognipilot/cranium/install/b3rb_desktop:/home/tharun/cognipilot/cranium/install/b3rb_rviz:/home/tharun/cognipilot/cranium/install/b3rb_nav2:/home/tharun/cognipilot/cranium/install/b3rb_description:/home/tharun/cognipilot/electrode/install/electrode:/home/tharun/cognipilot/cranium/install/b3rb_ros_line_follower:/opt/ros/humble /usr/bin/cmake --build /home/tharun/cognipilot/cranium/build/b3rb_simulator -- -j12 -l12[0m
[0.910s] [34mcolcon.colcon_core.event_handler.log_command[0m [1;30mDEBUG[0m [32mInvoking command in '/home/tharun/cognipilot/cranium/build/b3rb_simulator': CMAKE_PREFIX_PATH=/home/tharun/cognipilot/cranium/install/b3rb_gz_resource:/home/tharun/cognipilot/cranium/install/b3rb_gz_bringup:/home/tharun/cognipilot/cranium/install/synapse_ros:/home/tharun/cognipilot/cranium/install/synapse_gz:/home/tharun/cognipilot/cranium/install/synapse_tinyframe:/home/tharun/cognipilot/cranium/install/synapse_protobuf:/home/tharun/cognipilot/cranium/install/corti:/home/tharun/cognipilot/cranium/install/synapse_msgs:/home/tharun/cognipilot/cranium/install/dream_world:/home/tharun/cognipilot/cranium/install/cerebri_bringup:/home/tharun/cognipilot/cranium/install/b3rb_simulator:/home/tharun/cognipilot/cranium/install/b3rb_desktop:/home/tharun/cognipilot/cranium/install/b3rb_rviz:/home/tharun/cognipilot/cranium/install/b3rb_nav2:/home/tharun/cognipilot/cranium/install/b3rb_description:/home/tharun/cognipilot/electrode/install/electrode:/home/tharun/cognipilot/cranium/install/b3rb_ros_line_follower:/opt/ros/humble /usr/bin/cmake --install /home/tharun/cognipilot/cranium/build/b3rb_simulator[0m
[0.924s] [34mcolcon.colcon_core.event_handler.log_command[0m [1;30mDEBUG[0m [32mInvoked command in '/home/tharun/cognipilot/cranium/build/b3rb_desktop' returned '0': CMAKE_PREFIX_PATH=/home/tharun/cognipilot/cranium/install/b3rb_rviz:/home/tharun/cognipilot/cranium/install/synapse_ros:/home/tharun/cognipilot/cranium/install/synapse_gz:/home/tharun/cognipilot/cranium/install/synapse_tinyframe:/home/tharun/cognipilot/cranium/install/synapse_protobuf:/home/tharun/cognipilot/cranium/install/corti:/home/tharun/cognipilot/cranium/install/synapse_msgs:/home/tharun/cognipilot/cranium/install/dream_world:/home/tharun/cognipilot/cranium/install/cerebri_bringup:/home/tharun/cognipilot/cranium/install/b3rb_simulator:/home/tharun/cognipilot/cranium/install/b3rb_desktop:/home/tharun/cognipilot/cranium/install/b3rb_nav2:/home/tharun/cognipilot/cranium/install/b3rb_gz_resource:/home/tharun/cognipilot/cranium/install/b3rb_gz_bringup:/home/tharun/cognipilot/cranium/install/b3rb_description:/home/tharun/cognipilot/electrode/install/electrode:/home/tharun/cognipilot/cranium/install/b3rb_ros_line_follower:/opt/ros/humble /usr/bin/cmake --build /home/tharun/cognipilot/cranium/build/b3rb_desktop -- -j12 -l12[0m
[0.925s] [34mcolcon.colcon_core.event_handler.log_command[0m [1;30mDEBUG[0m [32mInvoking command in '/home/tharun/cognipilot/cranium/build/b3rb_desktop': CMAKE_PREFIX_PATH=/home/tharun/cognipilot/cranium/install/b3rb_rviz:/home/tharun/cognipilot/cranium/install/synapse_ros:/home/tharun/cognipilot/cranium/install/synapse_gz:/home/tharun/cognipilot/cranium/install/synapse_tinyframe:/home/tharun/cognipilot/cranium/install/synapse_protobuf:/home/tharun/cognipilot/cranium/install/corti:/home/tharun/cognipilot/cranium/install/synapse_msgs:/home/tharun/cognipilot/cranium/install/dream_world:/home/tharun/cognipilot/cranium/install/cerebri_bringup:/home/tharun/cognipilot/cranium/install/b3rb_simulator:/home/tharun/cognipilot/cranium/install/b3rb_desktop:/home/tharun/cognipilot/cranium/install/b3rb_nav2:/home/tharun/cognipilot/cranium/install/b3rb_gz_resource:/home/tharun/cognipilot/cranium/install/b3rb_gz_bringup:/home/tharun/cognipilot/cranium/install/b3rb_description:/home/tharun/cognipilot/electrode/install/electrode:/home/tharun/cognipilot/cranium/install/b3rb_ros_line_follower:/opt/ros/humble /usr/bin/cmake --install /home/tharun/cognipilot/cranium/build/b3rb_desktop[0m
[0.929s] [34mcolcon.colcon_core.environment[0m [1;30mLevel 1[0m create_environment_scripts_only(b3rb_simulator)
[0.929s] [34mcolcon.colcon_core.environment[0m [1;30mLevel 1[0m checking '/home/tharun/cognipilot/cranium/install/b3rb_simulator' for CMake module files
[0.930s] [34mcolcon.colcon_core.event_handler.log_command[0m [1;30mDEBUG[0m [32mInvoked command in '/home/tharun/cognipilot/cranium/build/b3rb_simulator' returned '0': CMAKE_PREFIX_PATH=/home/tharun/cognipilot/cranium/install/b3rb_gz_resource:/home/tharun/cognipilot/cranium/install/b3rb_gz_bringup:/home/tharun/cognipilot/cranium/install/synapse_ros:/home/tharun/cognipilot/cranium/install/synapse_gz:/home/tharun/cognipilot/cranium/install/synapse_tinyframe:/home/tharun/cognipilot/cranium/install/synapse_protobuf:/home/tharun/cognipilot/cranium/install/corti:/home/tharun/cognipilot/cranium/install/synapse_msgs:/home/tharun/cognipilot/cranium/install/dream_world:/home/tharun/cognipilot/cranium/install/cerebri_bringup:/home/tharun/cognipilot/cranium/install/b3rb_simulator:/home/tharun/cognipilot/cranium/install/b3rb_desktop:/home/tharun/cognipilot/cranium/install/b3rb_rviz:/home/tharun/cognipilot/cranium/install/b3rb_nav2:/home/tharun/cognipilot/cranium/install/b3rb_description:/home/tharun/cognipilot/electrode/install/electrode:/home/tharun/cognipilot/cranium/install/b3rb_ros_line_follower:/opt/ros/humble /usr/bin/cmake --install /home/tharun/cognipilot/cranium/build/b3rb_simulator[0m
[0.930s] [34mcolcon.colcon_core.environment[0m [1;30mLevel 1[0m checking '/home/tharun/cognipilot/cranium/install/b3rb_simulator' for CMake config files
[0.931s] [34mcolcon.colcon_core.shell[0m [1;30mLevel 1[0m create_environment_hook('b3rb_simulator', 'cmake_prefix_path')
[0.931s] [34mcolcon.colcon_core.shell[0m [1;30mINFO[0m Creating environment hook '/home/tharun/cognipilot/cranium/install/b3rb_simulator/share/b3rb_simulator/hook/cmake_prefix_path.ps1'
[0.932s] [34mcolcon.colcon_core.shell[0m [1;30mINFO[0m Creating environment descriptor '/home/tharun/cognipilot/cranium/install/b3rb_simulator/share/b3rb_simulator/hook/cmake_prefix_path.dsv'
[0.934s] [34mcolcon.colcon_core.shell[0m [1;30mINFO[0m Creating environment hook '/home/tharun/cognipilot/cranium/install/b3rb_simulator/share/b3rb_simulator/hook/cmake_prefix_path.sh'
[0.935s] [34mcolcon.colcon_core.environment[0m [1;30mLevel 1[0m checking '/home/tharun/cognipilot/cranium/install/b3rb_simulator/bin'
[0.935s] [34mcolcon.colcon_core.environment[0m [1;30mLevel 1[0m checking '/home/tharun/cognipilot/cranium/install/b3rb_simulator/lib/pkgconfig/b3rb_simulator.pc'
[0.935s] [34mcolcon.colcon_core.environment[0m [1;30mLevel 1[0m checking '/home/tharun/cognipilot/cranium/install/b3rb_simulator/lib/python3.10/site-packages'
[0.936s] [34mcolcon.colcon_core.environment[0m [1;30mLevel 1[0m checking '/home/tharun/cognipilot/cranium/install/b3rb_simulator/bin'
[0.936s] [34mcolcon.colcon_core.shell[0m [1;30mINFO[0m Creating package script '/home/tharun/cognipilot/cranium/install/b3rb_simulator/share/b3rb_simulator/package.ps1'
[0.937s] [34mcolcon.colcon_core.shell[0m [1;30mINFO[0m Creating package descriptor '/home/tharun/cognipilot/cranium/install/b3rb_simulator/share/b3rb_simulator/package.dsv'
[0.938s] [34mcolcon.colcon_core.shell[0m [1;30mINFO[0m Creating package script '/home/tharun/cognipilot/cranium/install/b3rb_simulator/share/b3rb_simulator/package.sh'
[0.938s] [34mcolcon.colcon_core.shell[0m [1;30mINFO[0m Creating package script '/home/tharun/cognipilot/cranium/install/b3rb_simulator/share/b3rb_simulator/package.bash'
[0.939s] [34mcolcon.colcon_core.shell[0m [1;30mINFO[0m Creating package script '/home/tharun/cognipilot/cranium/install/b3rb_simulator/share/b3rb_simulator/package.zsh'
[0.940s] [34mcolcon.colcon_core.environment[0m [1;30mLevel 1[0m create_file_with_runtime_dependencies(/home/tharun/cognipilot/cranium/install/b3rb_simulator/share/colcon-core/packages/b3rb_simulator)
[0.940s] [34mcolcon.colcon_core.environment[0m [1;30mLevel 1[0m create_environment_scripts_only(b3rb_simulator)
[0.941s] [34mcolcon.colcon_core.environment[0m [1;30mLevel 1[0m checking '/home/tharun/cognipilot/cranium/install/b3rb_simulator' for CMake module files
[0.941s] [34mcolcon.colcon_core.environment[0m [1;30mLevel 1[0m checking '/home/tharun/cognipilot/cranium/install/b3rb_simulator' for CMake config files
[0.942s] [34mcolcon.colcon_core.shell[0m [1;30mLevel 1[0m create_environment_hook('b3rb_simulator', 'cmake_prefix_path')
[0.942s] [34mcolcon.colcon_core.shell[0m [1;30mINFO[0m Creating environment hook '/home/tharun/cognipilot/cranium/install/b3rb_simulator/share/b3rb_simulator/hook/cmake_prefix_path.ps1'
[0.943s] [34mcolcon.colcon_core.shell[0m [1;30mINFO[0m Creating environment descriptor '/home/tharun/cognipilot/cranium/install/b3rb_simulator/share/b3rb_simulator/hook/cmake_prefix_path.dsv'
[0.943s] [34mcolcon.colcon_core.shell[0m [1;30mINFO[0m Creating environment hook '/home/tharun/cognipilot/cranium/install/b3rb_simulator/share/b3rb_simulator/hook/cmake_prefix_path.sh'
[0.944s] [34mcolcon.colcon_core.environment[0m [1;30mLevel 1[0m checking '/home/tharun/cognipilot/cranium/install/b3rb_simulator/bin'
[0.944s] [34mcolcon.colcon_core.environment[0m [1;30mLevel 1[0m checking '/home/tharun/cognipilot/cranium/install/b3rb_simulator/lib/pkgconfig/b3rb_simulator.pc'
[0.944s] [34mcolcon.colcon_core.environment[0m [1;30mLevel 1[0m checking '/home/tharun/cognipilot/cranium/install/b3rb_simulator/lib/python3.10/site-packages'
[0.945s] [34mcolcon.colcon_core.environment[0m [1;30mLevel 1[0m checking '/home/tharun/cognipilot/cranium/install/b3rb_simulator/bin'
[0.945s] [34mcolcon.colcon_core.shell[0m [1;30mINFO[0m Creating package script '/home/tharun/cognipilot/cranium/install/b3rb_simulator/share/b3rb_simulator/package.ps1'
[0.946s] [34mcolcon.colcon_core.shell[0m [1;30mINFO[0m Creating package descriptor '/home/tharun/cognipilot/cranium/install/b3rb_simulator/share/b3rb_simulator/package.dsv'
[0.947s] [34mcolcon.colcon_core.shell[0m [1;30mINFO[0m Creating package script '/home/tharun/cognipilot/cranium/install/b3rb_simulator/share/b3rb_simulator/package.sh'
[0.947s] [34mcolcon.colcon_core.shell[0m [1;30mINFO[0m Creating package script '/home/tharun/cognipilot/cranium/install/b3rb_simulator/share/b3rb_simulator/package.bash'
[0.947s] [34mcolcon.colcon_core.shell[0m [1;30mINFO[0m Creating package script '/home/tharun/cognipilot/cranium/install/b3rb_simulator/share/b3rb_simulator/package.zsh'
[0.948s] [34mcolcon.colcon_core.environment[0m [1;30mLevel 1[0m create_file_with_runtime_dependencies(/home/tharun/cognipilot/cranium/install/b3rb_simulator/share/colcon-core/packages/b3rb_simulator)
[0.950s] [34mcolcon.colcon_core.event_handler.log_command[0m [1;30mDEBUG[0m [32mInvoked command in '/home/tharun/cognipilot/cranium/build/synapse_msgs' returned '0': CMAKE_PREFIX_PATH=${CMAKE_PREFIX_PATH}:/home/tharun/cognipilot/cranium/install/b3rb_ros_line_follower:/opt/ros/humble /usr/bin/cmake --build /home/tharun/cognipilot/cranium/build/synapse_msgs -- -j12 -l12[0m
[0.951s] [34mcolcon.colcon_core.event_handler.log_command[0m [1;30mDEBUG[0m [32mInvoking command in '/home/tharun/cognipilot/cranium/build/synapse_msgs': CMAKE_PREFIX_PATH=${CMAKE_PREFIX_PATH}:/home/tharun/cognipilot/cranium/install/b3rb_ros_line_follower:/opt/ros/humble /usr/bin/cmake --install /home/tharun/cognipilot/cranium/build/synapse_msgs[0m
[0.953s] [34mcolcon.colcon_core.environment[0m [1;30mLevel 1[0m create_environment_scripts_only(b3rb_desktop)
[0.954s] [34mcolcon.colcon_core.environment[0m [1;30mLevel 1[0m checking '/home/tharun/cognipilot/cranium/install/b3rb_desktop' for CMake module files
[0.955s] [34mcolcon.colcon_core.event_handler.log_command[0m [1;30mDEBUG[0m [32mInvoked command in '/home/tharun/cognipilot/cranium/build/b3rb_desktop' returned '0': CMAKE_PREFIX_PATH=/home/tharun/cognipilot/cranium/install/b3rb_rviz:/home/tharun/cognipilot/cranium/install/synapse_ros:/home/tharun/cognipilot/cranium/install/synapse_gz:/home/tharun/cognipilot/cranium/install/synapse_tinyframe:/home/tharun/cognipilot/cranium/install/synapse_protobuf:/home/tharun/cognipilot/cranium/install/corti:/home/tharun/cognipilot/cranium/install/synapse_msgs:/home/tharun/cognipilot/cranium/install/dream_world:/home/tharun/cognipilot/cranium/install/cerebri_bringup:/home/tharun/cognipilot/cranium/install/b3rb_simulator:/home/tharun/cognipilot/cranium/install/b3rb_desktop:/home/tharun/cognipilot/cranium/install/b3rb_nav2:/home/tharun/cognipilot/cranium/install/b3rb_gz_resource:/home/tharun/cognipilot/cranium/install/b3rb_gz_bringup:/home/tharun/cognipilot/cranium/install/b3rb_description:/home/tharun/cognipilot/electrode/install/electrode:/home/tharun/cognipilot/cranium/install/b3rb_ros_line_follower:/opt/ros/humble /usr/bin/cmake --install /home/tharun/cognipilot/cranium/build/b3rb_desktop[0m
[0.956s] [34mcolcon.colcon_core.environment[0m [1;30mLevel 1[0m checking '/home/tharun/cognipilot/cranium/install/b3rb_desktop' for CMake config files
[0.957s] [34mcolcon.colcon_core.shell[0m [1;30mLevel 1[0m create_environment_hook('b3rb_desktop', 'cmake_prefix_path')
[0.958s] [34mcolcon.colcon_core.shell[0m [1;30mINFO[0m Creating environment hook '/home/tharun/cognipilot/cranium/install/b3rb_desktop/share/b3rb_desktop/hook/cmake_prefix_path.ps1'
[0.959s] [34mcolcon.colcon_core.shell[0m [1;30mINFO[0m Creating environment descriptor '/home/tharun/cognipilot/cranium/install/b3rb_desktop/share/b3rb_desktop/hook/cmake_prefix_path.dsv'
[0.960s] [34mcolcon.colcon_core.shell[0m [1;30mINFO[0m Creating environment hook '/home/tharun/cognipilot/cranium/install/b3rb_desktop/share/b3rb_desktop/hook/cmake_prefix_path.sh'
[0.961s] [34mcolcon.colcon_core.environment[0m [1;30mLevel 1[0m checking '/home/tharun/cognipilot/cranium/install/b3rb_desktop/bin'
[0.961s] [34mcolcon.colcon_core.environment[0m [1;30mLevel 1[0m checking '/home/tharun/cognipilot/cranium/install/b3rb_desktop/lib/pkgconfig/b3rb_desktop.pc'
[0.961s] [34mcolcon.colcon_core.environment[0m [1;30mLevel 1[0m checking '/home/tharun/cognipilot/cranium/install/b3rb_desktop/lib/python3.10/site-packages'
[0.961s] [34mcolcon.colcon_core.environment[0m [1;30mLevel 1[0m checking '/home/tharun/cognipilot/cranium/install/b3rb_desktop/bin'
[0.962s] [34mcolcon.colcon_core.shell[0m [1;30mINFO[0m Creating package script '/home/tharun/cognipilot/cranium/install/b3rb_desktop/share/b3rb_desktop/package.ps1'
[0.962s] [34mcolcon.colcon_core.shell[0m [1;30mINFO[0m Creating package descriptor '/home/tharun/cognipilot/cranium/install/b3rb_desktop/share/b3rb_desktop/package.dsv'
[0.962s] [34mcolcon.colcon_core.shell[0m [1;30mINFO[0m Creating package script '/home/tharun/cognipilot/cranium/install/b3rb_desktop/share/b3rb_desktop/package.sh'
[0.963s] [34mcolcon.colcon_core.shell[0m [1;30mINFO[0m Creating package script '/home/tharun/cognipilot/cranium/install/b3rb_desktop/share/b3rb_desktop/package.bash'
[0.963s] [34mcolcon.colcon_core.shell[0m [1;30mINFO[0m Creating package script '/home/tharun/cognipilot/cranium/install/b3rb_desktop/share/b3rb_desktop/package.zsh'
[0.963s] [34mcolcon.colcon_core.environment[0m [1;30mLevel 1[0m create_file_with_runtime_dependencies(/home/tharun/cognipilot/cranium/install/b3rb_desktop/share/colcon-core/packages/b3rb_desktop)
[0.963s] [34mcolcon.colcon_core.environment[0m [1;30mLevel 1[0m create_environment_scripts_only(b3rb_desktop)
[0.963s] [34mcolcon.colcon_core.environment[0m [1;30mLevel 1[0m checking '/home/tharun/cognipilot/cranium/install/b3rb_desktop' for CMake module files
[0.964s] [34mcolcon.colcon_core.environment[0m [1;30mLevel 1[0m checking '/home/tharun/cognipilot/cranium/install/b3rb_desktop' for CMake config files
[0.964s] [34mcolcon.colcon_core.shell[0m [1;30mLevel 1[0m create_environment_hook('b3rb_desktop', 'cmake_prefix_path')
[0.964s] [34mcolcon.colcon_core.shell[0m [1;30mINFO[0m Creating environment hook '/home/tharun/cognipilot/cranium/install/b3rb_desktop/share/b3rb_desktop/hook/cmake_prefix_path.ps1'
[0.964s] [34mcolcon.colcon_core.shell[0m [1;30mINFO[0m Creating environment descriptor '/home/tharun/cognipilot/cranium/install/b3rb_desktop/share/b3rb_desktop/hook/cmake_prefix_path.dsv'
[0.964s] [34mcolcon.colcon_core.shell[0m [1;30mINFO[0m Creating environment hook '/home/tharun/cognipilot/cranium/install/b3rb_desktop/share/b3rb_desktop/hook/cmake_prefix_path.sh'
[0.965s] [34mcolcon.colcon_core.environment[0m [1;30mLevel 1[0m checking '/home/tharun/cognipilot/cranium/install/b3rb_desktop/bin'
[0.965s] [34mcolcon.colcon_core.environment[0m [1;30mLevel 1[0m checking '/home/tharun/cognipilot/cranium/install/b3rb_desktop/lib/pkgconfig/b3rb_desktop.pc'
[0.965s] [34mcolcon.colcon_core.environment[0m [1;30mLevel 1[0m checking '/home/tharun/cognipilot/cranium/install/b3rb_desktop/lib/python3.10/site-packages'
[0.965s] [34mcolcon.colcon_core.environment[0m [1;30mLevel 1[0m checking '/home/tharun/cognipilot/cranium/install/b3rb_desktop/bin'
[0.965s] [34mcolcon.colcon_core.shell[0m [1;30mINFO[0m Creating package script '/home/tharun/cognipilot/cranium/install/b3rb_desktop/share/b3rb_desktop/package.ps1'
[0.965s] [34mcolcon.colcon_core.shell[0m [1;30mINFO[0m Creating package descriptor '/home/tharun/cognipilot/cranium/install/b3rb_desktop/share/b3rb_desktop/package.dsv'
[0.966s] [34mcolcon.colcon_core.shell[0m [1;30mINFO[0m Creating package script '/home/tharun/cognipilot/cranium/install/b3rb_desktop/share/b3rb_desktop/package.sh'
[0.966s] [34mcolcon.colcon_core.shell[0m [1;30mINFO[0m Creating package script '/home/tharun/cognipilot/cranium/install/b3rb_desktop/share/b3rb_desktop/package.bash'
[0.966s] [34mcolcon.colcon_core.shell[0m [1;30mINFO[0m Creating package script '/home/tharun/cognipilot/cranium/install/b3rb_desktop/share/b3rb_desktop/package.zsh'
[0.966s] [34mcolcon.colcon_core.environment[0m [1;30mLevel 1[0m create_file_with_runtime_dependencies(/home/tharun/cognipilot/cranium/install/b3rb_desktop/share/colcon-core/packages/b3rb_desktop)
[1.020s] [34mcolcon.colcon_core.event_handler.log_command[0m [1;30mDEBUG[0m [32mInvoked command in '/home/tharun/cognipilot/cranium/build/synapse_gz' returned '0': CMAKE_PREFIX_PATH=/home/tharun/cognipilot/cranium/install/synapse_tinyframe:/home/tharun/cognipilot/cranium/install/synapse_protobuf:/home/tharun/cognipilot/cranium/install/synapse_ros:/home/tharun/cognipilot/cranium/install/synapse_gz:/home/tharun/cognipilot/cranium/install/corti:/home/tharun/cognipilot/cranium/install/synapse_msgs:/home/tharun/cognipilot/cranium/install/dream_world:/home/tharun/cognipilot/cranium/install/cerebri_bringup:/home/tharun/cognipilot/cranium/install/b3rb_simulator:/home/tharun/cognipilot/cranium/install/b3rb_desktop:/home/tharun/cognipilot/cranium/install/b3rb_rviz:/home/tharun/cognipilot/cranium/install/b3rb_nav2:/home/tharun/cognipilot/cranium/install/b3rb_gz_resource:/home/tharun/cognipilot/cranium/install/b3rb_gz_bringup:/home/tharun/cognipilot/cranium/install/b3rb_description:/home/tharun/cognipilot/electrode/install/electrode:/home/tharun/cognipilot/cranium/install/b3rb_ros_line_follower:/opt/ros/humble /usr/bin/cmake --build /home/tharun/cognipilot/cranium/build/synapse_gz -- -j12 -l12[0m
[1.023s] [34mcolcon.colcon_core.event_handler.log_command[0m [1;30mDEBUG[0m [32mInvoking command in '/home/tharun/cognipilot/cranium/build/synapse_gz': CMAKE_PREFIX_PATH=/home/tharun/cognipilot/cranium/install/synapse_tinyframe:/home/tharun/cognipilot/cranium/install/synapse_protobuf:/home/tharun/cognipilot/cranium/install/synapse_ros:/home/tharun/cognipilot/cranium/install/synapse_gz:/home/tharun/cognipilot/cranium/install/corti:/home/tharun/cognipilot/cranium/install/synapse_msgs:/home/tharun/cognipilot/cranium/install/dream_world:/home/tharun/cognipilot/cranium/install/cerebri_bringup:/home/tharun/cognipilot/cranium/install/b3rb_simulator:/home/tharun/cognipilot/cranium/install/b3rb_desktop:/home/tharun/cognipilot/cranium/install/b3rb_rviz:/home/tharun/cognipilot/cranium/install/b3rb_nav2:/home/tharun/cognipilot/cranium/install/b3rb_gz_resource:/home/tharun/cognipilot/cranium/install/b3rb_gz_bringup:/home/tharun/cognipilot/cranium/install/b3rb_description:/home/tharun/cognipilot/electrode/install/electrode:/home/tharun/cognipilot/cranium/install/b3rb_ros_line_follower:/opt/ros/humble /usr/bin/cmake --install /home/tharun/cognipilot/cranium/build/synapse_gz[0m
[1.041s] [34mcolcon.colcon_core.environment[0m [1;30mLevel 1[0m create_environment_scripts_only(synapse_gz)
[1.042s] [34mcolcon.colcon_core.environment[0m [1;30mLevel 1[0m checking '/home/tharun/cognipilot/cranium/install/synapse_gz' for CMake module files
[1.042s] [34mcolcon.colcon_core.event_handler.log_command[0m [1;30mDEBUG[0m [32mInvoked command in '/home/tharun/cognipilot/cranium/build/synapse_gz' returned '0': CMAKE_PREFIX_PATH=/home/tharun/cognipilot/cranium/install/synapse_tinyframe:/home/tharun/cognipilot/cranium/install/synapse_protobuf:/home/tharun/cognipilot/cranium/install/synapse_ros:/home/tharun/cognipilot/cranium/install/synapse_gz:/home/tharun/cognipilot/cranium/install/corti:/home/tharun/cognipilot/cranium/install/synapse_msgs:/home/tharun/cognipilot/cranium/install/dream_world:/home/tharun/cognipilot/cranium/install/cerebri_bringup:/home/tharun/cognipilot/cranium/install/b3rb_simulator:/home/tharun/cognipilot/cranium/install/b3rb_desktop:/home/tharun/cognipilot/cranium/install/b3rb_rviz:/home/tharun/cognipilot/cranium/install/b3rb_nav2:/home/tharun/cognipilot/cranium/install/b3rb_gz_resource:/home/tharun/cognipilot/cranium/install/b3rb_gz_bringup:/home/tharun/cognipilot/cranium/install/b3rb_description:/home/tharun/cognipilot/electrode/install/electrode:/home/tharun/cognipilot/cranium/install/b3rb_ros_line_follower:/opt/ros/humble /usr/bin/cmake --install /home/tharun/cognipilot/cranium/build/synapse_gz[0m
[1.043s] [34mcolcon.colcon_core.environment[0m [1;30mLevel 1[0m checking '/home/tharun/cognipilot/cranium/install/synapse_gz' for CMake config files
[1.043s] [34mcolcon.colcon_core.shell[0m [1;30mLevel 1[0m create_environment_hook('synapse_gz', 'cmake_prefix_path')
[1.043s] [34mcolcon.colcon_core.shell[0m [1;30mINFO[0m Creating environment hook '/home/tharun/cognipilot/cranium/install/synapse_gz/share/synapse_gz/hook/cmake_prefix_path.ps1'
[1.044s] [34mcolcon.colcon_core.shell[0m [1;30mINFO[0m Creating environment descriptor '/home/tharun/cognipilot/cranium/install/synapse_gz/share/synapse_gz/hook/cmake_prefix_path.dsv'
[1.044s] [34mcolcon.colcon_core.shell[0m [1;30mINFO[0m Creating environment hook '/home/tharun/cognipilot/cranium/install/synapse_gz/share/synapse_gz/hook/cmake_prefix_path.sh'
[1.044s] [34mcolcon.colcon_core.environment[0m [1;30mLevel 1[0m checking '/home/tharun/cognipilot/cranium/install/synapse_gz/lib'
[1.044s] [34mcolcon.colcon_core.environment[0m [1;30mLevel 1[0m checking '/home/tharun/cognipilot/cranium/install/synapse_gz/bin'
[1.044s] [34mcolcon.colcon_core.environment[0m [1;30mLevel 1[0m checking '/home/tharun/cognipilot/cranium/install/synapse_gz/lib/pkgconfig/synapse_gz.pc'
[1.044s] [34mcolcon.colcon_core.environment[0m [1;30mLevel 1[0m checking '/home/tharun/cognipilot/cranium/install/synapse_gz/lib/python3.10/site-packages'
[1.045s] [34mcolcon.colcon_core.environment[0m [1;30mLevel 1[0m checking '/home/tharun/cognipilot/cranium/install/synapse_gz/bin'
[1.045s] [34mcolcon.colcon_core.shell[0m [1;30mINFO[0m Creating package script '/home/tharun/cognipilot/cranium/install/synapse_gz/share/synapse_gz/package.ps1'
[1.045s] [34mcolcon.colcon_core.shell[0m [1;30mINFO[0m Creating package descriptor '/home/tharun/cognipilot/cranium/install/synapse_gz/share/synapse_gz/package.dsv'
[1.045s] [34mcolcon.colcon_core.shell[0m [1;30mINFO[0m Creating package script '/home/tharun/cognipilot/cranium/install/synapse_gz/share/synapse_gz/package.sh'
[1.046s] [34mcolcon.colcon_core.shell[0m [1;30mINFO[0m Creating package script '/home/tharun/cognipilot/cranium/install/synapse_gz/share/synapse_gz/package.bash'
[1.046s] [34mcolcon.colcon_core.shell[0m [1;30mINFO[0m Creating package script '/home/tharun/cognipilot/cranium/install/synapse_gz/share/synapse_gz/package.zsh'
[1.046s] [34mcolcon.colcon_core.environment[0m [1;30mLevel 1[0m create_file_with_runtime_dependencies(/home/tharun/cognipilot/cranium/install/synapse_gz/share/colcon-core/packages/synapse_gz)
[1.046s] [34mcolcon.colcon_core.environment[0m [1;30mLevel 1[0m create_environment_scripts_only(synapse_gz)
[1.046s] [34mcolcon.colcon_core.environment[0m [1;30mLevel 1[0m checking '/home/tharun/cognipilot/cranium/install/synapse_gz' for CMake module files
[1.047s] [34mcolcon.colcon_core.environment[0m [1;30mLevel 1[0m checking '/home/tharun/cognipilot/cranium/install/synapse_gz' for CMake config files
[1.047s] [34mcolcon.colcon_core.shell[0m [1;30mLevel 1[0m create_environment_hook('synapse_gz', 'cmake_prefix_path')
[1.047s] [34mcolcon.colcon_core.shell[0m [1;30mINFO[0m Creating environment hook '/home/tharun/cognipilot/cranium/install/synapse_gz/share/synapse_gz/hook/cmake_prefix_path.ps1'
[1.047s] [34mcolcon.colcon_core.shell[0m [1;30mINFO[0m Creating environment descriptor '/home/tharun/cognipilot/cranium/install/synapse_gz/share/synapse_gz/hook/cmake_prefix_path.dsv'
[1.047s] [34mcolcon.colcon_core.shell[0m [1;30mINFO[0m Creating environment hook '/home/tharun/cognipilot/cranium/install/synapse_gz/share/synapse_gz/hook/cmake_prefix_path.sh'
[1.048s] [34mcolcon.colcon_core.environment[0m [1;30mLevel 1[0m checking '/home/tharun/cognipilot/cranium/install/synapse_gz/lib'
[1.048s] [34mcolcon.colcon_core.environment[0m [1;30mLevel 1[0m checking '/home/tharun/cognipilot/cranium/install/synapse_gz/bin'
[1.048s] [34mcolcon.colcon_core.environment[0m [1;30mLevel 1[0m checking '/home/tharun/cognipilot/cranium/install/synapse_gz/lib/pkgconfig/synapse_gz.pc'
[1.048s] [34mcolcon.colcon_core.environment[0m [1;30mLevel 1[0m checking '/home/tharun/cognipilot/cranium/install/synapse_gz/lib/python3.10/site-packages'
[1.048s] [34mcolcon.colcon_core.environment[0m [1;30mLevel 1[0m checking '/home/tharun/cognipilot/cranium/install/synapse_gz/bin'
[1.048s] [34mcolcon.colcon_core.shell[0m [1;30mINFO[0m Creating package script '/home/tharun/cognipilot/cranium/install/synapse_gz/share/synapse_gz/package.ps1'
[1.048s] [34mcolcon.colcon_core.shell[0m [1;30mINFO[0m Creating package descriptor '/home/tharun/cognipilot/cranium/install/synapse_gz/share/synapse_gz/package.dsv'
[1.049s] [34mcolcon.colcon_core.shell[0m [1;30mINFO[0m Creating package script '/home/tharun/cognipilot/cranium/install/synapse_gz/share/synapse_gz/package.sh'
[1.049s] [34mcolcon.colcon_core.shell[0m [1;30mINFO[0m Creating package script '/home/tharun/cognipilot/cranium/install/synapse_gz/share/synapse_gz/package.bash'
[1.049s] [34mcolcon.colcon_core.shell[0m [1;30mINFO[0m Creating package script '/home/tharun/cognipilot/cranium/install/synapse_gz/share/synapse_gz/package.zsh'
[1.049s] [34mcolcon.colcon_core.environment[0m [1;30mLevel 1[0m create_file_with_runtime_dependencies(/home/tharun/cognipilot/cranium/install/synapse_gz/share/colcon-core/packages/synapse_gz)
[1.050s] [34mcolcon.colcon_core.environment[0m [1;30mLevel 1[0m create_environment_scripts_only(synapse_msgs)
[1.050s] [34mcolcon.colcon_core.environment[0m [1;30mLevel 1[0m checking '/home/tharun/cognipilot/cranium/install/synapse_msgs' for CMake module files
[1.051s] [34mcolcon.colcon_core.event_handler.log_command[0m [1;30mDEBUG[0m [32mInvoked command in '/home/tharun/cognipilot/cranium/build/synapse_msgs' returned '0': CMAKE_PREFIX_PATH=${CMAKE_PREFIX_PATH}:/home/tharun/cognipilot/cranium/install/b3rb_ros_line_follower:/opt/ros/humble /usr/bin/cmake --install /home/tharun/cognipilot/cranium/build/synapse_msgs[0m
[1.051s] [34mcolcon.colcon_core.environment[0m [1;30mLevel 1[0m checking '/home/tharun/cognipilot/cranium/install/synapse_msgs' for CMake config files
[1.052s] [34mcolcon.colcon_core.shell[0m [1;30mLevel 1[0m create_environment_hook('synapse_msgs', 'cmake_prefix_path')
[1.052s] [34mcolcon.colcon_core.shell[0m [1;30mINFO[0m Creating environment hook '/home/tharun/cognipilot/cranium/install/synapse_msgs/share/synapse_msgs/hook/cmake_prefix_path.ps1'
[1.052s] [34mcolcon.colcon_core.shell[0m [1;30mINFO[0m Creating environment descriptor '/home/tharun/cognipilot/cranium/install/synapse_msgs/share/synapse_msgs/hook/cmake_prefix_path.dsv'
[1.052s] [34mcolcon.colcon_core.shell[0m [1;30mINFO[0m Creating environment hook '/home/tharun/cognipilot/cranium/install/synapse_msgs/share/synapse_msgs/hook/cmake_prefix_path.sh'
[1.053s] [34mcolcon.colcon_core.environment[0m [1;30mLevel 1[0m checking '/home/tharun/cognipilot/cranium/install/synapse_msgs/lib'
[1.053s] [34mcolcon.colcon_core.shell[0m [1;30mLevel 1[0m create_environment_hook('synapse_msgs', 'ld_library_path_lib')
[1.053s] [34mcolcon.colcon_core.shell[0m [1;30mINFO[0m Creating environment hook '/home/tharun/cognipilot/cranium/install/synapse_msgs/share/synapse_msgs/hook/ld_library_path_lib.ps1'
[1.053s] [34mcolcon.colcon_core.shell[0m [1;30mINFO[0m Creating environment descriptor '/home/tharun/cognipilot/cranium/install/synapse_msgs/share/synapse_msgs/hook/ld_library_path_lib.dsv'
[1.053s] [34mcolcon.colcon_core.shell[0m [1;30mINFO[0m Creating environment hook '/home/tharun/cognipilot/cranium/install/synapse_msgs/share/synapse_msgs/hook/ld_library_path_lib.sh'
[1.054s] [34mcolcon.colcon_core.environment[0m [1;30mLevel 1[0m checking '/home/tharun/cognipilot/cranium/install/synapse_msgs/bin'
[1.054s] [34mcolcon.colcon_core.environment[0m [1;30mLevel 1[0m checking '/home/tharun/cognipilot/cranium/install/synapse_msgs/lib/pkgconfig/synapse_msgs.pc'
[1.054s] [34mcolcon.colcon_core.environment[0m [1;30mLevel 1[0m checking '/home/tharun/cognipilot/cranium/install/synapse_msgs/lib/python3.10/site-packages'
[1.054s] [34mcolcon.colcon_core.environment[0m [1;30mLevel 1[0m checking '/home/tharun/cognipilot/cranium/install/synapse_msgs/bin'
[1.054s] [34mcolcon.colcon_core.shell[0m [1;30mINFO[0m Creating package script '/home/tharun/cognipilot/cranium/install/synapse_msgs/share/synapse_msgs/package.ps1'
[1.055s] [34mcolcon.colcon_core.shell[0m [1;30mINFO[0m Creating package descriptor '/home/tharun/cognipilot/cranium/install/synapse_msgs/share/synapse_msgs/package.dsv'
[1.055s] [34mcolcon.colcon_core.shell[0m [1;30mINFO[0m Creating package script '/home/tharun/cognipilot/cranium/install/synapse_msgs/share/synapse_msgs/package.sh'
[1.055s] [34mcolcon.colcon_core.shell[0m [1;30mINFO[0m Creating package script '/home/tharun/cognipilot/cranium/install/synapse_msgs/share/synapse_msgs/package.bash'
[1.055s] [34mcolcon.colcon_core.shell[0m [1;30mINFO[0m Creating package script '/home/tharun/cognipilot/cranium/install/synapse_msgs/share/synapse_msgs/package.zsh'
[1.055s] [34mcolcon.colcon_core.environment[0m [1;30mLevel 1[0m create_file_with_runtime_dependencies(/home/tharun/cognipilot/cranium/install/synapse_msgs/share/colcon-core/packages/synapse_msgs)
[1.056s] [34mcolcon.colcon_core.environment[0m [1;30mLevel 1[0m create_environment_scripts_only(synapse_msgs)
[1.056s] [34mcolcon.colcon_core.environment[0m [1;30mLevel 1[0m checking '/home/tharun/cognipilot/cranium/install/synapse_msgs' for CMake module files
[1.056s] [34mcolcon.colcon_core.environment[0m [1;30mLevel 1[0m checking '/home/tharun/cognipilot/cranium/install/synapse_msgs' for CMake config files
[1.057s] [34mcolcon.colcon_core.shell[0m [1;30mLevel 1[0m create_environment_hook('synapse_msgs', 'cmake_prefix_path')
[1.057s] [34mcolcon.colcon_core.shell[0m [1;30mINFO[0m Creating environment hook '/home/tharun/cognipilot/cranium/install/synapse_msgs/share/synapse_msgs/hook/cmake_prefix_path.ps1'
[1.057s] [34mcolcon.colcon_core.shell[0m [1;30mINFO[0m Creating environment descriptor '/home/tharun/cognipilot/cranium/install/synapse_msgs/share/synapse_msgs/hook/cmake_prefix_path.dsv'
[1.058s] [34mcolcon.colcon_core.shell[0m [1;30mINFO[0m Creating environment hook '/home/tharun/cognipilot/cranium/install/synapse_msgs/share/synapse_msgs/hook/cmake_prefix_path.sh'
[1.058s] [34mcolcon.colcon_core.environment[0m [1;30mLevel 1[0m checking '/home/tharun/cognipilot/cranium/install/synapse_msgs/lib'
[1.058s] [34mcolcon.colcon_core.shell[0m [1;30mLevel 1[0m create_environment_hook('synapse_msgs', 'ld_library_path_lib')
[1.058s] [34mcolcon.colcon_core.shell[0m [1;30mINFO[0m Creating environment hook '/home/tharun/cognipilot/cranium/install/synapse_msgs/share/synapse_msgs/hook/ld_library_path_lib.ps1'
[1.059s] [34mcolcon.colcon_core.shell[0m [1;30mINFO[0m Creating environment descriptor '/home/tharun/cognipilot/cranium/install/synapse_msgs/share/synapse_msgs/hook/ld_library_path_lib.dsv'
[1.059s] [34mcolcon.colcon_core.shell[0m [1;30mINFO[0m Creating environment hook '/home/tharun/cognipilot/cranium/install/synapse_msgs/share/synapse_msgs/hook/ld_library_path_lib.sh'
[1.059s] [34mcolcon.colcon_core.environment[0m [1;30mLevel 1[0m checking '/home/tharun/cognipilot/cranium/install/synapse_msgs/bin'
[1.059s] [34mcolcon.colcon_core.environment[0m [1;30mLevel 1[0m checking '/home/tharun/cognipilot/cranium/install/synapse_msgs/lib/pkgconfig/synapse_msgs.pc'
[1.059s] [34mcolcon.colcon_core.environment[0m [1;30mLevel 1[0m checking '/home/tharun/cognipilot/cranium/install/synapse_msgs/lib/python3.10/site-packages'
[1.060s] [34mcolcon.colcon_core.environment[0m [1;30mLevel 1[0m checking '/home/tharun/cognipilot/cranium/install/synapse_msgs/bin'
[1.060s] [34mcolcon.colcon_core.shell[0m [1;30mINFO[0m Creating package script '/home/tharun/cognipilot/cranium/install/synapse_msgs/share/synapse_msgs/package.ps1'
[1.061s] [34mcolcon.colcon_core.shell[0m [1;30mINFO[0m Creating package descriptor '/home/tharun/cognipilot/cranium/install/synapse_msgs/share/synapse_msgs/package.dsv'
[1.062s] [34mcolcon.colcon_core.shell[0m [1;30mINFO[0m Creating package script '/home/tharun/cognipilot/cranium/install/synapse_msgs/share/synapse_msgs/package.sh'
[1.062s] [34mcolcon.colcon_core.shell[0m [1;30mINFO[0m Creating package script '/home/tharun/cognipilot/cranium/install/synapse_msgs/share/synapse_msgs/package.bash'
[1.062s] [34mcolcon.colcon_core.shell[0m [1;30mINFO[0m Creating package script '/home/tharun/cognipilot/cranium/install/synapse_msgs/share/synapse_msgs/package.zsh'
[1.063s] [34mcolcon.colcon_core.environment[0m [1;30mLevel 1[0m create_file_with_runtime_dependencies(/home/tharun/cognipilot/cranium/install/synapse_msgs/share/colcon-core/packages/synapse_msgs)
[1.063s] [34mcolcon.colcon_ros.task.ament_python.build[0m [1;30mINFO[0m Building ROS package in '/home/tharun/cognipilot/cranium/src/b3rb_ros_line_follower/b3rb_ros_line_follower' with build type 'ament_python'
[1.063s] [34mcolcon.colcon_core.shell[0m [1;30mLevel 1[0m create_environment_hook('b3rb_ros_line_follower', 'ament_prefix_path')
[1.063s] [34mcolcon.colcon_core.shell[0m [1;30mINFO[0m Creating environment hook '/home/tharun/cognipilot/cranium/install/b3rb_ros_line_follower/share/b3rb_ros_line_follower/hook/ament_prefix_path.ps1'
[1.064s] [34mcolcon.colcon_core.shell[0m [1;30mINFO[0m Creating environment descriptor '/home/tharun/cognipilot/cranium/install/b3rb_ros_line_follower/share/b3rb_ros_line_follower/hook/ament_prefix_path.dsv'
[1.064s] [34mcolcon.colcon_core.shell[0m [1;30mINFO[0m Creating environment hook '/home/tharun/cognipilot/cranium/install/b3rb_ros_line_follower/share/b3rb_ros_line_follower/hook/ament_prefix_path.sh'
[1.065s] [34mcolcon.colcon_core.shell[0m [1;30mINFO[0m Skip shell extension 'powershell' for command environment: Not usable outside of PowerShell
[1.065s] [34mcolcon.colcon_core.shell[0m [1;30mDEBUG[0m [32mSkip shell extension 'dsv' for command environment[0m
[1.068s] [34mcolcon.colcon_ros.task.ament_cmake.build[0m [1;30mINFO[0m Building ROS package in '/home/tharun/cognipilot/cranium/src/corti' with build type 'ament_cmake'
[1.068s] [34mcolcon.colcon_cmake.task.cmake.build[0m [1;30mINFO[0m Building CMake package in '/home/tharun/cognipilot/cranium/src/corti'
[1.068s] [34mcolcon.colcon_core.shell[0m [1;30mINFO[0m Skip shell extension 'powershell' for command environment: Not usable outside of PowerShell
[1.068s] [34mcolcon.colcon_core.shell[0m [1;30mDEBUG[0m [32mSkip shell extension 'dsv' for command environment[0m
[1.071s] [34mcolcon.colcon_ros.task.ament_cmake.build[0m [1;30mINFO[0m Building ROS package in '/home/tharun/cognipilot/cranium/src/synapse_ros' with build type 'ament_cmake'
[1.071s] [34mcolcon.colcon_cmake.task.cmake.build[0m [1;30mINFO[0m Building CMake package in '/home/tharun/cognipilot/cranium/src/synapse_ros'
[1.071s] [34mcolcon.colcon_core.shell[0m [1;30mINFO[0m Skip shell extension 'powershell' for command environment: Not usable outside of PowerShell
[1.071s] [34mcolcon.colcon_core.shell[0m [1;30mDEBUG[0m [32mSkip shell extension 'dsv' for command environment[0m
[1.245s] [34mcolcon.colcon_core.task.python.build[0m [1;30mINFO[0m Building Python package in '/home/tharun/cognipilot/cranium/src/b3rb_ros_line_follower/b3rb_ros_line_follower'
[1.245s] [34mcolcon.colcon_core.shell[0m [1;30mINFO[0m Skip shell extension 'powershell' for command environment: Not usable outside of PowerShell
[1.245s] [34mcolcon.colcon_core.shell[0m [1;30mDEBUG[0m [32mSkip shell extension 'dsv' for command environment[0m
[1.251s] [34mcolcon.colcon_core.event_handler.log_command[0m [1;30mDEBUG[0m [32mInvoking command in '/home/tharun/cognipilot/cranium/build/corti': CMAKE_PREFIX_PATH=/home/tharun/cognipilot/cranium/install/synapse_msgs:/home/tharun/cognipilot/cranium/install/synapse_ros:/home/tharun/cognipilot/cranium/install/synapse_gz:/home/tharun/cognipilot/cranium/install/synapse_tinyframe:/home/tharun/cognipilot/cranium/install/synapse_protobuf:/home/tharun/cognipilot/cranium/install/corti:/home/tharun/cognipilot/cranium/install/dream_world:/home/tharun/cognipilot/cranium/install/cerebri_bringup:/home/tharun/cognipilot/cranium/install/b3rb_simulator:/home/tharun/cognipilot/cranium/install/b3rb_desktop:/home/tharun/cognipilot/cranium/install/b3rb_rviz:/home/tharun/cognipilot/cranium/install/b3rb_nav2:/home/tharun/cognipilot/cranium/install/b3rb_gz_resource:/home/tharun/cognipilot/cranium/install/b3rb_gz_bringup:/home/tharun/cognipilot/cranium/install/b3rb_description:/home/tharun/cognipilot/electrode/install/electrode:/home/tharun/cognipilot/cranium/install/b3rb_ros_line_follower:/opt/ros/humble LD_LIBRARY_PATH=/home/tharun/cognipilot/cranium/install/synapse_msgs/lib:/home/tharun/cognipilot/cranium/install/synapse_tinyframe/lib:/home/tharun/cognipilot/cranium/install/synapse_protobuf/lib:/opt/ros/humble/opt/rviz_ogre_vendor/lib:/opt/ros/humble/lib/x86_64-linux-gnu:/opt/ros/humble/lib /usr/bin/cmake --build /home/tharun/cognipilot/cranium/build/corti -- -j12 -l12[0m
[1.254s] [34mcolcon.colcon_core.event_handler.log_command[0m [1;30mDEBUG[0m [32mInvoking command in '/home/tharun/cognipilot/cranium/build/synapse_ros': CMAKE_PREFIX_PATH=/home/tharun/cognipilot/cranium/install/synapse_tinyframe:/home/tharun/cognipilot/cranium/install/synapse_protobuf:/home/tharun/cognipilot/cranium/install/synapse_msgs:/home/tharun/cognipilot/cranium/install/synapse_ros:/home/tharun/cognipilot/cranium/install/synapse_gz:/home/tharun/cognipilot/cranium/install/corti:/home/tharun/cognipilot/cranium/install/dream_world:/home/tharun/cognipilot/cranium/install/cerebri_bringup:/home/tharun/cognipilot/cranium/install/b3rb_simulator:/home/tharun/cognipilot/cranium/install/b3rb_desktop:/home/tharun/cognipilot/cranium/install/b3rb_rviz:/home/tharun/cognipilot/cranium/install/b3rb_nav2:/home/tharun/cognipilot/cranium/install/b3rb_gz_resource:/home/tharun/cognipilot/cranium/install/b3rb_gz_bringup:/home/tharun/cognipilot/cranium/install/b3rb_description:/home/tharun/cognipilot/electrode/install/electrode:/home/tharun/cognipilot/cranium/install/b3rb_ros_line_follower:/opt/ros/humble LD_LIBRARY_PATH=/home/tharun/cognipilot/cranium/install/synapse_msgs/lib:/home/tharun/cognipilot/cranium/install/synapse_tinyframe/lib:/home/tharun/cognipilot/cranium/install/synapse_protobuf/lib:/opt/ros/humble/opt/rviz_ogre_vendor/lib:/opt/ros/humble/lib/x86_64-linux-gnu:/opt/ros/humble/lib /usr/bin/cmake --build /home/tharun/cognipilot/cranium/build/synapse_ros -- -j12 -l12[0m
[1.328s] [34mcolcon.colcon_core.event_handler.log_command[0m [1;30mDEBUG[0m [32mInvoked command in '/home/tharun/cognipilot/cranium/build/synapse_ros' returned '0': CMAKE_PREFIX_PATH=/home/tharun/cognipilot/cranium/install/synapse_tinyframe:/home/tharun/cognipilot/cranium/install/synapse_protobuf:/home/tharun/cognipilot/cranium/install/synapse_msgs:/home/tharun/cognipilot/cranium/install/synapse_ros:/home/tharun/cognipilot/cranium/install/synapse_gz:/home/tharun/cognipilot/cranium/install/corti:/home/tharun/cognipilot/cranium/install/dream_world:/home/tharun/cognipilot/cranium/install/cerebri_bringup:/home/tharun/cognipilot/cranium/install/b3rb_simulator:/home/tharun/cognipilot/cranium/install/b3rb_desktop:/home/tharun/cognipilot/cranium/install/b3rb_rviz:/home/tharun/cognipilot/cranium/install/b3rb_nav2:/home/tharun/cognipilot/cranium/install/b3rb_gz_resource:/home/tharun/cognipilot/cranium/install/b3rb_gz_bringup:/home/tharun/cognipilot/cranium/install/b3rb_description:/home/tharun/cognipilot/electrode/install/electrode:/home/tharun/cognipilot/cranium/install/b3rb_ros_line_follower:/opt/ros/humble LD_LIBRARY_PATH=/home/tharun/cognipilot/cranium/install/synapse_msgs/lib:/home/tharun/cognipilot/cranium/install/synapse_tinyframe/lib:/home/tharun/cognipilot/cranium/install/synapse_protobuf/lib:/opt/ros/humble/opt/rviz_ogre_vendor/lib:/opt/ros/humble/lib/x86_64-linux-gnu:/opt/ros/humble/lib /usr/bin/cmake --build /home/tharun/cognipilot/cranium/build/synapse_ros -- -j12 -l12[0m
[1.330s] [34mcolcon.colcon_core.event_handler.log_command[0m [1;30mDEBUG[0m [32mInvoking command in '/home/tharun/cognipilot/cranium/build/synapse_ros': CMAKE_PREFIX_PATH=/home/tharun/cognipilot/cranium/install/synapse_tinyframe:/home/tharun/cognipilot/cranium/install/synapse_protobuf:/home/tharun/cognipilot/cranium/install/synapse_msgs:/home/tharun/cognipilot/cranium/install/synapse_ros:/home/tharun/cognipilot/cranium/install/synapse_gz:/home/tharun/cognipilot/cranium/install/corti:/home/tharun/cognipilot/cranium/install/dream_world:/home/tharun/cognipilot/cranium/install/cerebri_bringup:/home/tharun/cognipilot/cranium/install/b3rb_simulator:/home/tharun/cognipilot/cranium/install/b3rb_desktop:/home/tharun/cognipilot/cranium/install/b3rb_rviz:/home/tharun/cognipilot/cranium/install/b3rb_nav2:/home/tharun/cognipilot/cranium/install/b3rb_gz_resource:/home/tharun/cognipilot/cranium/install/b3rb_gz_bringup:/home/tharun/cognipilot/cranium/install/b3rb_description:/home/tharun/cognipilot/electrode/install/electrode:/home/tharun/cognipilot/cranium/install/b3rb_ros_line_follower:/opt/ros/humble LD_LIBRARY_PATH=/home/tharun/cognipilot/cranium/install/synapse_msgs/lib:/home/tharun/cognipilot/cranium/install/synapse_tinyframe/lib:/home/tharun/cognipilot/cranium/install/synapse_protobuf/lib:/opt/ros/humble/opt/rviz_ogre_vendor/lib:/opt/ros/humble/lib/x86_64-linux-gnu:/opt/ros/humble/lib /usr/bin/cmake --install /home/tharun/cognipilot/cranium/build/synapse_ros[0m
[1.343s] [34mcolcon.colcon_core.environment[0m [1;30mLevel 1[0m create_environment_scripts_only(synapse_ros)
[1.344s] [34mcolcon.colcon_core.environment[0m [1;30mLevel 1[0m checking '/home/tharun/cognipilot/cranium/install/synapse_ros' for CMake module files
[1.344s] [34mcolcon.colcon_core.event_handler.log_command[0m [1;30mDEBUG[0m [32mInvoked command in '/home/tharun/cognipilot/cranium/build/synapse_ros' returned '0': CMAKE_PREFIX_PATH=/home/tharun/cognipilot/cranium/install/synapse_tinyframe:/home/tharun/cognipilot/cranium/install/synapse_protobuf:/home/tharun/cognipilot/cranium/install/synapse_msgs:/home/tharun/cognipilot/cranium/install/synapse_ros:/home/tharun/cognipilot/cranium/install/synapse_gz:/home/tharun/cognipilot/cranium/install/corti:/home/tharun/cognipilot/cranium/install/dream_world:/home/tharun/cognipilot/cranium/install/cerebri_bringup:/home/tharun/cognipilot/cranium/install/b3rb_simulator:/home/tharun/cognipilot/cranium/install/b3rb_desktop:/home/tharun/cognipilot/cranium/install/b3rb_rviz:/home/tharun/cognipilot/cranium/install/b3rb_nav2:/home/tharun/cognipilot/cranium/install/b3rb_gz_resource:/home/tharun/cognipilot/cranium/install/b3rb_gz_bringup:/home/tharun/cognipilot/cranium/install/b3rb_description:/home/tharun/cognipilot/electrode/install/electrode:/home/tharun/cognipilot/cranium/install/b3rb_ros_line_follower:/opt/ros/humble LD_LIBRARY_PATH=/home/tharun/cognipilot/cranium/install/synapse_msgs/lib:/home/tharun/cognipilot/cranium/install/synapse_tinyframe/lib:/home/tharun/cognipilot/cranium/install/synapse_protobuf/lib:/opt/ros/humble/opt/rviz_ogre_vendor/lib:/opt/ros/humble/lib/x86_64-linux-gnu:/opt/ros/humble/lib /usr/bin/cmake --install /home/tharun/cognipilot/cranium/build/synapse_ros[0m
[1.344s] [34mcolcon.colcon_core.environment[0m [1;30mLevel 1[0m checking '/home/tharun/cognipilot/cranium/install/synapse_ros' for CMake config files
[1.345s] [34mcolcon.colcon_core.shell[0m [1;30mLevel 1[0m create_environment_hook('synapse_ros', 'cmake_prefix_path')
[1.345s] [34mcolcon.colcon_core.shell[0m [1;30mINFO[0m Creating environment hook '/home/tharun/cognipilot/cranium/install/synapse_ros/share/synapse_ros/hook/cmake_prefix_path.ps1'
[1.345s] [34mcolcon.colcon_core.shell[0m [1;30mINFO[0m Creating environment descriptor '/home/tharun/cognipilot/cranium/install/synapse_ros/share/synapse_ros/hook/cmake_prefix_path.dsv'
[1.345s] [34mcolcon.colcon_core.shell[0m [1;30mINFO[0m Creating environment hook '/home/tharun/cognipilot/cranium/install/synapse_ros/share/synapse_ros/hook/cmake_prefix_path.sh'
[1.346s] [34mcolcon.colcon_core.environment[0m [1;30mLevel 1[0m checking '/home/tharun/cognipilot/cranium/install/synapse_ros/lib'
[1.346s] [34mcolcon.colcon_core.environment[0m [1;30mLevel 1[0m checking '/home/tharun/cognipilot/cranium/install/synapse_ros/bin'
[1.346s] [34mcolcon.colcon_core.environment[0m [1;30mLevel 1[0m checking '/home/tharun/cognipilot/cranium/install/synapse_ros/lib/pkgconfig/synapse_ros.pc'
[1.346s] [34mcolcon.colcon_core.environment[0m [1;30mLevel 1[0m checking '/home/tharun/cognipilot/cranium/install/synapse_ros/lib/python3.10/site-packages'
[1.346s] [34mcolcon.colcon_core.environment[0m [1;30mLevel 1[0m checking '/home/tharun/cognipilot/cranium/install/synapse_ros/bin'
[1.346s] [34mcolcon.colcon_core.shell[0m [1;30mINFO[0m Creating package script '/home/tharun/cognipilot/cranium/install/synapse_ros/share/synapse_ros/package.ps1'
[1.347s] [34mcolcon.colcon_core.shell[0m [1;30mINFO[0m Creating package descriptor '/home/tharun/cognipilot/cranium/install/synapse_ros/share/synapse_ros/package.dsv'
[1.347s] [34mcolcon.colcon_core.shell[0m [1;30mINFO[0m Creating package script '/home/tharun/cognipilot/cranium/install/synapse_ros/share/synapse_ros/package.sh'
[1.347s] [34mcolcon.colcon_core.shell[0m [1;30mINFO[0m Creating package script '/home/tharun/cognipilot/cranium/install/synapse_ros/share/synapse_ros/package.bash'
[1.347s] [34mcolcon.colcon_core.shell[0m [1;30mINFO[0m Creating package script '/home/tharun/cognipilot/cranium/install/synapse_ros/share/synapse_ros/package.zsh'
[1.347s] [34mcolcon.colcon_core.environment[0m [1;30mLevel 1[0m create_file_with_runtime_dependencies(/home/tharun/cognipilot/cranium/install/synapse_ros/share/colcon-core/packages/synapse_ros)
[1.348s] [34mcolcon.colcon_core.environment[0m [1;30mLevel 1[0m create_environment_scripts_only(synapse_ros)
[1.348s] [34mcolcon.colcon_core.environment[0m [1;30mLevel 1[0m checking '/home/tharun/cognipilot/cranium/install/synapse_ros' for CMake module files
[1.348s] [34mcolcon.colcon_core.environment[0m [1;30mLevel 1[0m checking '/home/tharun/cognipilot/cranium/install/synapse_ros' for CMake config files
[1.348s] [34mcolcon.colcon_core.shell[0m [1;30mLevel 1[0m create_environment_hook('synapse_ros', 'cmake_prefix_path')
[1.348s] [34mcolcon.colcon_core.shell[0m [1;30mINFO[0m Creating environment hook '/home/tharun/cognipilot/cranium/install/synapse_ros/share/synapse_ros/hook/cmake_prefix_path.ps1'
[1.349s] [34mcolcon.colcon_core.shell[0m [1;30mINFO[0m Creating environment descriptor '/home/tharun/cognipilot/cranium/install/synapse_ros/share/synapse_ros/hook/cmake_prefix_path.dsv'
[1.349s] [34mcolcon.colcon_core.shell[0m [1;30mINFO[0m Creating environment hook '/home/tharun/cognipilot/cranium/install/synapse_ros/share/synapse_ros/hook/cmake_prefix_path.sh'
[1.349s] [34mcolcon.colcon_core.environment[0m [1;30mLevel 1[0m checking '/home/tharun/cognipilot/cranium/install/synapse_ros/lib'
[1.349s] [34mcolcon.colcon_core.environment[0m [1;30mLevel 1[0m checking '/home/tharun/cognipilot/cranium/install/synapse_ros/bin'
[1.349s] [34mcolcon.colcon_core.environment[0m [1;30mLevel 1[0m checking '/home/tharun/cognipilot/cranium/install/synapse_ros/lib/pkgconfig/synapse_ros.pc'
[1.349s] [34mcolcon.colcon_core.environment[0m [1;30mLevel 1[0m checking '/home/tharun/cognipilot/cranium/install/synapse_ros/lib/python3.10/site-packages'
[1.349s] [34mcolcon.colcon_core.environment[0m [1;30mLevel 1[0m checking '/home/tharun/cognipilot/cranium/install/synapse_ros/bin'
[1.350s] [34mcolcon.colcon_core.shell[0m [1;30mINFO[0m Creating package script '/home/tharun/cognipilot/cranium/install/synapse_ros/share/synapse_ros/package.ps1'
[1.350s] [34mcolcon.colcon_core.shell[0m [1;30mINFO[0m Creating package descriptor '/home/tharun/cognipilot/cranium/install/synapse_ros/share/synapse_ros/package.dsv'
[1.350s] [34mcolcon.colcon_core.shell[0m [1;30mINFO[0m Creating package script '/home/tharun/cognipilot/cranium/install/synapse_ros/share/synapse_ros/package.sh'
[1.351s] [34mcolcon.colcon_core.shell[0m [1;30mINFO[0m Creating package script '/home/tharun/cognipilot/cranium/install/synapse_ros/share/synapse_ros/package.bash'
[1.351s] [34mcolcon.colcon_core.shell[0m [1;30mINFO[0m Creating package script '/home/tharun/cognipilot/cranium/install/synapse_ros/share/synapse_ros/package.zsh'
[1.351s] [34mcolcon.colcon_core.environment[0m [1;30mLevel 1[0m create_file_with_runtime_dependencies(/home/tharun/cognipilot/cranium/install/synapse_ros/share/colcon-core/packages/synapse_ros)
[1.495s] [34mcolcon.colcon_core.event_handler.log_command[0m [1;30mDEBUG[0m [32mInvoked command in '/home/tharun/cognipilot/cranium/build/corti' returned '0': CMAKE_PREFIX_PATH=/home/tharun/cognipilot/cranium/install/synapse_msgs:/home/tharun/cognipilot/cranium/install/synapse_ros:/home/tharun/cognipilot/cranium/install/synapse_gz:/home/tharun/cognipilot/cranium/install/synapse_tinyframe:/home/tharun/cognipilot/cranium/install/synapse_protobuf:/home/tharun/cognipilot/cranium/install/corti:/home/tharun/cognipilot/cranium/install/dream_world:/home/tharun/cognipilot/cranium/install/cerebri_bringup:/home/tharun/cognipilot/cranium/install/b3rb_simulator:/home/tharun/cognipilot/cranium/install/b3rb_desktop:/home/tharun/cognipilot/cranium/install/b3rb_rviz:/home/tharun/cognipilot/cranium/install/b3rb_nav2:/home/tharun/cognipilot/cranium/install/b3rb_gz_resource:/home/tharun/cognipilot/cranium/install/b3rb_gz_bringup:/home/tharun/cognipilot/cranium/install/b3rb_description:/home/tharun/cognipilot/electrode/install/electrode:/home/tharun/cognipilot/cranium/install/b3rb_ros_line_follower:/opt/ros/humble LD_LIBRARY_PATH=/home/tharun/cognipilot/cranium/install/synapse_msgs/lib:/home/tharun/cognipilot/cranium/install/synapse_tinyframe/lib:/home/tharun/cognipilot/cranium/install/synapse_protobuf/lib:/opt/ros/humble/opt/rviz_ogre_vendor/lib:/opt/ros/humble/lib/x86_64-linux-gnu:/opt/ros/humble/lib /usr/bin/cmake --build /home/tharun/cognipilot/cranium/build/corti -- -j12 -l12[0m
[1.497s] [34mcolcon.colcon_core.event_handler.log_command[0m [1;30mDEBUG[0m [32mInvoking command in '/home/tharun/cognipilot/cranium/build/corti': CMAKE_PREFIX_PATH=/home/tharun/cognipilot/cranium/install/synapse_msgs:/home/tharun/cognipilot/cranium/install/synapse_ros:/home/tharun/cognipilot/cranium/install/synapse_gz:/home/tharun/cognipilot/cranium/install/synapse_tinyframe:/home/tharun/cognipilot/cranium/install/synapse_protobuf:/home/tharun/cognipilot/cranium/install/corti:/home/tharun/cognipilot/cranium/install/dream_world:/home/tharun/cognipilot/cranium/install/cerebri_bringup:/home/tharun/cognipilot/cranium/install/b3rb_simulator:/home/tharun/cognipilot/cranium/install/b3rb_desktop:/home/tharun/cognipilot/cranium/install/b3rb_rviz:/home/tharun/cognipilot/cranium/install/b3rb_nav2:/home/tharun/cognipilot/cranium/install/b3rb_gz_resource:/home/tharun/cognipilot/cranium/install/b3rb_gz_bringup:/home/tharun/cognipilot/cranium/install/b3rb_description:/home/tharun/cognipilot/electrode/install/electrode:/home/tharun/cognipilot/cranium/install/b3rb_ros_line_follower:/opt/ros/humble LD_LIBRARY_PATH=/home/tharun/cognipilot/cranium/install/synapse_msgs/lib:/home/tharun/cognipilot/cranium/install/synapse_tinyframe/lib:/home/tharun/cognipilot/cranium/install/synapse_protobuf/lib:/opt/ros/humble/opt/rviz_ogre_vendor/lib:/opt/ros/humble/lib/x86_64-linux-gnu:/opt/ros/humble/lib /usr/bin/cmake --install /home/tharun/cognipilot/cranium/build/corti[0m
[1.541s] [34mcolcon.colcon_core.environment[0m [1;30mLevel 1[0m create_environment_scripts_only(corti)
[1.541s] [34mcolcon.colcon_core.environment[0m [1;30mLevel 1[0m checking '/home/tharun/cognipilot/cranium/install/corti' for CMake module files
[1.542s] [34mcolcon.colcon_core.event_handler.log_command[0m [1;30mDEBUG[0m [32mInvoked command in '/home/tharun/cognipilot/cranium/build/corti' returned '0': CMAKE_PREFIX_PATH=/home/tharun/cognipilot/cranium/install/synapse_msgs:/home/tharun/cognipilot/cranium/install/synapse_ros:/home/tharun/cognipilot/cranium/install/synapse_gz:/home/tharun/cognipilot/cranium/install/synapse_tinyframe:/home/tharun/cognipilot/cranium/install/synapse_protobuf:/home/tharun/cognipilot/cranium/install/corti:/home/tharun/cognipilot/cranium/install/dream_world:/home/tharun/cognipilot/cranium/install/cerebri_bringup:/home/tharun/cognipilot/cranium/install/b3rb_simulator:/home/tharun/cognipilot/cranium/install/b3rb_desktop:/home/tharun/cognipilot/cranium/install/b3rb_rviz:/home/tharun/cognipilot/cranium/install/b3rb_nav2:/home/tharun/cognipilot/cranium/install/b3rb_gz_resource:/home/tharun/cognipilot/cranium/install/b3rb_gz_bringup:/home/tharun/cognipilot/cranium/install/b3rb_description:/home/tharun/cognipilot/electrode/install/electrode:/home/tharun/cognipilot/cranium/install/b3rb_ros_line_follower:/opt/ros/humble LD_LIBRARY_PATH=/home/tharun/cognipilot/cranium/install/synapse_msgs/lib:/home/tharun/cognipilot/cranium/install/synapse_tinyframe/lib:/home/tharun/cognipilot/cranium/install/synapse_protobuf/lib:/opt/ros/humble/opt/rviz_ogre_vendor/lib:/opt/ros/humble/lib/x86_64-linux-gnu:/opt/ros/humble/lib /usr/bin/cmake --install /home/tharun/cognipilot/cranium/build/corti[0m
[1.542s] [34mcolcon.colcon_core.environment[0m [1;30mLevel 1[0m checking '/home/tharun/cognipilot/cranium/install/corti' for CMake config files
[1.542s] [34mcolcon.colcon_core.shell[0m [1;30mLevel 1[0m create_environment_hook('corti', 'cmake_prefix_path')
[1.542s] [34mcolcon.colcon_core.shell[0m [1;30mINFO[0m Creating environment hook '/home/tharun/cognipilot/cranium/install/corti/share/corti/hook/cmake_prefix_path.ps1'
[1.542s] [34mcolcon.colcon_core.shell[0m [1;30mINFO[0m Creating environment descriptor '/home/tharun/cognipilot/cranium/install/corti/share/corti/hook/cmake_prefix_path.dsv'
[1.543s] [34mcolcon.colcon_core.shell[0m [1;30mINFO[0m Creating environment hook '/home/tharun/cognipilot/cranium/install/corti/share/corti/hook/cmake_prefix_path.sh'
[1.543s] [34mcolcon.colcon_core.environment[0m [1;30mLevel 1[0m checking '/home/tharun/cognipilot/cranium/install/corti/lib'
[1.543s] [34mcolcon.colcon_core.environment[0m [1;30mLevel 1[0m checking '/home/tharun/cognipilot/cranium/install/corti/bin'
[1.543s] [34mcolcon.colcon_core.environment[0m [1;30mLevel 1[0m checking '/home/tharun/cognipilot/cranium/install/corti/lib/pkgconfig/corti.pc'
[1.543s] [34mcolcon.colcon_core.environment[0m [1;30mLevel 1[0m checking '/home/tharun/cognipilot/cranium/install/corti/lib/python3.10/site-packages'
[1.543s] [34mcolcon.colcon_core.environment[0m [1;30mLevel 1[0m checking '/home/tharun/cognipilot/cranium/install/corti/bin'
[1.544s] [34mcolcon.colcon_core.shell[0m [1;30mINFO[0m Creating package script '/home/tharun/cognipilot/cranium/install/corti/share/corti/package.ps1'
[1.544s] [34mcolcon.colcon_core.shell[0m [1;30mINFO[0m Creating package descriptor '/home/tharun/cognipilot/cranium/install/corti/share/corti/package.dsv'
[1.544s] [34mcolcon.colcon_core.shell[0m [1;30mINFO[0m Creating package script '/home/tharun/cognipilot/cranium/install/corti/share/corti/package.sh'
[1.545s] [34mcolcon.colcon_core.shell[0m [1;30mINFO[0m Creating package script '/home/tharun/cognipilot/cranium/install/corti/share/corti/package.bash'
[1.545s] [34mcolcon.colcon_core.shell[0m [1;30mINFO[0m Creating package script '/home/tharun/cognipilot/cranium/install/corti/share/corti/package.zsh'
[1.545s] [34mcolcon.colcon_core.environment[0m [1;30mLevel 1[0m create_file_with_runtime_dependencies(/home/tharun/cognipilot/cranium/install/corti/share/colcon-core/packages/corti)
[1.546s] [34mcolcon.colcon_core.environment[0m [1;30mLevel 1[0m create_environment_scripts_only(corti)
[1.546s] [34mcolcon.colcon_core.environment[0m [1;30mLevel 1[0m checking '/home/tharun/cognipilot/cranium/install/corti' for CMake module files
[1.546s] [34mcolcon.colcon_core.environment[0m [1;30mLevel 1[0m checking '/home/tharun/cognipilot/cranium/install/corti' for CMake config files
[1.546s] [34mcolcon.colcon_core.shell[0m [1;30mLevel 1[0m create_environment_hook('corti', 'cmake_prefix_path')
[1.546s] [34mcolcon.colcon_core.shell[0m [1;30mINFO[0m Creating environment hook '/home/tharun/cognipilot/cranium/install/corti/share/corti/hook/cmake_prefix_path.ps1'
[1.546s] [34mcolcon.colcon_core.shell[0m [1;30mINFO[0m Creating environment descriptor '/home/tharun/cognipilot/cranium/install/corti/share/corti/hook/cmake_prefix_path.dsv'
[1.547s] [34mcolcon.colcon_core.shell[0m [1;30mINFO[0m Creating environment hook '/home/tharun/cognipilot/cranium/install/corti/share/corti/hook/cmake_prefix_path.sh'
[1.547s] [34mcolcon.colcon_core.environment[0m [1;30mLevel 1[0m checking '/home/tharun/cognipilot/cranium/install/corti/lib'
[1.547s] [34mcolcon.colcon_core.environment[0m [1;30mLevel 1[0m checking '/home/tharun/cognipilot/cranium/install/corti/bin'
[1.547s] [34mcolcon.colcon_core.environment[0m [1;30mLevel 1[0m checking '/home/tharun/cognipilot/cranium/install/corti/lib/pkgconfig/corti.pc'
[1.547s] [34mcolcon.colcon_core.environment[0m [1;30mLevel 1[0m checking '/home/tharun/cognipilot/cranium/install/corti/lib/python3.10/site-packages'
[1.547s] [34mcolcon.colcon_core.environment[0m [1;30mLevel 1[0m checking '/home/tharun/cognipilot/cranium/install/corti/bin'
[1.548s] [34mcolcon.colcon_core.shell[0m [1;30mINFO[0m Creating package script '/home/tharun/cognipilot/cranium/install/corti/share/corti/package.ps1'
[1.548s] [34mcolcon.colcon_core.shell[0m [1;30mINFO[0m Creating package descriptor '/home/tharun/cognipilot/cranium/install/corti/share/corti/package.dsv'
[1.548s] [34mcolcon.colcon_core.shell[0m [1;30mINFO[0m Creating package script '/home/tharun/cognipilot/cranium/install/corti/share/corti/package.sh'
[1.548s] [34mcolcon.colcon_core.shell[0m [1;30mINFO[0m Creating package script '/home/tharun/cognipilot/cranium/install/corti/share/corti/package.bash'
[1.549s] [34mcolcon.colcon_core.shell[0m [1;30mINFO[0m Creating package script '/home/tharun/cognipilot/cranium/install/corti/share/corti/package.zsh'
[1.549s] [34mcolcon.colcon_core.environment[0m [1;30mLevel 1[0m create_file_with_runtime_dependencies(/home/tharun/cognipilot/cranium/install/corti/share/colcon-core/packages/corti)
[1.569s] [34mcolcon.colcon_core.task.python.build[0m [1;30mDEBUG[0m [32mAvailable setuptools commands: extract_messages, egg_info, setopt, build_scripts, upload_docs, easy_install, sdist, register, build_py, bdist_egg, build_ext, install, install_egg_info, init_catalog, install_lib, clean, saveopts, build_clib, rotate, symlink_data, install_data, bdist_dumb, dist_info, install_headers, upload, alias, build, develop, bdist_wheel, test, bdist_rpm, compile_catalog, update_catalog, bdist, install_scripts, check[0m
[1.571s] [34mcolcon.colcon_core.event_handler.log_command[0m [1;30mDEBUG[0m [32mInvoking command in '/home/tharun/cognipilot/cranium/src/b3rb_ros_line_follower/b3rb_ros_line_follower': CMAKE_PREFIX_PATH=/home/tharun/cognipilot/cranium/install/synapse_msgs:/home/tharun/cognipilot/cranium/install/synapse_ros:/home/tharun/cognipilot/cranium/install/synapse_gz:/home/tharun/cognipilot/cranium/install/synapse_tinyframe:/home/tharun/cognipilot/cranium/install/synapse_protobuf:/home/tharun/cognipilot/cranium/install/corti:/home/tharun/cognipilot/cranium/install/dream_world:/home/tharun/cognipilot/cranium/install/cerebri_bringup:/home/tharun/cognipilot/cranium/install/b3rb_simulator:/home/tharun/cognipilot/cranium/install/b3rb_desktop:/home/tharun/cognipilot/cranium/install/b3rb_rviz:/home/tharun/cognipilot/cranium/install/b3rb_nav2:/home/tharun/cognipilot/cranium/install/b3rb_gz_resource:/home/tharun/cognipilot/cranium/install/b3rb_gz_bringup:/home/tharun/cognipilot/cranium/install/b3rb_description:/home/tharun/cognipilot/electrode/install/electrode LD_LIBRARY_PATH=/home/tharun/cognipilot/cranium/install/synapse_msgs/lib:/home/tharun/cognipilot/cranium/install/synapse_tinyframe/lib:/home/tharun/cognipilot/cranium/install/synapse_protobuf/lib:/opt/ros/humble/opt/rviz_ogre_vendor/lib:/opt/ros/humble/lib/x86_64-linux-gnu:/opt/ros/humble/lib PYTHONPATH=/home/tharun/cognipilot/cranium/build/b3rb_ros_line_follower/prefix_override:/usr/lib/python3/dist-packages/colcon_core/task/python/colcon_distutils_commands:/home/tharun/cognipilot/cranium/install/b3rb_ros_line_follower/lib/python3.10/site-packages:${PYTHONPATH} /usr/bin/python3 -W ignore:setup.py install is deprecated -W ignore:easy_install command is deprecated setup.py egg_info --egg-base ../../../build/b3rb_ros_line_follower build --build-base /home/tharun/cognipilot/cranium/build/b3rb_ros_line_follower/build install --record /home/tharun/cognipilot/cranium/build/b3rb_ros_line_follower/install.log --install-scripts $base/lib/b3rb_ros_line_follower --single-version-externally-managed install_data[0m
[1.760s] [34mcolcon.colcon_core.environment[0m [1;30mLevel 1[0m checking '/home/tharun/cognipilot/cranium/install/b3rb_ros_line_follower' for CMake module files
[1.760s] [34mcolcon.colcon_core.event_handler.log_command[0m [1;30mDEBUG[0m [32mInvoked command in '/home/tharun/cognipilot/cranium/src/b3rb_ros_line_follower/b3rb_ros_line_follower' returned '0': CMAKE_PREFIX_PATH=/home/tharun/cognipilot/cranium/install/synapse_msgs:/home/tharun/cognipilot/cranium/install/synapse_ros:/home/tharun/cognipilot/cranium/install/synapse_gz:/home/tharun/cognipilot/cranium/install/synapse_tinyframe:/home/tharun/cognipilot/cranium/install/synapse_protobuf:/home/tharun/cognipilot/cranium/install/corti:/home/tharun/cognipilot/cranium/install/dream_world:/home/tharun/cognipilot/cranium/install/cerebri_bringup:/home/tharun/cognipilot/cranium/install/b3rb_simulator:/home/tharun/cognipilot/cranium/install/b3rb_desktop:/home/tharun/cognipilot/cranium/install/b3rb_rviz:/home/tharun/cognipilot/cranium/install/b3rb_nav2:/home/tharun/cognipilot/cranium/install/b3rb_gz_resource:/home/tharun/cognipilot/cranium/install/b3rb_gz_bringup:/home/tharun/cognipilot/cranium/install/b3rb_description:/home/tharun/cognipilot/electrode/install/electrode LD_LIBRARY_PATH=/home/tharun/cognipilot/cranium/install/synapse_msgs/lib:/home/tharun/cognipilot/cranium/install/synapse_tinyframe/lib:/home/tharun/cognipilot/cranium/install/synapse_protobuf/lib:/opt/ros/humble/opt/rviz_ogre_vendor/lib:/opt/ros/humble/lib/x86_64-linux-gnu:/opt/ros/humble/lib PYTHONPATH=/home/tharun/cognipilot/cranium/build/b3rb_ros_line_follower/prefix_override:/usr/lib/python3/dist-packages/colcon_core/task/python/colcon_distutils_commands:/home/tharun/cognipilot/cranium/install/b3rb_ros_line_follower/lib/python3.10/site-packages:${PYTHONPATH} /usr/bin/python3 -W ignore:setup.py install is deprecated -W ignore:easy_install command is deprecated setup.py egg_info --egg-base ../../../build/b3rb_ros_line_follower build --build-base /home/tharun/cognipilot/cranium/build/b3rb_ros_line_follower/build install --record /home/tharun/cognipilot/cranium/build/b3rb_ros_line_follower/install.log --install-scripts $base/lib/b3rb_ros_line_follower --single-version-externally-managed install_data[0m
[1.761s] [34mcolcon.colcon_core.environment[0m [1;30mLevel 1[0m checking '/home/tharun/cognipilot/cranium/install/b3rb_ros_line_follower' for CMake config files
[1.761s] [34mcolcon.colcon_core.environment[0m [1;30mLevel 1[0m checking '/home/tharun/cognipilot/cranium/install/b3rb_ros_line_follower/lib'
[1.762s] [34mcolcon.colcon_core.environment[0m [1;30mLevel 1[0m checking '/home/tharun/cognipilot/cranium/install/b3rb_ros_line_follower/bin'
[1.762s] [34mcolcon.colcon_core.environment[0m [1;30mLevel 1[0m checking '/home/tharun/cognipilot/cranium/install/b3rb_ros_line_follower/lib/pkgconfig/b3rb_ros_line_follower.pc'
[1.762s] [34mcolcon.colcon_core.environment[0m [1;30mLevel 1[0m checking '/home/tharun/cognipilot/cranium/install/b3rb_ros_line_follower/lib/python3.10/site-packages'
[1.762s] [34mcolcon.colcon_core.shell[0m [1;30mLevel 1[0m create_environment_hook('b3rb_ros_line_follower', 'pythonpath')
[1.762s] [34mcolcon.colcon_core.shell[0m [1;30mINFO[0m Creating environment hook '/home/tharun/cognipilot/cranium/install/b3rb_ros_line_follower/share/b3rb_ros_line_follower/hook/pythonpath.ps1'
[1.762s] [34mcolcon.colcon_core.shell[0m [1;30mINFO[0m Creating environment descriptor '/home/tharun/cognipilot/cranium/install/b3rb_ros_line_follower/share/b3rb_ros_line_follower/hook/pythonpath.dsv'
[1.763s] [34mcolcon.colcon_core.shell[0m [1;30mINFO[0m Creating environment hook '/home/tharun/cognipilot/cranium/install/b3rb_ros_line_follower/share/b3rb_ros_line_follower/hook/pythonpath.sh'
[1.763s] [34mcolcon.colcon_core.environment[0m [1;30mLevel 1[0m checking '/home/tharun/cognipilot/cranium/install/b3rb_ros_line_follower/bin'
[1.763s] [34mcolcon.colcon_core.environment[0m [1;30mLevel 1[0m create_environment_scripts_only(b3rb_ros_line_follower)
[1.763s] [34mcolcon.colcon_core.shell[0m [1;30mINFO[0m Creating package script '/home/tharun/cognipilot/cranium/install/b3rb_ros_line_follower/share/b3rb_ros_line_follower/package.ps1'
[1.764s] [34mcolcon.colcon_core.shell[0m [1;30mINFO[0m Creating package descriptor '/home/tharun/cognipilot/cranium/install/b3rb_ros_line_follower/share/b3rb_ros_line_follower/package.dsv'
[1.764s] [34mcolcon.colcon_core.shell[0m [1;30mINFO[0m Creating package script '/home/tharun/cognipilot/cranium/install/b3rb_ros_line_follower/share/b3rb_ros_line_follower/package.sh'
[1.764s] [34mcolcon.colcon_core.shell[0m [1;30mINFO[0m Creating package script '/home/tharun/cognipilot/cranium/install/b3rb_ros_line_follower/share/b3rb_ros_line_follower/package.bash'
[1.764s] [34mcolcon.colcon_core.shell[0m [1;30mINFO[0m Creating package script '/home/tharun/cognipilot/cranium/install/b3rb_ros_line_follower/share/b3rb_ros_line_follower/package.zsh'
[1.765s] [34mcolcon.colcon_core.environment[0m [1;30mLevel 1[0m create_file_with_runtime_dependencies(/home/tharun/cognipilot/cranium/install/b3rb_ros_line_follower/share/colcon-core/packages/b3rb_ros_line_follower)
[1.765s] [34mcolcon.colcon_parallel_executor.executor.parallel[0m [1;30mDEBUG[0m [32mclosing loop[0m
[1.765s] [34mcolcon.colcon_parallel_executor.executor.parallel[0m [1;30mDEBUG[0m [32mloop closed[0m
[1.765s] [34mcolcon.colcon_parallel_executor.executor.parallel[0m [1;30mDEBUG[0m [32mrun_until_complete finished with '0'[0m
[1.765s] [34mcolcon.colcon_core.event_reactor[0m [1;30mDEBUG[0m [32mjoining thread[0m
[1.770s] [34mcolcon.colcon_core.plugin_system[0m [1;30mINFO[0m Skipping extension 'colcon_notification.desktop_notification.terminal_notifier': Not used on non-Darwin systems
[1.770s] [34mcolcon.colcon_core.plugin_system[0m [1;30mINFO[0m Skipping extension 'colcon_notification.desktop_notification.win32': Not used on non-Windows systems
[1.770s] [34mcolcon.colcon_notification.desktop_notification[0m [1;30mINFO[0m Sending desktop notification using 'notify2'
[1.778s] [34mcolcon.colcon_core.event_reactor[0m [1;30mDEBUG[0m [32mjoined thread[0m
[1.779s] [34mcolcon.colcon_core.shell[0m [1;30mINFO[0m Creating prefix script '/home/tharun/cognipilot/cranium/install/local_setup.ps1'
[1.780s] [34mcolcon.colcon_core.shell[0m [1;30mINFO[0m Creating prefix util module '/home/tharun/cognipilot/cranium/install/_local_setup_util_ps1.py'
[1.781s] [34mcolcon.colcon_core.shell[0m [1;30mINFO[0m Creating prefix chain script '/home/tharun/cognipilot/cranium/install/setup.ps1'
[1.782s] [34mcolcon.colcon_core.shell[0m [1;30mINFO[0m Creating prefix script '/home/tharun/cognipilot/cranium/install/local_setup.sh'
[1.782s] [34mcolcon.colcon_core.shell[0m [1;30mINFO[0m Creating prefix util module '/home/tharun/cognipilot/cranium/install/_local_setup_util_sh.py'
[1.782s] [34mcolcon.colcon_core.shell[0m [1;30mINFO[0m Creating prefix chain script '/home/tharun/cognipilot/cranium/install/setup.sh'
[1.783s] [34mcolcon.colcon_core.shell[0m [1;30mINFO[0m Creating prefix script '/home/tharun/cognipilot/cranium/install/local_setup.bash'
[1.784s] [34mcolcon.colcon_core.shell[0m [1;30mINFO[0m Creating prefix chain script '/home/tharun/cognipilot/cranium/install/setup.bash'
[1.785s] [34mcolcon.colcon_core.shell[0m [1;30mINFO[0m Creating prefix script '/home/tharun/cognipilot/cranium/install/local_setup.zsh'
[1.785s] [34mcolcon.colcon_core.shell[0m [1;30mINFO[0m Creating prefix chain script '/home/tharun/cognipilot/cranium/install/setup.zsh'
