[0.064s] DEBUG:colcon:Command line arguments: ['/usr/bin/colcon', 'build']
[0.064s] DEBUG:colcon:Parsed command line arguments: Namespace(log_base=None, log_level=None, verb_name='build', build_base='build', install_base='install', merge_install=False, symlink_install=False, test_result_base=None, continue_on_error=False, executor='parallel', parallel_workers=12, event_handlers=None, ignore_user_meta=False, metas=['./colcon.meta'], base_paths=['.'], packages_ignore=None, packages_ignore_regex=None, paths=None, packages_up_to=None, packages_up_to_regex=None, packages_above=None, packages_above_and_dependencies=None, packages_above_depth=None, packages_select_by_dep=None, packages_skip_by_dep=None, packages_skip_up_to=None, packages_select_build_failed=False, packages_skip_build_finished=False, packages_select_test_failures=False, packages_skip_test_passed=False, packages_select=None, packages_skip=None, packages_select_regex=None, packages_skip_regex=None, packages_start=None, packages_end=None, cmake_args=None, cmake_target=None, cmake_target_skip_unavailable=False, cmake_clean_cache=False, cmake_clean_first=False, cmake_force_configure=False, ament_cmake_args=None, catkin_cmake_args=None, catkin_skip_building_tests=False, verb_parser=<colcon_defaults.argument_parser.defaults.DefaultArgumentsDecorator object at 0x79bafa21c520>, verb_extension=<colcon_core.verb.build.BuildVerb object at 0x79bafa31dc00>, main=<bound method BuildVerb.main of <colcon_core.verb.build.BuildVerb object at 0x79bafa31dc00>>)
[0.161s] Level 1:colcon.colcon_core.package_discovery:discover_packages(colcon_meta) check parameters
[0.161s] Level 1:colcon.colcon_core.package_discovery:discover_packages(recursive) check parameters
[0.161s] Level 1:colcon.colcon_core.package_discovery:discover_packages(ignore) check parameters
[0.161s] Level 1:colcon.colcon_core.package_discovery:discover_packages(path) check parameters
[0.161s] Level 1:colcon.colcon_core.package_discovery:discover_packages(colcon_meta) discover
[0.161s] Level 1:colcon.colcon_core.package_discovery:discover_packages(recursive) discover
[0.161s] INFO:colcon.colcon_core.package_discovery:Crawling recursively for packages in '/home/tharun/cognipilot/cranium'
[0.161s] Level 1:colcon.colcon_core.package_identification:_identify(.) by extensions ['ignore', 'ignore_ament_install']
[0.161s] Level 1:colcon.colcon_core.package_identification:_identify(.) by extension 'ignore'
[0.161s] Level 1:colcon.colcon_core.package_identification:_identify(.) by extension 'ignore_ament_install'
[0.161s] Level 1:colcon.colcon_core.package_identification:_identify(.) by extensions ['colcon_pkg']
[0.161s] Level 1:colcon.colcon_core.package_identification:_identify(.) by extension 'colcon_pkg'
[0.161s] Level 1:colcon.colcon_core.package_identification:_identify(.) by extensions ['colcon_meta']
[0.161s] Level 1:colcon.colcon_core.package_identification:_identify(.) by extension 'colcon_meta'
[0.161s] Level 1:colcon.colcon_core.package_identification:_identify(.) by extensions ['ros']
[0.161s] Level 1:colcon.colcon_core.package_identification:_identify(.) by extension 'ros'
[0.168s] Level 1:colcon.colcon_core.package_identification:_identify(.) by extensions ['cmake', 'python']
[0.168s] Level 1:colcon.colcon_core.package_identification:_identify(.) by extension 'cmake'
[0.168s] Level 1:colcon.colcon_core.package_identification:_identify(.) by extension 'python'
[0.168s] Level 1:colcon.colcon_core.package_identification:_identify(.) by extensions ['python_setup_py']
[0.168s] Level 1:colcon.colcon_core.package_identification:_identify(.) by extension 'python_setup_py'
[0.168s] Level 1:colcon.colcon_core.package_identification:_identify(NXP_CUP_INDIA_2026) by extensions ['ignore', 'ignore_ament_install']
[0.168s] Level 1:colcon.colcon_core.package_identification:_identify(NXP_CUP_INDIA_2026) by extension 'ignore'
[0.168s] Level 1:colcon.colcon_core.package_identification:_identify(NXP_CUP_INDIA_2026) by extension 'ignore_ament_install'
[0.168s] Level 1:colcon.colcon_core.package_identification:_identify(NXP_CUP_INDIA_2026) by extensions ['colcon_pkg']
[0.168s] Level 1:colcon.colcon_core.package_identification:_identify(NXP_CUP_INDIA_2026) by extension 'colcon_pkg'
[0.168s] Level 1:colcon.colcon_core.package_identification:_identify(NXP_CUP_INDIA_2026) by extensions ['colcon_meta']
[0.168s] Level 1:colcon.colcon_core.package_identification:_identify(NXP_CUP_INDIA_2026) by extension 'colcon_meta'
[0.168s] Level 1:colcon.colcon_core.package_identification:_identify(NXP_CUP_INDIA_2026) by extensions ['ros']
[0.168s] Level 1:colcon.colcon_core.package_identification:_identify(NXP_CUP_INDIA_2026) by extension 'ros'
[0.168s] Level 1:colcon.colcon_core.package_identification:_identify(NXP_CUP_INDIA_2026) by extensions ['cmake', 'python']
[0.168s] Level 1:colcon.colcon_core.package_identification:_identify(NXP_CUP_INDIA_2026) by extension 'cmake'
[0.168s] Level 1:colcon.colcon_core.package_identification:_identify(NXP_CUP_INDIA_2026) by extension 'python'
[0.168s] Level 1:colcon.colcon_core.package_identification:_identify(NXP_CUP_INDIA_2026) by extensions ['python_setup_py']
[0.168s] Level 1:colcon.colcon_core.package_identification:_identify(NXP_CUP_INDIA_2026) by extension 'python_setup_py'
[0.169s] Level 1:colcon.colcon_core.package_identification:_identify(NXP_CUP_INDIA_2026/Images) by extensions ['ignore', 'ignore_ament_install']
[0.169s] Level 1:colcon.colcon_core.package_identification:_identify(NXP_CUP_INDIA_2026/Images) by extension 'ignore'
[0.169s] Level 1:colcon.colcon_core.package_identification:_identify(NXP_CUP_INDIA_2026/Images) by extension 'ignore_ament_install'
[0.169s] Level 1:colcon.colcon_core.package_identification:_identify(NXP_CUP_INDIA_2026/Images) by extensions ['colcon_pkg']
[0.169s] Level 1:colcon.colcon_core.package_identification:_identify(NXP_CUP_INDIA_2026/Images) by extension 'colcon_pkg'
[0.169s] Level 1:colcon.colcon_core.package_identification:_identify(NXP_CUP_INDIA_2026/Images) by extensions ['colcon_meta']
[0.169s] Level 1:colcon.colcon_core.package_identification:_identify(NXP_CUP_INDIA_2026/Images) by extension 'colcon_meta'
[0.169s] Level 1:colcon.colcon_core.package_identification:_identify(NXP_CUP_INDIA_2026/Images) by extensions ['ros']
[0.169s] Level 1:colcon.colcon_core.package_identification:_identify(NXP_CUP_INDIA_2026/Images) by extension 'ros'
[0.169s] Level 1:colcon.colcon_core.package_identification:_identify(NXP_CUP_INDIA_2026/Images) by extensions ['cmake', 'python']
[0.169s] Level 1:colcon.colcon_core.package_identification:_identify(NXP_CUP_INDIA_2026/Images) by extension 'cmake'
[0.169s] Level 1:colcon.colcon_core.package_identification:_identify(NXP_CUP_INDIA_2026/Images) by extension 'python'
[0.169s] Level 1:colcon.colcon_core.package_identification:_identify(NXP_CUP_INDIA_2026/Images) by extensions ['python_setup_py']
[0.169s] Level 1:colcon.colcon_core.package_identification:_identify(NXP_CUP_INDIA_2026/Images) by extension 'python_setup_py'
[0.169s] Level 1:colcon.colcon_core.package_identification:_identify(build) by extensions ['ignore', 'ignore_ament_install']
[0.169s] Level 1:colcon.colcon_core.package_identification:_identify(build) by extension 'ignore'
[0.169s] Level 1:colcon.colcon_core.package_identification:_identify(build) ignored
[0.169s] Level 1:colcon.colcon_core.package_identification:_identify(install) by extensions ['ignore', 'ignore_ament_install']
[0.169s] Level 1:colcon.colcon_core.package_identification:_identify(install) by extension 'ignore'
[0.169s] Level 1:colcon.colcon_core.package_identification:_identify(install) ignored
[0.169s] Level 1:colcon.colcon_core.package_identification:_identify(log) by extensions ['ignore', 'ignore_ament_install']
[0.169s] Level 1:colcon.colcon_core.package_identification:_identify(log) by extension 'ignore'
[0.169s] Level 1:colcon.colcon_core.package_identification:_identify(log) ignored
[0.169s] Level 1:colcon.colcon_core.package_identification:_identify(src) by extensions ['ignore', 'ignore_ament_install']
[0.169s] Level 1:colcon.colcon_core.package_identification:_identify(src) by extension 'ignore'
[0.169s] Level 1:colcon.colcon_core.package_identification:_identify(src) by extension 'ignore_ament_install'
[0.169s] Level 1:colcon.colcon_core.package_identification:_identify(src) by extensions ['colcon_pkg']
[0.169s] Level 1:colcon.colcon_core.package_identification:_identify(src) by extension 'colcon_pkg'
[0.169s] Level 1:colcon.colcon_core.package_identification:_identify(src) by extensions ['colcon_meta']
[0.169s] Level 1:colcon.colcon_core.package_identification:_identify(src) by extension 'colcon_meta'
[0.169s] Level 1:colcon.colcon_core.package_identification:_identify(src) by extensions ['ros']
[0.169s] Level 1:colcon.colcon_core.package_identification:_identify(src) by extension 'ros'
[0.169s] Level 1:colcon.colcon_core.package_identification:_identify(src) by extensions ['cmake', 'python']
[0.170s] Level 1:colcon.colcon_core.package_identification:_identify(src) by extension 'cmake'
[0.170s] Level 1:colcon.colcon_core.package_identification:_identify(src) by extension 'python'
[0.170s] Level 1:colcon.colcon_core.package_identification:_identify(src) by extensions ['python_setup_py']
[0.170s] Level 1:colcon.colcon_core.package_identification:_identify(src) by extension 'python_setup_py'
[0.170s] Level 1:colcon.colcon_core.package_identification:_identify(src/b3rb) by extensions ['ignore', 'ignore_ament_install']
[0.170s] Level 1:colcon.colcon_core.package_identification:_identify(src/b3rb) by extension 'ignore'
[0.170s] Level 1:colcon.colcon_core.package_identification:_identify(src/b3rb) by extension 'ignore_ament_install'
[0.170s] Level 1:colcon.colcon_core.package_identification:_identify(src/b3rb) by extensions ['colcon_pkg']
[0.170s] Level 1:colcon.colcon_core.package_identification:_identify(src/b3rb) by extension 'colcon_pkg'
[0.170s] Level 1:colcon.colcon_core.package_identification:_identify(src/b3rb) by extensions ['colcon_meta']
[0.170s] Level 1:colcon.colcon_core.package_identification:_identify(src/b3rb) by extension 'colcon_meta'
[0.170s] Level 1:colcon.colcon_core.package_identification:_identify(src/b3rb) by extensions ['ros']
[0.170s] Level 1:colcon.colcon_core.package_identification:_identify(src/b3rb) by extension 'ros'
[0.170s] Level 1:colcon.colcon_core.package_identification:_identify(src/b3rb) by extensions ['cmake', 'python']
[0.170s] Level 1:colcon.colcon_core.package_identification:_identify(src/b3rb) by extension 'cmake'
[0.170s] Level 1:colcon.colcon_core.package_identification:_identify(src/b3rb) by extension 'python'
[0.170s] Level 1:colcon.colcon_core.package_identification:_identify(src/b3rb) by extensions ['python_setup_py']
[0.170s] Level 1:colcon.colcon_core.package_identification:_identify(src/b3rb) by extension 'python_setup_py'
[0.170s] Level 1:colcon.colcon_core.package_identification:_identify(src/b3rb/b3rb_description) by extensions ['ignore', 'ignore_ament_install']
[0.170s] Level 1:colcon.colcon_core.package_identification:_identify(src/b3rb/b3rb_description) by extension 'ignore'
[0.170s] Level 1:colcon.colcon_core.package_identification:_identify(src/b3rb/b3rb_description) by extension 'ignore_ament_install'
[0.170s] Level 1:colcon.colcon_core.package_identification:_identify(src/b3rb/b3rb_description) by extensions ['colcon_pkg']
[0.170s] Level 1:colcon.colcon_core.package_identification:_identify(src/b3rb/b3rb_description) by extension 'colcon_pkg'
[0.170s] Level 1:colcon.colcon_core.package_identification:_identify(src/b3rb/b3rb_description) by extensions ['colcon_meta']
[0.170s] Level 1:colcon.colcon_core.package_identification:_identify(src/b3rb/b3rb_description) by extension 'colcon_meta'
[0.170s] Level 1:colcon.colcon_core.package_identification:_identify(src/b3rb/b3rb_description) by extensions ['ros']
[0.170s] Level 1:colcon.colcon_core.package_identification:_identify(src/b3rb/b3rb_description) by extension 'ros'
[0.172s] DEBUG:colcon.colcon_core.package_identification:Package 'src/b3rb/b3rb_description' with type 'ros.ament_cmake' and name 'b3rb_description'
[0.172s] Level 1:colcon.colcon_core.package_identification:_identify(src/b3rb/b3rb_nav2) by extensions ['ignore', 'ignore_ament_install']
[0.172s] Level 1:colcon.colcon_core.package_identification:_identify(src/b3rb/b3rb_nav2) by extension 'ignore'
[0.172s] Level 1:colcon.colcon_core.package_identification:_identify(src/b3rb/b3rb_nav2) by extension 'ignore_ament_install'
[0.172s] Level 1:colcon.colcon_core.package_identification:_identify(src/b3rb/b3rb_nav2) by extensions ['colcon_pkg']
[0.172s] Level 1:colcon.colcon_core.package_identification:_identify(src/b3rb/b3rb_nav2) by extension 'colcon_pkg'
[0.172s] Level 1:colcon.colcon_core.package_identification:_identify(src/b3rb/b3rb_nav2) by extensions ['colcon_meta']
[0.172s] Level 1:colcon.colcon_core.package_identification:_identify(src/b3rb/b3rb_nav2) by extension 'colcon_meta'
[0.172s] Level 1:colcon.colcon_core.package_identification:_identify(src/b3rb/b3rb_nav2) by extensions ['ros']
[0.172s] Level 1:colcon.colcon_core.package_identification:_identify(src/b3rb/b3rb_nav2) by extension 'ros'
[0.173s] DEBUG:colcon.colcon_core.package_identification:Package 'src/b3rb/b3rb_nav2' with type 'ros.ament_cmake' and name 'b3rb_nav2'
[0.173s] Level 1:colcon.colcon_core.package_identification:_identify(src/b3rb_desktop) by extensions ['ignore', 'ignore_ament_install']
[0.173s] Level 1:colcon.colcon_core.package_identification:_identify(src/b3rb_desktop) by extension 'ignore'
[0.173s] Level 1:colcon.colcon_core.package_identification:_identify(src/b3rb_desktop) by extension 'ignore_ament_install'
[0.173s] Level 1:colcon.colcon_core.package_identification:_identify(src/b3rb_desktop) by extensions ['colcon_pkg']
[0.173s] Level 1:colcon.colcon_core.package_identification:_identify(src/b3rb_desktop) by extension 'colcon_pkg'
[0.173s] Level 1:colcon.colcon_core.package_identification:_identify(src/b3rb_desktop) by extensions ['colcon_meta']
[0.173s] Level 1:colcon.colcon_core.package_identification:_identify(src/b3rb_desktop) by extension 'colcon_meta'
[0.173s] Level 1:colcon.colcon_core.package_identification:_identify(src/b3rb_desktop) by extensions ['ros']
[0.173s] Level 1:colcon.colcon_core.package_identification:_identify(src/b3rb_desktop) by extension 'ros'
[0.173s] Level 1:colcon.colcon_core.package_identification:_identify(src/b3rb_desktop) by extensions ['cmake', 'python']
[0.173s] Level 1:colcon.colcon_core.package_identification:_identify(src/b3rb_desktop) by extension 'cmake'
[0.173s] Level 1:colcon.colcon_core.package_identification:_identify(src/b3rb_desktop) by extension 'python'
[0.173s] Level 1:colcon.colcon_core.package_identification:_identify(src/b3rb_desktop) by extensions ['python_setup_py']
[0.173s] Level 1:colcon.colcon_core.package_identification:_identify(src/b3rb_desktop) by extension 'python_setup_py'
[0.173s] Level 1:colcon.colcon_core.package_identification:_identify(src/b3rb_desktop/b3rb_desktop) by extensions ['ignore', 'ignore_ament_install']
[0.173s] Level 1:colcon.colcon_core.package_identification:_identify(src/b3rb_desktop/b3rb_desktop) by extension 'ignore'
[0.173s] Level 1:colcon.colcon_core.package_identification:_identify(src/b3rb_desktop/b3rb_desktop) by extension 'ignore_ament_install'
[0.173s] Level 1:colcon.colcon_core.package_identification:_identify(src/b3rb_desktop/b3rb_desktop) by extensions ['colcon_pkg']
[0.173s] Level 1:colcon.colcon_core.package_identification:_identify(src/b3rb_desktop/b3rb_desktop) by extension 'colcon_pkg'
[0.173s] Level 1:colcon.colcon_core.package_identification:_identify(src/b3rb_desktop/b3rb_desktop) by extensions ['colcon_meta']
[0.173s] Level 1:colcon.colcon_core.package_identification:_identify(src/b3rb_desktop/b3rb_desktop) by extension 'colcon_meta'
[0.173s] Level 1:colcon.colcon_core.package_identification:_identify(src/b3rb_desktop/b3rb_desktop) by extensions ['ros']
[0.173s] Level 1:colcon.colcon_core.package_identification:_identify(src/b3rb_desktop/b3rb_desktop) by extension 'ros'
[0.173s] DEBUG:colcon.colcon_core.package_identification:Package 'src/b3rb_desktop/b3rb_desktop' with type 'ros.ament_cmake' and name 'b3rb_desktop'
[0.174s] Level 1:colcon.colcon_core.package_identification:_identify(src/b3rb_desktop/b3rb_rviz) by extensions ['ignore', 'ignore_ament_install']
[0.174s] Level 1:colcon.colcon_core.package_identification:_identify(src/b3rb_desktop/b3rb_rviz) by extension 'ignore'
[0.174s] Level 1:colcon.colcon_core.package_identification:_identify(src/b3rb_desktop/b3rb_rviz) by extension 'ignore_ament_install'
[0.174s] Level 1:colcon.colcon_core.package_identification:_identify(src/b3rb_desktop/b3rb_rviz) by extensions ['colcon_pkg']
[0.174s] Level 1:colcon.colcon_core.package_identification:_identify(src/b3rb_desktop/b3rb_rviz) by extension 'colcon_pkg'
[0.174s] Level 1:colcon.colcon_core.package_identification:_identify(src/b3rb_desktop/b3rb_rviz) by extensions ['colcon_meta']
[0.174s] Level 1:colcon.colcon_core.package_identification:_identify(src/b3rb_desktop/b3rb_rviz) by extension 'colcon_meta'
[0.174s] Level 1:colcon.colcon_core.package_identification:_identify(src/b3rb_desktop/b3rb_rviz) by extensions ['ros']
[0.174s] Level 1:colcon.colcon_core.package_identification:_identify(src/b3rb_desktop/b3rb_rviz) by extension 'ros'
[0.174s] DEBUG:colcon.colcon_core.package_identification:Package 'src/b3rb_desktop/b3rb_rviz' with type 'ros.ament_cmake' and name 'b3rb_rviz'
[0.174s] Level 1:colcon.colcon_core.package_identification:_identify(src/b3rb_ros_line_follower) by extensions ['ignore', 'ignore_ament_install']
[0.174s] Level 1:colcon.colcon_core.package_identification:_identify(src/b3rb_ros_line_follower) by extension 'ignore'
[0.174s] Level 1:colcon.colcon_core.package_identification:_identify(src/b3rb_ros_line_follower) by extension 'ignore_ament_install'
[0.174s] Level 1:colcon.colcon_core.package_identification:_identify(src/b3rb_ros_line_follower) by extensions ['colcon_pkg']
[0.174s] Level 1:colcon.colcon_core.package_identification:_identify(src/b3rb_ros_line_follower) by extension 'colcon_pkg'
[0.174s] Level 1:colcon.colcon_core.package_identification:_identify(src/b3rb_ros_line_follower) by extensions ['colcon_meta']
[0.174s] Level 1:colcon.colcon_core.package_identification:_identify(src/b3rb_ros_line_follower) by extension 'colcon_meta'
[0.174s] Level 1:colcon.colcon_core.package_identification:_identify(src/b3rb_ros_line_follower) by extensions ['ros']
[0.174s] Level 1:colcon.colcon_core.package_identification:_identify(src/b3rb_ros_line_follower) by extension 'ros'
[0.174s] Level 1:colcon.colcon_core.package_identification:_identify(src/b3rb_ros_line_follower) by extensions ['cmake', 'python']
[0.174s] Level 1:colcon.colcon_core.package_identification:_identify(src/b3rb_ros_line_follower) by extension 'cmake'
[0.174s] Level 1:colcon.colcon_core.package_identification:_identify(src/b3rb_ros_line_follower) by extension 'python'
[0.174s] Level 1:colcon.colcon_core.package_identification:_identify(src/b3rb_ros_line_follower) by extensions ['python_setup_py']
[0.174s] Level 1:colcon.colcon_core.package_identification:_identify(src/b3rb_ros_line_follower) by extension 'python_setup_py'
[0.174s] Level 1:colcon.colcon_core.package_identification:_identify(src/b3rb_ros_line_follower/b3rb_ros_line_follower) by extensions ['ignore', 'ignore_ament_install']
[0.175s] Level 1:colcon.colcon_core.package_identification:_identify(src/b3rb_ros_line_follower/b3rb_ros_line_follower) by extension 'ignore'
[0.175s] Level 1:colcon.colcon_core.package_identification:_identify(src/b3rb_ros_line_follower/b3rb_ros_line_follower) by extension 'ignore_ament_install'
[0.175s] Level 1:colcon.colcon_core.package_identification:_identify(src/b3rb_ros_line_follower/b3rb_ros_line_follower) by extensions ['colcon_pkg']
[0.175s] Level 1:colcon.colcon_core.package_identification:_identify(src/b3rb_ros_line_follower/b3rb_ros_line_follower) by extension 'colcon_pkg'
[0.175s] Level 1:colcon.colcon_core.package_identification:_identify(src/b3rb_ros_line_follower/b3rb_ros_line_follower) by extensions ['colcon_meta']
[0.175s] Level 1:colcon.colcon_core.package_identification:_identify(src/b3rb_ros_line_follower/b3rb_ros_line_follower) by extension 'colcon_meta'
[0.175s] Level 1:colcon.colcon_core.package_identification:_identify(src/b3rb_ros_line_follower/b3rb_ros_line_follower) by extensions ['ros']
[0.175s] Level 1:colcon.colcon_core.package_identification:_identify(src/b3rb_ros_line_follower/b3rb_ros_line_follower) by extension 'ros'
[0.175s] DEBUG:colcon.colcon_core.package_identification:Package 'src/b3rb_ros_line_follower/b3rb_ros_line_follower' with type 'ros.ament_python' and name 'b3rb_ros_line_follower'
[0.175s] Level 1:colcon.colcon_core.package_identification:_identify(src/b3rb_simulator) by extensions ['ignore', 'ignore_ament_install']
[0.175s] Level 1:colcon.colcon_core.package_identification:_identify(src/b3rb_simulator) by extension 'ignore'
[0.175s] Level 1:colcon.colcon_core.package_identification:_identify(src/b3rb_simulator) by extension 'ignore_ament_install'
[0.175s] Level 1:colcon.colcon_core.package_identification:_identify(src/b3rb_simulator) by extensions ['colcon_pkg']
[0.175s] Level 1:colcon.colcon_core.package_identification:_identify(src/b3rb_simulator) by extension 'colcon_pkg'
[0.175s] Level 1:colcon.colcon_core.package_identification:_identify(src/b3rb_simulator) by extensions ['colcon_meta']
[0.175s] Level 1:colcon.colcon_core.package_identification:_identify(src/b3rb_simulator) by extension 'colcon_meta'
[0.175s] Level 1:colcon.colcon_core.package_identification:_identify(src/b3rb_simulator) by extensions ['ros']
[0.175s] Level 1:colcon.colcon_core.package_identification:_identify(src/b3rb_simulator) by extension 'ros'
[0.175s] Level 1:colcon.colcon_core.package_identification:_identify(src/b3rb_simulator) by extensions ['cmake', 'python']
[0.175s] Level 1:colcon.colcon_core.package_identification:_identify(src/b3rb_simulator) by extension 'cmake'
[0.175s] Level 1:colcon.colcon_core.package_identification:_identify(src/b3rb_simulator) by extension 'python'
[0.175s] Level 1:colcon.colcon_core.package_identification:_identify(src/b3rb_simulator) by extensions ['python_setup_py']
[0.175s] Level 1:colcon.colcon_core.package_identification:_identify(src/b3rb_simulator) by extension 'python_setup_py'
[0.175s] Level 1:colcon.colcon_core.package_identification:_identify(src/b3rb_simulator/b3rb_gz_bringup) by extensions ['ignore', 'ignore_ament_install']
[0.175s] Level 1:colcon.colcon_core.package_identification:_identify(src/b3rb_simulator/b3rb_gz_bringup) by extension 'ignore'
[0.175s] Level 1:colcon.colcon_core.package_identification:_identify(src/b3rb_simulator/b3rb_gz_bringup) by extension 'ignore_ament_install'
[0.176s] Level 1:colcon.colcon_core.package_identification:_identify(src/b3rb_simulator/b3rb_gz_bringup) by extensions ['colcon_pkg']
[0.176s] Level 1:colcon.colcon_core.package_identification:_identify(src/b3rb_simulator/b3rb_gz_bringup) by extension 'colcon_pkg'
[0.176s] Level 1:colcon.colcon_core.package_identification:_identify(src/b3rb_simulator/b3rb_gz_bringup) by extensions ['colcon_meta']
[0.176s] Level 1:colcon.colcon_core.package_identification:_identify(src/b3rb_simulator/b3rb_gz_bringup) by extension 'colcon_meta'
[0.176s] Level 1:colcon.colcon_core.package_identification:_identify(src/b3rb_simulator/b3rb_gz_bringup) by extensions ['ros']
[0.176s] Level 1:colcon.colcon_core.package_identification:_identify(src/b3rb_simulator/b3rb_gz_bringup) by extension 'ros'
[0.176s] DEBUG:colcon.colcon_core.package_identification:Package 'src/b3rb_simulator/b3rb_gz_bringup' with type 'ros.ament_cmake' and name 'b3rb_gz_bringup'
[0.176s] Level 1:colcon.colcon_core.package_identification:_identify(src/b3rb_simulator/b3rb_gz_resource) by extensions ['ignore', 'ignore_ament_install']
[0.176s] Level 1:colcon.colcon_core.package_identification:_identify(src/b3rb_simulator/b3rb_gz_resource) by extension 'ignore'
[0.176s] Level 1:colcon.colcon_core.package_identification:_identify(src/b3rb_simulator/b3rb_gz_resource) by extension 'ignore_ament_install'
[0.176s] Level 1:colcon.colcon_core.package_identification:_identify(src/b3rb_simulator/b3rb_gz_resource) by extensions ['colcon_pkg']
[0.176s] Level 1:colcon.colcon_core.package_identification:_identify(src/b3rb_simulator/b3rb_gz_resource) by extension 'colcon_pkg'
[0.176s] Level 1:colcon.colcon_core.package_identification:_identify(src/b3rb_simulator/b3rb_gz_resource) by extensions ['colcon_meta']
[0.176s] Level 1:colcon.colcon_core.package_identification:_identify(src/b3rb_simulator/b3rb_gz_resource) by extension 'colcon_meta'
[0.176s] Level 1:colcon.colcon_core.package_identification:_identify(src/b3rb_simulator/b3rb_gz_resource) by extensions ['ros']
[0.176s] Level 1:colcon.colcon_core.package_identification:_identify(src/b3rb_simulator/b3rb_gz_resource) by extension 'ros'
[0.176s] DEBUG:colcon.colcon_core.package_identification:Package 'src/b3rb_simulator/b3rb_gz_resource' with type 'ros.ament_cmake' and name 'b3rb_gz_resource'
[0.176s] Level 1:colcon.colcon_core.package_identification:_identify(src/b3rb_simulator/b3rb_simulator) by extensions ['ignore', 'ignore_ament_install']
[0.177s] Level 1:colcon.colcon_core.package_identification:_identify(src/b3rb_simulator/b3rb_simulator) by extension 'ignore'
[0.177s] Level 1:colcon.colcon_core.package_identification:_identify(src/b3rb_simulator/b3rb_simulator) by extension 'ignore_ament_install'
[0.177s] Level 1:colcon.colcon_core.package_identification:_identify(src/b3rb_simulator/b3rb_simulator) by extensions ['colcon_pkg']
[0.177s] Level 1:colcon.colcon_core.package_identification:_identify(src/b3rb_simulator/b3rb_simulator) by extension 'colcon_pkg'
[0.177s] Level 1:colcon.colcon_core.package_identification:_identify(src/b3rb_simulator/b3rb_simulator) by extensions ['colcon_meta']
[0.177s] Level 1:colcon.colcon_core.package_identification:_identify(src/b3rb_simulator/b3rb_simulator) by extension 'colcon_meta'
[0.177s] Level 1:colcon.colcon_core.package_identification:_identify(src/b3rb_simulator/b3rb_simulator) by extensions ['ros']
[0.177s] Level 1:colcon.colcon_core.package_identification:_identify(src/b3rb_simulator/b3rb_simulator) by extension 'ros'
[0.177s] DEBUG:colcon.colcon_core.package_identification:Package 'src/b3rb_simulator/b3rb_simulator' with type 'ros.ament_cmake' and name 'b3rb_simulator'
[0.177s] Level 1:colcon.colcon_core.package_identification:_identify(src/cerebri_bringup) by extensions ['ignore', 'ignore_ament_install']
[0.177s] Level 1:colcon.colcon_core.package_identification:_identify(src/cerebri_bringup) by extension 'ignore'
[0.177s] Level 1:colcon.colcon_core.package_identification:_identify(src/cerebri_bringup) by extension 'ignore_ament_install'
[0.177s] Level 1:colcon.colcon_core.package_identification:_identify(src/cerebri_bringup) by extensions ['colcon_pkg']
[0.177s] Level 1:colcon.colcon_core.package_identification:_identify(src/cerebri_bringup) by extension 'colcon_pkg'
[0.177s] Level 1:colcon.colcon_core.package_identification:_identify(src/cerebri_bringup) by extensions ['colcon_meta']
[0.177s] Level 1:colcon.colcon_core.package_identification:_identify(src/cerebri_bringup) by extension 'colcon_meta'
[0.177s] Level 1:colcon.colcon_core.package_identification:_identify(src/cerebri_bringup) by extensions ['ros']
[0.177s] Level 1:colcon.colcon_core.package_identification:_identify(src/cerebri_bringup) by extension 'ros'
[0.178s] DEBUG:colcon.colcon_core.package_identification:Package 'src/cerebri_bringup' with type 'ros.ament_cmake' and name 'cerebri_bringup'
[0.178s] Level 1:colcon.colcon_core.package_identification:_identify(src/corti) by extensions ['ignore', 'ignore_ament_install']
[0.178s] Level 1:colcon.colcon_core.package_identification:_identify(src/corti) by extension 'ignore'
[0.178s] Level 1:colcon.colcon_core.package_identification:_identify(src/corti) by extension 'ignore_ament_install'
[0.178s] Level 1:colcon.colcon_core.package_identification:_identify(src/corti) by extensions ['colcon_pkg']
[0.178s] Level 1:colcon.colcon_core.package_identification:_identify(src/corti) by extension 'colcon_pkg'
[0.178s] Level 1:colcon.colcon_core.package_identification:_identify(src/corti) by extensions ['colcon_meta']
[0.178s] Level 1:colcon.colcon_core.package_identification:_identify(src/corti) by extension 'colcon_meta'
[0.178s] Level 1:colcon.colcon_core.package_identification:_identify(src/corti) by extensions ['ros']
[0.178s] Level 1:colcon.colcon_core.package_identification:_identify(src/corti) by extension 'ros'
[0.178s] DEBUG:colcon.colcon_core.package_identification:Package 'src/corti' with type 'ros.ament_cmake' and name 'corti'
[0.179s] Level 1:colcon.colcon_core.package_identification:_identify(src/dream_world) by extensions ['ignore', 'ignore_ament_install']
[0.179s] Level 1:colcon.colcon_core.package_identification:_identify(src/dream_world) by extension 'ignore'
[0.179s] Level 1:colcon.colcon_core.package_identification:_identify(src/dream_world) by extension 'ignore_ament_install'
[0.179s] Level 1:colcon.colcon_core.package_identification:_identify(src/dream_world) by extensions ['colcon_pkg']
[0.179s] Level 1:colcon.colcon_core.package_identification:_identify(src/dream_world) by extension 'colcon_pkg'
[0.179s] Level 1:colcon.colcon_core.package_identification:_identify(src/dream_world) by extensions ['colcon_meta']
[0.179s] Level 1:colcon.colcon_core.package_identification:_identify(src/dream_world) by extension 'colcon_meta'
[0.179s] Level 1:colcon.colcon_core.package_identification:_identify(src/dream_world) by extensions ['ros']
[0.179s] Level 1:colcon.colcon_core.package_identification:_identify(src/dream_world) by extension 'ros'
[0.179s] Level 1:colcon.colcon_core.package_identification:_identify(src/dream_world) by extensions ['cmake', 'python']
[0.179s] Level 1:colcon.colcon_core.package_identification:_identify(src/dream_world) by extension 'cmake'
[0.179s] Level 1:colcon.colcon_core.package_identification:_identify(src/dream_world) by extension 'python'
[0.179s] Level 1:colcon.colcon_core.package_identification:_identify(src/dream_world) by extensions ['python_setup_py']
[0.179s] Level 1:colcon.colcon_core.package_identification:_identify(src/dream_world) by extension 'python_setup_py'
[0.179s] Level 1:colcon.colcon_core.package_identification:_identify(src/dream_world/dream_world) by extensions ['ignore', 'ignore_ament_install']
[0.179s] Level 1:colcon.colcon_core.package_identification:_identify(src/dream_world/dream_world) by extension 'ignore'
[0.179s] Level 1:colcon.colcon_core.package_identification:_identify(src/dream_world/dream_world) by extension 'ignore_ament_install'
[0.179s] Level 1:colcon.colcon_core.package_identification:_identify(src/dream_world/dream_world) by extensions ['colcon_pkg']
[0.179s] Level 1:colcon.colcon_core.package_identification:_identify(src/dream_world/dream_world) by extension 'colcon_pkg'
[0.179s] Level 1:colcon.colcon_core.package_identification:_identify(src/dream_world/dream_world) by extensions ['colcon_meta']
[0.179s] Level 1:colcon.colcon_core.package_identification:_identify(src/dream_world/dream_world) by extension 'colcon_meta'
[0.179s] Level 1:colcon.colcon_core.package_identification:_identify(src/dream_world/dream_world) by extensions ['ros']
[0.179s] Level 1:colcon.colcon_core.package_identification:_identify(src/dream_world/dream_world) by extension 'ros'
[0.179s] DEBUG:colcon.colcon_core.package_identification:Package 'src/dream_world/dream_world' with type 'ros.ament_cmake' and name 'dream_world'
[0.179s] Level 1:colcon.colcon_core.package_identification:_identify(src/synapse_gz) by extensions ['ignore', 'ignore_ament_install']
[0.179s] Level 1:colcon.colcon_core.package_identification:_identify(src/synapse_gz) by extension 'ignore'
[0.179s] Level 1:colcon.colcon_core.package_identification:_identify(src/synapse_gz) by extension 'ignore_ament_install'
[0.180s] Level 1:colcon.colcon_core.package_identification:_identify(src/synapse_gz) by extensions ['colcon_pkg']
[0.180s] Level 1:colcon.colcon_core.package_identification:_identify(src/synapse_gz) by extension 'colcon_pkg'
[0.180s] Level 1:colcon.colcon_core.package_identification:_identify(src/synapse_gz) by extensions ['colcon_meta']
[0.180s] Level 1:colcon.colcon_core.package_identification:_identify(src/synapse_gz) by extension 'colcon_meta'
[0.180s] Level 1:colcon.colcon_core.package_identification:_identify(src/synapse_gz) by extensions ['ros']
[0.180s] Level 1:colcon.colcon_core.package_identification:_identify(src/synapse_gz) by extension 'ros'
[0.180s] DEBUG:colcon.colcon_core.package_identification:Package 'src/synapse_gz' with type 'ros.ament_cmake' and name 'synapse_gz'
[0.180s] Level 1:colcon.colcon_core.package_identification:_identify(src/synapse_msgs) by extensions ['ignore', 'ignore_ament_install']
[0.180s] Level 1:colcon.colcon_core.package_identification:_identify(src/synapse_msgs) by extension 'ignore'
[0.180s] Level 1:colcon.colcon_core.package_identification:_identify(src/synapse_msgs) by extension 'ignore_ament_install'
[0.180s] Level 1:colcon.colcon_core.package_identification:_identify(src/synapse_msgs) by extensions ['colcon_pkg']
[0.180s] Level 1:colcon.colcon_core.package_identification:_identify(src/synapse_msgs) by extension 'colcon_pkg'
[0.180s] Level 1:colcon.colcon_core.package_identification:_identify(src/synapse_msgs) by extensions ['colcon_meta']
[0.180s] Level 1:colcon.colcon_core.package_identification:_identify(src/synapse_msgs) by extension 'colcon_meta'
[0.180s] Level 1:colcon.colcon_core.package_identification:_identify(src/synapse_msgs) by extensions ['ros']
[0.180s] Level 1:colcon.colcon_core.package_identification:_identify(src/synapse_msgs) by extension 'ros'
[0.181s] DEBUG:colcon.colcon_core.package_identification:Package 'src/synapse_msgs' with type 'ros.ament_cmake' and name 'synapse_msgs'
[0.181s] Level 1:colcon.colcon_core.package_identification:_identify(src/synapse_protobuf) by extensions ['ignore', 'ignore_ament_install']
[0.181s] Level 1:colcon.colcon_core.package_identification:_identify(src/synapse_protobuf) by extension 'ignore'
[0.181s] Level 1:colcon.colcon_core.package_identification:_identify(src/synapse_protobuf) by extension 'ignore_ament_install'
[0.181s] Level 1:colcon.colcon_core.package_identification:_identify(src/synapse_protobuf) by extensions ['colcon_pkg']
[0.181s] Level 1:colcon.colcon_core.package_identification:_identify(src/synapse_protobuf) by extension 'colcon_pkg'
[0.181s] Level 1:colcon.colcon_core.package_identification:_identify(src/synapse_protobuf) by extensions ['colcon_meta']
[0.181s] Level 1:colcon.colcon_core.package_identification:_identify(src/synapse_protobuf) by extension 'colcon_meta'
[0.181s] Level 1:colcon.colcon_core.package_identification:_identify(src/synapse_protobuf) by extensions ['ros']
[0.181s] Level 1:colcon.colcon_core.package_identification:_identify(src/synapse_protobuf) by extension 'ros'
[0.181s] DEBUG:colcon.colcon_core.package_identification:Package 'src/synapse_protobuf' with type 'ros.ament_cmake' and name 'synapse_protobuf'
[0.181s] Level 1:colcon.colcon_core.package_identification:_identify(src/synapse_ros) by extensions ['ignore', 'ignore_ament_install']
[0.181s] Level 1:colcon.colcon_core.package_identification:_identify(src/synapse_ros) by extension 'ignore'
[0.181s] Level 1:colcon.colcon_core.package_identification:_identify(src/synapse_ros) by extension 'ignore_ament_install'
[0.181s] Level 1:colcon.colcon_core.package_identification:_identify(src/synapse_ros) by extensions ['colcon_pkg']
[0.181s] Level 1:colcon.colcon_core.package_identification:_identify(src/synapse_ros) by extension 'colcon_pkg'
[0.181s] Level 1:colcon.colcon_core.package_identification:_identify(src/synapse_ros) by extensions ['colcon_meta']
[0.181s] Level 1:colcon.colcon_core.package_identification:_identify(src/synapse_ros) by extension 'colcon_meta'
[0.181s] Level 1:colcon.colcon_core.package_identification:_identify(src/synapse_ros) by extensions ['ros']
[0.181s] Level 1:colcon.colcon_core.package_identification:_identify(src/synapse_ros) by extension 'ros'
[0.182s] DEBUG:colcon.colcon_core.package_identification:Package 'src/synapse_ros' with type 'ros.ament_cmake' and name 'synapse_ros'
[0.182s] Level 1:colcon.colcon_core.package_identification:_identify(src/synapse_tinyframe) by extensions ['ignore', 'ignore_ament_install']
[0.182s] Level 1:colcon.colcon_core.package_identification:_identify(src/synapse_tinyframe) by extension 'ignore'
[0.182s] Level 1:colcon.colcon_core.package_identification:_identify(src/synapse_tinyframe) by extension 'ignore_ament_install'
[0.182s] Level 1:colcon.colcon_core.package_identification:_identify(src/synapse_tinyframe) by extensions ['colcon_pkg']
[0.182s] Level 1:colcon.colcon_core.package_identification:_identify(src/synapse_tinyframe) by extension 'colcon_pkg'
[0.182s] Level 1:colcon.colcon_core.package_identification:_identify(src/synapse_tinyframe) by extensions ['colcon_meta']
[0.182s] Level 1:colcon.colcon_core.package_identification:_identify(src/synapse_tinyframe) by extension 'colcon_meta'
[0.182s] Level 1:colcon.colcon_core.package_identification:_identify(src/synapse_tinyframe) by extensions ['ros']
[0.182s] Level 1:colcon.colcon_core.package_identification:_identify(src/synapse_tinyframe) by extension 'ros'
[0.183s] DEBUG:colcon.colcon_core.package_identification:Package 'src/synapse_tinyframe' with type 'ros.ament_cmake' and name 'synapse_tinyframe'
[0.183s] Level 1:colcon.colcon_core.package_discovery:discover_packages(recursive) using defaults
[0.183s] Level 1:colcon.colcon_core.package_discovery:discover_packages(ignore) discover
[0.183s] Level 1:colcon.colcon_core.package_discovery:discover_packages(ignore) using defaults
[0.183s] Level 1:colcon.colcon_core.package_discovery:discover_packages(path) discover
[0.183s] Level 1:colcon.colcon_core.package_discovery:discover_packages(path) using defaults
[0.204s] Level 5:colcon.colcon_core.verb:set package 'b3rb_description' build argument 'cmake_args' from command line to 'None'
[0.204s] Level 5:colcon.colcon_core.verb:set package 'b3rb_description' build argument 'cmake_target' from command line to 'None'
[0.204s] Level 5:colcon.colcon_core.verb:set package 'b3rb_description' build argument 'cmake_target_skip_unavailable' from command line to 'False'
[0.204s] Level 5:colcon.colcon_core.verb:set package 'b3rb_description' build argument 'cmake_clean_cache' from command line to 'False'
[0.204s] Level 5:colcon.colcon_core.verb:set package 'b3rb_description' build argument 'cmake_clean_first' from command line to 'False'
[0.204s] Level 5:colcon.colcon_core.verb:set package 'b3rb_description' build argument 'cmake_force_configure' from command line to 'False'
[0.204s] Level 5:colcon.colcon_core.verb:set package 'b3rb_description' build argument 'ament_cmake_args' from command line to 'None'
[0.204s] Level 5:colcon.colcon_core.verb:set package 'b3rb_description' build argument 'catkin_cmake_args' from command line to 'None'
[0.204s] Level 5:colcon.colcon_core.verb:set package 'b3rb_description' build argument 'catkin_skip_building_tests' from command line to 'False'
[0.204s] DEBUG:colcon.colcon_core.verb:Building package 'b3rb_description' with the following arguments: {'ament_cmake_args': None, 'build_base': '/home/tharun/cognipilot/cranium/build/b3rb_description', 'catkin_cmake_args': None, 'catkin_skip_building_tests': False, 'cmake_args': None, 'cmake_clean_cache': False, 'cmake_clean_first': False, 'cmake_force_configure': False, 'cmake_target': None, 'cmake_target_skip_unavailable': False, 'install_base': '/home/tharun/cognipilot/cranium/install/b3rb_description', 'merge_install': False, 'path': '/home/tharun/cognipilot/cranium/src/b3rb/b3rb_description', 'symlink_install': False, 'test_result_base': None}
[0.204s] Level 5:colcon.colcon_core.verb:set package 'b3rb_gz_bringup' build argument 'cmake_args' from command line to 'None'
[0.204s] Level 5:colcon.colcon_core.verb:set package 'b3rb_gz_bringup' build argument 'cmake_target' from command line to 'None'
[0.204s] Level 5:colcon.colcon_core.verb:set package 'b3rb_gz_bringup' build argument 'cmake_target_skip_unavailable' from command line to 'False'
[0.204s] Level 5:colcon.colcon_core.verb:set package 'b3rb_gz_bringup' build argument 'cmake_clean_cache' from command line to 'False'
[0.204s] Level 5:colcon.colcon_core.verb:set package 'b3rb_gz_bringup' build argument 'cmake_clean_first' from command line to 'False'
[0.204s] Level 5:colcon.colcon_core.verb:set package 'b3rb_gz_bringup' build argument 'cmake_force_configure' from command line to 'False'
[0.204s] Level 5:colcon.colcon_core.verb:set package 'b3rb_gz_bringup' build argument 'ament_cmake_args' from command line to 'None'
[0.204s] Level 5:colcon.colcon_core.verb:set package 'b3rb_gz_bringup' build argument 'catkin_cmake_args' from command line to 'None'
[0.204s] Level 5:colcon.colcon_core.verb:set package 'b3rb_gz_bringup' build argument 'catkin_skip_building_tests' from command line to 'False'
[0.204s] DEBUG:colcon.colcon_core.verb:Building package 'b3rb_gz_bringup' with the following arguments: {'ament_cmake_args': None, 'build_base': '/home/tharun/cognipilot/cranium/build/b3rb_gz_bringup', 'catkin_cmake_args': None, 'catkin_skip_building_tests': False, 'cmake_args': None, 'cmake_clean_cache': False, 'cmake_clean_first': False, 'cmake_force_configure': False, 'cmake_target': None, 'cmake_target_skip_unavailable': False, 'install_base': '/home/tharun/cognipilot/cranium/install/b3rb_gz_bringup', 'merge_install': False, 'path': '/home/tharun/cognipilot/cranium/src/b3rb_simulator/b3rb_gz_bringup', 'symlink_install': False, 'test_result_base': None}
[0.204s] Level 5:colcon.colcon_core.verb:set package 'b3rb_gz_resource' build argument 'cmake_args' from command line to 'None'
[0.204s] Level 5:colcon.colcon_core.verb:set package 'b3rb_gz_resource' build argument 'cmake_target' from command line to 'None'
[0.204s] Level 5:colcon.colcon_core.verb:set package 'b3rb_gz_resource' build argument 'cmake_target_skip_unavailable' from command line to 'False'
[0.204s] Level 5:colcon.colcon_core.verb:set package 'b3rb_gz_resource' build argument 'cmake_clean_cache' from command line to 'False'
[0.204s] Level 5:colcon.colcon_core.verb:set package 'b3rb_gz_resource' build argument 'cmake_clean_first' from command line to 'False'
[0.204s] Level 5:colcon.colcon_core.verb:set package 'b3rb_gz_resource' build argument 'cmake_force_configure' from command line to 'False'
[0.204s] Level 5:colcon.colcon_core.verb:set package 'b3rb_gz_resource' build argument 'ament_cmake_args' from command line to 'None'
[0.204s] Level 5:colcon.colcon_core.verb:set package 'b3rb_gz_resource' build argument 'catkin_cmake_args' from command line to 'None'
[0.204s] Level 5:colcon.colcon_core.verb:set package 'b3rb_gz_resource' build argument 'catkin_skip_building_tests' from command line to 'False'
[0.205s] DEBUG:colcon.colcon_core.verb:Building package 'b3rb_gz_resource' with the following arguments: {'ament_cmake_args': None, 'build_base': '/home/tharun/cognipilot/cranium/build/b3rb_gz_resource', 'catkin_cmake_args': None, 'catkin_skip_building_tests': False, 'cmake_args': None, 'cmake_clean_cache': False, 'cmake_clean_first': False, 'cmake_force_configure': False, 'cmake_target': None, 'cmake_target_skip_unavailable': False, 'install_base': '/home/tharun/cognipilot/cranium/install/b3rb_gz_resource', 'merge_install': False, 'path': '/home/tharun/cognipilot/cranium/src/b3rb_simulator/b3rb_gz_resource', 'symlink_install': False, 'test_result_base': None}
[0.205s] Level 5:colcon.colcon_core.verb:set package 'b3rb_nav2' build argument 'cmake_args' from command line to 'None'
[0.205s] Level 5:colcon.colcon_core.verb:set package 'b3rb_nav2' build argument 'cmake_target' from command line to 'None'
[0.205s] Level 5:colcon.colcon_core.verb:set package 'b3rb_nav2' build argument 'cmake_target_skip_unavailable' from command line to 'False'
[0.205s] Level 5:colcon.colcon_core.verb:set package 'b3rb_nav2' build argument 'cmake_clean_cache' from command line to 'False'
[0.205s] Level 5:colcon.colcon_core.verb:set package 'b3rb_nav2' build argument 'cmake_clean_first' from command line to 'False'
[0.205s] Level 5:colcon.colcon_core.verb:set package 'b3rb_nav2' build argument 'cmake_force_configure' from command line to 'False'
[0.205s] Level 5:colcon.colcon_core.verb:set package 'b3rb_nav2' build argument 'ament_cmake_args' from command line to 'None'
[0.205s] Level 5:colcon.colcon_core.verb:set package 'b3rb_nav2' build argument 'catkin_cmake_args' from command line to 'None'
[0.205s] Level 5:colcon.colcon_core.verb:set package 'b3rb_nav2' build argument 'catkin_skip_building_tests' from command line to 'False'
[0.205s] DEBUG:colcon.colcon_core.verb:Building package 'b3rb_nav2' with the following arguments: {'ament_cmake_args': None, 'build_base': '/home/tharun/cognipilot/cranium/build/b3rb_nav2', 'catkin_cmake_args': None, 'catkin_skip_building_tests': False, 'cmake_args': None, 'cmake_clean_cache': False, 'cmake_clean_first': False, 'cmake_force_configure': False, 'cmake_target': None, 'cmake_target_skip_unavailable': False, 'install_base': '/home/tharun/cognipilot/cranium/install/b3rb_nav2', 'merge_install': False, 'path': '/home/tharun/cognipilot/cranium/src/b3rb/b3rb_nav2', 'symlink_install': False, 'test_result_base': None}
[0.205s] Level 5:colcon.colcon_core.verb:set package 'b3rb_rviz' build argument 'cmake_args' from command line to 'None'
[0.205s] Level 5:colcon.colcon_core.verb:set package 'b3rb_rviz' build argument 'cmake_target' from command line to 'None'
[0.205s] Level 5:colcon.colcon_core.verb:set package 'b3rb_rviz' build argument 'cmake_target_skip_unavailable' from command line to 'False'
[0.205s] Level 5:colcon.colcon_core.verb:set package 'b3rb_rviz' build argument 'cmake_clean_cache' from command line to 'False'
[0.205s] Level 5:colcon.colcon_core.verb:set package 'b3rb_rviz' build argument 'cmake_clean_first' from command line to 'False'
[0.205s] Level 5:colcon.colcon_core.verb:set package 'b3rb_rviz' build argument 'cmake_force_configure' from command line to 'False'
[0.205s] Level 5:colcon.colcon_core.verb:set package 'b3rb_rviz' build argument 'ament_cmake_args' from command line to 'None'
[0.205s] Level 5:colcon.colcon_core.verb:set package 'b3rb_rviz' build argument 'catkin_cmake_args' from command line to 'None'
[0.205s] Level 5:colcon.colcon_core.verb:set package 'b3rb_rviz' build argument 'catkin_skip_building_tests' from command line to 'False'
[0.205s] DEBUG:colcon.colcon_core.verb:Building package 'b3rb_rviz' with the following arguments: {'ament_cmake_args': None, 'build_base': '/home/tharun/cognipilot/cranium/build/b3rb_rviz', 'catkin_cmake_args': None, 'catkin_skip_building_tests': False, 'cmake_args': None, 'cmake_clean_cache': False, 'cmake_clean_first': False, 'cmake_force_configure': False, 'cmake_target': None, 'cmake_target_skip_unavailable': False, 'install_base': '/home/tharun/cognipilot/cranium/install/b3rb_rviz', 'merge_install': False, 'path': '/home/tharun/cognipilot/cranium/src/b3rb_desktop/b3rb_rviz', 'symlink_install': False, 'test_result_base': None}
[0.205s] Level 5:colcon.colcon_core.verb:set package 'cerebri_bringup' build argument 'cmake_args' from command line to 'None'
[0.205s] Level 5:colcon.colcon_core.verb:set package 'cerebri_bringup' build argument 'cmake_target' from command line to 'None'
[0.205s] Level 5:colcon.colcon_core.verb:set package 'cerebri_bringup' build argument 'cmake_target_skip_unavailable' from command line to 'False'
[0.205s] Level 5:colcon.colcon_core.verb:set package 'cerebri_bringup' build argument 'cmake_clean_cache' from command line to 'False'
[0.205s] Level 5:colcon.colcon_core.verb:set package 'cerebri_bringup' build argument 'cmake_clean_first' from command line to 'False'
[0.205s] Level 5:colcon.colcon_core.verb:set package 'cerebri_bringup' build argument 'cmake_force_configure' from command line to 'False'
[0.205s] Level 5:colcon.colcon_core.verb:set package 'cerebri_bringup' build argument 'ament_cmake_args' from command line to 'None'
[0.205s] Level 5:colcon.colcon_core.verb:set package 'cerebri_bringup' build argument 'catkin_cmake_args' from command line to 'None'
[0.205s] Level 5:colcon.colcon_core.verb:set package 'cerebri_bringup' build argument 'catkin_skip_building_tests' from command line to 'False'
[0.205s] DEBUG:colcon.colcon_core.verb:Building package 'cerebri_bringup' with the following arguments: {'ament_cmake_args': None, 'build_base': '/home/tharun/cognipilot/cranium/build/cerebri_bringup', 'catkin_cmake_args': None, 'catkin_skip_building_tests': False, 'cmake_args': None, 'cmake_clean_cache': False, 'cmake_clean_first': False, 'cmake_force_configure': False, 'cmake_target': None, 'cmake_target_skip_unavailable': False, 'install_base': '/home/tharun/cognipilot/cranium/install/cerebri_bringup', 'merge_install': False, 'path': '/home/tharun/cognipilot/cranium/src/cerebri_bringup', 'symlink_install': False, 'test_result_base': None}
[0.206s] Level 5:colcon.colcon_core.verb:set package 'dream_world' build argument 'cmake_args' from command line to 'None'
[0.206s] Level 5:colcon.colcon_core.verb:set package 'dream_world' build argument 'cmake_target' from command line to 'None'
[0.206s] Level 5:colcon.colcon_core.verb:set package 'dream_world' build argument 'cmake_target_skip_unavailable' from command line to 'False'
[0.206s] Level 5:colcon.colcon_core.verb:set package 'dream_world' build argument 'cmake_clean_cache' from command line to 'False'
[0.206s] Level 5:colcon.colcon_core.verb:set package 'dream_world' build argument 'cmake_clean_first' from command line to 'False'
[0.206s] Level 5:colcon.colcon_core.verb:set package 'dream_world' build argument 'cmake_force_configure' from command line to 'False'
[0.206s] Level 5:colcon.colcon_core.verb:set package 'dream_world' build argument 'ament_cmake_args' from command line to 'None'
[0.206s] Level 5:colcon.colcon_core.verb:set package 'dream_world' build argument 'catkin_cmake_args' from command line to 'None'
[0.206s] Level 5:colcon.colcon_core.verb:set package 'dream_world' build argument 'catkin_skip_building_tests' from command line to 'False'
[0.206s] DEBUG:colcon.colcon_core.verb:Building package 'dream_world' with the following arguments: {'ament_cmake_args': None, 'build_base': '/home/tharun/cognipilot/cranium/build/dream_world', 'catkin_cmake_args': None, 'catkin_skip_building_tests': False, 'cmake_args': None, 'cmake_clean_cache': False, 'cmake_clean_first': False, 'cmake_force_configure': False, 'cmake_target': None, 'cmake_target_skip_unavailable': False, 'install_base': '/home/tharun/cognipilot/cranium/install/dream_world', 'merge_install': False, 'path': '/home/tharun/cognipilot/cranium/src/dream_world/dream_world', 'symlink_install': False, 'test_result_base': None}
[0.206s] Level 5:colcon.colcon_core.verb:set package 'synapse_msgs' build argument 'cmake_args' from command line to 'None'
[0.206s] Level 5:colcon.colcon_core.verb:set package 'synapse_msgs' build argument 'cmake_target' from command line to 'None'
[0.206s] Level 5:colcon.colcon_core.verb:set package 'synapse_msgs' build argument 'cmake_target_skip_unavailable' from command line to 'False'
[0.206s] Level 5:colcon.colcon_core.verb:set package 'synapse_msgs' build argument 'cmake_clean_cache' from command line to 'False'
[0.206s] Level 5:colcon.colcon_core.verb:set package 'synapse_msgs' build argument 'cmake_clean_first' from command line to 'False'
[0.206s] Level 5:colcon.colcon_core.verb:set package 'synapse_msgs' build argument 'cmake_force_configure' from command line to 'False'
[0.206s] Level 5:colcon.colcon_core.verb:set package 'synapse_msgs' build argument 'ament_cmake_args' from command line to 'None'
[0.206s] Level 5:colcon.colcon_core.verb:set package 'synapse_msgs' build argument 'catkin_cmake_args' from command line to 'None'
[0.206s] Level 5:colcon.colcon_core.verb:set package 'synapse_msgs' build argument 'catkin_skip_building_tests' from command line to 'False'
[0.206s] DEBUG:colcon.colcon_core.verb:Building package 'synapse_msgs' with the following arguments: {'ament_cmake_args': None, 'build_base': '/home/tharun/cognipilot/cranium/build/synapse_msgs', 'catkin_cmake_args': None, 'catkin_skip_building_tests': False, 'cmake_args': None, 'cmake_clean_cache': False, 'cmake_clean_first': False, 'cmake_force_configure': False, 'cmake_target': None, 'cmake_target_skip_unavailable': False, 'install_base': '/home/tharun/cognipilot/cranium/install/synapse_msgs', 'merge_install': False, 'path': '/home/tharun/cognipilot/cranium/src/synapse_msgs', 'symlink_install': False, 'test_result_base': None}
[0.206s] Level 5:colcon.colcon_core.verb:set package 'synapse_protobuf' build argument 'cmake_args' from command line to 'None'
[0.206s] Level 5:colcon.colcon_core.verb:set package 'synapse_protobuf' build argument 'cmake_target' from command line to 'None'
[0.206s] Level 5:colcon.colcon_core.verb:set package 'synapse_protobuf' build argument 'cmake_target_skip_unavailable' from command line to 'False'
[0.206s] Level 5:colcon.colcon_core.verb:set package 'synapse_protobuf' build argument 'cmake_clean_cache' from command line to 'False'
[0.206s] Level 5:colcon.colcon_core.verb:set package 'synapse_protobuf' build argument 'cmake_clean_first' from command line to 'False'
[0.206s] Level 5:colcon.colcon_core.verb:set package 'synapse_protobuf' build argument 'cmake_force_configure' from command line to 'False'
[0.206s] Level 5:colcon.colcon_core.verb:set package 'synapse_protobuf' build argument 'ament_cmake_args' from command line to 'None'
[0.206s] Level 5:colcon.colcon_core.verb:set package 'synapse_protobuf' build argument 'catkin_cmake_args' from command line to 'None'
[0.206s] Level 5:colcon.colcon_core.verb:set package 'synapse_protobuf' build argument 'catkin_skip_building_tests' from command line to 'False'
[0.206s] DEBUG:colcon.colcon_core.verb:Building package 'synapse_protobuf' with the following arguments: {'ament_cmake_args': None, 'build_base': '/home/tharun/cognipilot/cranium/build/synapse_protobuf', 'catkin_cmake_args': None, 'catkin_skip_building_tests': False, 'cmake_args': None, 'cmake_clean_cache': False, 'cmake_clean_first': False, 'cmake_force_configure': False, 'cmake_target': None, 'cmake_target_skip_unavailable': False, 'install_base': '/home/tharun/cognipilot/cranium/install/synapse_protobuf', 'merge_install': False, 'path': '/home/tharun/cognipilot/cranium/src/synapse_protobuf', 'symlink_install': False, 'test_result_base': None}
[0.207s] Level 5:colcon.colcon_core.verb:set package 'synapse_tinyframe' build argument 'cmake_args' from command line to 'None'
[0.207s] Level 5:colcon.colcon_core.verb:set package 'synapse_tinyframe' build argument 'cmake_target' from command line to 'None'
[0.207s] Level 5:colcon.colcon_core.verb:set package 'synapse_tinyframe' build argument 'cmake_target_skip_unavailable' from command line to 'False'
[0.207s] Level 5:colcon.colcon_core.verb:set package 'synapse_tinyframe' build argument 'cmake_clean_cache' from command line to 'False'
[0.207s] Level 5:colcon.colcon_core.verb:set package 'synapse_tinyframe' build argument 'cmake_clean_first' from command line to 'False'
[0.207s] Level 5:colcon.colcon_core.verb:set package 'synapse_tinyframe' build argument 'cmake_force_configure' from command line to 'False'
[0.207s] Level 5:colcon.colcon_core.verb:set package 'synapse_tinyframe' build argument 'ament_cmake_args' from command line to 'None'
[0.207s] Level 5:colcon.colcon_core.verb:set package 'synapse_tinyframe' build argument 'catkin_cmake_args' from command line to 'None'
[0.207s] Level 5:colcon.colcon_core.verb:set package 'synapse_tinyframe' build argument 'catkin_skip_building_tests' from command line to 'False'
[0.207s] DEBUG:colcon.colcon_core.verb:Building package 'synapse_tinyframe' with the following arguments: {'ament_cmake_args': None, 'build_base': '/home/tharun/cognipilot/cranium/build/synapse_tinyframe', 'catkin_cmake_args': None, 'catkin_skip_building_tests': False, 'cmake_args': None, 'cmake_clean_cache': False, 'cmake_clean_first': False, 'cmake_force_configure': False, 'cmake_target': None, 'cmake_target_skip_unavailable': False, 'install_base': '/home/tharun/cognipilot/cranium/install/synapse_tinyframe', 'merge_install': False, 'path': '/home/tharun/cognipilot/cranium/src/synapse_tinyframe', 'symlink_install': False, 'test_result_base': None}
[0.207s] Level 5:colcon.colcon_core.verb:set package 'b3rb_desktop' build argument 'cmake_args' from command line to 'None'
[0.207s] Level 5:colcon.colcon_core.verb:set package 'b3rb_desktop' build argument 'cmake_target' from command line to 'None'
[0.207s] Level 5:colcon.colcon_core.verb:set package 'b3rb_desktop' build argument 'cmake_target_skip_unavailable' from command line to 'False'
[0.207s] Level 5:colcon.colcon_core.verb:set package 'b3rb_desktop' build argument 'cmake_clean_cache' from command line to 'False'
[0.207s] Level 5:colcon.colcon_core.verb:set package 'b3rb_desktop' build argument 'cmake_clean_first' from command line to 'False'
[0.207s] Level 5:colcon.colcon_core.verb:set package 'b3rb_desktop' build argument 'cmake_force_configure' from command line to 'False'
[0.207s] Level 5:colcon.colcon_core.verb:set package 'b3rb_desktop' build argument 'ament_cmake_args' from command line to 'None'
[0.207s] Level 5:colcon.colcon_core.verb:set package 'b3rb_desktop' build argument 'catkin_cmake_args' from command line to 'None'
[0.207s] Level 5:colcon.colcon_core.verb:set package 'b3rb_desktop' build argument 'catkin_skip_building_tests' from command line to 'False'
[0.207s] DEBUG:colcon.colcon_core.verb:Building package 'b3rb_desktop' with the following arguments: {'ament_cmake_args': None, 'build_base': '/home/tharun/cognipilot/cranium/build/b3rb_desktop', 'catkin_cmake_args': None, 'catkin_skip_building_tests': False, 'cmake_args': None, 'cmake_clean_cache': False, 'cmake_clean_first': False, 'cmake_force_configure': False, 'cmake_target': None, 'cmake_target_skip_unavailable': False, 'install_base': '/home/tharun/cognipilot/cranium/install/b3rb_desktop', 'merge_install': False, 'path': '/home/tharun/cognipilot/cranium/src/b3rb_desktop/b3rb_desktop', 'symlink_install': False, 'test_result_base': None}
[0.207s] Level 5:colcon.colcon_core.verb:set package 'b3rb_ros_line_follower' build argument 'cmake_args' from command line to 'None'
[0.207s] Level 5:colcon.colcon_core.verb:set package 'b3rb_ros_line_follower' build argument 'cmake_target' from command line to 'None'
[0.207s] Level 5:colcon.colcon_core.verb:set package 'b3rb_ros_line_follower' build argument 'cmake_target_skip_unavailable' from command line to 'False'
[0.207s] Level 5:colcon.colcon_core.verb:set package 'b3rb_ros_line_follower' build argument 'cmake_clean_cache' from command line to 'False'
[0.207s] Level 5:colcon.colcon_core.verb:set package 'b3rb_ros_line_follower' build argument 'cmake_clean_first' from command line to 'False'
[0.207s] Level 5:colcon.colcon_core.verb:set package 'b3rb_ros_line_follower' build argument 'cmake_force_configure' from command line to 'False'
[0.207s] Level 5:colcon.colcon_core.verb:set package 'b3rb_ros_line_follower' build argument 'ament_cmake_args' from command line to 'None'
[0.207s] Level 5:colcon.colcon_core.verb:set package 'b3rb_ros_line_follower' build argument 'catkin_cmake_args' from command line to 'None'
[0.207s] Level 5:colcon.colcon_core.verb:set package 'b3rb_ros_line_follower' build argument 'catkin_skip_building_tests' from command line to 'False'
[0.207s] DEBUG:colcon.colcon_core.verb:Building package 'b3rb_ros_line_follower' with the following arguments: {'ament_cmake_args': None, 'build_base': '/home/tharun/cognipilot/cranium/build/b3rb_ros_line_follower', 'catkin_cmake_args': None, 'catkin_skip_building_tests': False, 'cmake_args': None, 'cmake_clean_cache': False, 'cmake_clean_first': False, 'cmake_force_configure': False, 'cmake_target': None, 'cmake_target_skip_unavailable': False, 'install_base': '/home/tharun/cognipilot/cranium/install/b3rb_ros_line_follower', 'merge_install': False, 'path': '/home/tharun/cognipilot/cranium/src/b3rb_ros_line_follower/b3rb_ros_line_follower', 'symlink_install': False, 'test_result_base': None}
[0.207s] Level 5:colcon.colcon_core.verb:set package 'b3rb_simulator' build argument 'cmake_args' from command line to 'None'
[0.207s] Level 5:colcon.colcon_core.verb:set package 'b3rb_simulator' build argument 'cmake_target' from command line to 'None'
[0.207s] Level 5:colcon.colcon_core.verb:set package 'b3rb_simulator' build argument 'cmake_target_skip_unavailable' from command line to 'False'
[0.207s] Level 5:colcon.colcon_core.verb:set package 'b3rb_simulator' build argument 'cmake_clean_cache' from command line to 'False'
[0.207s] Level 5:colcon.colcon_core.verb:set package 'b3rb_simulator' build argument 'cmake_clean_first' from command line to 'False'
[0.207s] Level 5:colcon.colcon_core.verb:set package 'b3rb_simulator' build argument 'cmake_force_configure' from command line to 'False'
[0.208s] Level 5:colcon.colcon_core.verb:set package 'b3rb_simulator' build argument 'ament_cmake_args' from command line to 'None'
[0.208s] Level 5:colcon.colcon_core.verb:set package 'b3rb_simulator' build argument 'catkin_cmake_args' from command line to 'None'
[0.208s] Level 5:colcon.colcon_core.verb:set package 'b3rb_simulator' build argument 'catkin_skip_building_tests' from command line to 'False'
[0.208s] DEBUG:colcon.colcon_core.verb:Building package 'b3rb_simulator' with the following arguments: {'ament_cmake_args': None, 'build_base': '/home/tharun/cognipilot/cranium/build/b3rb_simulator', 'catkin_cmake_args': None, 'catkin_skip_building_tests': False, 'cmake_args': None, 'cmake_clean_cache': False, 'cmake_clean_first': False, 'cmake_force_configure': False, 'cmake_target': None, 'cmake_target_skip_unavailable': False, 'install_base': '/home/tharun/cognipilot/cranium/install/b3rb_simulator', 'merge_install': False, 'path': '/home/tharun/cognipilot/cranium/src/b3rb_simulator/b3rb_simulator', 'symlink_install': False, 'test_result_base': None}
[0.208s] Level 5:colcon.colcon_core.verb:set package 'corti' build argument 'cmake_args' from command line to 'None'
[0.208s] Level 5:colcon.colcon_core.verb:set package 'corti' build argument 'cmake_target' from command line to 'None'
[0.208s] Level 5:colcon.colcon_core.verb:set package 'corti' build argument 'cmake_target_skip_unavailable' from command line to 'False'
[0.208s] Level 5:colcon.colcon_core.verb:set package 'corti' build argument 'cmake_clean_cache' from command line to 'False'
[0.208s] Level 5:colcon.colcon_core.verb:set package 'corti' build argument 'cmake_clean_first' from command line to 'False'
[0.208s] Level 5:colcon.colcon_core.verb:set package 'corti' build argument 'cmake_force_configure' from command line to 'False'
[0.208s] Level 5:colcon.colcon_core.verb:set package 'corti' build argument 'ament_cmake_args' from command line to 'None'
[0.208s] Level 5:colcon.colcon_core.verb:set package 'corti' build argument 'catkin_cmake_args' from command line to 'None'
[0.208s] Level 5:colcon.colcon_core.verb:set package 'corti' build argument 'catkin_skip_building_tests' from command line to 'False'
[0.208s] DEBUG:colcon.colcon_core.verb:Building package 'corti' with the following arguments: {'ament_cmake_args': None, 'build_base': '/home/tharun/cognipilot/cranium/build/corti', 'catkin_cmake_args': None, 'catkin_skip_building_tests': False, 'cmake_args': None, 'cmake_clean_cache': False, 'cmake_clean_first': False, 'cmake_force_configure': False, 'cmake_target': None, 'cmake_target_skip_unavailable': False, 'install_base': '/home/tharun/cognipilot/cranium/install/corti', 'merge_install': False, 'path': '/home/tharun/cognipilot/cranium/src/corti', 'symlink_install': False, 'test_result_base': None}
[0.208s] Level 5:colcon.colcon_core.verb:set package 'synapse_gz' build argument 'cmake_args' from command line to 'None'
[0.208s] Level 5:colcon.colcon_core.verb:set package 'synapse_gz' build argument 'cmake_target' from command line to 'None'
[0.208s] Level 5:colcon.colcon_core.verb:set package 'synapse_gz' build argument 'cmake_target_skip_unavailable' from command line to 'False'
[0.208s] Level 5:colcon.colcon_core.verb:set package 'synapse_gz' build argument 'cmake_clean_cache' from command line to 'False'
[0.208s] Level 5:colcon.colcon_core.verb:set package 'synapse_gz' build argument 'cmake_clean_first' from command line to 'False'
[0.208s] Level 5:colcon.colcon_core.verb:set package 'synapse_gz' build argument 'cmake_force_configure' from command line to 'False'
[0.208s] Level 5:colcon.colcon_core.verb:set package 'synapse_gz' build argument 'ament_cmake_args' from command line to 'None'
[0.208s] Level 5:colcon.colcon_core.verb:set package 'synapse_gz' build argument 'catkin_cmake_args' from command line to 'None'
[0.208s] Level 5:colcon.colcon_core.verb:set package 'synapse_gz' build argument 'catkin_skip_building_tests' from command line to 'False'
[0.208s] DEBUG:colcon.colcon_core.verb:Building package 'synapse_gz' with the following arguments: {'ament_cmake_args': None, 'build_base': '/home/tharun/cognipilot/cranium/build/synapse_gz', 'catkin_cmake_args': None, 'catkin_skip_building_tests': False, 'cmake_args': None, 'cmake_clean_cache': False, 'cmake_clean_first': False, 'cmake_force_configure': False, 'cmake_target': None, 'cmake_target_skip_unavailable': False, 'install_base': '/home/tharun/cognipilot/cranium/install/synapse_gz', 'merge_install': False, 'path': '/home/tharun/cognipilot/cranium/src/synapse_gz', 'symlink_install': False, 'test_result_base': None}
[0.208s] Level 5:colcon.colcon_core.verb:set package 'synapse_ros' build argument 'cmake_args' from command line to 'None'
[0.208s] Level 5:colcon.colcon_core.verb:set package 'synapse_ros' build argument 'cmake_target' from command line to 'None'
[0.208s] Level 5:colcon.colcon_core.verb:set package 'synapse_ros' build argument 'cmake_target_skip_unavailable' from command line to 'False'
[0.208s] Level 5:colcon.colcon_core.verb:set package 'synapse_ros' build argument 'cmake_clean_cache' from command line to 'False'
[0.208s] Level 5:colcon.colcon_core.verb:set package 'synapse_ros' build argument 'cmake_clean_first' from command line to 'False'
[0.208s] Level 5:colcon.colcon_core.verb:set package 'synapse_ros' build argument 'cmake_force_configure' from command line to 'False'
[0.208s] Level 5:colcon.colcon_core.verb:set package 'synapse_ros' build argument 'ament_cmake_args' from command line to 'None'
[0.208s] Level 5:colcon.colcon_core.verb:set package 'synapse_ros' build argument 'catkin_cmake_args' from command line to 'None'
[0.208s] Level 5:colcon.colcon_core.verb:set package 'synapse_ros' build argument 'catkin_skip_building_tests' from command line to 'False'
[0.208s] DEBUG:colcon.colcon_core.verb:Building package 'synapse_ros' with the following arguments: {'ament_cmake_args': None, 'build_base': '/home/tharun/cognipilot/cranium/build/synapse_ros', 'catkin_cmake_args': None, 'catkin_skip_building_tests': False, 'cmake_args': None, 'cmake_clean_cache': False, 'cmake_clean_first': False, 'cmake_force_configure': False, 'cmake_target': None, 'cmake_target_skip_unavailable': False, 'install_base': '/home/tharun/cognipilot/cranium/install/synapse_ros', 'merge_install': False, 'path': '/home/tharun/cognipilot/cranium/src/synapse_ros', 'symlink_install': False, 'test_result_base': None}
[0.209s] INFO:colcon.colcon_core.executor:Executing jobs using 'parallel' executor
[0.209s] DEBUG:colcon.colcon_parallel_executor.executor.parallel:run_until_complete
[0.210s] INFO:colcon.colcon_ros.task.ament_cmake.build:Building ROS package in '/home/tharun/cognipilot/cranium/src/synapse_msgs' with build type 'ament_cmake'
[0.210s] INFO:colcon.colcon_cmake.task.cmake.build:Building CMake package in '/home/tharun/cognipilot/cranium/src/synapse_msgs'
[0.212s] INFO:colcon.colcon_core.plugin_system:Skipping extension 'colcon_core.shell.bat': Not used on non-Windows systems
[0.212s] INFO:colcon.colcon_core.shell:Skip shell extension 'powershell' for command environment: Not usable outside of PowerShell
[0.212s] DEBUG:colcon.colcon_core.shell:Skip shell extension 'dsv' for command environment
[0.212s] WARNING:colcon.colcon_ros.prefix_path.ament:The path '/home/tharun/cognipilot/cranium/install/synapse_ros' in the environment variable AMENT_PREFIX_PATH doesn't exist
[0.212s] WARNING:colcon.colcon_ros.prefix_path.ament:The path '/home/tharun/cognipilot/cranium/install/synapse_gz' in the environment variable AMENT_PREFIX_PATH doesn't exist
[0.212s] WARNING:colcon.colcon_ros.prefix_path.ament:The path '/home/tharun/cognipilot/cranium/install/synapse_tinyframe' in the environment variable AMENT_PREFIX_PATH doesn't exist
[0.212s] WARNING:colcon.colcon_ros.prefix_path.ament:The path '/home/tharun/cognipilot/cranium/install/synapse_protobuf' in the environment variable AMENT_PREFIX_PATH doesn't exist
[0.212s] WARNING:colcon.colcon_ros.prefix_path.ament:The path '/home/tharun/cognipilot/cranium/install/corti' in the environment variable AMENT_PREFIX_PATH doesn't exist
[0.212s] WARNING:colcon.colcon_ros.prefix_path.ament:The path '/home/tharun/cognipilot/cranium/install/synapse_msgs' in the environment variable AMENT_PREFIX_PATH doesn't exist
[0.212s] WARNING:colcon.colcon_ros.prefix_path.ament:The path '/home/tharun/cognipilot/cranium/install/dream_world' in the environment variable AMENT_PREFIX_PATH doesn't exist
[0.212s] WARNING:colcon.colcon_ros.prefix_path.ament:The path '/home/tharun/cognipilot/cranium/install/cerebri_bringup' in the environment variable AMENT_PREFIX_PATH doesn't exist
[0.212s] WARNING:colcon.colcon_ros.prefix_path.ament:The path '/home/tharun/cognipilot/cranium/install/b3rb_simulator' in the environment variable AMENT_PREFIX_PATH doesn't exist
[0.213s] WARNING:colcon.colcon_ros.prefix_path.ament:The path '/home/tharun/cognipilot/cranium/install/b3rb_desktop' in the environment variable AMENT_PREFIX_PATH doesn't exist
[0.213s] WARNING:colcon.colcon_ros.prefix_path.ament:The path '/home/tharun/cognipilot/cranium/install/b3rb_rviz' in the environment variable AMENT_PREFIX_PATH doesn't exist
[0.213s] WARNING:colcon.colcon_ros.prefix_path.ament:The path '/home/tharun/cognipilot/cranium/install/b3rb_nav2' in the environment variable AMENT_PREFIX_PATH doesn't exist
[0.213s] WARNING:colcon.colcon_ros.prefix_path.ament:The path '/home/tharun/cognipilot/cranium/install/b3rb_gz_resource' in the environment variable AMENT_PREFIX_PATH doesn't exist
[0.213s] WARNING:colcon.colcon_ros.prefix_path.ament:The path '/home/tharun/cognipilot/cranium/install/b3rb_gz_bringup' in the environment variable AMENT_PREFIX_PATH doesn't exist
[0.213s] WARNING:colcon.colcon_ros.prefix_path.ament:The path '/home/tharun/cognipilot/cranium/install/b3rb_description' in the environment variable AMENT_PREFIX_PATH doesn't exist
[0.213s] WARNING:colcon.colcon_ros.prefix_path.catkin:The path '/home/tharun/cognipilot/cranium/install/synapse_ros' in the environment variable CMAKE_PREFIX_PATH doesn't exist
[0.213s] WARNING:colcon.colcon_ros.prefix_path.catkin:The path '/home/tharun/cognipilot/cranium/install/synapse_gz' in the environment variable CMAKE_PREFIX_PATH doesn't exist
[0.213s] WARNING:colcon.colcon_ros.prefix_path.catkin:The path '/home/tharun/cognipilot/cranium/install/synapse_tinyframe' in the environment variable CMAKE_PREFIX_PATH doesn't exist
[0.213s] WARNING:colcon.colcon_ros.prefix_path.catkin:The path '/home/tharun/cognipilot/cranium/install/synapse_protobuf' in the environment variable CMAKE_PREFIX_PATH doesn't exist
[0.213s] WARNING:colcon.colcon_ros.prefix_path.catkin:The path '/home/tharun/cognipilot/cranium/install/corti' in the environment variable CMAKE_PREFIX_PATH doesn't exist
[0.213s] WARNING:colcon.colcon_ros.prefix_path.catkin:The path '/home/tharun/cognipilot/cranium/install/synapse_msgs' in the environment variable CMAKE_PREFIX_PATH doesn't exist
[0.213s] WARNING:colcon.colcon_ros.prefix_path.catkin:The path '/home/tharun/cognipilot/cranium/install/dream_world' in the environment variable CMAKE_PREFIX_PATH doesn't exist
[0.213s] WARNING:colcon.colcon_ros.prefix_path.catkin:The path '/home/tharun/cognipilot/cranium/install/cerebri_bringup' in the environment variable CMAKE_PREFIX_PATH doesn't exist
[0.213s] WARNING:colcon.colcon_ros.prefix_path.catkin:The path '/home/tharun/cognipilot/cranium/install/b3rb_simulator' in the environment variable CMAKE_PREFIX_PATH doesn't exist
[0.213s] WARNING:colcon.colcon_ros.prefix_path.catkin:The path '/home/tharun/cognipilot/cranium/install/b3rb_desktop' in the environment variable CMAKE_PREFIX_PATH doesn't exist
[0.213s] WARNING:colcon.colcon_ros.prefix_path.catkin:The path '/home/tharun/cognipilot/cranium/install/b3rb_rviz' in the environment variable CMAKE_PREFIX_PATH doesn't exist
[0.213s] WARNING:colcon.colcon_ros.prefix_path.catkin:The path '/home/tharun/cognipilot/cranium/install/b3rb_nav2' in the environment variable CMAKE_PREFIX_PATH doesn't exist
[0.213s] WARNING:colcon.colcon_ros.prefix_path.catkin:The path '/home/tharun/cognipilot/cranium/install/b3rb_gz_resource' in the environment variable CMAKE_PREFIX_PATH doesn't exist
[0.213s] WARNING:colcon.colcon_ros.prefix_path.catkin:The path '/home/tharun/cognipilot/cranium/install/b3rb_gz_bringup' in the environment variable CMAKE_PREFIX_PATH doesn't exist
[0.213s] WARNING:colcon.colcon_ros.prefix_path.catkin:The path '/home/tharun/cognipilot/cranium/install/b3rb_description' in the environment variable CMAKE_PREFIX_PATH doesn't exist
[0.215s] INFO:colcon.colcon_ros.task.ament_cmake.build:Building ROS package in '/home/tharun/cognipilot/cranium/src/synapse_protobuf' with build type 'ament_cmake'
[0.215s] INFO:colcon.colcon_cmake.task.cmake.build:Building CMake package in '/home/tharun/cognipilot/cranium/src/synapse_protobuf'
[0.215s] INFO:colcon.colcon_core.shell:Skip shell extension 'powershell' for command environment: Not usable outside of PowerShell
[0.215s] DEBUG:colcon.colcon_core.shell:Skip shell extension 'dsv' for command environment
[0.217s] INFO:colcon.colcon_ros.task.ament_cmake.build:Building ROS package in '/home/tharun/cognipilot/cranium/src/synapse_tinyframe' with build type 'ament_cmake'
[0.218s] INFO:colcon.colcon_cmake.task.cmake.build:Building CMake package in '/home/tharun/cognipilot/cranium/src/synapse_tinyframe'
[0.218s] INFO:colcon.colcon_core.shell:Skip shell extension 'powershell' for command environment: Not usable outside of PowerShell
[0.218s] DEBUG:colcon.colcon_core.shell:Skip shell extension 'dsv' for command environment
[0.220s] INFO:colcon.colcon_ros.task.ament_cmake.build:Building ROS package in '/home/tharun/cognipilot/cranium/src/b3rb_simulator/b3rb_gz_bringup' with build type 'ament_cmake'
[0.220s] INFO:colcon.colcon_cmake.task.cmake.build:Building CMake package in '/home/tharun/cognipilot/cranium/src/b3rb_simulator/b3rb_gz_bringup'
[0.220s] INFO:colcon.colcon_core.shell:Skip shell extension 'powershell' for command environment: Not usable outside of PowerShell
[0.220s] DEBUG:colcon.colcon_core.shell:Skip shell extension 'dsv' for command environment
[0.222s] INFO:colcon.colcon_ros.task.ament_cmake.build:Building ROS package in '/home/tharun/cognipilot/cranium/src/b3rb_simulator/b3rb_gz_resource' with build type 'ament_cmake'
[0.222s] INFO:colcon.colcon_cmake.task.cmake.build:Building CMake package in '/home/tharun/cognipilot/cranium/src/b3rb_simulator/b3rb_gz_resource'
[0.222s] INFO:colcon.colcon_core.shell:Skip shell extension 'powershell' for command environment: Not usable outside of PowerShell
[0.222s] DEBUG:colcon.colcon_core.shell:Skip shell extension 'dsv' for command environment
[0.225s] INFO:colcon.colcon_ros.task.ament_cmake.build:Building ROS package in '/home/tharun/cognipilot/cranium/src/b3rb_desktop/b3rb_rviz' with build type 'ament_cmake'
[0.225s] INFO:colcon.colcon_cmake.task.cmake.build:Building CMake package in '/home/tharun/cognipilot/cranium/src/b3rb_desktop/b3rb_rviz'
[0.225s] INFO:colcon.colcon_core.shell:Skip shell extension 'powershell' for command environment: Not usable outside of PowerShell
[0.225s] DEBUG:colcon.colcon_core.shell:Skip shell extension 'dsv' for command environment
[0.227s] INFO:colcon.colcon_ros.task.ament_cmake.build:Building ROS package in '/home/tharun/cognipilot/cranium/src/b3rb/b3rb_description' with build type 'ament_cmake'
[0.227s] INFO:colcon.colcon_cmake.task.cmake.build:Building CMake package in '/home/tharun/cognipilot/cranium/src/b3rb/b3rb_description'
[0.227s] INFO:colcon.colcon_core.shell:Skip shell extension 'powershell' for command environment: Not usable outside of PowerShell
[0.227s] DEBUG:colcon.colcon_core.shell:Skip shell extension 'dsv' for command environment
[0.229s] INFO:colcon.colcon_ros.task.ament_cmake.build:Building ROS package in '/home/tharun/cognipilot/cranium/src/b3rb/b3rb_nav2' with build type 'ament_cmake'
[0.229s] INFO:colcon.colcon_cmake.task.cmake.build:Building CMake package in '/home/tharun/cognipilot/cranium/src/b3rb/b3rb_nav2'
[0.230s] INFO:colcon.colcon_core.shell:Skip shell extension 'powershell' for command environment: Not usable outside of PowerShell
[0.230s] DEBUG:colcon.colcon_core.shell:Skip shell extension 'dsv' for command environment
[0.232s] INFO:colcon.colcon_ros.task.ament_cmake.build:Building ROS package in '/home/tharun/cognipilot/cranium/src/cerebri_bringup' with build type 'ament_cmake'
[0.232s] INFO:colcon.colcon_cmake.task.cmake.build:Building CMake package in '/home/tharun/cognipilot/cranium/src/cerebri_bringup'
[0.232s] INFO:colcon.colcon_core.shell:Skip shell extension 'powershell' for command environment: Not usable outside of PowerShell
[0.232s] DEBUG:colcon.colcon_core.shell:Skip shell extension 'dsv' for command environment
[0.235s] INFO:colcon.colcon_ros.task.ament_cmake.build:Building ROS package in '/home/tharun/cognipilot/cranium/src/dream_world/dream_world' with build type 'ament_cmake'
[0.235s] INFO:colcon.colcon_cmake.task.cmake.build:Building CMake package in '/home/tharun/cognipilot/cranium/src/dream_world/dream_world'
[0.235s] INFO:colcon.colcon_core.shell:Skip shell extension 'powershell' for command environment: Not usable outside of PowerShell
[0.235s] DEBUG:colcon.colcon_core.shell:Skip shell extension 'dsv' for command environment
[0.240s] DEBUG:colcon.colcon_core.event_handler.log_command:Invoking command in '/home/tharun/cognipilot/cranium/build/synapse_msgs': CMAKE_PREFIX_PATH=${CMAKE_PREFIX_PATH}:/opt/ros/humble /usr/bin/cmake /home/tharun/cognipilot/cranium/src/synapse_msgs -DCMAKE_INSTALL_PREFIX=/home/tharun/cognipilot/cranium/install/synapse_msgs
[0.242s] DEBUG:colcon.colcon_core.event_handler.log_command:Invoking command in '/home/tharun/cognipilot/cranium/build/synapse_protobuf': CMAKE_PREFIX_PATH=${CMAKE_PREFIX_PATH}:/opt/ros/humble /usr/bin/cmake /home/tharun/cognipilot/cranium/src/synapse_protobuf -DCMAKE_INSTALL_PREFIX=/home/tharun/cognipilot/cranium/install/synapse_protobuf
[0.243s] DEBUG:colcon.colcon_core.event_handler.log_command:Invoking command in '/home/tharun/cognipilot/cranium/build/synapse_tinyframe': CMAKE_PREFIX_PATH=${CMAKE_PREFIX_PATH}:/opt/ros/humble /usr/bin/cmake /home/tharun/cognipilot/cranium/src/synapse_tinyframe -DCMAKE_INSTALL_PREFIX=/home/tharun/cognipilot/cranium/install/synapse_tinyframe
[0.245s] DEBUG:colcon.colcon_core.event_handler.log_command:Invoking command in '/home/tharun/cognipilot/cranium/build/b3rb_gz_bringup': CMAKE_PREFIX_PATH=${CMAKE_PREFIX_PATH}:/opt/ros/humble /usr/bin/cmake /home/tharun/cognipilot/cranium/src/b3rb_simulator/b3rb_gz_bringup -DCMAKE_INSTALL_PREFIX=/home/tharun/cognipilot/cranium/install/b3rb_gz_bringup
[0.248s] DEBUG:colcon.colcon_core.event_handler.log_command:Invoking command in '/home/tharun/cognipilot/cranium/build/b3rb_gz_resource': CMAKE_PREFIX_PATH=${CMAKE_PREFIX_PATH}:/opt/ros/humble /usr/bin/cmake /home/tharun/cognipilot/cranium/src/b3rb_simulator/b3rb_gz_resource -DCMAKE_INSTALL_PREFIX=/home/tharun/cognipilot/cranium/install/b3rb_gz_resource
[0.251s] DEBUG:colcon.colcon_core.event_handler.log_command:Invoking command in '/home/tharun/cognipilot/cranium/build/b3rb_rviz': CMAKE_PREFIX_PATH=${CMAKE_PREFIX_PATH}:/opt/ros/humble /usr/bin/cmake /home/tharun/cognipilot/cranium/src/b3rb_desktop/b3rb_rviz -DCMAKE_INSTALL_PREFIX=/home/tharun/cognipilot/cranium/install/b3rb_rviz
[0.255s] DEBUG:colcon.colcon_core.event_handler.log_command:Invoking command in '/home/tharun/cognipilot/cranium/build/b3rb_description': CMAKE_PREFIX_PATH=${CMAKE_PREFIX_PATH}:/opt/ros/humble /usr/bin/cmake /home/tharun/cognipilot/cranium/src/b3rb/b3rb_description -DCMAKE_INSTALL_PREFIX=/home/tharun/cognipilot/cranium/install/b3rb_description
[0.258s] DEBUG:colcon.colcon_core.event_handler.log_command:Invoking command in '/home/tharun/cognipilot/cranium/build/b3rb_nav2': CMAKE_PREFIX_PATH=${CMAKE_PREFIX_PATH}:/opt/ros/humble /usr/bin/cmake /home/tharun/cognipilot/cranium/src/b3rb/b3rb_nav2 -DCMAKE_INSTALL_PREFIX=/home/tharun/cognipilot/cranium/install/b3rb_nav2
[0.261s] DEBUG:colcon.colcon_core.event_handler.log_command:Invoking command in '/home/tharun/cognipilot/cranium/build/cerebri_bringup': CMAKE_PREFIX_PATH=${CMAKE_PREFIX_PATH}:/opt/ros/humble /usr/bin/cmake /home/tharun/cognipilot/cranium/src/cerebri_bringup -DCMAKE_INSTALL_PREFIX=/home/tharun/cognipilot/cranium/install/cerebri_bringup
[0.272s] DEBUG:colcon.colcon_core.event_handler.log_command:Invoking command in '/home/tharun/cognipilot/cranium/build/dream_world': CMAKE_PREFIX_PATH=${CMAKE_PREFIX_PATH}:/opt/ros/humble /usr/bin/cmake /home/tharun/cognipilot/cranium/src/dream_world/dream_world -DCMAKE_INSTALL_PREFIX=/home/tharun/cognipilot/cranium/install/dream_world
[1.010s] DEBUG:colcon.colcon_core.event_handler.log_command:Invoked command in '/home/tharun/cognipilot/cranium/build/synapse_tinyframe' returned '0': CMAKE_PREFIX_PATH=${CMAKE_PREFIX_PATH}:/opt/ros/humble /usr/bin/cmake /home/tharun/cognipilot/cranium/src/synapse_tinyframe -DCMAKE_INSTALL_PREFIX=/home/tharun/cognipilot/cranium/install/synapse_tinyframe
[1.018s] DEBUG:colcon.colcon_core.event_handler.log_command:Invoking command in '/home/tharun/cognipilot/cranium/build/synapse_tinyframe': CMAKE_PREFIX_PATH=${CMAKE_PREFIX_PATH}:/opt/ros/humble /usr/bin/cmake --build /home/tharun/cognipilot/cranium/build/synapse_tinyframe -- -j12 -l12
[1.022s] DEBUG:colcon.colcon_core.event_handler.log_command:Invoked command in '/home/tharun/cognipilot/cranium/build/cerebri_bringup' returned '0': CMAKE_PREFIX_PATH=${CMAKE_PREFIX_PATH}:/opt/ros/humble /usr/bin/cmake /home/tharun/cognipilot/cranium/src/cerebri_bringup -DCMAKE_INSTALL_PREFIX=/home/tharun/cognipilot/cranium/install/cerebri_bringup
[1.022s] DEBUG:colcon.colcon_core.event_handler.log_command:Invoking command in '/home/tharun/cognipilot/cranium/build/cerebri_bringup': CMAKE_PREFIX_PATH=${CMAKE_PREFIX_PATH}:/opt/ros/humble /usr/bin/cmake --build /home/tharun/cognipilot/cranium/build/cerebri_bringup -- -j12 -l12
[1.023s] DEBUG:colcon.colcon_core.event_handler.log_command:Invoked command in '/home/tharun/cognipilot/cranium/build/b3rb_rviz' returned '0': CMAKE_PREFIX_PATH=${CMAKE_PREFIX_PATH}:/opt/ros/humble /usr/bin/cmake /home/tharun/cognipilot/cranium/src/b3rb_desktop/b3rb_rviz -DCMAKE_INSTALL_PREFIX=/home/tharun/cognipilot/cranium/install/b3rb_rviz
[1.026s] DEBUG:colcon.colcon_core.event_handler.log_command:Invoking command in '/home/tharun/cognipilot/cranium/build/b3rb_rviz': CMAKE_PREFIX_PATH=${CMAKE_PREFIX_PATH}:/opt/ros/humble /usr/bin/cmake --build /home/tharun/cognipilot/cranium/build/b3rb_rviz -- -j12 -l12
[1.032s] DEBUG:colcon.colcon_core.event_handler.log_command:Invoked command in '/home/tharun/cognipilot/cranium/build/b3rb_nav2' returned '0': CMAKE_PREFIX_PATH=${CMAKE_PREFIX_PATH}:/opt/ros/humble /usr/bin/cmake /home/tharun/cognipilot/cranium/src/b3rb/b3rb_nav2 -DCMAKE_INSTALL_PREFIX=/home/tharun/cognipilot/cranium/install/b3rb_nav2
[1.033s] DEBUG:colcon.colcon_core.event_handler.log_command:Invoking command in '/home/tharun/cognipilot/cranium/build/b3rb_nav2': CMAKE_PREFIX_PATH=${CMAKE_PREFIX_PATH}:/opt/ros/humble /usr/bin/cmake --build /home/tharun/cognipilot/cranium/build/b3rb_nav2 -- -j12 -l12
[1.036s] DEBUG:colcon.colcon_core.event_handler.log_command:Invoked command in '/home/tharun/cognipilot/cranium/build/b3rb_gz_bringup' returned '0': CMAKE_PREFIX_PATH=${CMAKE_PREFIX_PATH}:/opt/ros/humble /usr/bin/cmake /home/tharun/cognipilot/cranium/src/b3rb_simulator/b3rb_gz_bringup -DCMAKE_INSTALL_PREFIX=/home/tharun/cognipilot/cranium/install/b3rb_gz_bringup
[1.037s] DEBUG:colcon.colcon_core.event_handler.log_command:Invoking command in '/home/tharun/cognipilot/cranium/build/b3rb_gz_bringup': CMAKE_PREFIX_PATH=${CMAKE_PREFIX_PATH}:/opt/ros/humble /usr/bin/cmake --build /home/tharun/cognipilot/cranium/build/b3rb_gz_bringup -- -j12 -l12
[1.051s] DEBUG:colcon.colcon_core.event_handler.log_command:Invoked command in '/home/tharun/cognipilot/cranium/build/b3rb_gz_resource' returned '0': CMAKE_PREFIX_PATH=${CMAKE_PREFIX_PATH}:/opt/ros/humble /usr/bin/cmake /home/tharun/cognipilot/cranium/src/b3rb_simulator/b3rb_gz_resource -DCMAKE_INSTALL_PREFIX=/home/tharun/cognipilot/cranium/install/b3rb_gz_resource
[1.051s] DEBUG:colcon.colcon_core.event_handler.log_command:Invoking command in '/home/tharun/cognipilot/cranium/build/b3rb_gz_resource': CMAKE_PREFIX_PATH=${CMAKE_PREFIX_PATH}:/opt/ros/humble /usr/bin/cmake --build /home/tharun/cognipilot/cranium/build/b3rb_gz_resource -- -j12 -l12
[1.071s] DEBUG:colcon.colcon_core.event_handler.log_command:Invoked command in '/home/tharun/cognipilot/cranium/build/cerebri_bringup' returned '0': CMAKE_PREFIX_PATH=${CMAKE_PREFIX_PATH}:/opt/ros/humble /usr/bin/cmake --build /home/tharun/cognipilot/cranium/build/cerebri_bringup -- -j12 -l12
[1.084s] DEBUG:colcon.colcon_core.event_handler.log_command:Invoking command in '/home/tharun/cognipilot/cranium/build/cerebri_bringup': CMAKE_PREFIX_PATH=${CMAKE_PREFIX_PATH}:/opt/ros/humble /usr/bin/cmake --install /home/tharun/cognipilot/cranium/build/cerebri_bringup
[1.086s] DEBUG:colcon.colcon_core.event_handler.log_command:Invoked command in '/home/tharun/cognipilot/cranium/build/b3rb_gz_bringup' returned '0': CMAKE_PREFIX_PATH=${CMAKE_PREFIX_PATH}:/opt/ros/humble /usr/bin/cmake --build /home/tharun/cognipilot/cranium/build/b3rb_gz_bringup -- -j12 -l12
[1.088s] DEBUG:colcon.colcon_core.event_handler.log_command:Invoking command in '/home/tharun/cognipilot/cranium/build/b3rb_gz_bringup': CMAKE_PREFIX_PATH=${CMAKE_PREFIX_PATH}:/opt/ros/humble /usr/bin/cmake --install /home/tharun/cognipilot/cranium/build/b3rb_gz_bringup
[1.089s] DEBUG:colcon.colcon_core.event_handler.log_command:Invoked command in '/home/tharun/cognipilot/cranium/build/b3rb_rviz' returned '0': CMAKE_PREFIX_PATH=${CMAKE_PREFIX_PATH}:/opt/ros/humble /usr/bin/cmake --build /home/tharun/cognipilot/cranium/build/b3rb_rviz -- -j12 -l12
[1.091s] DEBUG:colcon.colcon_core.event_handler.log_command:Invoking command in '/home/tharun/cognipilot/cranium/build/b3rb_rviz': CMAKE_PREFIX_PATH=${CMAKE_PREFIX_PATH}:/opt/ros/humble /usr/bin/cmake --install /home/tharun/cognipilot/cranium/build/b3rb_rviz
[1.092s] DEBUG:colcon.colcon_core.event_handler.log_command:Invoked command in '/home/tharun/cognipilot/cranium/build/dream_world' returned '0': CMAKE_PREFIX_PATH=${CMAKE_PREFIX_PATH}:/opt/ros/humble /usr/bin/cmake /home/tharun/cognipilot/cranium/src/dream_world/dream_world -DCMAKE_INSTALL_PREFIX=/home/tharun/cognipilot/cranium/install/dream_world
[1.094s] DEBUG:colcon.colcon_core.event_handler.log_command:Invoking command in '/home/tharun/cognipilot/cranium/build/dream_world': CMAKE_PREFIX_PATH=${CMAKE_PREFIX_PATH}:/opt/ros/humble /usr/bin/cmake --build /home/tharun/cognipilot/cranium/build/dream_world -- -j12 -l12
[1.100s] DEBUG:colcon.colcon_core.event_handler.log_command:Invoked command in '/home/tharun/cognipilot/cranium/build/b3rb_nav2' returned '0': CMAKE_PREFIX_PATH=${CMAKE_PREFIX_PATH}:/opt/ros/humble /usr/bin/cmake --build /home/tharun/cognipilot/cranium/build/b3rb_nav2 -- -j12 -l12
[1.100s] DEBUG:colcon.colcon_core.event_handler.log_command:Invoking command in '/home/tharun/cognipilot/cranium/build/b3rb_nav2': CMAKE_PREFIX_PATH=${CMAKE_PREFIX_PATH}:/opt/ros/humble /usr/bin/cmake --install /home/tharun/cognipilot/cranium/build/b3rb_nav2
[1.101s] DEBUG:colcon.colcon_core.event_handler.log_command:Invoked command in '/home/tharun/cognipilot/cranium/build/b3rb_gz_resource' returned '0': CMAKE_PREFIX_PATH=${CMAKE_PREFIX_PATH}:/opt/ros/humble /usr/bin/cmake --build /home/tharun/cognipilot/cranium/build/b3rb_gz_resource -- -j12 -l12
[1.102s] DEBUG:colcon.colcon_core.event_handler.log_command:Invoking command in '/home/tharun/cognipilot/cranium/build/b3rb_gz_resource': CMAKE_PREFIX_PATH=${CMAKE_PREFIX_PATH}:/opt/ros/humble /usr/bin/cmake --install /home/tharun/cognipilot/cranium/build/b3rb_gz_resource
[1.103s] DEBUG:colcon.colcon_core.event_handler.log_command:Invoked command in '/home/tharun/cognipilot/cranium/build/b3rb_description' returned '0': CMAKE_PREFIX_PATH=${CMAKE_PREFIX_PATH}:/opt/ros/humble /usr/bin/cmake /home/tharun/cognipilot/cranium/src/b3rb/b3rb_description -DCMAKE_INSTALL_PREFIX=/home/tharun/cognipilot/cranium/install/b3rb_description
[1.105s] DEBUG:colcon.colcon_core.event_handler.log_command:Invoking command in '/home/tharun/cognipilot/cranium/build/b3rb_description': CMAKE_PREFIX_PATH=${CMAKE_PREFIX_PATH}:/opt/ros/humble /usr/bin/cmake --build /home/tharun/cognipilot/cranium/build/b3rb_description -- -j12 -l12
[1.106s] Level 1:colcon.colcon_core.environment:create_environment_scripts_only(cerebri_bringup)
[1.106s] DEBUG:colcon.colcon_core.event_handler.log_command:Invoked command in '/home/tharun/cognipilot/cranium/build/cerebri_bringup' returned '0': CMAKE_PREFIX_PATH=${CMAKE_PREFIX_PATH}:/opt/ros/humble /usr/bin/cmake --install /home/tharun/cognipilot/cranium/build/cerebri_bringup
[1.115s] Level 1:colcon.colcon_core.environment:checking '/home/tharun/cognipilot/cranium/install/cerebri_bringup' for CMake module files
[1.116s] Level 1:colcon.colcon_core.environment:checking '/home/tharun/cognipilot/cranium/install/cerebri_bringup' for CMake config files
[1.117s] Level 1:colcon.colcon_core.shell:create_environment_hook('cerebri_bringup', 'cmake_prefix_path')
[1.118s] INFO:colcon.colcon_core.shell:Creating environment hook '/home/tharun/cognipilot/cranium/install/cerebri_bringup/share/cerebri_bringup/hook/cmake_prefix_path.ps1'
[1.119s] INFO:colcon.colcon_core.shell:Creating environment descriptor '/home/tharun/cognipilot/cranium/install/cerebri_bringup/share/cerebri_bringup/hook/cmake_prefix_path.dsv'
[1.120s] INFO:colcon.colcon_core.shell:Creating environment hook '/home/tharun/cognipilot/cranium/install/cerebri_bringup/share/cerebri_bringup/hook/cmake_prefix_path.sh'
[1.121s] Level 1:colcon.colcon_core.environment:checking '/home/tharun/cognipilot/cranium/install/cerebri_bringup/bin'
[1.121s] Level 1:colcon.colcon_core.environment:checking '/home/tharun/cognipilot/cranium/install/cerebri_bringup/lib/pkgconfig/cerebri_bringup.pc'
[1.123s] Level 1:colcon.colcon_core.environment:checking '/home/tharun/cognipilot/cranium/install/cerebri_bringup/lib/python3.10/site-packages'
[1.123s] Level 1:colcon.colcon_core.environment:checking '/home/tharun/cognipilot/cranium/install/cerebri_bringup/bin'
[1.124s] INFO:colcon.colcon_core.shell:Creating package script '/home/tharun/cognipilot/cranium/install/cerebri_bringup/share/cerebri_bringup/package.ps1'
[1.125s] INFO:colcon.colcon_core.shell:Creating package descriptor '/home/tharun/cognipilot/cranium/install/cerebri_bringup/share/cerebri_bringup/package.dsv'
[1.126s] INFO:colcon.colcon_core.shell:Creating package script '/home/tharun/cognipilot/cranium/install/cerebri_bringup/share/cerebri_bringup/package.sh'
[1.127s] INFO:colcon.colcon_core.shell:Creating package script '/home/tharun/cognipilot/cranium/install/cerebri_bringup/share/cerebri_bringup/package.bash'
[1.128s] INFO:colcon.colcon_core.shell:Creating package script '/home/tharun/cognipilot/cranium/install/cerebri_bringup/share/cerebri_bringup/package.zsh'
[1.130s] Level 1:colcon.colcon_core.environment:create_file_with_runtime_dependencies(/home/tharun/cognipilot/cranium/install/cerebri_bringup/share/colcon-core/packages/cerebri_bringup)
[1.131s] Level 1:colcon.colcon_core.environment:create_environment_scripts_only(cerebri_bringup)
[1.131s] Level 1:colcon.colcon_core.environment:checking '/home/tharun/cognipilot/cranium/install/cerebri_bringup' for CMake module files
[1.132s] Level 1:colcon.colcon_core.environment:checking '/home/tharun/cognipilot/cranium/install/cerebri_bringup' for CMake config files
[1.132s] Level 1:colcon.colcon_core.shell:create_environment_hook('cerebri_bringup', 'cmake_prefix_path')
[1.133s] INFO:colcon.colcon_core.shell:Creating environment hook '/home/tharun/cognipilot/cranium/install/cerebri_bringup/share/cerebri_bringup/hook/cmake_prefix_path.ps1'
[1.133s] INFO:colcon.colcon_core.shell:Creating environment descriptor '/home/tharun/cognipilot/cranium/install/cerebri_bringup/share/cerebri_bringup/hook/cmake_prefix_path.dsv'
[1.134s] INFO:colcon.colcon_core.shell:Creating environment hook '/home/tharun/cognipilot/cranium/install/cerebri_bringup/share/cerebri_bringup/hook/cmake_prefix_path.sh'
[1.135s] Level 1:colcon.colcon_core.environment:checking '/home/tharun/cognipilot/cranium/install/cerebri_bringup/bin'
[1.135s] Level 1:colcon.colcon_core.environment:checking '/home/tharun/cognipilot/cranium/install/cerebri_bringup/lib/pkgconfig/cerebri_bringup.pc'
[1.135s] Level 1:colcon.colcon_core.environment:checking '/home/tharun/cognipilot/cranium/install/cerebri_bringup/lib/python3.10/site-packages'
[1.136s] Level 1:colcon.colcon_core.environment:checking '/home/tharun/cognipilot/cranium/install/cerebri_bringup/bin'
[1.136s] INFO:colcon.colcon_core.shell:Creating package script '/home/tharun/cognipilot/cranium/install/cerebri_bringup/share/cerebri_bringup/package.ps1'
[1.137s] INFO:colcon.colcon_core.shell:Creating package descriptor '/home/tharun/cognipilot/cranium/install/cerebri_bringup/share/cerebri_bringup/package.dsv'
[1.138s] INFO:colcon.colcon_core.shell:Creating package script '/home/tharun/cognipilot/cranium/install/cerebri_bringup/share/cerebri_bringup/package.sh'
[1.138s] INFO:colcon.colcon_core.shell:Creating package script '/home/tharun/cognipilot/cranium/install/cerebri_bringup/share/cerebri_bringup/package.bash'
[1.139s] INFO:colcon.colcon_core.shell:Creating package script '/home/tharun/cognipilot/cranium/install/cerebri_bringup/share/cerebri_bringup/package.zsh'
[1.139s] Level 1:colcon.colcon_core.environment:create_file_with_runtime_dependencies(/home/tharun/cognipilot/cranium/install/cerebri_bringup/share/colcon-core/packages/cerebri_bringup)
[1.140s] Level 1:colcon.colcon_core.environment:create_environment_scripts_only(b3rb_gz_bringup)
[1.140s] Level 1:colcon.colcon_core.environment:checking '/home/tharun/cognipilot/cranium/install/b3rb_gz_bringup' for CMake module files
[1.142s] DEBUG:colcon.colcon_core.event_handler.log_command:Invoked command in '/home/tharun/cognipilot/cranium/build/b3rb_gz_bringup' returned '0': CMAKE_PREFIX_PATH=${CMAKE_PREFIX_PATH}:/opt/ros/humble /usr/bin/cmake --install /home/tharun/cognipilot/cranium/build/b3rb_gz_bringup
[1.142s] Level 1:colcon.colcon_core.environment:checking '/home/tharun/cognipilot/cranium/install/b3rb_gz_bringup' for CMake config files
[1.142s] Level 1:colcon.colcon_core.shell:create_environment_hook('b3rb_gz_bringup', 'cmake_prefix_path')
[1.142s] INFO:colcon.colcon_core.shell:Creating environment hook '/home/tharun/cognipilot/cranium/install/b3rb_gz_bringup/share/b3rb_gz_bringup/hook/cmake_prefix_path.ps1'
[1.143s] INFO:colcon.colcon_core.shell:Creating environment descriptor '/home/tharun/cognipilot/cranium/install/b3rb_gz_bringup/share/b3rb_gz_bringup/hook/cmake_prefix_path.dsv'
[1.143s] INFO:colcon.colcon_core.shell:Creating environment hook '/home/tharun/cognipilot/cranium/install/b3rb_gz_bringup/share/b3rb_gz_bringup/hook/cmake_prefix_path.sh'
[1.143s] Level 1:colcon.colcon_core.environment:checking '/home/tharun/cognipilot/cranium/install/b3rb_gz_bringup/bin'
[1.143s] Level 1:colcon.colcon_core.environment:checking '/home/tharun/cognipilot/cranium/install/b3rb_gz_bringup/lib/pkgconfig/b3rb_gz_bringup.pc'
[1.143s] Level 1:colcon.colcon_core.environment:checking '/home/tharun/cognipilot/cranium/install/b3rb_gz_bringup/lib/python3.10/site-packages'
[1.144s] Level 1:colcon.colcon_core.environment:checking '/home/tharun/cognipilot/cranium/install/b3rb_gz_bringup/bin'
[1.144s] INFO:colcon.colcon_core.shell:Creating package script '/home/tharun/cognipilot/cranium/install/b3rb_gz_bringup/share/b3rb_gz_bringup/package.ps1'
[1.144s] INFO:colcon.colcon_core.shell:Creating package descriptor '/home/tharun/cognipilot/cranium/install/b3rb_gz_bringup/share/b3rb_gz_bringup/package.dsv'
[1.144s] INFO:colcon.colcon_core.shell:Creating package script '/home/tharun/cognipilot/cranium/install/b3rb_gz_bringup/share/b3rb_gz_bringup/package.sh'
[1.145s] INFO:colcon.colcon_core.shell:Creating package script '/home/tharun/cognipilot/cranium/install/b3rb_gz_bringup/share/b3rb_gz_bringup/package.bash'
[1.145s] INFO:colcon.colcon_core.shell:Creating package script '/home/tharun/cognipilot/cranium/install/b3rb_gz_bringup/share/b3rb_gz_bringup/package.zsh'
[1.145s] Level 1:colcon.colcon_core.environment:create_file_with_runtime_dependencies(/home/tharun/cognipilot/cranium/install/b3rb_gz_bringup/share/colcon-core/packages/b3rb_gz_bringup)
[1.145s] Level 1:colcon.colcon_core.environment:create_environment_scripts_only(b3rb_gz_bringup)
[1.145s] Level 1:colcon.colcon_core.environment:checking '/home/tharun/cognipilot/cranium/install/b3rb_gz_bringup' for CMake module files
[1.146s] Level 1:colcon.colcon_core.environment:checking '/home/tharun/cognipilot/cranium/install/b3rb_gz_bringup' for CMake config files
[1.146s] Level 1:colcon.colcon_core.shell:create_environment_hook('b3rb_gz_bringup', 'cmake_prefix_path')
[1.146s] INFO:colcon.colcon_core.shell:Creating environment hook '/home/tharun/cognipilot/cranium/install/b3rb_gz_bringup/share/b3rb_gz_bringup/hook/cmake_prefix_path.ps1'
[1.146s] INFO:colcon.colcon_core.shell:Creating environment descriptor '/home/tharun/cognipilot/cranium/install/b3rb_gz_bringup/share/b3rb_gz_bringup/hook/cmake_prefix_path.dsv'
[1.146s] INFO:colcon.colcon_core.shell:Creating environment hook '/home/tharun/cognipilot/cranium/install/b3rb_gz_bringup/share/b3rb_gz_bringup/hook/cmake_prefix_path.sh'
[1.147s] Level 1:colcon.colcon_core.environment:checking '/home/tharun/cognipilot/cranium/install/b3rb_gz_bringup/bin'
[1.147s] Level 1:colcon.colcon_core.environment:checking '/home/tharun/cognipilot/cranium/install/b3rb_gz_bringup/lib/pkgconfig/b3rb_gz_bringup.pc'
[1.147s] Level 1:colcon.colcon_core.environment:checking '/home/tharun/cognipilot/cranium/install/b3rb_gz_bringup/lib/python3.10/site-packages'
[1.147s] Level 1:colcon.colcon_core.environment:checking '/home/tharun/cognipilot/cranium/install/b3rb_gz_bringup/bin'
[1.147s] INFO:colcon.colcon_core.shell:Creating package script '/home/tharun/cognipilot/cranium/install/b3rb_gz_bringup/share/b3rb_gz_bringup/package.ps1'
[1.148s] INFO:colcon.colcon_core.shell:Creating package descriptor '/home/tharun/cognipilot/cranium/install/b3rb_gz_bringup/share/b3rb_gz_bringup/package.dsv'
[1.148s] INFO:colcon.colcon_core.shell:Creating package script '/home/tharun/cognipilot/cranium/install/b3rb_gz_bringup/share/b3rb_gz_bringup/package.sh'
[1.148s] INFO:colcon.colcon_core.shell:Creating package script '/home/tharun/cognipilot/cranium/install/b3rb_gz_bringup/share/b3rb_gz_bringup/package.bash'
[1.148s] INFO:colcon.colcon_core.shell:Creating package script '/home/tharun/cognipilot/cranium/install/b3rb_gz_bringup/share/b3rb_gz_bringup/package.zsh'
[1.148s] Level 1:colcon.colcon_core.environment:create_file_with_runtime_dependencies(/home/tharun/cognipilot/cranium/install/b3rb_gz_bringup/share/colcon-core/packages/b3rb_gz_bringup)
[1.150s] Level 1:colcon.colcon_core.environment:create_environment_scripts_only(b3rb_rviz)
[1.150s] Level 1:colcon.colcon_core.environment:checking '/home/tharun/cognipilot/cranium/install/b3rb_rviz' for CMake module files
[1.150s] DEBUG:colcon.colcon_core.event_handler.log_command:Invoked command in '/home/tharun/cognipilot/cranium/build/b3rb_rviz' returned '0': CMAKE_PREFIX_PATH=${CMAKE_PREFIX_PATH}:/opt/ros/humble /usr/bin/cmake --install /home/tharun/cognipilot/cranium/build/b3rb_rviz
[1.151s] Level 1:colcon.colcon_core.environment:checking '/home/tharun/cognipilot/cranium/install/b3rb_rviz' for CMake config files
[1.151s] Level 1:colcon.colcon_core.shell:create_environment_hook('b3rb_rviz', 'cmake_prefix_path')
[1.151s] INFO:colcon.colcon_core.shell:Creating environment hook '/home/tharun/cognipilot/cranium/install/b3rb_rviz/share/b3rb_rviz/hook/cmake_prefix_path.ps1'
[1.151s] INFO:colcon.colcon_core.shell:Creating environment descriptor '/home/tharun/cognipilot/cranium/install/b3rb_rviz/share/b3rb_rviz/hook/cmake_prefix_path.dsv'
[1.152s] INFO:colcon.colcon_core.shell:Creating environment hook '/home/tharun/cognipilot/cranium/install/b3rb_rviz/share/b3rb_rviz/hook/cmake_prefix_path.sh'
[1.152s] Level 1:colcon.colcon_core.environment:checking '/home/tharun/cognipilot/cranium/install/b3rb_rviz/bin'
[1.152s] Level 1:colcon.colcon_core.environment:checking '/home/tharun/cognipilot/cranium/install/b3rb_rviz/lib/pkgconfig/b3rb_rviz.pc'
[1.152s] Level 1:colcon.colcon_core.environment:checking '/home/tharun/cognipilot/cranium/install/b3rb_rviz/lib/python3.10/site-packages'
[1.153s] Level 1:colcon.colcon_core.environment:checking '/home/tharun/cognipilot/cranium/install/b3rb_rviz/bin'
[1.153s] INFO:colcon.colcon_core.shell:Creating package script '/home/tharun/cognipilot/cranium/install/b3rb_rviz/share/b3rb_rviz/package.ps1'
[1.153s] INFO:colcon.colcon_core.shell:Creating package descriptor '/home/tharun/cognipilot/cranium/install/b3rb_rviz/share/b3rb_rviz/package.dsv'
[1.154s] INFO:colcon.colcon_core.shell:Creating package script '/home/tharun/cognipilot/cranium/install/b3rb_rviz/share/b3rb_rviz/package.sh'
[1.154s] INFO:colcon.colcon_core.shell:Creating package script '/home/tharun/cognipilot/cranium/install/b3rb_rviz/share/b3rb_rviz/package.bash'
[1.154s] INFO:colcon.colcon_core.shell:Creating package script '/home/tharun/cognipilot/cranium/install/b3rb_rviz/share/b3rb_rviz/package.zsh'
[1.154s] Level 1:colcon.colcon_core.environment:create_file_with_runtime_dependencies(/home/tharun/cognipilot/cranium/install/b3rb_rviz/share/colcon-core/packages/b3rb_rviz)
[1.155s] Level 1:colcon.colcon_core.environment:create_environment_scripts_only(b3rb_rviz)
[1.155s] Level 1:colcon.colcon_core.environment:checking '/home/tharun/cognipilot/cranium/install/b3rb_rviz' for CMake module files
[1.155s] Level 1:colcon.colcon_core.environment:checking '/home/tharun/cognipilot/cranium/install/b3rb_rviz' for CMake config files
[1.155s] Level 1:colcon.colcon_core.shell:create_environment_hook('b3rb_rviz', 'cmake_prefix_path')
[1.156s] INFO:colcon.colcon_core.shell:Creating environment hook '/home/tharun/cognipilot/cranium/install/b3rb_rviz/share/b3rb_rviz/hook/cmake_prefix_path.ps1'
[1.156s] INFO:colcon.colcon_core.shell:Creating environment descriptor '/home/tharun/cognipilot/cranium/install/b3rb_rviz/share/b3rb_rviz/hook/cmake_prefix_path.dsv'
[1.156s] INFO:colcon.colcon_core.shell:Creating environment hook '/home/tharun/cognipilot/cranium/install/b3rb_rviz/share/b3rb_rviz/hook/cmake_prefix_path.sh'
[1.156s] Level 1:colcon.colcon_core.environment:checking '/home/tharun/cognipilot/cranium/install/b3rb_rviz/bin'
[1.156s] Level 1:colcon.colcon_core.environment:checking '/home/tharun/cognipilot/cranium/install/b3rb_rviz/lib/pkgconfig/b3rb_rviz.pc'
[1.157s] Level 1:colcon.colcon_core.environment:checking '/home/tharun/cognipilot/cranium/install/b3rb_rviz/lib/python3.10/site-packages'
[1.157s] Level 1:colcon.colcon_core.environment:checking '/home/tharun/cognipilot/cranium/install/b3rb_rviz/bin'
[1.157s] INFO:colcon.colcon_core.shell:Creating package script '/home/tharun/cognipilot/cranium/install/b3rb_rviz/share/b3rb_rviz/package.ps1'
[1.157s] INFO:colcon.colcon_core.shell:Creating package descriptor '/home/tharun/cognipilot/cranium/install/b3rb_rviz/share/b3rb_rviz/package.dsv'
[1.158s] INFO:colcon.colcon_core.shell:Creating package script '/home/tharun/cognipilot/cranium/install/b3rb_rviz/share/b3rb_rviz/package.sh'
[1.158s] INFO:colcon.colcon_core.shell:Creating package script '/home/tharun/cognipilot/cranium/install/b3rb_rviz/share/b3rb_rviz/package.bash'
[1.158s] INFO:colcon.colcon_core.shell:Creating package script '/home/tharun/cognipilot/cranium/install/b3rb_rviz/share/b3rb_rviz/package.zsh'
[1.159s] Level 1:colcon.colcon_core.environment:create_file_with_runtime_dependencies(/home/tharun/cognipilot/cranium/install/b3rb_rviz/share/colcon-core/packages/b3rb_rviz)
[1.159s] INFO:colcon.colcon_ros.task.ament_cmake.build:Building ROS package in '/home/tharun/cognipilot/cranium/src/b3rb_desktop/b3rb_desktop' with build type 'ament_cmake'
[1.159s] INFO:colcon.colcon_cmake.task.cmake.build:Building CMake package in '/home/tharun/cognipilot/cranium/src/b3rb_desktop/b3rb_desktop'
[1.159s] INFO:colcon.colcon_core.shell:Skip shell extension 'powershell' for command environment: Not usable outside of PowerShell
[1.159s] DEBUG:colcon.colcon_core.shell:Skip shell extension 'dsv' for command environment
[1.162s] Level 1:colcon.colcon_core.environment:create_environment_scripts_only(b3rb_nav2)
[1.162s] Level 1:colcon.colcon_core.environment:checking '/home/tharun/cognipilot/cranium/install/b3rb_nav2' for CMake module files
[1.162s] DEBUG:colcon.colcon_core.event_handler.log_command:Invoked command in '/home/tharun/cognipilot/cranium/build/b3rb_nav2' returned '0': CMAKE_PREFIX_PATH=${CMAKE_PREFIX_PATH}:/opt/ros/humble /usr/bin/cmake --install /home/tharun/cognipilot/cranium/build/b3rb_nav2
[1.163s] Level 1:colcon.colcon_core.environment:checking '/home/tharun/cognipilot/cranium/install/b3rb_nav2' for CMake config files
[1.163s] Level 1:colcon.colcon_core.shell:create_environment_hook('b3rb_nav2', 'cmake_prefix_path')
[1.163s] INFO:colcon.colcon_core.shell:Creating environment hook '/home/tharun/cognipilot/cranium/install/b3rb_nav2/share/b3rb_nav2/hook/cmake_prefix_path.ps1'
[1.163s] INFO:colcon.colcon_core.shell:Creating environment descriptor '/home/tharun/cognipilot/cranium/install/b3rb_nav2/share/b3rb_nav2/hook/cmake_prefix_path.dsv'
[1.163s] INFO:colcon.colcon_core.shell:Creating environment hook '/home/tharun/cognipilot/cranium/install/b3rb_nav2/share/b3rb_nav2/hook/cmake_prefix_path.sh'
[1.164s] Level 1:colcon.colcon_core.environment:checking '/home/tharun/cognipilot/cranium/install/b3rb_nav2/bin'
[1.164s] Level 1:colcon.colcon_core.environment:checking '/home/tharun/cognipilot/cranium/install/b3rb_nav2/lib/pkgconfig/b3rb_nav2.pc'
[1.164s] Level 1:colcon.colcon_core.environment:checking '/home/tharun/cognipilot/cranium/install/b3rb_nav2/lib/python3.10/site-packages'
[1.164s] Level 1:colcon.colcon_core.environment:checking '/home/tharun/cognipilot/cranium/install/b3rb_nav2/bin'
[1.164s] INFO:colcon.colcon_core.shell:Creating package script '/home/tharun/cognipilot/cranium/install/b3rb_nav2/share/b3rb_nav2/package.ps1'
[1.165s] INFO:colcon.colcon_core.shell:Creating package descriptor '/home/tharun/cognipilot/cranium/install/b3rb_nav2/share/b3rb_nav2/package.dsv'
[1.165s] INFO:colcon.colcon_core.shell:Creating package script '/home/tharun/cognipilot/cranium/install/b3rb_nav2/share/b3rb_nav2/package.sh'
[1.165s] INFO:colcon.colcon_core.shell:Creating package script '/home/tharun/cognipilot/cranium/install/b3rb_nav2/share/b3rb_nav2/package.bash'
[1.165s] INFO:colcon.colcon_core.shell:Creating package script '/home/tharun/cognipilot/cranium/install/b3rb_nav2/share/b3rb_nav2/package.zsh'
[1.166s] Level 1:colcon.colcon_core.environment:create_file_with_runtime_dependencies(/home/tharun/cognipilot/cranium/install/b3rb_nav2/share/colcon-core/packages/b3rb_nav2)
[1.166s] Level 1:colcon.colcon_core.environment:create_environment_scripts_only(b3rb_nav2)
[1.166s] Level 1:colcon.colcon_core.environment:checking '/home/tharun/cognipilot/cranium/install/b3rb_nav2' for CMake module files
[1.167s] Level 1:colcon.colcon_core.environment:checking '/home/tharun/cognipilot/cranium/install/b3rb_nav2' for CMake config files
[1.167s] Level 1:colcon.colcon_core.shell:create_environment_hook('b3rb_nav2', 'cmake_prefix_path')
[1.167s] INFO:colcon.colcon_core.shell:Creating environment hook '/home/tharun/cognipilot/cranium/install/b3rb_nav2/share/b3rb_nav2/hook/cmake_prefix_path.ps1'
[1.167s] INFO:colcon.colcon_core.shell:Creating environment descriptor '/home/tharun/cognipilot/cranium/install/b3rb_nav2/share/b3rb_nav2/hook/cmake_prefix_path.dsv'
[1.167s] INFO:colcon.colcon_core.shell:Creating environment hook '/home/tharun/cognipilot/cranium/install/b3rb_nav2/share/b3rb_nav2/hook/cmake_prefix_path.sh'
[1.168s] Level 1:colcon.colcon_core.environment:checking '/home/tharun/cognipilot/cranium/install/b3rb_nav2/bin'
[1.168s] Level 1:colcon.colcon_core.environment:checking '/home/tharun/cognipilot/cranium/install/b3rb_nav2/lib/pkgconfig/b3rb_nav2.pc'
[1.168s] Level 1:colcon.colcon_core.environment:checking '/home/tharun/cognipilot/cranium/install/b3rb_nav2/lib/python3.10/site-packages'
[1.168s] Level 1:colcon.colcon_core.environment:checking '/home/tharun/cognipilot/cranium/install/b3rb_nav2/bin'
[1.168s] INFO:colcon.colcon_core.shell:Creating package script '/home/tharun/cognipilot/cranium/install/b3rb_nav2/share/b3rb_nav2/package.ps1'
[1.169s] INFO:colcon.colcon_core.shell:Creating package descriptor '/home/tharun/cognipilot/cranium/install/b3rb_nav2/share/b3rb_nav2/package.dsv'
[1.169s] INFO:colcon.colcon_core.shell:Creating package script '/home/tharun/cognipilot/cranium/install/b3rb_nav2/share/b3rb_nav2/package.sh'
[1.169s] INFO:colcon.colcon_core.shell:Creating package script '/home/tharun/cognipilot/cranium/install/b3rb_nav2/share/b3rb_nav2/package.bash'
[1.169s] INFO:colcon.colcon_core.shell:Creating package script '/home/tharun/cognipilot/cranium/install/b3rb_nav2/share/b3rb_nav2/package.zsh'
[1.170s] Level 1:colcon.colcon_core.environment:create_file_with_runtime_dependencies(/home/tharun/cognipilot/cranium/install/b3rb_nav2/share/colcon-core/packages/b3rb_nav2)
[1.170s] Level 1:colcon.colcon_core.environment:create_environment_scripts_only(b3rb_gz_resource)
[1.170s] Level 1:colcon.colcon_core.environment:checking '/home/tharun/cognipilot/cranium/install/b3rb_gz_resource' for CMake module files
[1.171s] DEBUG:colcon.colcon_core.event_handler.log_command:Invoked command in '/home/tharun/cognipilot/cranium/build/b3rb_gz_resource' returned '0': CMAKE_PREFIX_PATH=${CMAKE_PREFIX_PATH}:/opt/ros/humble /usr/bin/cmake --install /home/tharun/cognipilot/cranium/build/b3rb_gz_resource
[1.171s] Level 1:colcon.colcon_core.environment:checking '/home/tharun/cognipilot/cranium/install/b3rb_gz_resource' for CMake config files
[1.171s] Level 1:colcon.colcon_core.shell:create_environment_hook('b3rb_gz_resource', 'cmake_prefix_path')
[1.171s] INFO:colcon.colcon_core.shell:Creating environment hook '/home/tharun/cognipilot/cranium/install/b3rb_gz_resource/share/b3rb_gz_resource/hook/cmake_prefix_path.ps1'
[1.171s] INFO:colcon.colcon_core.shell:Creating environment descriptor '/home/tharun/cognipilot/cranium/install/b3rb_gz_resource/share/b3rb_gz_resource/hook/cmake_prefix_path.dsv'
[1.171s] INFO:colcon.colcon_core.shell:Creating environment hook '/home/tharun/cognipilot/cranium/install/b3rb_gz_resource/share/b3rb_gz_resource/hook/cmake_prefix_path.sh'
[1.172s] Level 1:colcon.colcon_core.environment:checking '/home/tharun/cognipilot/cranium/install/b3rb_gz_resource/bin'
[1.172s] Level 1:colcon.colcon_core.environment:checking '/home/tharun/cognipilot/cranium/install/b3rb_gz_resource/lib/pkgconfig/b3rb_gz_resource.pc'
[1.172s] Level 1:colcon.colcon_core.environment:checking '/home/tharun/cognipilot/cranium/install/b3rb_gz_resource/lib/python3.10/site-packages'
[1.172s] Level 1:colcon.colcon_core.environment:checking '/home/tharun/cognipilot/cranium/install/b3rb_gz_resource/bin'
[1.172s] INFO:colcon.colcon_core.shell:Creating package script '/home/tharun/cognipilot/cranium/install/b3rb_gz_resource/share/b3rb_gz_resource/package.ps1'
[1.173s] INFO:colcon.colcon_core.shell:Creating package descriptor '/home/tharun/cognipilot/cranium/install/b3rb_gz_resource/share/b3rb_gz_resource/package.dsv'
[1.173s] INFO:colcon.colcon_core.shell:Creating package script '/home/tharun/cognipilot/cranium/install/b3rb_gz_resource/share/b3rb_gz_resource/package.sh'
[1.173s] INFO:colcon.colcon_core.shell:Creating package script '/home/tharun/cognipilot/cranium/install/b3rb_gz_resource/share/b3rb_gz_resource/package.bash'
[1.174s] INFO:colcon.colcon_core.shell:Creating package script '/home/tharun/cognipilot/cranium/install/b3rb_gz_resource/share/b3rb_gz_resource/package.zsh'
[1.174s] Level 1:colcon.colcon_core.environment:create_file_with_runtime_dependencies(/home/tharun/cognipilot/cranium/install/b3rb_gz_resource/share/colcon-core/packages/b3rb_gz_resource)
[1.174s] Level 1:colcon.colcon_core.environment:create_environment_scripts_only(b3rb_gz_resource)
[1.174s] Level 1:colcon.colcon_core.environment:checking '/home/tharun/cognipilot/cranium/install/b3rb_gz_resource' for CMake module files
[1.174s] Level 1:colcon.colcon_core.environment:checking '/home/tharun/cognipilot/cranium/install/b3rb_gz_resource' for CMake config files
[1.175s] Level 1:colcon.colcon_core.shell:create_environment_hook('b3rb_gz_resource', 'cmake_prefix_path')
[1.175s] INFO:colcon.colcon_core.shell:Creating environment hook '/home/tharun/cognipilot/cranium/install/b3rb_gz_resource/share/b3rb_gz_resource/hook/cmake_prefix_path.ps1'
[1.175s] INFO:colcon.colcon_core.shell:Creating environment descriptor '/home/tharun/cognipilot/cranium/install/b3rb_gz_resource/share/b3rb_gz_resource/hook/cmake_prefix_path.dsv'
[1.175s] INFO:colcon.colcon_core.shell:Creating environment hook '/home/tharun/cognipilot/cranium/install/b3rb_gz_resource/share/b3rb_gz_resource/hook/cmake_prefix_path.sh'
[1.175s] Level 1:colcon.colcon_core.environment:checking '/home/tharun/cognipilot/cranium/install/b3rb_gz_resource/bin'
[1.176s] Level 1:colcon.colcon_core.environment:checking '/home/tharun/cognipilot/cranium/install/b3rb_gz_resource/lib/pkgconfig/b3rb_gz_resource.pc'
[1.176s] Level 1:colcon.colcon_core.environment:checking '/home/tharun/cognipilot/cranium/install/b3rb_gz_resource/lib/python3.10/site-packages'
[1.176s] Level 1:colcon.colcon_core.environment:checking '/home/tharun/cognipilot/cranium/install/b3rb_gz_resource/bin'
[1.176s] INFO:colcon.colcon_core.shell:Creating package script '/home/tharun/cognipilot/cranium/install/b3rb_gz_resource/share/b3rb_gz_resource/package.ps1'
[1.176s] INFO:colcon.colcon_core.shell:Creating package descriptor '/home/tharun/cognipilot/cranium/install/b3rb_gz_resource/share/b3rb_gz_resource/package.dsv'
[1.177s] INFO:colcon.colcon_core.shell:Creating package script '/home/tharun/cognipilot/cranium/install/b3rb_gz_resource/share/b3rb_gz_resource/package.sh'
[1.177s] INFO:colcon.colcon_core.shell:Creating package script '/home/tharun/cognipilot/cranium/install/b3rb_gz_resource/share/b3rb_gz_resource/package.bash'
[1.177s] INFO:colcon.colcon_core.shell:Creating package script '/home/tharun/cognipilot/cranium/install/b3rb_gz_resource/share/b3rb_gz_resource/package.zsh'
[1.178s] Level 1:colcon.colcon_core.environment:create_file_with_runtime_dependencies(/home/tharun/cognipilot/cranium/install/b3rb_gz_resource/share/colcon-core/packages/b3rb_gz_resource)
[1.178s] DEBUG:colcon.colcon_core.event_handler.log_command:Invoked command in '/home/tharun/cognipilot/cranium/build/dream_world' returned '0': CMAKE_PREFIX_PATH=${CMAKE_PREFIX_PATH}:/opt/ros/humble /usr/bin/cmake --build /home/tharun/cognipilot/cranium/build/dream_world -- -j12 -l12
[1.180s] DEBUG:colcon.colcon_core.event_handler.log_command:Invoking command in '/home/tharun/cognipilot/cranium/build/dream_world': CMAKE_PREFIX_PATH=${CMAKE_PREFIX_PATH}:/opt/ros/humble /usr/bin/cmake --install /home/tharun/cognipilot/cranium/build/dream_world
[1.180s] DEBUG:colcon.colcon_core.event_handler.log_command:Invoked command in '/home/tharun/cognipilot/cranium/build/b3rb_description' returned '0': CMAKE_PREFIX_PATH=${CMAKE_PREFIX_PATH}:/opt/ros/humble /usr/bin/cmake --build /home/tharun/cognipilot/cranium/build/b3rb_description -- -j12 -l12
[1.181s] DEBUG:colcon.colcon_core.event_handler.log_command:Invoking command in '/home/tharun/cognipilot/cranium/build/b3rb_description': CMAKE_PREFIX_PATH=${CMAKE_PREFIX_PATH}:/opt/ros/humble /usr/bin/cmake --install /home/tharun/cognipilot/cranium/build/b3rb_description
[1.181s] INFO:colcon.colcon_ros.task.ament_cmake.build:Building ROS package in '/home/tharun/cognipilot/cranium/src/b3rb_simulator/b3rb_simulator' with build type 'ament_cmake'
[1.181s] INFO:colcon.colcon_cmake.task.cmake.build:Building CMake package in '/home/tharun/cognipilot/cranium/src/b3rb_simulator/b3rb_simulator'
[1.182s] INFO:colcon.colcon_core.shell:Skip shell extension 'powershell' for command environment: Not usable outside of PowerShell
[1.182s] DEBUG:colcon.colcon_core.shell:Skip shell extension 'dsv' for command environment
[1.189s] DEBUG:colcon.colcon_core.event_handler.log_command:Invoking command in '/home/tharun/cognipilot/cranium/build/b3rb_desktop': CMAKE_PREFIX_PATH=/home/tharun/cognipilot/cranium/install/b3rb_rviz:/home/tharun/cognipilot/electrode/install/electrode:/home/tharun/cognipilot/cranium/install/synapse_ros:/home/tharun/cognipilot/cranium/install/synapse_gz:/home/tharun/cognipilot/cranium/install/synapse_tinyframe:/home/tharun/cognipilot/cranium/install/synapse_protobuf:/home/tharun/cognipilot/cranium/install/corti:/home/tharun/cognipilot/cranium/install/synapse_msgs:/home/tharun/cognipilot/cranium/install/dream_world:/home/tharun/cognipilot/cranium/install/cerebri_bringup:/home/tharun/cognipilot/cranium/install/b3rb_simulator:/home/tharun/cognipilot/cranium/install/b3rb_desktop:/home/tharun/cognipilot/cranium/install/b3rb_nav2:/home/tharun/cognipilot/cranium/install/b3rb_gz_resource:/home/tharun/cognipilot/cranium/install/b3rb_gz_bringup:/home/tharun/cognipilot/cranium/install/b3rb_description:/opt/ros/humble /usr/bin/cmake /home/tharun/cognipilot/cranium/src/b3rb_desktop/b3rb_desktop -DCMAKE_INSTALL_PREFIX=/home/tharun/cognipilot/cranium/install/b3rb_desktop
[1.191s] DEBUG:colcon.colcon_core.event_handler.log_command:Invoked command in '/home/tharun/cognipilot/cranium/build/synapse_protobuf' returned '0': CMAKE_PREFIX_PATH=${CMAKE_PREFIX_PATH}:/opt/ros/humble /usr/bin/cmake /home/tharun/cognipilot/cranium/src/synapse_protobuf -DCMAKE_INSTALL_PREFIX=/home/tharun/cognipilot/cranium/install/synapse_protobuf
[1.195s] DEBUG:colcon.colcon_core.event_handler.log_command:Invoking command in '/home/tharun/cognipilot/cranium/build/synapse_protobuf': CMAKE_PREFIX_PATH=${CMAKE_PREFIX_PATH}:/opt/ros/humble /usr/bin/cmake --build /home/tharun/cognipilot/cranium/build/synapse_protobuf -- -j12 -l12
[1.201s] Level 1:colcon.colcon_core.environment:create_environment_scripts_only(b3rb_description)
[1.202s] Level 1:colcon.colcon_core.environment:checking '/home/tharun/cognipilot/cranium/install/b3rb_description' for CMake module files
[1.204s] DEBUG:colcon.colcon_core.event_handler.log_command:Invoking command in '/home/tharun/cognipilot/cranium/build/b3rb_simulator': CMAKE_PREFIX_PATH=/home/tharun/cognipilot/cranium/install/b3rb_gz_resource:/home/tharun/cognipilot/cranium/install/b3rb_gz_bringup:/home/tharun/cognipilot/electrode/install/electrode:/home/tharun/cognipilot/cranium/install/synapse_ros:/home/tharun/cognipilot/cranium/install/synapse_gz:/home/tharun/cognipilot/cranium/install/synapse_tinyframe:/home/tharun/cognipilot/cranium/install/synapse_protobuf:/home/tharun/cognipilot/cranium/install/corti:/home/tharun/cognipilot/cranium/install/synapse_msgs:/home/tharun/cognipilot/cranium/install/dream_world:/home/tharun/cognipilot/cranium/install/cerebri_bringup:/home/tharun/cognipilot/cranium/install/b3rb_simulator:/home/tharun/cognipilot/cranium/install/b3rb_desktop:/home/tharun/cognipilot/cranium/install/b3rb_rviz:/home/tharun/cognipilot/cranium/install/b3rb_nav2:/home/tharun/cognipilot/cranium/install/b3rb_description:/opt/ros/humble /usr/bin/cmake /home/tharun/cognipilot/cranium/src/b3rb_simulator/b3rb_simulator -DCMAKE_INSTALL_PREFIX=/home/tharun/cognipilot/cranium/install/b3rb_simulator
[1.205s] Level 1:colcon.colcon_core.environment:checking '/home/tharun/cognipilot/cranium/install/b3rb_description' for CMake config files
[1.206s] DEBUG:colcon.colcon_core.event_handler.log_command:Invoked command in '/home/tharun/cognipilot/cranium/build/b3rb_description' returned '0': CMAKE_PREFIX_PATH=${CMAKE_PREFIX_PATH}:/opt/ros/humble /usr/bin/cmake --install /home/tharun/cognipilot/cranium/build/b3rb_description
[1.209s] Level 1:colcon.colcon_core.shell:create_environment_hook('b3rb_description', 'cmake_prefix_path')
[1.210s] INFO:colcon.colcon_core.shell:Creating environment hook '/home/tharun/cognipilot/cranium/install/b3rb_description/share/b3rb_description/hook/cmake_prefix_path.ps1'
[1.211s] INFO:colcon.colcon_core.shell:Creating environment descriptor '/home/tharun/cognipilot/cranium/install/b3rb_description/share/b3rb_description/hook/cmake_prefix_path.dsv'
[1.212s] INFO:colcon.colcon_core.shell:Creating environment hook '/home/tharun/cognipilot/cranium/install/b3rb_description/share/b3rb_description/hook/cmake_prefix_path.sh'
[1.215s] Level 1:colcon.colcon_core.environment:checking '/home/tharun/cognipilot/cranium/install/b3rb_description/bin'
[1.216s] Level 1:colcon.colcon_core.environment:checking '/home/tharun/cognipilot/cranium/install/b3rb_description/lib/pkgconfig/b3rb_description.pc'
[1.217s] Level 1:colcon.colcon_core.environment:checking '/home/tharun/cognipilot/cranium/install/b3rb_description/lib/python3.10/site-packages'
[1.217s] Level 1:colcon.colcon_core.environment:checking '/home/tharun/cognipilot/cranium/install/b3rb_description/bin'
[1.218s] INFO:colcon.colcon_core.shell:Creating package script '/home/tharun/cognipilot/cranium/install/b3rb_description/share/b3rb_description/package.ps1'
[1.219s] INFO:colcon.colcon_core.shell:Creating package descriptor '/home/tharun/cognipilot/cranium/install/b3rb_description/share/b3rb_description/package.dsv'
[1.220s] INFO:colcon.colcon_core.shell:Creating package script '/home/tharun/cognipilot/cranium/install/b3rb_description/share/b3rb_description/package.sh'
[1.221s] INFO:colcon.colcon_core.shell:Creating package script '/home/tharun/cognipilot/cranium/install/b3rb_description/share/b3rb_description/package.bash'
[1.221s] INFO:colcon.colcon_core.shell:Creating package script '/home/tharun/cognipilot/cranium/install/b3rb_description/share/b3rb_description/package.zsh'
[1.222s] Level 1:colcon.colcon_core.environment:create_file_with_runtime_dependencies(/home/tharun/cognipilot/cranium/install/b3rb_description/share/colcon-core/packages/b3rb_description)
[1.223s] Level 1:colcon.colcon_core.environment:create_environment_scripts_only(b3rb_description)
[1.223s] Level 1:colcon.colcon_core.environment:checking '/home/tharun/cognipilot/cranium/install/b3rb_description' for CMake module files
[1.224s] Level 1:colcon.colcon_core.environment:checking '/home/tharun/cognipilot/cranium/install/b3rb_description' for CMake config files
[1.228s] Level 1:colcon.colcon_core.shell:create_environment_hook('b3rb_description', 'cmake_prefix_path')
[1.228s] INFO:colcon.colcon_core.shell:Creating environment hook '/home/tharun/cognipilot/cranium/install/b3rb_description/share/b3rb_description/hook/cmake_prefix_path.ps1'
[1.234s] INFO:colcon.colcon_core.shell:Creating environment descriptor '/home/tharun/cognipilot/cranium/install/b3rb_description/share/b3rb_description/hook/cmake_prefix_path.dsv'
[1.238s] INFO:colcon.colcon_core.shell:Creating environment hook '/home/tharun/cognipilot/cranium/install/b3rb_description/share/b3rb_description/hook/cmake_prefix_path.sh'
[1.238s] Level 1:colcon.colcon_core.environment:checking '/home/tharun/cognipilot/cranium/install/b3rb_description/bin'
[1.239s] Level 1:colcon.colcon_core.environment:checking '/home/tharun/cognipilot/cranium/install/b3rb_description/lib/pkgconfig/b3rb_description.pc'
[1.239s] Level 1:colcon.colcon_core.environment:checking '/home/tharun/cognipilot/cranium/install/b3rb_description/lib/python3.10/site-packages'
[1.239s] Level 1:colcon.colcon_core.environment:checking '/home/tharun/cognipilot/cranium/install/b3rb_description/bin'
[1.240s] INFO:colcon.colcon_core.shell:Creating package script '/home/tharun/cognipilot/cranium/install/b3rb_description/share/b3rb_description/package.ps1'
[1.242s] INFO:colcon.colcon_core.shell:Creating package descriptor '/home/tharun/cognipilot/cranium/install/b3rb_description/share/b3rb_description/package.dsv'
[1.242s] INFO:colcon.colcon_core.shell:Creating package script '/home/tharun/cognipilot/cranium/install/b3rb_description/share/b3rb_description/package.sh'
[1.243s] INFO:colcon.colcon_core.shell:Creating package script '/home/tharun/cognipilot/cranium/install/b3rb_description/share/b3rb_description/package.bash'
[1.244s] INFO:colcon.colcon_core.shell:Creating package script '/home/tharun/cognipilot/cranium/install/b3rb_description/share/b3rb_description/package.zsh'
[1.244s] Level 1:colcon.colcon_core.environment:create_file_with_runtime_dependencies(/home/tharun/cognipilot/cranium/install/b3rb_description/share/colcon-core/packages/b3rb_description)
[1.249s] Level 1:colcon.colcon_core.environment:create_environment_scripts_only(dream_world)
[1.249s] Level 1:colcon.colcon_core.environment:checking '/home/tharun/cognipilot/cranium/install/dream_world' for CMake module files
[1.251s] DEBUG:colcon.colcon_core.event_handler.log_command:Invoked command in '/home/tharun/cognipilot/cranium/build/dream_world' returned '0': CMAKE_PREFIX_PATH=${CMAKE_PREFIX_PATH}:/opt/ros/humble /usr/bin/cmake --install /home/tharun/cognipilot/cranium/build/dream_world
[1.251s] Level 1:colcon.colcon_core.environment:checking '/home/tharun/cognipilot/cranium/install/dream_world' for CMake config files
[1.254s] Level 1:colcon.colcon_core.shell:create_environment_hook('dream_world', 'cmake_prefix_path')
[1.254s] INFO:colcon.colcon_core.shell:Creating environment hook '/home/tharun/cognipilot/cranium/install/dream_world/share/dream_world/hook/cmake_prefix_path.ps1'
[1.255s] INFO:colcon.colcon_core.shell:Creating environment descriptor '/home/tharun/cognipilot/cranium/install/dream_world/share/dream_world/hook/cmake_prefix_path.dsv'
[1.256s] INFO:colcon.colcon_core.shell:Creating environment hook '/home/tharun/cognipilot/cranium/install/dream_world/share/dream_world/hook/cmake_prefix_path.sh'
[1.256s] Level 1:colcon.colcon_core.environment:checking '/home/tharun/cognipilot/cranium/install/dream_world/bin'
[1.256s] Level 1:colcon.colcon_core.environment:checking '/home/tharun/cognipilot/cranium/install/dream_world/lib/pkgconfig/dream_world.pc'
[1.256s] Level 1:colcon.colcon_core.environment:checking '/home/tharun/cognipilot/cranium/install/dream_world/lib/python3.10/site-packages'
[1.257s] Level 1:colcon.colcon_core.environment:checking '/home/tharun/cognipilot/cranium/install/dream_world/bin'
[1.257s] INFO:colcon.colcon_core.shell:Creating package script '/home/tharun/cognipilot/cranium/install/dream_world/share/dream_world/package.ps1'
[1.261s] INFO:colcon.colcon_core.shell:Creating package descriptor '/home/tharun/cognipilot/cranium/install/dream_world/share/dream_world/package.dsv'
[1.265s] INFO:colcon.colcon_core.shell:Creating package script '/home/tharun/cognipilot/cranium/install/dream_world/share/dream_world/package.sh'
[1.266s] INFO:colcon.colcon_core.shell:Creating package script '/home/tharun/cognipilot/cranium/install/dream_world/share/dream_world/package.bash'
[1.267s] INFO:colcon.colcon_core.shell:Creating package script '/home/tharun/cognipilot/cranium/install/dream_world/share/dream_world/package.zsh'
[1.267s] Level 1:colcon.colcon_core.environment:create_file_with_runtime_dependencies(/home/tharun/cognipilot/cranium/install/dream_world/share/colcon-core/packages/dream_world)
[1.269s] Level 1:colcon.colcon_core.environment:create_environment_scripts_only(dream_world)
[1.270s] Level 1:colcon.colcon_core.environment:checking '/home/tharun/cognipilot/cranium/install/dream_world' for CMake module files
[1.270s] Level 1:colcon.colcon_core.environment:checking '/home/tharun/cognipilot/cranium/install/dream_world' for CMake config files
[1.273s] Level 1:colcon.colcon_core.shell:create_environment_hook('dream_world', 'cmake_prefix_path')
[1.273s] INFO:colcon.colcon_core.shell:Creating environment hook '/home/tharun/cognipilot/cranium/install/dream_world/share/dream_world/hook/cmake_prefix_path.ps1'
[1.274s] INFO:colcon.colcon_core.shell:Creating environment descriptor '/home/tharun/cognipilot/cranium/install/dream_world/share/dream_world/hook/cmake_prefix_path.dsv'
[1.274s] INFO:colcon.colcon_core.shell:Creating environment hook '/home/tharun/cognipilot/cranium/install/dream_world/share/dream_world/hook/cmake_prefix_path.sh'
[1.275s] Level 1:colcon.colcon_core.environment:checking '/home/tharun/cognipilot/cranium/install/dream_world/bin'
[1.275s] Level 1:colcon.colcon_core.environment:checking '/home/tharun/cognipilot/cranium/install/dream_world/lib/pkgconfig/dream_world.pc'
[1.275s] Level 1:colcon.colcon_core.environment:checking '/home/tharun/cognipilot/cranium/install/dream_world/lib/python3.10/site-packages'
[1.276s] Level 1:colcon.colcon_core.environment:checking '/home/tharun/cognipilot/cranium/install/dream_world/bin'
[1.276s] INFO:colcon.colcon_core.shell:Creating package script '/home/tharun/cognipilot/cranium/install/dream_world/share/dream_world/package.ps1'
[1.277s] INFO:colcon.colcon_core.shell:Creating package descriptor '/home/tharun/cognipilot/cranium/install/dream_world/share/dream_world/package.dsv'
[1.278s] INFO:colcon.colcon_core.shell:Creating package script '/home/tharun/cognipilot/cranium/install/dream_world/share/dream_world/package.sh'
[1.278s] INFO:colcon.colcon_core.shell:Creating package script '/home/tharun/cognipilot/cranium/install/dream_world/share/dream_world/package.bash'
[1.279s] INFO:colcon.colcon_core.shell:Creating package script '/home/tharun/cognipilot/cranium/install/dream_world/share/dream_world/package.zsh'
[1.279s] Level 1:colcon.colcon_core.environment:create_file_with_runtime_dependencies(/home/tharun/cognipilot/cranium/install/dream_world/share/colcon-core/packages/dream_world)
[1.282s] DEBUG:colcon.colcon_core.event_handler.log_command:Invoked command in '/home/tharun/cognipilot/cranium/build/synapse_tinyframe' returned '0': CMAKE_PREFIX_PATH=${CMAKE_PREFIX_PATH}:/opt/ros/humble /usr/bin/cmake --build /home/tharun/cognipilot/cranium/build/synapse_tinyframe -- -j12 -l12
[1.283s] DEBUG:colcon.colcon_core.event_handler.log_command:Invoking command in '/home/tharun/cognipilot/cranium/build/synapse_tinyframe': CMAKE_PREFIX_PATH=${CMAKE_PREFIX_PATH}:/opt/ros/humble /usr/bin/cmake --install /home/tharun/cognipilot/cranium/build/synapse_tinyframe
[1.303s] Level 1:colcon.colcon_core.environment:create_environment_scripts_only(synapse_tinyframe)
[1.303s] Level 1:colcon.colcon_core.environment:checking '/home/tharun/cognipilot/cranium/install/synapse_tinyframe' for CMake module files
[1.304s] Level 1:colcon.colcon_core.environment:checking '/home/tharun/cognipilot/cranium/install/synapse_tinyframe' for CMake config files
[1.304s] Level 1:colcon.colcon_core.shell:create_environment_hook('synapse_tinyframe', 'cmake_prefix_path')
[1.304s] INFO:colcon.colcon_core.shell:Creating environment hook '/home/tharun/cognipilot/cranium/install/synapse_tinyframe/share/synapse_tinyframe/hook/cmake_prefix_path.ps1'
[1.305s] INFO:colcon.colcon_core.shell:Creating environment descriptor '/home/tharun/cognipilot/cranium/install/synapse_tinyframe/share/synapse_tinyframe/hook/cmake_prefix_path.dsv'
[1.305s] INFO:colcon.colcon_core.shell:Creating environment hook '/home/tharun/cognipilot/cranium/install/synapse_tinyframe/share/synapse_tinyframe/hook/cmake_prefix_path.sh'
[1.306s] DEBUG:colcon.colcon_core.event_handler.log_command:Invoked command in '/home/tharun/cognipilot/cranium/build/synapse_tinyframe' returned '0': CMAKE_PREFIX_PATH=${CMAKE_PREFIX_PATH}:/opt/ros/humble /usr/bin/cmake --install /home/tharun/cognipilot/cranium/build/synapse_tinyframe
[1.307s] Level 1:colcon.colcon_core.environment:checking '/home/tharun/cognipilot/cranium/install/synapse_tinyframe/lib'
[1.307s] Level 1:colcon.colcon_core.environment:checking '/home/tharun/cognipilot/cranium/install/synapse_tinyframe/bin'
[1.307s] Level 1:colcon.colcon_core.environment:checking '/home/tharun/cognipilot/cranium/install/synapse_tinyframe/lib/pkgconfig/synapse_tinyframe.pc'
[1.307s] Level 1:colcon.colcon_core.environment:checking '/home/tharun/cognipilot/cranium/install/synapse_tinyframe/lib/python3.10/site-packages'
[1.308s] Level 1:colcon.colcon_core.environment:checking '/home/tharun/cognipilot/cranium/install/synapse_tinyframe/bin'
[1.308s] INFO:colcon.colcon_core.shell:Creating package script '/home/tharun/cognipilot/cranium/install/synapse_tinyframe/share/synapse_tinyframe/package.ps1'
[1.309s] INFO:colcon.colcon_core.shell:Creating package descriptor '/home/tharun/cognipilot/cranium/install/synapse_tinyframe/share/synapse_tinyframe/package.dsv'
[1.310s] INFO:colcon.colcon_core.shell:Creating package script '/home/tharun/cognipilot/cranium/install/synapse_tinyframe/share/synapse_tinyframe/package.sh'
[1.310s] INFO:colcon.colcon_core.shell:Creating package script '/home/tharun/cognipilot/cranium/install/synapse_tinyframe/share/synapse_tinyframe/package.bash'
[1.311s] INFO:colcon.colcon_core.shell:Creating package script '/home/tharun/cognipilot/cranium/install/synapse_tinyframe/share/synapse_tinyframe/package.zsh'
[1.311s] Level 1:colcon.colcon_core.environment:create_file_with_runtime_dependencies(/home/tharun/cognipilot/cranium/install/synapse_tinyframe/share/colcon-core/packages/synapse_tinyframe)
[1.312s] Level 1:colcon.colcon_core.environment:create_environment_scripts_only(synapse_tinyframe)
[1.312s] Level 1:colcon.colcon_core.environment:checking '/home/tharun/cognipilot/cranium/install/synapse_tinyframe' for CMake module files
[1.312s] Level 1:colcon.colcon_core.environment:checking '/home/tharun/cognipilot/cranium/install/synapse_tinyframe' for CMake config files
[1.313s] Level 1:colcon.colcon_core.shell:create_environment_hook('synapse_tinyframe', 'cmake_prefix_path')
[1.313s] INFO:colcon.colcon_core.shell:Creating environment hook '/home/tharun/cognipilot/cranium/install/synapse_tinyframe/share/synapse_tinyframe/hook/cmake_prefix_path.ps1'
[1.313s] INFO:colcon.colcon_core.shell:Creating environment descriptor '/home/tharun/cognipilot/cranium/install/synapse_tinyframe/share/synapse_tinyframe/hook/cmake_prefix_path.dsv'
[1.314s] INFO:colcon.colcon_core.shell:Creating environment hook '/home/tharun/cognipilot/cranium/install/synapse_tinyframe/share/synapse_tinyframe/hook/cmake_prefix_path.sh'
[1.314s] Level 1:colcon.colcon_core.environment:checking '/home/tharun/cognipilot/cranium/install/synapse_tinyframe/lib'
[1.314s] Level 1:colcon.colcon_core.environment:checking '/home/tharun/cognipilot/cranium/install/synapse_tinyframe/bin'
[1.315s] Level 1:colcon.colcon_core.environment:checking '/home/tharun/cognipilot/cranium/install/synapse_tinyframe/lib/pkgconfig/synapse_tinyframe.pc'
[1.315s] Level 1:colcon.colcon_core.environment:checking '/home/tharun/cognipilot/cranium/install/synapse_tinyframe/lib/python3.10/site-packages'
[1.315s] Level 1:colcon.colcon_core.environment:checking '/home/tharun/cognipilot/cranium/install/synapse_tinyframe/bin'
[1.316s] INFO:colcon.colcon_core.shell:Creating package script '/home/tharun/cognipilot/cranium/install/synapse_tinyframe/share/synapse_tinyframe/package.ps1'
[1.316s] INFO:colcon.colcon_core.shell:Creating package descriptor '/home/tharun/cognipilot/cranium/install/synapse_tinyframe/share/synapse_tinyframe/package.dsv'
[1.317s] INFO:colcon.colcon_core.shell:Creating package script '/home/tharun/cognipilot/cranium/install/synapse_tinyframe/share/synapse_tinyframe/package.sh'
[1.317s] INFO:colcon.colcon_core.shell:Creating package script '/home/tharun/cognipilot/cranium/install/synapse_tinyframe/share/synapse_tinyframe/package.bash'
[1.318s] INFO:colcon.colcon_core.shell:Creating package script '/home/tharun/cognipilot/cranium/install/synapse_tinyframe/share/synapse_tinyframe/package.zsh'
[1.318s] Level 1:colcon.colcon_core.environment:create_file_with_runtime_dependencies(/home/tharun/cognipilot/cranium/install/synapse_tinyframe/share/colcon-core/packages/synapse_tinyframe)
[2.346s] DEBUG:colcon.colcon_core.event_handler.log_command:Invoked command in '/home/tharun/cognipilot/cranium/build/b3rb_desktop' returned '0': CMAKE_PREFIX_PATH=/home/tharun/cognipilot/cranium/install/b3rb_rviz:/home/tharun/cognipilot/electrode/install/electrode:/home/tharun/cognipilot/cranium/install/synapse_ros:/home/tharun/cognipilot/cranium/install/synapse_gz:/home/tharun/cognipilot/cranium/install/synapse_tinyframe:/home/tharun/cognipilot/cranium/install/synapse_protobuf:/home/tharun/cognipilot/cranium/install/corti:/home/tharun/cognipilot/cranium/install/synapse_msgs:/home/tharun/cognipilot/cranium/install/dream_world:/home/tharun/cognipilot/cranium/install/cerebri_bringup:/home/tharun/cognipilot/cranium/install/b3rb_simulator:/home/tharun/cognipilot/cranium/install/b3rb_desktop:/home/tharun/cognipilot/cranium/install/b3rb_nav2:/home/tharun/cognipilot/cranium/install/b3rb_gz_resource:/home/tharun/cognipilot/cranium/install/b3rb_gz_bringup:/home/tharun/cognipilot/cranium/install/b3rb_description:/opt/ros/humble /usr/bin/cmake /home/tharun/cognipilot/cranium/src/b3rb_desktop/b3rb_desktop -DCMAKE_INSTALL_PREFIX=/home/tharun/cognipilot/cranium/install/b3rb_desktop
[2.346s] DEBUG:colcon.colcon_core.event_handler.log_command:Invoking command in '/home/tharun/cognipilot/cranium/build/b3rb_desktop': CMAKE_PREFIX_PATH=/home/tharun/cognipilot/cranium/install/b3rb_rviz:/home/tharun/cognipilot/electrode/install/electrode:/home/tharun/cognipilot/cranium/install/synapse_ros:/home/tharun/cognipilot/cranium/install/synapse_gz:/home/tharun/cognipilot/cranium/install/synapse_tinyframe:/home/tharun/cognipilot/cranium/install/synapse_protobuf:/home/tharun/cognipilot/cranium/install/corti:/home/tharun/cognipilot/cranium/install/synapse_msgs:/home/tharun/cognipilot/cranium/install/dream_world:/home/tharun/cognipilot/cranium/install/cerebri_bringup:/home/tharun/cognipilot/cranium/install/b3rb_simulator:/home/tharun/cognipilot/cranium/install/b3rb_desktop:/home/tharun/cognipilot/cranium/install/b3rb_nav2:/home/tharun/cognipilot/cranium/install/b3rb_gz_resource:/home/tharun/cognipilot/cranium/install/b3rb_gz_bringup:/home/tharun/cognipilot/cranium/install/b3rb_description:/opt/ros/humble /usr/bin/cmake --build /home/tharun/cognipilot/cranium/build/b3rb_desktop -- -j12 -l12
[2.462s] DEBUG:colcon.colcon_core.event_handler.log_command:Invoked command in '/home/tharun/cognipilot/cranium/build/b3rb_desktop' returned '0': CMAKE_PREFIX_PATH=/home/tharun/cognipilot/cranium/install/b3rb_rviz:/home/tharun/cognipilot/electrode/install/electrode:/home/tharun/cognipilot/cranium/install/synapse_ros:/home/tharun/cognipilot/cranium/install/synapse_gz:/home/tharun/cognipilot/cranium/install/synapse_tinyframe:/home/tharun/cognipilot/cranium/install/synapse_protobuf:/home/tharun/cognipilot/cranium/install/corti:/home/tharun/cognipilot/cranium/install/synapse_msgs:/home/tharun/cognipilot/cranium/install/dream_world:/home/tharun/cognipilot/cranium/install/cerebri_bringup:/home/tharun/cognipilot/cranium/install/b3rb_simulator:/home/tharun/cognipilot/cranium/install/b3rb_desktop:/home/tharun/cognipilot/cranium/install/b3rb_nav2:/home/tharun/cognipilot/cranium/install/b3rb_gz_resource:/home/tharun/cognipilot/cranium/install/b3rb_gz_bringup:/home/tharun/cognipilot/cranium/install/b3rb_description:/opt/ros/humble /usr/bin/cmake --build /home/tharun/cognipilot/cranium/build/b3rb_desktop -- -j12 -l12
[2.463s] DEBUG:colcon.colcon_core.event_handler.log_command:Invoking command in '/home/tharun/cognipilot/cranium/build/b3rb_desktop': CMAKE_PREFIX_PATH=/home/tharun/cognipilot/cranium/install/b3rb_rviz:/home/tharun/cognipilot/electrode/install/electrode:/home/tharun/cognipilot/cranium/install/synapse_ros:/home/tharun/cognipilot/cranium/install/synapse_gz:/home/tharun/cognipilot/cranium/install/synapse_tinyframe:/home/tharun/cognipilot/cranium/install/synapse_protobuf:/home/tharun/cognipilot/cranium/install/corti:/home/tharun/cognipilot/cranium/install/synapse_msgs:/home/tharun/cognipilot/cranium/install/dream_world:/home/tharun/cognipilot/cranium/install/cerebri_bringup:/home/tharun/cognipilot/cranium/install/b3rb_simulator:/home/tharun/cognipilot/cranium/install/b3rb_desktop:/home/tharun/cognipilot/cranium/install/b3rb_nav2:/home/tharun/cognipilot/cranium/install/b3rb_gz_resource:/home/tharun/cognipilot/cranium/install/b3rb_gz_bringup:/home/tharun/cognipilot/cranium/install/b3rb_description:/opt/ros/humble /usr/bin/cmake --install /home/tharun/cognipilot/cranium/build/b3rb_desktop
[2.501s] Level 1:colcon.colcon_core.environment:create_environment_scripts_only(b3rb_desktop)
[2.501s] DEBUG:colcon.colcon_core.event_handler.log_command:Invoked command in '/home/tharun/cognipilot/cranium/build/b3rb_desktop' returned '0': CMAKE_PREFIX_PATH=/home/tharun/cognipilot/cranium/install/b3rb_rviz:/home/tharun/cognipilot/electrode/install/electrode:/home/tharun/cognipilot/cranium/install/synapse_ros:/home/tharun/cognipilot/cranium/install/synapse_gz:/home/tharun/cognipilot/cranium/install/synapse_tinyframe:/home/tharun/cognipilot/cranium/install/synapse_protobuf:/home/tharun/cognipilot/cranium/install/corti:/home/tharun/cognipilot/cranium/install/synapse_msgs:/home/tharun/cognipilot/cranium/install/dream_world:/home/tharun/cognipilot/cranium/install/cerebri_bringup:/home/tharun/cognipilot/cranium/install/b3rb_simulator:/home/tharun/cognipilot/cranium/install/b3rb_desktop:/home/tharun/cognipilot/cranium/install/b3rb_nav2:/home/tharun/cognipilot/cranium/install/b3rb_gz_resource:/home/tharun/cognipilot/cranium/install/b3rb_gz_bringup:/home/tharun/cognipilot/cranium/install/b3rb_description:/opt/ros/humble /usr/bin/cmake --install /home/tharun/cognipilot/cranium/build/b3rb_desktop
[2.505s] Level 1:colcon.colcon_core.environment:checking '/home/tharun/cognipilot/cranium/install/b3rb_desktop' for CMake module files
[2.505s] Level 1:colcon.colcon_core.environment:checking '/home/tharun/cognipilot/cranium/install/b3rb_desktop' for CMake config files
[2.509s] Level 1:colcon.colcon_core.shell:create_environment_hook('b3rb_desktop', 'cmake_prefix_path')
[2.510s] INFO:colcon.colcon_core.shell:Creating environment hook '/home/tharun/cognipilot/cranium/install/b3rb_desktop/share/b3rb_desktop/hook/cmake_prefix_path.ps1'
[2.512s] INFO:colcon.colcon_core.shell:Creating environment descriptor '/home/tharun/cognipilot/cranium/install/b3rb_desktop/share/b3rb_desktop/hook/cmake_prefix_path.dsv'
[2.512s] INFO:colcon.colcon_core.shell:Creating environment hook '/home/tharun/cognipilot/cranium/install/b3rb_desktop/share/b3rb_desktop/hook/cmake_prefix_path.sh'
[2.513s] Level 1:colcon.colcon_core.environment:checking '/home/tharun/cognipilot/cranium/install/b3rb_desktop/bin'
[2.513s] Level 1:colcon.colcon_core.environment:checking '/home/tharun/cognipilot/cranium/install/b3rb_desktop/lib/pkgconfig/b3rb_desktop.pc'
[2.513s] Level 1:colcon.colcon_core.environment:checking '/home/tharun/cognipilot/cranium/install/b3rb_desktop/lib/python3.10/site-packages'
[2.513s] Level 1:colcon.colcon_core.environment:checking '/home/tharun/cognipilot/cranium/install/b3rb_desktop/bin'
[2.514s] INFO:colcon.colcon_core.shell:Creating package script '/home/tharun/cognipilot/cranium/install/b3rb_desktop/share/b3rb_desktop/package.ps1'
[2.514s] INFO:colcon.colcon_core.shell:Creating package descriptor '/home/tharun/cognipilot/cranium/install/b3rb_desktop/share/b3rb_desktop/package.dsv'
[2.514s] INFO:colcon.colcon_core.shell:Creating package script '/home/tharun/cognipilot/cranium/install/b3rb_desktop/share/b3rb_desktop/package.sh'
[2.515s] INFO:colcon.colcon_core.shell:Creating package script '/home/tharun/cognipilot/cranium/install/b3rb_desktop/share/b3rb_desktop/package.bash'
[2.515s] INFO:colcon.colcon_core.shell:Creating package script '/home/tharun/cognipilot/cranium/install/b3rb_desktop/share/b3rb_desktop/package.zsh'
[2.515s] Level 1:colcon.colcon_core.environment:create_file_with_runtime_dependencies(/home/tharun/cognipilot/cranium/install/b3rb_desktop/share/colcon-core/packages/b3rb_desktop)
[2.516s] Level 1:colcon.colcon_core.environment:create_environment_scripts_only(b3rb_desktop)
[2.516s] Level 1:colcon.colcon_core.environment:checking '/home/tharun/cognipilot/cranium/install/b3rb_desktop' for CMake module files
[2.516s] Level 1:colcon.colcon_core.environment:checking '/home/tharun/cognipilot/cranium/install/b3rb_desktop' for CMake config files
[2.516s] Level 1:colcon.colcon_core.shell:create_environment_hook('b3rb_desktop', 'cmake_prefix_path')
[2.517s] INFO:colcon.colcon_core.shell:Creating environment hook '/home/tharun/cognipilot/cranium/install/b3rb_desktop/share/b3rb_desktop/hook/cmake_prefix_path.ps1'
[2.517s] INFO:colcon.colcon_core.shell:Creating environment descriptor '/home/tharun/cognipilot/cranium/install/b3rb_desktop/share/b3rb_desktop/hook/cmake_prefix_path.dsv'
[2.517s] INFO:colcon.colcon_core.shell:Creating environment hook '/home/tharun/cognipilot/cranium/install/b3rb_desktop/share/b3rb_desktop/hook/cmake_prefix_path.sh'
[2.518s] Level 1:colcon.colcon_core.environment:checking '/home/tharun/cognipilot/cranium/install/b3rb_desktop/bin'
[2.518s] Level 1:colcon.colcon_core.environment:checking '/home/tharun/cognipilot/cranium/install/b3rb_desktop/lib/pkgconfig/b3rb_desktop.pc'
[2.518s] Level 1:colcon.colcon_core.environment:checking '/home/tharun/cognipilot/cranium/install/b3rb_desktop/lib/python3.10/site-packages'
[2.518s] Level 1:colcon.colcon_core.environment:checking '/home/tharun/cognipilot/cranium/install/b3rb_desktop/bin'
[2.519s] INFO:colcon.colcon_core.shell:Creating package script '/home/tharun/cognipilot/cranium/install/b3rb_desktop/share/b3rb_desktop/package.ps1'
[2.519s] INFO:colcon.colcon_core.shell:Creating package descriptor '/home/tharun/cognipilot/cranium/install/b3rb_desktop/share/b3rb_desktop/package.dsv'
[2.520s] INFO:colcon.colcon_core.shell:Creating package script '/home/tharun/cognipilot/cranium/install/b3rb_desktop/share/b3rb_desktop/package.sh'
[2.520s] INFO:colcon.colcon_core.shell:Creating package script '/home/tharun/cognipilot/cranium/install/b3rb_desktop/share/b3rb_desktop/package.bash'
[2.521s] INFO:colcon.colcon_core.shell:Creating package script '/home/tharun/cognipilot/cranium/install/b3rb_desktop/share/b3rb_desktop/package.zsh'
[2.521s] Level 1:colcon.colcon_core.environment:create_file_with_runtime_dependencies(/home/tharun/cognipilot/cranium/install/b3rb_desktop/share/colcon-core/packages/b3rb_desktop)
[2.616s] DEBUG:colcon.colcon_core.event_handler.log_command:Invoked command in '/home/tharun/cognipilot/cranium/build/b3rb_simulator' returned '0': CMAKE_PREFIX_PATH=/home/tharun/cognipilot/cranium/install/b3rb_gz_resource:/home/tharun/cognipilot/cranium/install/b3rb_gz_bringup:/home/tharun/cognipilot/electrode/install/electrode:/home/tharun/cognipilot/cranium/install/synapse_ros:/home/tharun/cognipilot/cranium/install/synapse_gz:/home/tharun/cognipilot/cranium/install/synapse_tinyframe:/home/tharun/cognipilot/cranium/install/synapse_protobuf:/home/tharun/cognipilot/cranium/install/corti:/home/tharun/cognipilot/cranium/install/synapse_msgs:/home/tharun/cognipilot/cranium/install/dream_world:/home/tharun/cognipilot/cranium/install/cerebri_bringup:/home/tharun/cognipilot/cranium/install/b3rb_simulator:/home/tharun/cognipilot/cranium/install/b3rb_desktop:/home/tharun/cognipilot/cranium/install/b3rb_rviz:/home/tharun/cognipilot/cranium/install/b3rb_nav2:/home/tharun/cognipilot/cranium/install/b3rb_description:/opt/ros/humble /usr/bin/cmake /home/tharun/cognipilot/cranium/src/b3rb_simulator/b3rb_simulator -DCMAKE_INSTALL_PREFIX=/home/tharun/cognipilot/cranium/install/b3rb_simulator
[2.616s] DEBUG:colcon.colcon_core.event_handler.log_command:Invoking command in '/home/tharun/cognipilot/cranium/build/b3rb_simulator': CMAKE_PREFIX_PATH=/home/tharun/cognipilot/cranium/install/b3rb_gz_resource:/home/tharun/cognipilot/cranium/install/b3rb_gz_bringup:/home/tharun/cognipilot/electrode/install/electrode:/home/tharun/cognipilot/cranium/install/synapse_ros:/home/tharun/cognipilot/cranium/install/synapse_gz:/home/tharun/cognipilot/cranium/install/synapse_tinyframe:/home/tharun/cognipilot/cranium/install/synapse_protobuf:/home/tharun/cognipilot/cranium/install/corti:/home/tharun/cognipilot/cranium/install/synapse_msgs:/home/tharun/cognipilot/cranium/install/dream_world:/home/tharun/cognipilot/cranium/install/cerebri_bringup:/home/tharun/cognipilot/cranium/install/b3rb_simulator:/home/tharun/cognipilot/cranium/install/b3rb_desktop:/home/tharun/cognipilot/cranium/install/b3rb_rviz:/home/tharun/cognipilot/cranium/install/b3rb_nav2:/home/tharun/cognipilot/cranium/install/b3rb_description:/opt/ros/humble /usr/bin/cmake --build /home/tharun/cognipilot/cranium/build/b3rb_simulator -- -j12 -l12
[2.672s] DEBUG:colcon.colcon_core.event_handler.log_command:Invoked command in '/home/tharun/cognipilot/cranium/build/b3rb_simulator' returned '0': CMAKE_PREFIX_PATH=/home/tharun/cognipilot/cranium/install/b3rb_gz_resource:/home/tharun/cognipilot/cranium/install/b3rb_gz_bringup:/home/tharun/cognipilot/electrode/install/electrode:/home/tharun/cognipilot/cranium/install/synapse_ros:/home/tharun/cognipilot/cranium/install/synapse_gz:/home/tharun/cognipilot/cranium/install/synapse_tinyframe:/home/tharun/cognipilot/cranium/install/synapse_protobuf:/home/tharun/cognipilot/cranium/install/corti:/home/tharun/cognipilot/cranium/install/synapse_msgs:/home/tharun/cognipilot/cranium/install/dream_world:/home/tharun/cognipilot/cranium/install/cerebri_bringup:/home/tharun/cognipilot/cranium/install/b3rb_simulator:/home/tharun/cognipilot/cranium/install/b3rb_desktop:/home/tharun/cognipilot/cranium/install/b3rb_rviz:/home/tharun/cognipilot/cranium/install/b3rb_nav2:/home/tharun/cognipilot/cranium/install/b3rb_description:/opt/ros/humble /usr/bin/cmake --build /home/tharun/cognipilot/cranium/build/b3rb_simulator -- -j12 -l12
[2.672s] DEBUG:colcon.colcon_core.event_handler.log_command:Invoking command in '/home/tharun/cognipilot/cranium/build/b3rb_simulator': CMAKE_PREFIX_PATH=/home/tharun/cognipilot/cranium/install/b3rb_gz_resource:/home/tharun/cognipilot/cranium/install/b3rb_gz_bringup:/home/tharun/cognipilot/electrode/install/electrode:/home/tharun/cognipilot/cranium/install/synapse_ros:/home/tharun/cognipilot/cranium/install/synapse_gz:/home/tharun/cognipilot/cranium/install/synapse_tinyframe:/home/tharun/cognipilot/cranium/install/synapse_protobuf:/home/tharun/cognipilot/cranium/install/corti:/home/tharun/cognipilot/cranium/install/synapse_msgs:/home/tharun/cognipilot/cranium/install/dream_world:/home/tharun/cognipilot/cranium/install/cerebri_bringup:/home/tharun/cognipilot/cranium/install/b3rb_simulator:/home/tharun/cognipilot/cranium/install/b3rb_desktop:/home/tharun/cognipilot/cranium/install/b3rb_rviz:/home/tharun/cognipilot/cranium/install/b3rb_nav2:/home/tharun/cognipilot/cranium/install/b3rb_description:/opt/ros/humble /usr/bin/cmake --install /home/tharun/cognipilot/cranium/build/b3rb_simulator
[2.682s] Level 1:colcon.colcon_core.environment:create_environment_scripts_only(b3rb_simulator)
[2.682s] Level 1:colcon.colcon_core.environment:checking '/home/tharun/cognipilot/cranium/install/b3rb_simulator' for CMake module files
[2.682s] Level 1:colcon.colcon_core.environment:checking '/home/tharun/cognipilot/cranium/install/b3rb_simulator' for CMake config files
[2.682s] Level 1:colcon.colcon_core.shell:create_environment_hook('b3rb_simulator', 'cmake_prefix_path')
[2.683s] INFO:colcon.colcon_core.shell:Creating environment hook '/home/tharun/cognipilot/cranium/install/b3rb_simulator/share/b3rb_simulator/hook/cmake_prefix_path.ps1'
[2.683s] INFO:colcon.colcon_core.shell:Creating environment descriptor '/home/tharun/cognipilot/cranium/install/b3rb_simulator/share/b3rb_simulator/hook/cmake_prefix_path.dsv'
[2.683s] INFO:colcon.colcon_core.shell:Creating environment hook '/home/tharun/cognipilot/cranium/install/b3rb_simulator/share/b3rb_simulator/hook/cmake_prefix_path.sh'
[2.684s] Level 1:colcon.colcon_core.environment:checking '/home/tharun/cognipilot/cranium/install/b3rb_simulator/bin'
[2.684s] Level 1:colcon.colcon_core.environment:checking '/home/tharun/cognipilot/cranium/install/b3rb_simulator/lib/pkgconfig/b3rb_simulator.pc'
[2.684s] Level 1:colcon.colcon_core.environment:checking '/home/tharun/cognipilot/cranium/install/b3rb_simulator/lib/python3.10/site-packages'
[2.684s] Level 1:colcon.colcon_core.environment:checking '/home/tharun/cognipilot/cranium/install/b3rb_simulator/bin'
[2.684s] INFO:colcon.colcon_core.shell:Creating package script '/home/tharun/cognipilot/cranium/install/b3rb_simulator/share/b3rb_simulator/package.ps1'
[2.685s] INFO:colcon.colcon_core.shell:Creating package descriptor '/home/tharun/cognipilot/cranium/install/b3rb_simulator/share/b3rb_simulator/package.dsv'
[2.685s] INFO:colcon.colcon_core.shell:Creating package script '/home/tharun/cognipilot/cranium/install/b3rb_simulator/share/b3rb_simulator/package.sh'
[2.686s] DEBUG:colcon.colcon_core.event_handler.log_command:Invoked command in '/home/tharun/cognipilot/cranium/build/b3rb_simulator' returned '0': CMAKE_PREFIX_PATH=/home/tharun/cognipilot/cranium/install/b3rb_gz_resource:/home/tharun/cognipilot/cranium/install/b3rb_gz_bringup:/home/tharun/cognipilot/electrode/install/electrode:/home/tharun/cognipilot/cranium/install/synapse_ros:/home/tharun/cognipilot/cranium/install/synapse_gz:/home/tharun/cognipilot/cranium/install/synapse_tinyframe:/home/tharun/cognipilot/cranium/install/synapse_protobuf:/home/tharun/cognipilot/cranium/install/corti:/home/tharun/cognipilot/cranium/install/synapse_msgs:/home/tharun/cognipilot/cranium/install/dream_world:/home/tharun/cognipilot/cranium/install/cerebri_bringup:/home/tharun/cognipilot/cranium/install/b3rb_simulator:/home/tharun/cognipilot/cranium/install/b3rb_desktop:/home/tharun/cognipilot/cranium/install/b3rb_rviz:/home/tharun/cognipilot/cranium/install/b3rb_nav2:/home/tharun/cognipilot/cranium/install/b3rb_description:/opt/ros/humble /usr/bin/cmake --install /home/tharun/cognipilot/cranium/build/b3rb_simulator
[2.686s] INFO:colcon.colcon_core.shell:Creating package script '/home/tharun/cognipilot/cranium/install/b3rb_simulator/share/b3rb_simulator/package.bash'
[2.687s] INFO:colcon.colcon_core.shell:Creating package script '/home/tharun/cognipilot/cranium/install/b3rb_simulator/share/b3rb_simulator/package.zsh'
[2.687s] Level 1:colcon.colcon_core.environment:create_file_with_runtime_dependencies(/home/tharun/cognipilot/cranium/install/b3rb_simulator/share/colcon-core/packages/b3rb_simulator)
[2.688s] Level 1:colcon.colcon_core.environment:create_environment_scripts_only(b3rb_simulator)
[2.688s] Level 1:colcon.colcon_core.environment:checking '/home/tharun/cognipilot/cranium/install/b3rb_simulator' for CMake module files
[2.689s] Level 1:colcon.colcon_core.environment:checking '/home/tharun/cognipilot/cranium/install/b3rb_simulator' for CMake config files
[2.689s] Level 1:colcon.colcon_core.shell:create_environment_hook('b3rb_simulator', 'cmake_prefix_path')
[2.689s] INFO:colcon.colcon_core.shell:Creating environment hook '/home/tharun/cognipilot/cranium/install/b3rb_simulator/share/b3rb_simulator/hook/cmake_prefix_path.ps1'
[2.690s] INFO:colcon.colcon_core.shell:Creating environment descriptor '/home/tharun/cognipilot/cranium/install/b3rb_simulator/share/b3rb_simulator/hook/cmake_prefix_path.dsv'
[2.690s] INFO:colcon.colcon_core.shell:Creating environment hook '/home/tharun/cognipilot/cranium/install/b3rb_simulator/share/b3rb_simulator/hook/cmake_prefix_path.sh'
[2.691s] Level 1:colcon.colcon_core.environment:checking '/home/tharun/cognipilot/cranium/install/b3rb_simulator/bin'
[2.691s] Level 1:colcon.colcon_core.environment:checking '/home/tharun/cognipilot/cranium/install/b3rb_simulator/lib/pkgconfig/b3rb_simulator.pc'
[2.691s] Level 1:colcon.colcon_core.environment:checking '/home/tharun/cognipilot/cranium/install/b3rb_simulator/lib/python3.10/site-packages'
[2.691s] Level 1:colcon.colcon_core.environment:checking '/home/tharun/cognipilot/cranium/install/b3rb_simulator/bin'
[2.692s] INFO:colcon.colcon_core.shell:Creating package script '/home/tharun/cognipilot/cranium/install/b3rb_simulator/share/b3rb_simulator/package.ps1'
[2.692s] INFO:colcon.colcon_core.shell:Creating package descriptor '/home/tharun/cognipilot/cranium/install/b3rb_simulator/share/b3rb_simulator/package.dsv'
[2.693s] INFO:colcon.colcon_core.shell:Creating package script '/home/tharun/cognipilot/cranium/install/b3rb_simulator/share/b3rb_simulator/package.sh'
[2.693s] INFO:colcon.colcon_core.shell:Creating package script '/home/tharun/cognipilot/cranium/install/b3rb_simulator/share/b3rb_simulator/package.bash'
[2.694s] INFO:colcon.colcon_core.shell:Creating package script '/home/tharun/cognipilot/cranium/install/b3rb_simulator/share/b3rb_simulator/package.zsh'
[2.694s] Level 1:colcon.colcon_core.environment:create_file_with_runtime_dependencies(/home/tharun/cognipilot/cranium/install/b3rb_simulator/share/colcon-core/packages/b3rb_simulator)
[3.654s] DEBUG:colcon.colcon_core.event_handler.log_command:Invoked command in '/home/tharun/cognipilot/cranium/build/synapse_msgs' returned '0': CMAKE_PREFIX_PATH=${CMAKE_PREFIX_PATH}:/opt/ros/humble /usr/bin/cmake /home/tharun/cognipilot/cranium/src/synapse_msgs -DCMAKE_INSTALL_PREFIX=/home/tharun/cognipilot/cranium/install/synapse_msgs
[3.654s] DEBUG:colcon.colcon_core.event_handler.log_command:Invoking command in '/home/tharun/cognipilot/cranium/build/synapse_msgs': CMAKE_PREFIX_PATH=${CMAKE_PREFIX_PATH}:/opt/ros/humble /usr/bin/cmake --build /home/tharun/cognipilot/cranium/build/synapse_msgs -- -j12 -l12
[5.893s] DEBUG:colcon.colcon_core.event_handler.log_command:Invoked command in '/home/tharun/cognipilot/cranium/build/synapse_protobuf' returned '0': CMAKE_PREFIX_PATH=${CMAKE_PREFIX_PATH}:/opt/ros/humble /usr/bin/cmake --build /home/tharun/cognipilot/cranium/build/synapse_protobuf -- -j12 -l12
[5.893s] DEBUG:colcon.colcon_core.event_handler.log_command:Invoking command in '/home/tharun/cognipilot/cranium/build/synapse_protobuf': CMAKE_PREFIX_PATH=${CMAKE_PREFIX_PATH}:/opt/ros/humble /usr/bin/cmake --install /home/tharun/cognipilot/cranium/build/synapse_protobuf
[5.932s] Level 1:colcon.colcon_core.environment:create_environment_scripts_only(synapse_protobuf)
[5.936s] Level 1:colcon.colcon_core.environment:checking '/home/tharun/cognipilot/cranium/install/synapse_protobuf' for CMake module files
[5.937s] Level 1:colcon.colcon_core.environment:checking '/home/tharun/cognipilot/cranium/install/synapse_protobuf' for CMake config files
[5.937s] Level 1:colcon.colcon_core.shell:create_environment_hook('synapse_protobuf', 'cmake_prefix_path')
[5.937s] INFO:colcon.colcon_core.shell:Creating environment hook '/home/tharun/cognipilot/cranium/install/synapse_protobuf/share/synapse_protobuf/hook/cmake_prefix_path.ps1'
[5.938s] DEBUG:colcon.colcon_core.event_handler.log_command:Invoked command in '/home/tharun/cognipilot/cranium/build/synapse_protobuf' returned '0': CMAKE_PREFIX_PATH=${CMAKE_PREFIX_PATH}:/opt/ros/humble /usr/bin/cmake --install /home/tharun/cognipilot/cranium/build/synapse_protobuf
[5.939s] INFO:colcon.colcon_core.shell:Creating environment descriptor '/home/tharun/cognipilot/cranium/install/synapse_protobuf/share/synapse_protobuf/hook/cmake_prefix_path.dsv'
[5.943s] INFO:colcon.colcon_core.shell:Creating environment hook '/home/tharun/cognipilot/cranium/install/synapse_protobuf/share/synapse_protobuf/hook/cmake_prefix_path.sh'
[5.944s] Level 1:colcon.colcon_core.environment:checking '/home/tharun/cognipilot/cranium/install/synapse_protobuf/lib'
[5.944s] Level 1:colcon.colcon_core.environment:checking '/home/tharun/cognipilot/cranium/install/synapse_protobuf/bin'
[5.944s] Level 1:colcon.colcon_core.environment:checking '/home/tharun/cognipilot/cranium/install/synapse_protobuf/lib/pkgconfig/synapse_protobuf.pc'
[5.945s] Level 1:colcon.colcon_core.environment:checking '/home/tharun/cognipilot/cranium/install/synapse_protobuf/lib/python3.10/site-packages'
[5.945s] Level 1:colcon.colcon_core.environment:checking '/home/tharun/cognipilot/cranium/install/synapse_protobuf/bin'
[5.946s] INFO:colcon.colcon_core.shell:Creating package script '/home/tharun/cognipilot/cranium/install/synapse_protobuf/share/synapse_protobuf/package.ps1'
[5.948s] INFO:colcon.colcon_core.shell:Creating package descriptor '/home/tharun/cognipilot/cranium/install/synapse_protobuf/share/synapse_protobuf/package.dsv'
[5.951s] INFO:colcon.colcon_core.shell:Creating package script '/home/tharun/cognipilot/cranium/install/synapse_protobuf/share/synapse_protobuf/package.sh'
[5.953s] INFO:colcon.colcon_core.shell:Creating package script '/home/tharun/cognipilot/cranium/install/synapse_protobuf/share/synapse_protobuf/package.bash'
[5.957s] INFO:colcon.colcon_core.shell:Creating package script '/home/tharun/cognipilot/cranium/install/synapse_protobuf/share/synapse_protobuf/package.zsh'
[5.958s] Level 1:colcon.colcon_core.environment:create_file_with_runtime_dependencies(/home/tharun/cognipilot/cranium/install/synapse_protobuf/share/colcon-core/packages/synapse_protobuf)
[5.959s] Level 1:colcon.colcon_core.environment:create_environment_scripts_only(synapse_protobuf)
[5.959s] Level 1:colcon.colcon_core.environment:checking '/home/tharun/cognipilot/cranium/install/synapse_protobuf' for CMake module files
[5.960s] Level 1:colcon.colcon_core.environment:checking '/home/tharun/cognipilot/cranium/install/synapse_protobuf' for CMake config files
[5.960s] Level 1:colcon.colcon_core.shell:create_environment_hook('synapse_protobuf', 'cmake_prefix_path')
[5.961s] INFO:colcon.colcon_core.shell:Creating environment hook '/home/tharun/cognipilot/cranium/install/synapse_protobuf/share/synapse_protobuf/hook/cmake_prefix_path.ps1'
[5.961s] INFO:colcon.colcon_core.shell:Creating environment descriptor '/home/tharun/cognipilot/cranium/install/synapse_protobuf/share/synapse_protobuf/hook/cmake_prefix_path.dsv'
[5.962s] INFO:colcon.colcon_core.shell:Creating environment hook '/home/tharun/cognipilot/cranium/install/synapse_protobuf/share/synapse_protobuf/hook/cmake_prefix_path.sh'
[5.963s] Level 1:colcon.colcon_core.environment:checking '/home/tharun/cognipilot/cranium/install/synapse_protobuf/lib'
[5.963s] Level 1:colcon.colcon_core.environment:checking '/home/tharun/cognipilot/cranium/install/synapse_protobuf/bin'
[5.963s] Level 1:colcon.colcon_core.environment:checking '/home/tharun/cognipilot/cranium/install/synapse_protobuf/lib/pkgconfig/synapse_protobuf.pc'
[5.963s] Level 1:colcon.colcon_core.environment:checking '/home/tharun/cognipilot/cranium/install/synapse_protobuf/lib/python3.10/site-packages'
[5.964s] Level 1:colcon.colcon_core.environment:checking '/home/tharun/cognipilot/cranium/install/synapse_protobuf/bin'
[5.964s] INFO:colcon.colcon_core.shell:Creating package script '/home/tharun/cognipilot/cranium/install/synapse_protobuf/share/synapse_protobuf/package.ps1'
[5.965s] INFO:colcon.colcon_core.shell:Creating package descriptor '/home/tharun/cognipilot/cranium/install/synapse_protobuf/share/synapse_protobuf/package.dsv'
[5.966s] INFO:colcon.colcon_core.shell:Creating package script '/home/tharun/cognipilot/cranium/install/synapse_protobuf/share/synapse_protobuf/package.sh'
[5.967s] INFO:colcon.colcon_core.shell:Creating package script '/home/tharun/cognipilot/cranium/install/synapse_protobuf/share/synapse_protobuf/package.bash'
[5.968s] INFO:colcon.colcon_core.shell:Creating package script '/home/tharun/cognipilot/cranium/install/synapse_protobuf/share/synapse_protobuf/package.zsh'
[5.969s] Level 1:colcon.colcon_core.environment:create_file_with_runtime_dependencies(/home/tharun/cognipilot/cranium/install/synapse_protobuf/share/colcon-core/packages/synapse_protobuf)
[5.970s] INFO:colcon.colcon_ros.task.ament_cmake.build:Building ROS package in '/home/tharun/cognipilot/cranium/src/synapse_gz' with build type 'ament_cmake'
[5.970s] INFO:colcon.colcon_cmake.task.cmake.build:Building CMake package in '/home/tharun/cognipilot/cranium/src/synapse_gz'
[5.971s] INFO:colcon.colcon_core.shell:Skip shell extension 'powershell' for command environment: Not usable outside of PowerShell
[5.971s] DEBUG:colcon.colcon_core.shell:Skip shell extension 'dsv' for command environment
[6.002s] DEBUG:colcon.colcon_core.event_handler.log_command:Invoking command in '/home/tharun/cognipilot/cranium/build/synapse_gz': CMAKE_PREFIX_PATH=/home/tharun/cognipilot/cranium/install/synapse_tinyframe:/home/tharun/cognipilot/cranium/install/synapse_protobuf:/home/tharun/cognipilot/electrode/install/electrode:/home/tharun/cognipilot/cranium/install/synapse_ros:/home/tharun/cognipilot/cranium/install/synapse_gz:/home/tharun/cognipilot/cranium/install/corti:/home/tharun/cognipilot/cranium/install/synapse_msgs:/home/tharun/cognipilot/cranium/install/dream_world:/home/tharun/cognipilot/cranium/install/cerebri_bringup:/home/tharun/cognipilot/cranium/install/b3rb_simulator:/home/tharun/cognipilot/cranium/install/b3rb_desktop:/home/tharun/cognipilot/cranium/install/b3rb_rviz:/home/tharun/cognipilot/cranium/install/b3rb_nav2:/home/tharun/cognipilot/cranium/install/b3rb_gz_resource:/home/tharun/cognipilot/cranium/install/b3rb_gz_bringup:/home/tharun/cognipilot/cranium/install/b3rb_description:/opt/ros/humble /usr/bin/cmake /home/tharun/cognipilot/cranium/src/synapse_gz -DCMAKE_INSTALL_PREFIX=/home/tharun/cognipilot/cranium/install/synapse_gz
[7.432s] DEBUG:colcon.colcon_core.event_handler.log_command:Invoked command in '/home/tharun/cognipilot/cranium/build/synapse_gz' returned '0': CMAKE_PREFIX_PATH=/home/tharun/cognipilot/cranium/install/synapse_tinyframe:/home/tharun/cognipilot/cranium/install/synapse_protobuf:/home/tharun/cognipilot/electrode/install/electrode:/home/tharun/cognipilot/cranium/install/synapse_ros:/home/tharun/cognipilot/cranium/install/synapse_gz:/home/tharun/cognipilot/cranium/install/corti:/home/tharun/cognipilot/cranium/install/synapse_msgs:/home/tharun/cognipilot/cranium/install/dream_world:/home/tharun/cognipilot/cranium/install/cerebri_bringup:/home/tharun/cognipilot/cranium/install/b3rb_simulator:/home/tharun/cognipilot/cranium/install/b3rb_desktop:/home/tharun/cognipilot/cranium/install/b3rb_rviz:/home/tharun/cognipilot/cranium/install/b3rb_nav2:/home/tharun/cognipilot/cranium/install/b3rb_gz_resource:/home/tharun/cognipilot/cranium/install/b3rb_gz_bringup:/home/tharun/cognipilot/cranium/install/b3rb_description:/opt/ros/humble /usr/bin/cmake /home/tharun/cognipilot/cranium/src/synapse_gz -DCMAKE_INSTALL_PREFIX=/home/tharun/cognipilot/cranium/install/synapse_gz
[7.433s] DEBUG:colcon.colcon_core.event_handler.log_command:Invoking command in '/home/tharun/cognipilot/cranium/build/synapse_gz': CMAKE_PREFIX_PATH=/home/tharun/cognipilot/cranium/install/synapse_tinyframe:/home/tharun/cognipilot/cranium/install/synapse_protobuf:/home/tharun/cognipilot/electrode/install/electrode:/home/tharun/cognipilot/cranium/install/synapse_ros:/home/tharun/cognipilot/cranium/install/synapse_gz:/home/tharun/cognipilot/cranium/install/corti:/home/tharun/cognipilot/cranium/install/synapse_msgs:/home/tharun/cognipilot/cranium/install/dream_world:/home/tharun/cognipilot/cranium/install/cerebri_bringup:/home/tharun/cognipilot/cranium/install/b3rb_simulator:/home/tharun/cognipilot/cranium/install/b3rb_desktop:/home/tharun/cognipilot/cranium/install/b3rb_rviz:/home/tharun/cognipilot/cranium/install/b3rb_nav2:/home/tharun/cognipilot/cranium/install/b3rb_gz_resource:/home/tharun/cognipilot/cranium/install/b3rb_gz_bringup:/home/tharun/cognipilot/cranium/install/b3rb_description:/opt/ros/humble /usr/bin/cmake --build /home/tharun/cognipilot/cranium/build/synapse_gz -- -j12 -l12
[7.674s] DEBUG:colcon.colcon_core.event_handler.log_command:Invoked command in '/home/tharun/cognipilot/cranium/build/synapse_msgs' returned '0': CMAKE_PREFIX_PATH=${CMAKE_PREFIX_PATH}:/opt/ros/humble /usr/bin/cmake --build /home/tharun/cognipilot/cranium/build/synapse_msgs -- -j12 -l12
[7.675s] DEBUG:colcon.colcon_core.event_handler.log_command:Invoking command in '/home/tharun/cognipilot/cranium/build/synapse_msgs': CMAKE_PREFIX_PATH=${CMAKE_PREFIX_PATH}:/opt/ros/humble /usr/bin/cmake --install /home/tharun/cognipilot/cranium/build/synapse_msgs
[7.728s] Level 1:colcon.colcon_core.environment:create_environment_scripts_only(synapse_msgs)
[7.728s] Level 1:colcon.colcon_core.environment:checking '/home/tharun/cognipilot/cranium/install/synapse_msgs' for CMake module files
[7.730s] DEBUG:colcon.colcon_core.event_handler.log_command:Invoked command in '/home/tharun/cognipilot/cranium/build/synapse_msgs' returned '0': CMAKE_PREFIX_PATH=${CMAKE_PREFIX_PATH}:/opt/ros/humble /usr/bin/cmake --install /home/tharun/cognipilot/cranium/build/synapse_msgs
[7.730s] Level 1:colcon.colcon_core.environment:checking '/home/tharun/cognipilot/cranium/install/synapse_msgs' for CMake config files
[7.730s] Level 1:colcon.colcon_core.shell:create_environment_hook('synapse_msgs', 'cmake_prefix_path')
[7.731s] INFO:colcon.colcon_core.shell:Creating environment hook '/home/tharun/cognipilot/cranium/install/synapse_msgs/share/synapse_msgs/hook/cmake_prefix_path.ps1'
[7.731s] INFO:colcon.colcon_core.shell:Creating environment descriptor '/home/tharun/cognipilot/cranium/install/synapse_msgs/share/synapse_msgs/hook/cmake_prefix_path.dsv'
[7.731s] INFO:colcon.colcon_core.shell:Creating environment hook '/home/tharun/cognipilot/cranium/install/synapse_msgs/share/synapse_msgs/hook/cmake_prefix_path.sh'
[7.732s] Level 1:colcon.colcon_core.environment:checking '/home/tharun/cognipilot/cranium/install/synapse_msgs/lib'
[7.732s] Level 1:colcon.colcon_core.shell:create_environment_hook('synapse_msgs', 'ld_library_path_lib')
[7.732s] INFO:colcon.colcon_core.shell:Creating environment hook '/home/tharun/cognipilot/cranium/install/synapse_msgs/share/synapse_msgs/hook/ld_library_path_lib.ps1'
[7.732s] INFO:colcon.colcon_core.shell:Creating environment descriptor '/home/tharun/cognipilot/cranium/install/synapse_msgs/share/synapse_msgs/hook/ld_library_path_lib.dsv'
[7.733s] INFO:colcon.colcon_core.shell:Creating environment hook '/home/tharun/cognipilot/cranium/install/synapse_msgs/share/synapse_msgs/hook/ld_library_path_lib.sh'
[7.733s] Level 1:colcon.colcon_core.environment:checking '/home/tharun/cognipilot/cranium/install/synapse_msgs/bin'
[7.733s] Level 1:colcon.colcon_core.environment:checking '/home/tharun/cognipilot/cranium/install/synapse_msgs/lib/pkgconfig/synapse_msgs.pc'
[7.733s] Level 1:colcon.colcon_core.environment:checking '/home/tharun/cognipilot/cranium/install/synapse_msgs/lib/python3.10/site-packages'
[7.734s] Level 1:colcon.colcon_core.environment:checking '/home/tharun/cognipilot/cranium/install/synapse_msgs/bin'
[7.734s] INFO:colcon.colcon_core.shell:Creating package script '/home/tharun/cognipilot/cranium/install/synapse_msgs/share/synapse_msgs/package.ps1'
[7.735s] INFO:colcon.colcon_core.shell:Creating package descriptor '/home/tharun/cognipilot/cranium/install/synapse_msgs/share/synapse_msgs/package.dsv'
[7.735s] INFO:colcon.colcon_core.shell:Creating package script '/home/tharun/cognipilot/cranium/install/synapse_msgs/share/synapse_msgs/package.sh'
[7.735s] INFO:colcon.colcon_core.shell:Creating package script '/home/tharun/cognipilot/cranium/install/synapse_msgs/share/synapse_msgs/package.bash'
[7.736s] INFO:colcon.colcon_core.shell:Creating package script '/home/tharun/cognipilot/cranium/install/synapse_msgs/share/synapse_msgs/package.zsh'
[7.736s] Level 1:colcon.colcon_core.environment:create_file_with_runtime_dependencies(/home/tharun/cognipilot/cranium/install/synapse_msgs/share/colcon-core/packages/synapse_msgs)
[7.736s] Level 1:colcon.colcon_core.environment:create_environment_scripts_only(synapse_msgs)
[7.737s] Level 1:colcon.colcon_core.environment:checking '/home/tharun/cognipilot/cranium/install/synapse_msgs' for CMake module files
[7.737s] Level 1:colcon.colcon_core.environment:checking '/home/tharun/cognipilot/cranium/install/synapse_msgs' for CMake config files
[7.738s] Level 1:colcon.colcon_core.shell:create_environment_hook('synapse_msgs', 'cmake_prefix_path')
[7.738s] INFO:colcon.colcon_core.shell:Creating environment hook '/home/tharun/cognipilot/cranium/install/synapse_msgs/share/synapse_msgs/hook/cmake_prefix_path.ps1'
[7.738s] INFO:colcon.colcon_core.shell:Creating environment descriptor '/home/tharun/cognipilot/cranium/install/synapse_msgs/share/synapse_msgs/hook/cmake_prefix_path.dsv'
[7.738s] INFO:colcon.colcon_core.shell:Creating environment hook '/home/tharun/cognipilot/cranium/install/synapse_msgs/share/synapse_msgs/hook/cmake_prefix_path.sh'
[7.739s] Level 1:colcon.colcon_core.environment:checking '/home/tharun/cognipilot/cranium/install/synapse_msgs/lib'
[7.739s] Level 1:colcon.colcon_core.shell:create_environment_hook('synapse_msgs', 'ld_library_path_lib')
[7.739s] INFO:colcon.colcon_core.shell:Creating environment hook '/home/tharun/cognipilot/cranium/install/synapse_msgs/share/synapse_msgs/hook/ld_library_path_lib.ps1'
[7.740s] INFO:colcon.colcon_core.shell:Creating environment descriptor '/home/tharun/cognipilot/cranium/install/synapse_msgs/share/synapse_msgs/hook/ld_library_path_lib.dsv'
[7.740s] INFO:colcon.colcon_core.shell:Creating environment hook '/home/tharun/cognipilot/cranium/install/synapse_msgs/share/synapse_msgs/hook/ld_library_path_lib.sh'
[7.740s] Level 1:colcon.colcon_core.environment:checking '/home/tharun/cognipilot/cranium/install/synapse_msgs/bin'
[7.740s] Level 1:colcon.colcon_core.environment:checking '/home/tharun/cognipilot/cranium/install/synapse_msgs/lib/pkgconfig/synapse_msgs.pc'
[7.740s] Level 1:colcon.colcon_core.environment:checking '/home/tharun/cognipilot/cranium/install/synapse_msgs/lib/python3.10/site-packages'
[7.741s] Level 1:colcon.colcon_core.environment:checking '/home/tharun/cognipilot/cranium/install/synapse_msgs/bin'
[7.741s] INFO:colcon.colcon_core.shell:Creating package script '/home/tharun/cognipilot/cranium/install/synapse_msgs/share/synapse_msgs/package.ps1'
[7.742s] INFO:colcon.colcon_core.shell:Creating package descriptor '/home/tharun/cognipilot/cranium/install/synapse_msgs/share/synapse_msgs/package.dsv'
[7.742s] INFO:colcon.colcon_core.shell:Creating package script '/home/tharun/cognipilot/cranium/install/synapse_msgs/share/synapse_msgs/package.sh'
[7.743s] INFO:colcon.colcon_core.shell:Creating package script '/home/tharun/cognipilot/cranium/install/synapse_msgs/share/synapse_msgs/package.bash'
[7.744s] INFO:colcon.colcon_core.shell:Creating package script '/home/tharun/cognipilot/cranium/install/synapse_msgs/share/synapse_msgs/package.zsh'
[7.744s] Level 1:colcon.colcon_core.environment:create_file_with_runtime_dependencies(/home/tharun/cognipilot/cranium/install/synapse_msgs/share/colcon-core/packages/synapse_msgs)
[7.745s] INFO:colcon.colcon_ros.task.ament_python.build:Building ROS package in '/home/tharun/cognipilot/cranium/src/b3rb_ros_line_follower/b3rb_ros_line_follower' with build type 'ament_python'
[7.745s] Level 1:colcon.colcon_core.shell:create_environment_hook('b3rb_ros_line_follower', 'ament_prefix_path')
[7.745s] INFO:colcon.colcon_core.shell:Creating environment hook '/home/tharun/cognipilot/cranium/install/b3rb_ros_line_follower/share/b3rb_ros_line_follower/hook/ament_prefix_path.ps1'
[7.746s] INFO:colcon.colcon_core.shell:Creating environment descriptor '/home/tharun/cognipilot/cranium/install/b3rb_ros_line_follower/share/b3rb_ros_line_follower/hook/ament_prefix_path.dsv'
[7.746s] INFO:colcon.colcon_core.shell:Creating environment hook '/home/tharun/cognipilot/cranium/install/b3rb_ros_line_follower/share/b3rb_ros_line_follower/hook/ament_prefix_path.sh'
[7.747s] INFO:colcon.colcon_core.shell:Skip shell extension 'powershell' for command environment: Not usable outside of PowerShell
[7.747s] DEBUG:colcon.colcon_core.shell:Skip shell extension 'dsv' for command environment
[7.749s] INFO:colcon.colcon_ros.task.ament_cmake.build:Building ROS package in '/home/tharun/cognipilot/cranium/src/corti' with build type 'ament_cmake'
[7.750s] INFO:colcon.colcon_cmake.task.cmake.build:Building CMake package in '/home/tharun/cognipilot/cranium/src/corti'
[7.750s] INFO:colcon.colcon_core.shell:Skip shell extension 'powershell' for command environment: Not usable outside of PowerShell
[7.750s] DEBUG:colcon.colcon_core.shell:Skip shell extension 'dsv' for command environment
[7.752s] INFO:colcon.colcon_ros.task.ament_cmake.build:Building ROS package in '/home/tharun/cognipilot/cranium/src/synapse_ros' with build type 'ament_cmake'
[7.753s] INFO:colcon.colcon_cmake.task.cmake.build:Building CMake package in '/home/tharun/cognipilot/cranium/src/synapse_ros'
[7.753s] INFO:colcon.colcon_core.shell:Skip shell extension 'powershell' for command environment: Not usable outside of PowerShell
[7.753s] DEBUG:colcon.colcon_core.shell:Skip shell extension 'dsv' for command environment
[7.943s] INFO:colcon.colcon_core.task.python.build:Building Python package in '/home/tharun/cognipilot/cranium/src/b3rb_ros_line_follower/b3rb_ros_line_follower'
[7.943s] INFO:colcon.colcon_core.shell:Skip shell extension 'powershell' for command environment: Not usable outside of PowerShell
[7.943s] DEBUG:colcon.colcon_core.shell:Skip shell extension 'dsv' for command environment
[7.949s] DEBUG:colcon.colcon_core.event_handler.log_command:Invoking command in '/home/tharun/cognipilot/cranium/build/corti': CMAKE_PREFIX_PATH=/home/tharun/cognipilot/cranium/install/synapse_msgs:/home/tharun/cognipilot/electrode/install/electrode:/home/tharun/cognipilot/cranium/install/synapse_ros:/home/tharun/cognipilot/cranium/install/synapse_gz:/home/tharun/cognipilot/cranium/install/synapse_tinyframe:/home/tharun/cognipilot/cranium/install/synapse_protobuf:/home/tharun/cognipilot/cranium/install/corti:/home/tharun/cognipilot/cranium/install/dream_world:/home/tharun/cognipilot/cranium/install/cerebri_bringup:/home/tharun/cognipilot/cranium/install/b3rb_simulator:/home/tharun/cognipilot/cranium/install/b3rb_desktop:/home/tharun/cognipilot/cranium/install/b3rb_rviz:/home/tharun/cognipilot/cranium/install/b3rb_nav2:/home/tharun/cognipilot/cranium/install/b3rb_gz_resource:/home/tharun/cognipilot/cranium/install/b3rb_gz_bringup:/home/tharun/cognipilot/cranium/install/b3rb_description:/opt/ros/humble LD_LIBRARY_PATH=/home/tharun/cognipilot/cranium/install/synapse_msgs/lib:/home/tharun/cognipilot/cranium/install/synapse_tinyframe/lib:/home/tharun/cognipilot/cranium/install/synapse_protobuf/lib:/opt/ros/humble/opt/rviz_ogre_vendor/lib:/opt/ros/humble/lib/x86_64-linux-gnu:/opt/ros/humble/lib /usr/bin/cmake /home/tharun/cognipilot/cranium/src/corti -DCMAKE_INSTALL_PREFIX=/home/tharun/cognipilot/cranium/install/corti
[7.954s] DEBUG:colcon.colcon_core.event_handler.log_command:Invoking command in '/home/tharun/cognipilot/cranium/build/synapse_ros': CMAKE_PREFIX_PATH=/home/tharun/cognipilot/cranium/install/synapse_tinyframe:/home/tharun/cognipilot/cranium/install/synapse_protobuf:/home/tharun/cognipilot/cranium/install/synapse_msgs:/home/tharun/cognipilot/electrode/install/electrode:/home/tharun/cognipilot/cranium/install/synapse_ros:/home/tharun/cognipilot/cranium/install/synapse_gz:/home/tharun/cognipilot/cranium/install/corti:/home/tharun/cognipilot/cranium/install/dream_world:/home/tharun/cognipilot/cranium/install/cerebri_bringup:/home/tharun/cognipilot/cranium/install/b3rb_simulator:/home/tharun/cognipilot/cranium/install/b3rb_desktop:/home/tharun/cognipilot/cranium/install/b3rb_rviz:/home/tharun/cognipilot/cranium/install/b3rb_nav2:/home/tharun/cognipilot/cranium/install/b3rb_gz_resource:/home/tharun/cognipilot/cranium/install/b3rb_gz_bringup:/home/tharun/cognipilot/cranium/install/b3rb_description:/opt/ros/humble LD_LIBRARY_PATH=/home/tharun/cognipilot/cranium/install/synapse_msgs/lib:/home/tharun/cognipilot/cranium/install/synapse_tinyframe/lib:/home/tharun/cognipilot/cranium/install/synapse_protobuf/lib:/opt/ros/humble/opt/rviz_ogre_vendor/lib:/opt/ros/humble/lib/x86_64-linux-gnu:/opt/ros/humble/lib /usr/bin/cmake /home/tharun/cognipilot/cranium/src/synapse_ros -DCMAKE_INSTALL_PREFIX=/home/tharun/cognipilot/cranium/install/synapse_ros
[8.373s] DEBUG:colcon.colcon_core.task.python.build:Available setuptools commands: egg_info, bdist, bdist_rpm, upload, build_ext, install_egg_info, setopt, install_data, install_lib, register, dist_info, clean, extract_messages, rotate, compile_catalog, init_catalog, easy_install, sdist, bdist_wheel, bdist_egg, saveopts, build_py, symlink_data, build, upload_docs, alias, check, update_catalog, bdist_dumb, build_clib, build_scripts, install_scripts, install, install_headers, test, develop
[8.375s] DEBUG:colcon.colcon_core.event_handler.log_command:Invoking command in '/home/tharun/cognipilot/cranium/src/b3rb_ros_line_follower/b3rb_ros_line_follower': CMAKE_PREFIX_PATH=/home/tharun/cognipilot/cranium/install/synapse_msgs:/home/tharun/cognipilot/electrode/install/electrode:/home/tharun/cognipilot/cranium/install/synapse_ros:/home/tharun/cognipilot/cranium/install/synapse_gz:/home/tharun/cognipilot/cranium/install/synapse_tinyframe:/home/tharun/cognipilot/cranium/install/synapse_protobuf:/home/tharun/cognipilot/cranium/install/corti:/home/tharun/cognipilot/cranium/install/dream_world:/home/tharun/cognipilot/cranium/install/cerebri_bringup:/home/tharun/cognipilot/cranium/install/b3rb_simulator:/home/tharun/cognipilot/cranium/install/b3rb_desktop:/home/tharun/cognipilot/cranium/install/b3rb_rviz:/home/tharun/cognipilot/cranium/install/b3rb_nav2:/home/tharun/cognipilot/cranium/install/b3rb_gz_resource:/home/tharun/cognipilot/cranium/install/b3rb_gz_bringup:/home/tharun/cognipilot/cranium/install/b3rb_description LD_LIBRARY_PATH=/home/tharun/cognipilot/cranium/install/synapse_msgs/lib:/home/tharun/cognipilot/cranium/install/synapse_tinyframe/lib:/home/tharun/cognipilot/cranium/install/synapse_protobuf/lib:/opt/ros/humble/opt/rviz_ogre_vendor/lib:/opt/ros/humble/lib/x86_64-linux-gnu:/opt/ros/humble/lib PYTHONPATH=/home/tharun/cognipilot/cranium/build/b3rb_ros_line_follower/prefix_override:/usr/lib/python3/dist-packages/colcon_core/task/python/colcon_distutils_commands:/home/tharun/cognipilot/cranium/install/b3rb_ros_line_follower/lib/python3.10/site-packages:${PYTHONPATH} /usr/bin/python3 -W ignore:setup.py install is deprecated -W ignore:easy_install command is deprecated setup.py egg_info --egg-base ../../../build/b3rb_ros_line_follower build --build-base /home/tharun/cognipilot/cranium/build/b3rb_ros_line_follower/build install --record /home/tharun/cognipilot/cranium/build/b3rb_ros_line_follower/install.log --install-scripts $base/lib/b3rb_ros_line_follower --single-version-externally-managed install_data
[8.592s] Level 1:colcon.colcon_core.environment:checking '/home/tharun/cognipilot/cranium/install/b3rb_ros_line_follower' for CMake module files
[8.593s] DEBUG:colcon.colcon_core.event_handler.log_command:Invoked command in '/home/tharun/cognipilot/cranium/src/b3rb_ros_line_follower/b3rb_ros_line_follower' returned '0': CMAKE_PREFIX_PATH=/home/tharun/cognipilot/cranium/install/synapse_msgs:/home/tharun/cognipilot/electrode/install/electrode:/home/tharun/cognipilot/cranium/install/synapse_ros:/home/tharun/cognipilot/cranium/install/synapse_gz:/home/tharun/cognipilot/cranium/install/synapse_tinyframe:/home/tharun/cognipilot/cranium/install/synapse_protobuf:/home/tharun/cognipilot/cranium/install/corti:/home/tharun/cognipilot/cranium/install/dream_world:/home/tharun/cognipilot/cranium/install/cerebri_bringup:/home/tharun/cognipilot/cranium/install/b3rb_simulator:/home/tharun/cognipilot/cranium/install/b3rb_desktop:/home/tharun/cognipilot/cranium/install/b3rb_rviz:/home/tharun/cognipilot/cranium/install/b3rb_nav2:/home/tharun/cognipilot/cranium/install/b3rb_gz_resource:/home/tharun/cognipilot/cranium/install/b3rb_gz_bringup:/home/tharun/cognipilot/cranium/install/b3rb_description LD_LIBRARY_PATH=/home/tharun/cognipilot/cranium/install/synapse_msgs/lib:/home/tharun/cognipilot/cranium/install/synapse_tinyframe/lib:/home/tharun/cognipilot/cranium/install/synapse_protobuf/lib:/opt/ros/humble/opt/rviz_ogre_vendor/lib:/opt/ros/humble/lib/x86_64-linux-gnu:/opt/ros/humble/lib PYTHONPATH=/home/tharun/cognipilot/cranium/build/b3rb_ros_line_follower/prefix_override:/usr/lib/python3/dist-packages/colcon_core/task/python/colcon_distutils_commands:/home/tharun/cognipilot/cranium/install/b3rb_ros_line_follower/lib/python3.10/site-packages:${PYTHONPATH} /usr/bin/python3 -W ignore:setup.py install is deprecated -W ignore:easy_install command is deprecated setup.py egg_info --egg-base ../../../build/b3rb_ros_line_follower build --build-base /home/tharun/cognipilot/cranium/build/b3rb_ros_line_follower/build install --record /home/tharun/cognipilot/cranium/build/b3rb_ros_line_follower/install.log --install-scripts $base/lib/b3rb_ros_line_follower --single-version-externally-managed install_data
[8.593s] Level 1:colcon.colcon_core.environment:checking '/home/tharun/cognipilot/cranium/install/b3rb_ros_line_follower' for CMake config files
[8.593s] Level 1:colcon.colcon_core.environment:checking '/home/tharun/cognipilot/cranium/install/b3rb_ros_line_follower/lib'
[8.593s] Level 1:colcon.colcon_core.environment:checking '/home/tharun/cognipilot/cranium/install/b3rb_ros_line_follower/bin'
[8.593s] Level 1:colcon.colcon_core.environment:checking '/home/tharun/cognipilot/cranium/install/b3rb_ros_line_follower/lib/pkgconfig/b3rb_ros_line_follower.pc'
[8.593s] Level 1:colcon.colcon_core.environment:checking '/home/tharun/cognipilot/cranium/install/b3rb_ros_line_follower/lib/python3.10/site-packages'
[8.593s] Level 1:colcon.colcon_core.shell:create_environment_hook('b3rb_ros_line_follower', 'pythonpath')
[8.594s] INFO:colcon.colcon_core.shell:Creating environment hook '/home/tharun/cognipilot/cranium/install/b3rb_ros_line_follower/share/b3rb_ros_line_follower/hook/pythonpath.ps1'
[8.594s] INFO:colcon.colcon_core.shell:Creating environment descriptor '/home/tharun/cognipilot/cranium/install/b3rb_ros_line_follower/share/b3rb_ros_line_follower/hook/pythonpath.dsv'
[8.594s] INFO:colcon.colcon_core.shell:Creating environment hook '/home/tharun/cognipilot/cranium/install/b3rb_ros_line_follower/share/b3rb_ros_line_follower/hook/pythonpath.sh'
[8.595s] Level 1:colcon.colcon_core.environment:checking '/home/tharun/cognipilot/cranium/install/b3rb_ros_line_follower/bin'
[8.595s] Level 1:colcon.colcon_core.environment:create_environment_scripts_only(b3rb_ros_line_follower)
[8.595s] INFO:colcon.colcon_core.shell:Creating package script '/home/tharun/cognipilot/cranium/install/b3rb_ros_line_follower/share/b3rb_ros_line_follower/package.ps1'
[8.595s] INFO:colcon.colcon_core.shell:Creating package descriptor '/home/tharun/cognipilot/cranium/install/b3rb_ros_line_follower/share/b3rb_ros_line_follower/package.dsv'
[8.596s] INFO:colcon.colcon_core.shell:Creating package script '/home/tharun/cognipilot/cranium/install/b3rb_ros_line_follower/share/b3rb_ros_line_follower/package.sh'
[8.596s] INFO:colcon.colcon_core.shell:Creating package script '/home/tharun/cognipilot/cranium/install/b3rb_ros_line_follower/share/b3rb_ros_line_follower/package.bash'
[8.596s] INFO:colcon.colcon_core.shell:Creating package script '/home/tharun/cognipilot/cranium/install/b3rb_ros_line_follower/share/b3rb_ros_line_follower/package.zsh'
[8.596s] Level 1:colcon.colcon_core.environment:create_file_with_runtime_dependencies(/home/tharun/cognipilot/cranium/install/b3rb_ros_line_follower/share/colcon-core/packages/b3rb_ros_line_follower)
[8.946s] DEBUG:colcon.colcon_core.event_handler.log_command:Invoked command in '/home/tharun/cognipilot/cranium/build/synapse_ros' returned '0': CMAKE_PREFIX_PATH=/home/tharun/cognipilot/cranium/install/synapse_tinyframe:/home/tharun/cognipilot/cranium/install/synapse_protobuf:/home/tharun/cognipilot/cranium/install/synapse_msgs:/home/tharun/cognipilot/electrode/install/electrode:/home/tharun/cognipilot/cranium/install/synapse_ros:/home/tharun/cognipilot/cranium/install/synapse_gz:/home/tharun/cognipilot/cranium/install/corti:/home/tharun/cognipilot/cranium/install/dream_world:/home/tharun/cognipilot/cranium/install/cerebri_bringup:/home/tharun/cognipilot/cranium/install/b3rb_simulator:/home/tharun/cognipilot/cranium/install/b3rb_desktop:/home/tharun/cognipilot/cranium/install/b3rb_rviz:/home/tharun/cognipilot/cranium/install/b3rb_nav2:/home/tharun/cognipilot/cranium/install/b3rb_gz_resource:/home/tharun/cognipilot/cranium/install/b3rb_gz_bringup:/home/tharun/cognipilot/cranium/install/b3rb_description:/opt/ros/humble LD_LIBRARY_PATH=/home/tharun/cognipilot/cranium/install/synapse_msgs/lib:/home/tharun/cognipilot/cranium/install/synapse_tinyframe/lib:/home/tharun/cognipilot/cranium/install/synapse_protobuf/lib:/opt/ros/humble/opt/rviz_ogre_vendor/lib:/opt/ros/humble/lib/x86_64-linux-gnu:/opt/ros/humble/lib /usr/bin/cmake /home/tharun/cognipilot/cranium/src/synapse_ros -DCMAKE_INSTALL_PREFIX=/home/tharun/cognipilot/cranium/install/synapse_ros
[8.948s] DEBUG:colcon.colcon_core.event_handler.log_command:Invoking command in '/home/tharun/cognipilot/cranium/build/synapse_ros': CMAKE_PREFIX_PATH=/home/tharun/cognipilot/cranium/install/synapse_tinyframe:/home/tharun/cognipilot/cranium/install/synapse_protobuf:/home/tharun/cognipilot/cranium/install/synapse_msgs:/home/tharun/cognipilot/electrode/install/electrode:/home/tharun/cognipilot/cranium/install/synapse_ros:/home/tharun/cognipilot/cranium/install/synapse_gz:/home/tharun/cognipilot/cranium/install/corti:/home/tharun/cognipilot/cranium/install/dream_world:/home/tharun/cognipilot/cranium/install/cerebri_bringup:/home/tharun/cognipilot/cranium/install/b3rb_simulator:/home/tharun/cognipilot/cranium/install/b3rb_desktop:/home/tharun/cognipilot/cranium/install/b3rb_rviz:/home/tharun/cognipilot/cranium/install/b3rb_nav2:/home/tharun/cognipilot/cranium/install/b3rb_gz_resource:/home/tharun/cognipilot/cranium/install/b3rb_gz_bringup:/home/tharun/cognipilot/cranium/install/b3rb_description:/opt/ros/humble LD_LIBRARY_PATH=/home/tharun/cognipilot/cranium/install/synapse_msgs/lib:/home/tharun/cognipilot/cranium/install/synapse_tinyframe/lib:/home/tharun/cognipilot/cranium/install/synapse_protobuf/lib:/opt/ros/humble/opt/rviz_ogre_vendor/lib:/opt/ros/humble/lib/x86_64-linux-gnu:/opt/ros/humble/lib /usr/bin/cmake --build /home/tharun/cognipilot/cranium/build/synapse_ros -- -j12 -l12
[9.347s] DEBUG:colcon.colcon_core.event_handler.log_command:Invoked command in '/home/tharun/cognipilot/cranium/build/corti' returned '0': CMAKE_PREFIX_PATH=/home/tharun/cognipilot/cranium/install/synapse_msgs:/home/tharun/cognipilot/electrode/install/electrode:/home/tharun/cognipilot/cranium/install/synapse_ros:/home/tharun/cognipilot/cranium/install/synapse_gz:/home/tharun/cognipilot/cranium/install/synapse_tinyframe:/home/tharun/cognipilot/cranium/install/synapse_protobuf:/home/tharun/cognipilot/cranium/install/corti:/home/tharun/cognipilot/cranium/install/dream_world:/home/tharun/cognipilot/cranium/install/cerebri_bringup:/home/tharun/cognipilot/cranium/install/b3rb_simulator:/home/tharun/cognipilot/cranium/install/b3rb_desktop:/home/tharun/cognipilot/cranium/install/b3rb_rviz:/home/tharun/cognipilot/cranium/install/b3rb_nav2:/home/tharun/cognipilot/cranium/install/b3rb_gz_resource:/home/tharun/cognipilot/cranium/install/b3rb_gz_bringup:/home/tharun/cognipilot/cranium/install/b3rb_description:/opt/ros/humble LD_LIBRARY_PATH=/home/tharun/cognipilot/cranium/install/synapse_msgs/lib:/home/tharun/cognipilot/cranium/install/synapse_tinyframe/lib:/home/tharun/cognipilot/cranium/install/synapse_protobuf/lib:/opt/ros/humble/opt/rviz_ogre_vendor/lib:/opt/ros/humble/lib/x86_64-linux-gnu:/opt/ros/humble/lib /usr/bin/cmake /home/tharun/cognipilot/cranium/src/corti -DCMAKE_INSTALL_PREFIX=/home/tharun/cognipilot/cranium/install/corti
[9.349s] DEBUG:colcon.colcon_core.event_handler.log_command:Invoking command in '/home/tharun/cognipilot/cranium/build/corti': CMAKE_PREFIX_PATH=/home/tharun/cognipilot/cranium/install/synapse_msgs:/home/tharun/cognipilot/electrode/install/electrode:/home/tharun/cognipilot/cranium/install/synapse_ros:/home/tharun/cognipilot/cranium/install/synapse_gz:/home/tharun/cognipilot/cranium/install/synapse_tinyframe:/home/tharun/cognipilot/cranium/install/synapse_protobuf:/home/tharun/cognipilot/cranium/install/corti:/home/tharun/cognipilot/cranium/install/dream_world:/home/tharun/cognipilot/cranium/install/cerebri_bringup:/home/tharun/cognipilot/cranium/install/b3rb_simulator:/home/tharun/cognipilot/cranium/install/b3rb_desktop:/home/tharun/cognipilot/cranium/install/b3rb_rviz:/home/tharun/cognipilot/cranium/install/b3rb_nav2:/home/tharun/cognipilot/cranium/install/b3rb_gz_resource:/home/tharun/cognipilot/cranium/install/b3rb_gz_bringup:/home/tharun/cognipilot/cranium/install/b3rb_description:/opt/ros/humble LD_LIBRARY_PATH=/home/tharun/cognipilot/cranium/install/synapse_msgs/lib:/home/tharun/cognipilot/cranium/install/synapse_tinyframe/lib:/home/tharun/cognipilot/cranium/install/synapse_protobuf/lib:/opt/ros/humble/opt/rviz_ogre_vendor/lib:/opt/ros/humble/lib/x86_64-linux-gnu:/opt/ros/humble/lib /usr/bin/cmake --build /home/tharun/cognipilot/cranium/build/corti -- -j12 -l12
[14.261s] DEBUG:colcon.colcon_core.event_handler.log_command:Invoked command in '/home/tharun/cognipilot/cranium/build/synapse_gz' returned '0': CMAKE_PREFIX_PATH=/home/tharun/cognipilot/cranium/install/synapse_tinyframe:/home/tharun/cognipilot/cranium/install/synapse_protobuf:/home/tharun/cognipilot/electrode/install/electrode:/home/tharun/cognipilot/cranium/install/synapse_ros:/home/tharun/cognipilot/cranium/install/synapse_gz:/home/tharun/cognipilot/cranium/install/corti:/home/tharun/cognipilot/cranium/install/synapse_msgs:/home/tharun/cognipilot/cranium/install/dream_world:/home/tharun/cognipilot/cranium/install/cerebri_bringup:/home/tharun/cognipilot/cranium/install/b3rb_simulator:/home/tharun/cognipilot/cranium/install/b3rb_desktop:/home/tharun/cognipilot/cranium/install/b3rb_rviz:/home/tharun/cognipilot/cranium/install/b3rb_nav2:/home/tharun/cognipilot/cranium/install/b3rb_gz_resource:/home/tharun/cognipilot/cranium/install/b3rb_gz_bringup:/home/tharun/cognipilot/cranium/install/b3rb_description:/opt/ros/humble /usr/bin/cmake --build /home/tharun/cognipilot/cranium/build/synapse_gz -- -j12 -l12
[14.263s] DEBUG:colcon.colcon_core.event_handler.log_command:Invoking command in '/home/tharun/cognipilot/cranium/build/synapse_gz': CMAKE_PREFIX_PATH=/home/tharun/cognipilot/cranium/install/synapse_tinyframe:/home/tharun/cognipilot/cranium/install/synapse_protobuf:/home/tharun/cognipilot/electrode/install/electrode:/home/tharun/cognipilot/cranium/install/synapse_ros:/home/tharun/cognipilot/cranium/install/synapse_gz:/home/tharun/cognipilot/cranium/install/corti:/home/tharun/cognipilot/cranium/install/synapse_msgs:/home/tharun/cognipilot/cranium/install/dream_world:/home/tharun/cognipilot/cranium/install/cerebri_bringup:/home/tharun/cognipilot/cranium/install/b3rb_simulator:/home/tharun/cognipilot/cranium/install/b3rb_desktop:/home/tharun/cognipilot/cranium/install/b3rb_rviz:/home/tharun/cognipilot/cranium/install/b3rb_nav2:/home/tharun/cognipilot/cranium/install/b3rb_gz_resource:/home/tharun/cognipilot/cranium/install/b3rb_gz_bringup:/home/tharun/cognipilot/cranium/install/b3rb_description:/opt/ros/humble /usr/bin/cmake --install /home/tharun/cognipilot/cranium/build/synapse_gz
[14.286s] Level 1:colcon.colcon_core.environment:create_environment_scripts_only(synapse_gz)
[14.287s] Level 1:colcon.colcon_core.environment:checking '/home/tharun/cognipilot/cranium/install/synapse_gz' for CMake module files
[14.288s] DEBUG:colcon.colcon_core.event_handler.log_command:Invoked command in '/home/tharun/cognipilot/cranium/build/synapse_gz' returned '0': CMAKE_PREFIX_PATH=/home/tharun/cognipilot/cranium/install/synapse_tinyframe:/home/tharun/cognipilot/cranium/install/synapse_protobuf:/home/tharun/cognipilot/electrode/install/electrode:/home/tharun/cognipilot/cranium/install/synapse_ros:/home/tharun/cognipilot/cranium/install/synapse_gz:/home/tharun/cognipilot/cranium/install/corti:/home/tharun/cognipilot/cranium/install/synapse_msgs:/home/tharun/cognipilot/cranium/install/dream_world:/home/tharun/cognipilot/cranium/install/cerebri_bringup:/home/tharun/cognipilot/cranium/install/b3rb_simulator:/home/tharun/cognipilot/cranium/install/b3rb_desktop:/home/tharun/cognipilot/cranium/install/b3rb_rviz:/home/tharun/cognipilot/cranium/install/b3rb_nav2:/home/tharun/cognipilot/cranium/install/b3rb_gz_resource:/home/tharun/cognipilot/cranium/install/b3rb_gz_bringup:/home/tharun/cognipilot/cranium/install/b3rb_description:/opt/ros/humble /usr/bin/cmake --install /home/tharun/cognipilot/cranium/build/synapse_gz
[14.288s] Level 1:colcon.colcon_core.environment:checking '/home/tharun/cognipilot/cranium/install/synapse_gz' for CMake config files
[14.288s] Level 1:colcon.colcon_core.shell:create_environment_hook('synapse_gz', 'cmake_prefix_path')
[14.289s] INFO:colcon.colcon_core.shell:Creating environment hook '/home/tharun/cognipilot/cranium/install/synapse_gz/share/synapse_gz/hook/cmake_prefix_path.ps1'
[14.290s] INFO:colcon.colcon_core.shell:Creating environment descriptor '/home/tharun/cognipilot/cranium/install/synapse_gz/share/synapse_gz/hook/cmake_prefix_path.dsv'
[14.290s] INFO:colcon.colcon_core.shell:Creating environment hook '/home/tharun/cognipilot/cranium/install/synapse_gz/share/synapse_gz/hook/cmake_prefix_path.sh'
[14.291s] Level 1:colcon.colcon_core.environment:checking '/home/tharun/cognipilot/cranium/install/synapse_gz/lib'
[14.291s] Level 1:colcon.colcon_core.environment:checking '/home/tharun/cognipilot/cranium/install/synapse_gz/bin'
[14.291s] Level 1:colcon.colcon_core.environment:checking '/home/tharun/cognipilot/cranium/install/synapse_gz/lib/pkgconfig/synapse_gz.pc'
[14.291s] Level 1:colcon.colcon_core.environment:checking '/home/tharun/cognipilot/cranium/install/synapse_gz/lib/python3.10/site-packages'
[14.292s] Level 1:colcon.colcon_core.environment:checking '/home/tharun/cognipilot/cranium/install/synapse_gz/bin'
[14.292s] INFO:colcon.colcon_core.shell:Creating package script '/home/tharun/cognipilot/cranium/install/synapse_gz/share/synapse_gz/package.ps1'
[14.293s] INFO:colcon.colcon_core.shell:Creating package descriptor '/home/tharun/cognipilot/cranium/install/synapse_gz/share/synapse_gz/package.dsv'
[14.294s] INFO:colcon.colcon_core.shell:Creating package script '/home/tharun/cognipilot/cranium/install/synapse_gz/share/synapse_gz/package.sh'
[14.295s] INFO:colcon.colcon_core.shell:Creating package script '/home/tharun/cognipilot/cranium/install/synapse_gz/share/synapse_gz/package.bash'
[14.295s] INFO:colcon.colcon_core.shell:Creating package script '/home/tharun/cognipilot/cranium/install/synapse_gz/share/synapse_gz/package.zsh'
[14.295s] Level 1:colcon.colcon_core.environment:create_file_with_runtime_dependencies(/home/tharun/cognipilot/cranium/install/synapse_gz/share/colcon-core/packages/synapse_gz)
[14.296s] Level 1:colcon.colcon_core.environment:create_environment_scripts_only(synapse_gz)
[14.297s] Level 1:colcon.colcon_core.environment:checking '/home/tharun/cognipilot/cranium/install/synapse_gz' for CMake module files
[14.297s] Level 1:colcon.colcon_core.environment:checking '/home/tharun/cognipilot/cranium/install/synapse_gz' for CMake config files
[14.297s] Level 1:colcon.colcon_core.shell:create_environment_hook('synapse_gz', 'cmake_prefix_path')
[14.298s] INFO:colcon.colcon_core.shell:Creating environment hook '/home/tharun/cognipilot/cranium/install/synapse_gz/share/synapse_gz/hook/cmake_prefix_path.ps1'
[14.298s] INFO:colcon.colcon_core.shell:Creating environment descriptor '/home/tharun/cognipilot/cranium/install/synapse_gz/share/synapse_gz/hook/cmake_prefix_path.dsv'
[14.299s] INFO:colcon.colcon_core.shell:Creating environment hook '/home/tharun/cognipilot/cranium/install/synapse_gz/share/synapse_gz/hook/cmake_prefix_path.sh'
[14.300s] Level 1:colcon.colcon_core.environment:checking '/home/tharun/cognipilot/cranium/install/synapse_gz/lib'
[14.300s] Level 1:colcon.colcon_core.environment:checking '/home/tharun/cognipilot/cranium/install/synapse_gz/bin'
[14.300s] Level 1:colcon.colcon_core.environment:checking '/home/tharun/cognipilot/cranium/install/synapse_gz/lib/pkgconfig/synapse_gz.pc'
[14.300s] Level 1:colcon.colcon_core.environment:checking '/home/tharun/cognipilot/cranium/install/synapse_gz/lib/python3.10/site-packages'
[14.301s] Level 1:colcon.colcon_core.environment:checking '/home/tharun/cognipilot/cranium/install/synapse_gz/bin'
[14.301s] INFO:colcon.colcon_core.shell:Creating package script '/home/tharun/cognipilot/cranium/install/synapse_gz/share/synapse_gz/package.ps1'
[14.302s] INFO:colcon.colcon_core.shell:Creating package descriptor '/home/tharun/cognipilot/cranium/install/synapse_gz/share/synapse_gz/package.dsv'
[14.303s] INFO:colcon.colcon_core.shell:Creating package script '/home/tharun/cognipilot/cranium/install/synapse_gz/share/synapse_gz/package.sh'
[14.303s] INFO:colcon.colcon_core.shell:Creating package script '/home/tharun/cognipilot/cranium/install/synapse_gz/share/synapse_gz/package.bash'
[14.304s] INFO:colcon.colcon_core.shell:Creating package script '/home/tharun/cognipilot/cranium/install/synapse_gz/share/synapse_gz/package.zsh'
[14.305s] Level 1:colcon.colcon_core.environment:create_file_with_runtime_dependencies(/home/tharun/cognipilot/cranium/install/synapse_gz/share/colcon-core/packages/synapse_gz)
[18.680s] DEBUG:colcon.colcon_core.event_handler.log_command:Invoked command in '/home/tharun/cognipilot/cranium/build/corti' returned '0': CMAKE_PREFIX_PATH=/home/tharun/cognipilot/cranium/install/synapse_msgs:/home/tharun/cognipilot/electrode/install/electrode:/home/tharun/cognipilot/cranium/install/synapse_ros:/home/tharun/cognipilot/cranium/install/synapse_gz:/home/tharun/cognipilot/cranium/install/synapse_tinyframe:/home/tharun/cognipilot/cranium/install/synapse_protobuf:/home/tharun/cognipilot/cranium/install/corti:/home/tharun/cognipilot/cranium/install/dream_world:/home/tharun/cognipilot/cranium/install/cerebri_bringup:/home/tharun/cognipilot/cranium/install/b3rb_simulator:/home/tharun/cognipilot/cranium/install/b3rb_desktop:/home/tharun/cognipilot/cranium/install/b3rb_rviz:/home/tharun/cognipilot/cranium/install/b3rb_nav2:/home/tharun/cognipilot/cranium/install/b3rb_gz_resource:/home/tharun/cognipilot/cranium/install/b3rb_gz_bringup:/home/tharun/cognipilot/cranium/install/b3rb_description:/opt/ros/humble LD_LIBRARY_PATH=/home/tharun/cognipilot/cranium/install/synapse_msgs/lib:/home/tharun/cognipilot/cranium/install/synapse_tinyframe/lib:/home/tharun/cognipilot/cranium/install/synapse_protobuf/lib:/opt/ros/humble/opt/rviz_ogre_vendor/lib:/opt/ros/humble/lib/x86_64-linux-gnu:/opt/ros/humble/lib /usr/bin/cmake --build /home/tharun/cognipilot/cranium/build/corti -- -j12 -l12
[18.682s] DEBUG:colcon.colcon_core.event_handler.log_command:Invoking command in '/home/tharun/cognipilot/cranium/build/corti': CMAKE_PREFIX_PATH=/home/tharun/cognipilot/cranium/install/synapse_msgs:/home/tharun/cognipilot/electrode/install/electrode:/home/tharun/cognipilot/cranium/install/synapse_ros:/home/tharun/cognipilot/cranium/install/synapse_gz:/home/tharun/cognipilot/cranium/install/synapse_tinyframe:/home/tharun/cognipilot/cranium/install/synapse_protobuf:/home/tharun/cognipilot/cranium/install/corti:/home/tharun/cognipilot/cranium/install/dream_world:/home/tharun/cognipilot/cranium/install/cerebri_bringup:/home/tharun/cognipilot/cranium/install/b3rb_simulator:/home/tharun/cognipilot/cranium/install/b3rb_desktop:/home/tharun/cognipilot/cranium/install/b3rb_rviz:/home/tharun/cognipilot/cranium/install/b3rb_nav2:/home/tharun/cognipilot/cranium/install/b3rb_gz_resource:/home/tharun/cognipilot/cranium/install/b3rb_gz_bringup:/home/tharun/cognipilot/cranium/install/b3rb_description:/opt/ros/humble LD_LIBRARY_PATH=/home/tharun/cognipilot/cranium/install/synapse_msgs/lib:/home/tharun/cognipilot/cranium/install/synapse_tinyframe/lib:/home/tharun/cognipilot/cranium/install/synapse_protobuf/lib:/opt/ros/humble/opt/rviz_ogre_vendor/lib:/opt/ros/humble/lib/x86_64-linux-gnu:/opt/ros/humble/lib /usr/bin/cmake --install /home/tharun/cognipilot/cranium/build/corti
[18.738s] Level 1:colcon.colcon_core.environment:create_environment_scripts_only(corti)
[18.738s] Level 1:colcon.colcon_core.environment:checking '/home/tharun/cognipilot/cranium/install/corti' for CMake module files
[18.739s] DEBUG:colcon.colcon_core.event_handler.log_command:Invoked command in '/home/tharun/cognipilot/cranium/build/corti' returned '0': CMAKE_PREFIX_PATH=/home/tharun/cognipilot/cranium/install/synapse_msgs:/home/tharun/cognipilot/electrode/install/electrode:/home/tharun/cognipilot/cranium/install/synapse_ros:/home/tharun/cognipilot/cranium/install/synapse_gz:/home/tharun/cognipilot/cranium/install/synapse_tinyframe:/home/tharun/cognipilot/cranium/install/synapse_protobuf:/home/tharun/cognipilot/cranium/install/corti:/home/tharun/cognipilot/cranium/install/dream_world:/home/tharun/cognipilot/cranium/install/cerebri_bringup:/home/tharun/cognipilot/cranium/install/b3rb_simulator:/home/tharun/cognipilot/cranium/install/b3rb_desktop:/home/tharun/cognipilot/cranium/install/b3rb_rviz:/home/tharun/cognipilot/cranium/install/b3rb_nav2:/home/tharun/cognipilot/cranium/install/b3rb_gz_resource:/home/tharun/cognipilot/cranium/install/b3rb_gz_bringup:/home/tharun/cognipilot/cranium/install/b3rb_description:/opt/ros/humble LD_LIBRARY_PATH=/home/tharun/cognipilot/cranium/install/synapse_msgs/lib:/home/tharun/cognipilot/cranium/install/synapse_tinyframe/lib:/home/tharun/cognipilot/cranium/install/synapse_protobuf/lib:/opt/ros/humble/opt/rviz_ogre_vendor/lib:/opt/ros/humble/lib/x86_64-linux-gnu:/opt/ros/humble/lib /usr/bin/cmake --install /home/tharun/cognipilot/cranium/build/corti
[18.739s] Level 1:colcon.colcon_core.environment:checking '/home/tharun/cognipilot/cranium/install/corti' for CMake config files
[18.739s] Level 1:colcon.colcon_core.shell:create_environment_hook('corti', 'cmake_prefix_path')
[18.740s] INFO:colcon.colcon_core.shell:Creating environment hook '/home/tharun/cognipilot/cranium/install/corti/share/corti/hook/cmake_prefix_path.ps1'
[18.740s] INFO:colcon.colcon_core.shell:Creating environment descriptor '/home/tharun/cognipilot/cranium/install/corti/share/corti/hook/cmake_prefix_path.dsv'
[18.740s] INFO:colcon.colcon_core.shell:Creating environment hook '/home/tharun/cognipilot/cranium/install/corti/share/corti/hook/cmake_prefix_path.sh'
[18.740s] Level 1:colcon.colcon_core.environment:checking '/home/tharun/cognipilot/cranium/install/corti/lib'
[18.741s] Level 1:colcon.colcon_core.environment:checking '/home/tharun/cognipilot/cranium/install/corti/bin'
[18.741s] Level 1:colcon.colcon_core.environment:checking '/home/tharun/cognipilot/cranium/install/corti/lib/pkgconfig/corti.pc'
[18.741s] Level 1:colcon.colcon_core.environment:checking '/home/tharun/cognipilot/cranium/install/corti/lib/python3.10/site-packages'
[18.741s] Level 1:colcon.colcon_core.environment:checking '/home/tharun/cognipilot/cranium/install/corti/bin'
[18.741s] INFO:colcon.colcon_core.shell:Creating package script '/home/tharun/cognipilot/cranium/install/corti/share/corti/package.ps1'
[18.741s] INFO:colcon.colcon_core.shell:Creating package descriptor '/home/tharun/cognipilot/cranium/install/corti/share/corti/package.dsv'
[18.742s] INFO:colcon.colcon_core.shell:Creating package script '/home/tharun/cognipilot/cranium/install/corti/share/corti/package.sh'
[18.742s] INFO:colcon.colcon_core.shell:Creating package script '/home/tharun/cognipilot/cranium/install/corti/share/corti/package.bash'
[18.742s] INFO:colcon.colcon_core.shell:Creating package script '/home/tharun/cognipilot/cranium/install/corti/share/corti/package.zsh'
[18.742s] Level 1:colcon.colcon_core.environment:create_file_with_runtime_dependencies(/home/tharun/cognipilot/cranium/install/corti/share/colcon-core/packages/corti)
[18.743s] Level 1:colcon.colcon_core.environment:create_environment_scripts_only(corti)
[18.743s] Level 1:colcon.colcon_core.environment:checking '/home/tharun/cognipilot/cranium/install/corti' for CMake module files
[18.743s] Level 1:colcon.colcon_core.environment:checking '/home/tharun/cognipilot/cranium/install/corti' for CMake config files
[18.743s] Level 1:colcon.colcon_core.shell:create_environment_hook('corti', 'cmake_prefix_path')
[18.743s] INFO:colcon.colcon_core.shell:Creating environment hook '/home/tharun/cognipilot/cranium/install/corti/share/corti/hook/cmake_prefix_path.ps1'
[18.744s] INFO:colcon.colcon_core.shell:Creating environment descriptor '/home/tharun/cognipilot/cranium/install/corti/share/corti/hook/cmake_prefix_path.dsv'
[18.744s] INFO:colcon.colcon_core.shell:Creating environment hook '/home/tharun/cognipilot/cranium/install/corti/share/corti/hook/cmake_prefix_path.sh'
[18.744s] Level 1:colcon.colcon_core.environment:checking '/home/tharun/cognipilot/cranium/install/corti/lib'
[18.744s] Level 1:colcon.colcon_core.environment:checking '/home/tharun/cognipilot/cranium/install/corti/bin'
[18.744s] Level 1:colcon.colcon_core.environment:checking '/home/tharun/cognipilot/cranium/install/corti/lib/pkgconfig/corti.pc'
[18.744s] Level 1:colcon.colcon_core.environment:checking '/home/tharun/cognipilot/cranium/install/corti/lib/python3.10/site-packages'
[18.744s] Level 1:colcon.colcon_core.environment:checking '/home/tharun/cognipilot/cranium/install/corti/bin'
[18.745s] INFO:colcon.colcon_core.shell:Creating package script '/home/tharun/cognipilot/cranium/install/corti/share/corti/package.ps1'
[18.745s] INFO:colcon.colcon_core.shell:Creating package descriptor '/home/tharun/cognipilot/cranium/install/corti/share/corti/package.dsv'
[18.745s] INFO:colcon.colcon_core.shell:Creating package script '/home/tharun/cognipilot/cranium/install/corti/share/corti/package.sh'
[18.746s] INFO:colcon.colcon_core.shell:Creating package script '/home/tharun/cognipilot/cranium/install/corti/share/corti/package.bash'
[18.746s] INFO:colcon.colcon_core.shell:Creating package script '/home/tharun/cognipilot/cranium/install/corti/share/corti/package.zsh'
[18.746s] Level 1:colcon.colcon_core.environment:create_file_with_runtime_dependencies(/home/tharun/cognipilot/cranium/install/corti/share/colcon-core/packages/corti)
[36.480s] DEBUG:colcon.colcon_core.event_handler.log_command:Invoked command in '/home/tharun/cognipilot/cranium/build/synapse_ros' returned '0': CMAKE_PREFIX_PATH=/home/tharun/cognipilot/cranium/install/synapse_tinyframe:/home/tharun/cognipilot/cranium/install/synapse_protobuf:/home/tharun/cognipilot/cranium/install/synapse_msgs:/home/tharun/cognipilot/electrode/install/electrode:/home/tharun/cognipilot/cranium/install/synapse_ros:/home/tharun/cognipilot/cranium/install/synapse_gz:/home/tharun/cognipilot/cranium/install/corti:/home/tharun/cognipilot/cranium/install/dream_world:/home/tharun/cognipilot/cranium/install/cerebri_bringup:/home/tharun/cognipilot/cranium/install/b3rb_simulator:/home/tharun/cognipilot/cranium/install/b3rb_desktop:/home/tharun/cognipilot/cranium/install/b3rb_rviz:/home/tharun/cognipilot/cranium/install/b3rb_nav2:/home/tharun/cognipilot/cranium/install/b3rb_gz_resource:/home/tharun/cognipilot/cranium/install/b3rb_gz_bringup:/home/tharun/cognipilot/cranium/install/b3rb_description:/opt/ros/humble LD_LIBRARY_PATH=/home/tharun/cognipilot/cranium/install/synapse_msgs/lib:/home/tharun/cognipilot/cranium/install/synapse_tinyframe/lib:/home/tharun/cognipilot/cranium/install/synapse_protobuf/lib:/opt/ros/humble/opt/rviz_ogre_vendor/lib:/opt/ros/humble/lib/x86_64-linux-gnu:/opt/ros/humble/lib /usr/bin/cmake --build /home/tharun/cognipilot/cranium/build/synapse_ros -- -j12 -l12
[36.482s] DEBUG:colcon.colcon_core.event_handler.log_command:Invoking command in '/home/tharun/cognipilot/cranium/build/synapse_ros': CMAKE_PREFIX_PATH=/home/tharun/cognipilot/cranium/install/synapse_tinyframe:/home/tharun/cognipilot/cranium/install/synapse_protobuf:/home/tharun/cognipilot/cranium/install/synapse_msgs:/home/tharun/cognipilot/electrode/install/electrode:/home/tharun/cognipilot/cranium/install/synapse_ros:/home/tharun/cognipilot/cranium/install/synapse_gz:/home/tharun/cognipilot/cranium/install/corti:/home/tharun/cognipilot/cranium/install/dream_world:/home/tharun/cognipilot/cranium/install/cerebri_bringup:/home/tharun/cognipilot/cranium/install/b3rb_simulator:/home/tharun/cognipilot/cranium/install/b3rb_desktop:/home/tharun/cognipilot/cranium/install/b3rb_rviz:/home/tharun/cognipilot/cranium/install/b3rb_nav2:/home/tharun/cognipilot/cranium/install/b3rb_gz_resource:/home/tharun/cognipilot/cranium/install/b3rb_gz_bringup:/home/tharun/cognipilot/cranium/install/b3rb_description:/opt/ros/humble LD_LIBRARY_PATH=/home/tharun/cognipilot/cranium/install/synapse_msgs/lib:/home/tharun/cognipilot/cranium/install/synapse_tinyframe/lib:/home/tharun/cognipilot/cranium/install/synapse_protobuf/lib:/opt/ros/humble/opt/rviz_ogre_vendor/lib:/opt/ros/humble/lib/x86_64-linux-gnu:/opt/ros/humble/lib /usr/bin/cmake --install /home/tharun/cognipilot/cranium/build/synapse_ros
[36.504s] Level 1:colcon.colcon_core.environment:create_environment_scripts_only(synapse_ros)
[36.505s] Level 1:colcon.colcon_core.environment:checking '/home/tharun/cognipilot/cranium/install/synapse_ros' for CMake module files
[36.505s] DEBUG:colcon.colcon_core.event_handler.log_command:Invoked command in '/home/tharun/cognipilot/cranium/build/synapse_ros' returned '0': CMAKE_PREFIX_PATH=/home/tharun/cognipilot/cranium/install/synapse_tinyframe:/home/tharun/cognipilot/cranium/install/synapse_protobuf:/home/tharun/cognipilot/cranium/install/synapse_msgs:/home/tharun/cognipilot/electrode/install/electrode:/home/tharun/cognipilot/cranium/install/synapse_ros:/home/tharun/cognipilot/cranium/install/synapse_gz:/home/tharun/cognipilot/cranium/install/corti:/home/tharun/cognipilot/cranium/install/dream_world:/home/tharun/cognipilot/cranium/install/cerebri_bringup:/home/tharun/cognipilot/cranium/install/b3rb_simulator:/home/tharun/cognipilot/cranium/install/b3rb_desktop:/home/tharun/cognipilot/cranium/install/b3rb_rviz:/home/tharun/cognipilot/cranium/install/b3rb_nav2:/home/tharun/cognipilot/cranium/install/b3rb_gz_resource:/home/tharun/cognipilot/cranium/install/b3rb_gz_bringup:/home/tharun/cognipilot/cranium/install/b3rb_description:/opt/ros/humble LD_LIBRARY_PATH=/home/tharun/cognipilot/cranium/install/synapse_msgs/lib:/home/tharun/cognipilot/cranium/install/synapse_tinyframe/lib:/home/tharun/cognipilot/cranium/install/synapse_protobuf/lib:/opt/ros/humble/opt/rviz_ogre_vendor/lib:/opt/ros/humble/lib/x86_64-linux-gnu:/opt/ros/humble/lib /usr/bin/cmake --install /home/tharun/cognipilot/cranium/build/synapse_ros
[36.505s] Level 1:colcon.colcon_core.environment:checking '/home/tharun/cognipilot/cranium/install/synapse_ros' for CMake config files
[36.505s] Level 1:colcon.colcon_core.shell:create_environment_hook('synapse_ros', 'cmake_prefix_path')
[36.505s] INFO:colcon.colcon_core.shell:Creating environment hook '/home/tharun/cognipilot/cranium/install/synapse_ros/share/synapse_ros/hook/cmake_prefix_path.ps1'
[36.506s] INFO:colcon.colcon_core.shell:Creating environment descriptor '/home/tharun/cognipilot/cranium/install/synapse_ros/share/synapse_ros/hook/cmake_prefix_path.dsv'
[36.506s] INFO:colcon.colcon_core.shell:Creating environment hook '/home/tharun/cognipilot/cranium/install/synapse_ros/share/synapse_ros/hook/cmake_prefix_path.sh'
[36.506s] Level 1:colcon.colcon_core.environment:checking '/home/tharun/cognipilot/cranium/install/synapse_ros/lib'
[36.506s] Level 1:colcon.colcon_core.environment:checking '/home/tharun/cognipilot/cranium/install/synapse_ros/bin'
[36.506s] Level 1:colcon.colcon_core.environment:checking '/home/tharun/cognipilot/cranium/install/synapse_ros/lib/pkgconfig/synapse_ros.pc'
[36.507s] Level 1:colcon.colcon_core.environment:checking '/home/tharun/cognipilot/cranium/install/synapse_ros/lib/python3.10/site-packages'
[36.507s] Level 1:colcon.colcon_core.environment:checking '/home/tharun/cognipilot/cranium/install/synapse_ros/bin'
[36.507s] INFO:colcon.colcon_core.shell:Creating package script '/home/tharun/cognipilot/cranium/install/synapse_ros/share/synapse_ros/package.ps1'
[36.507s] INFO:colcon.colcon_core.shell:Creating package descriptor '/home/tharun/cognipilot/cranium/install/synapse_ros/share/synapse_ros/package.dsv'
[36.508s] INFO:colcon.colcon_core.shell:Creating package script '/home/tharun/cognipilot/cranium/install/synapse_ros/share/synapse_ros/package.sh'
[36.508s] INFO:colcon.colcon_core.shell:Creating package script '/home/tharun/cognipilot/cranium/install/synapse_ros/share/synapse_ros/package.bash'
[36.508s] INFO:colcon.colcon_core.shell:Creating package script '/home/tharun/cognipilot/cranium/install/synapse_ros/share/synapse_ros/package.zsh'
[36.508s] Level 1:colcon.colcon_core.environment:create_file_with_runtime_dependencies(/home/tharun/cognipilot/cranium/install/synapse_ros/share/colcon-core/packages/synapse_ros)
[36.509s] Level 1:colcon.colcon_core.environment:create_environment_scripts_only(synapse_ros)
[36.509s] Level 1:colcon.colcon_core.environment:checking '/home/tharun/cognipilot/cranium/install/synapse_ros' for CMake module files
[36.509s] Level 1:colcon.colcon_core.environment:checking '/home/tharun/cognipilot/cranium/install/synapse_ros' for CMake config files
[36.509s] Level 1:colcon.colcon_core.shell:create_environment_hook('synapse_ros', 'cmake_prefix_path')
[36.509s] INFO:colcon.colcon_core.shell:Creating environment hook '/home/tharun/cognipilot/cranium/install/synapse_ros/share/synapse_ros/hook/cmake_prefix_path.ps1'
[36.509s] INFO:colcon.colcon_core.shell:Creating environment descriptor '/home/tharun/cognipilot/cranium/install/synapse_ros/share/synapse_ros/hook/cmake_prefix_path.dsv'
[36.510s] INFO:colcon.colcon_core.shell:Creating environment hook '/home/tharun/cognipilot/cranium/install/synapse_ros/share/synapse_ros/hook/cmake_prefix_path.sh'
[36.510s] Level 1:colcon.colcon_core.environment:checking '/home/tharun/cognipilot/cranium/install/synapse_ros/lib'
[36.510s] Level 1:colcon.colcon_core.environment:checking '/home/tharun/cognipilot/cranium/install/synapse_ros/bin'
[36.510s] Level 1:colcon.colcon_core.environment:checking '/home/tharun/cognipilot/cranium/install/synapse_ros/lib/pkgconfig/synapse_ros.pc'
[36.510s] Level 1:colcon.colcon_core.environment:checking '/home/tharun/cognipilot/cranium/install/synapse_ros/lib/python3.10/site-packages'
[36.511s] Level 1:colcon.colcon_core.environment:checking '/home/tharun/cognipilot/cranium/install/synapse_ros/bin'
[36.511s] INFO:colcon.colcon_core.shell:Creating package script '/home/tharun/cognipilot/cranium/install/synapse_ros/share/synapse_ros/package.ps1'
[36.511s] INFO:colcon.colcon_core.shell:Creating package descriptor '/home/tharun/cognipilot/cranium/install/synapse_ros/share/synapse_ros/package.dsv'
[36.512s] INFO:colcon.colcon_core.shell:Creating package script '/home/tharun/cognipilot/cranium/install/synapse_ros/share/synapse_ros/package.sh'
[36.512s] INFO:colcon.colcon_core.shell:Creating package script '/home/tharun/cognipilot/cranium/install/synapse_ros/share/synapse_ros/package.bash'
[36.512s] INFO:colcon.colcon_core.shell:Creating package script '/home/tharun/cognipilot/cranium/install/synapse_ros/share/synapse_ros/package.zsh'
[36.512s] Level 1:colcon.colcon_core.environment:create_file_with_runtime_dependencies(/home/tharun/cognipilot/cranium/install/synapse_ros/share/colcon-core/packages/synapse_ros)
[36.513s] DEBUG:colcon.colcon_parallel_executor.executor.parallel:closing loop
[36.513s] DEBUG:colcon.colcon_parallel_executor.executor.parallel:loop closed
[36.513s] DEBUG:colcon.colcon_parallel_executor.executor.parallel:run_until_complete finished with '0'
[36.513s] DEBUG:colcon.colcon_core.event_reactor:joining thread
[36.520s] INFO:colcon.colcon_core.plugin_system:Skipping extension 'colcon_notification.desktop_notification.terminal_notifier': Not used on non-Darwin systems
[36.520s] INFO:colcon.colcon_core.plugin_system:Skipping extension 'colcon_notification.desktop_notification.win32': Not used on non-Windows systems
[36.520s] INFO:colcon.colcon_notification.desktop_notification:Sending desktop notification using 'notify2'
[36.529s] DEBUG:colcon.colcon_core.event_reactor:joined thread
[36.530s] INFO:colcon.colcon_core.shell:Creating prefix script '/home/tharun/cognipilot/cranium/install/local_setup.ps1'
[36.532s] INFO:colcon.colcon_core.shell:Creating prefix util module '/home/tharun/cognipilot/cranium/install/_local_setup_util_ps1.py'
[36.533s] INFO:colcon.colcon_core.shell:Creating prefix chain script '/home/tharun/cognipilot/cranium/install/setup.ps1'
[36.535s] INFO:colcon.colcon_core.shell:Creating prefix script '/home/tharun/cognipilot/cranium/install/local_setup.sh'
[36.535s] INFO:colcon.colcon_core.shell:Creating prefix util module '/home/tharun/cognipilot/cranium/install/_local_setup_util_sh.py'
[36.535s] INFO:colcon.colcon_core.shell:Creating prefix chain script '/home/tharun/cognipilot/cranium/install/setup.sh'
[36.536s] INFO:colcon.colcon_core.shell:Creating prefix script '/home/tharun/cognipilot/cranium/install/local_setup.bash'
[36.537s] INFO:colcon.colcon_core.shell:Creating prefix chain script '/home/tharun/cognipilot/cranium/install/setup.bash'
[36.538s] INFO:colcon.colcon_core.shell:Creating prefix script '/home/tharun/cognipilot/cranium/install/local_setup.zsh'
[36.538s] INFO:colcon.colcon_core.shell:Creating prefix chain script '/home/tharun/cognipilot/cranium/install/setup.zsh'
