[0.074s] [34mcolcon[0m [1;30mDEBUG[0m [32mCommand line arguments: ['/usr/bin/colcon', 'build'][0m
[0.074s] [34mcolcon[0m [1;30mDEBUG[0m [32mParsed command line arguments: Namespace(log_base=None, log_level=None, verb_name='build', build_base='build', install_base='install', merge_install=False, symlink_install=False, test_result_base=None, continue_on_error=False, executor='parallel', parallel_workers=12, event_handlers=None, ignore_user_meta=False, metas=['./colcon.meta'], base_paths=['.'], packages_ignore=None, packages_ignore_regex=None, paths=None, packages_up_to=None, packages_up_to_regex=None, packages_above=None, packages_above_and_dependencies=None, packages_above_depth=None, packages_select_by_dep=None, packages_skip_by_dep=None, packages_skip_up_to=None, packages_select_build_failed=False, packages_skip_build_finished=False, packages_select_test_failures=False, packages_skip_test_passed=False, packages_select=None, packages_skip=None, packages_select_regex=None, packages_skip_regex=None, packages_start=None, packages_end=None, cmake_args=None, cmake_target=None, cmake_target_skip_unavailable=False, cmake_clean_cache=False, cmake_clean_first=False, cmake_force_configure=False, ament_cmake_args=None, catkin_cmake_args=None, catkin_skip_building_tests=False, verb_parser=<colcon_defaults.argument_parser.defaults.DefaultArgumentsDecorator object at 0x7a5d9300ae60>, verb_extension=<colcon_core.verb.build.BuildVerb object at 0x7a5d93150580>, main=<bound method BuildVerb.main of <colcon_core.verb.build.BuildVerb object at 0x7a5d93150580>>)[0m
[0.172s] [34mcolcon.colcon_core.package_discovery[0m [1;30mLevel 1[0m discover_packages(colcon_meta) check parameters
[0.172s] [34mcolcon.colcon_core.package_discovery[0m [1;30mLevel 1[0m discover_packages(recursive) check parameters
[0.172s] [34mcolcon.colcon_core.package_discovery[0m [1;30mLevel 1[0m discover_packages(ignore) check parameters
[0.172s] [34mcolcon.colcon_core.package_discovery[0m [1;30mLevel 1[0m discover_packages(path) check parameters
[0.172s] [34mcolcon.colcon_core.package_discovery[0m [1;30mLevel 1[0m discover_packages(colcon_meta) discover
[0.173s] [34mcolcon.colcon_core.package_discovery[0m [1;30mLevel 1[0m discover_packages(recursive) discover
[0.173s] [34mcolcon.colcon_core.package_discovery[0m [1;30mINFO[0m Crawling recursively for packages in '/home/tharun/cognipilot/cranium'
[0.173s] [34mcolcon.colcon_core.package_identification[0m [1;30mLevel 1[0m _identify(.) by extensions ['ignore', 'ignore_ament_install']
[0.173s] [34mcolcon.colcon_core.package_identification[0m [1;30mLevel 1[0m _identify(.) by extension 'ignore'
[0.173s] [34mcolcon.colcon_core.package_identification[0m [1;30mLevel 1[0m _identify(.) by extension 'ignore_ament_install'
[0.173s] [34mcolcon.colcon_core.package_identification[0m [1;30mLevel 1[0m _identify(.) by extensions ['colcon_pkg']
[0.173s] [34mcolcon.colcon_core.package_identification[0m [1;30mLevel 1[0m _identify(.) by extension 'colcon_pkg'
[0.173s] [34mcolcon.colcon_core.package_identification[0m [1;30mLevel 1[0m _identify(.) by extensions ['colcon_meta']
[0.173s] [34mcolcon.colcon_core.package_identification[0m [1;30mLevel 1[0m _identify(.) by extension 'colcon_meta'
[0.173s] [34mcolcon.colcon_core.package_identification[0m [1;30mLevel 1[0m _identify(.) by extensions ['ros']
[0.173s] [34mcolcon.colcon_core.package_identification[0m [1;30mLevel 1[0m _identify(.) by extension 'ros'
[0.180s] [34mcolcon.colcon_core.package_identification[0m [1;30mLevel 1[0m _identify(.) by extensions ['cmake', 'python']
[0.180s] [34mcolcon.colcon_core.package_identification[0m [1;30mLevel 1[0m _identify(.) by extension 'cmake'
[0.180s] [34mcolcon.colcon_core.package_identification[0m [1;30mLevel 1[0m _identify(.) by extension 'python'
[0.180s] [34mcolcon.colcon_core.package_identification[0m [1;30mLevel 1[0m _identify(.) by extensions ['python_setup_py']
[0.180s] [34mcolcon.colcon_core.package_identification[0m [1;30mLevel 1[0m _identify(.) by extension 'python_setup_py'
[0.180s] [34mcolcon.colcon_core.package_identification[0m [1;30mLevel 1[0m _identify(NXP_CUP_INDIA_2026) by extensions ['ignore', 'ignore_ament_install']
[0.180s] [34mcolcon.colcon_core.package_identification[0m [1;30mLevel 1[0m _identify(NXP_CUP_INDIA_2026) by extension 'ignore'
[0.180s] [34mcolcon.colcon_core.package_identification[0m [1;30mLevel 1[0m _identify(NXP_CUP_INDIA_2026) by extension 'ignore_ament_install'
[0.180s] [34mcolcon.colcon_core.package_identification[0m [1;30mLevel 1[0m _identify(NXP_CUP_INDIA_2026) by extensions ['colcon_pkg']
[0.180s] [34mcolcon.colcon_core.package_identification[0m [1;30mLevel 1[0m _identify(NXP_CUP_INDIA_2026) by extension 'colcon_pkg'
[0.180s] [34mcolcon.colcon_core.package_identification[0m [1;30mLevel 1[0m _identify(NXP_CUP_INDIA_2026) by extensions ['colcon_meta']
[0.180s] [34mcolcon.colcon_core.package_identification[0m [1;30mLevel 1[0m _identify(NXP_CUP_INDIA_2026) by extension 'colcon_meta'
[0.180s] [34mcolcon.colcon_core.package_identification[0m [1;30mLevel 1[0m _identify(NXP_CUP_INDIA_2026) by extensions ['ros']
[0.180s] [34mcolcon.colcon_core.package_identification[0m [1;30mLevel 1[0m _identify(NXP_CUP_INDIA_2026) by extension 'ros'
[0.180s] [34mcolcon.colcon_core.package_identification[0m [1;30mLevel 1[0m _identify(NXP_CUP_INDIA_2026) by extensions ['cmake', 'python']
[0.180s] [34mcolcon.colcon_core.package_identification[0m [1;30mLevel 1[0m _identify(NXP_CUP_INDIA_2026) by extension 'cmake'
[0.180s] [34mcolcon.colcon_core.package_identification[0m [1;30mLevel 1[0m _identify(NXP_CUP_INDIA_2026) by extension 'python'
[0.180s] [34mcolcon.colcon_core.package_identification[0m [1;30mLevel 1[0m _identify(NXP_CUP_INDIA_2026) by extensions ['python_setup_py']
[0.180s] [34mcolcon.colcon_core.package_identification[0m [1;30mLevel 1[0m _identify(NXP_CUP_INDIA_2026) by extension 'python_setup_py'
[0.180s] [34mcolcon.colcon_core.package_identification[0m [1;30mLevel 1[0m _identify(YOLOv11_PD) by extensions ['ignore', 'ignore_ament_install']
[0.181s] [34mcolcon.colcon_core.package_identification[0m [1;30mLevel 1[0m _identify(YOLOv11_PD) by extension 'ignore'
[0.181s] [34mcolcon.colcon_core.package_identification[0m [1;30mLevel 1[0m _identify(YOLOv11_PD) by extension 'ignore_ament_install'
[0.181s] [34mcolcon.colcon_core.package_identification[0m [1;30mLevel 1[0m _identify(YOLOv11_PD) by extensions ['colcon_pkg']
[0.181s] [34mcolcon.colcon_core.package_identification[0m [1;30mLevel 1[0m _identify(YOLOv11_PD) by extension 'colcon_pkg'
[0.181s] [34mcolcon.colcon_core.package_identification[0m [1;30mLevel 1[0m _identify(YOLOv11_PD) by extensions ['colcon_meta']
[0.181s] [34mcolcon.colcon_core.package_identification[0m [1;30mLevel 1[0m _identify(YOLOv11_PD) by extension 'colcon_meta'
[0.181s] [34mcolcon.colcon_core.package_identification[0m [1;30mLevel 1[0m _identify(YOLOv11_PD) by extensions ['ros']
[0.181s] [34mcolcon.colcon_core.package_identification[0m [1;30mLevel 1[0m _identify(YOLOv11_PD) by extension 'ros'
[0.181s] [34mcolcon.colcon_core.package_identification[0m [1;30mLevel 1[0m _identify(YOLOv11_PD) by extensions ['cmake', 'python']
[0.181s] [34mcolcon.colcon_core.package_identification[0m [1;30mLevel 1[0m _identify(YOLOv11_PD) by extension 'cmake'
[0.181s] [34mcolcon.colcon_core.package_identification[0m [1;30mLevel 1[0m _identify(YOLOv11_PD) by extension 'python'
[0.181s] [34mcolcon.colcon_core.package_identification[0m [1;30mLevel 1[0m _identify(YOLOv11_PD) by extensions ['python_setup_py']
[0.181s] [34mcolcon.colcon_core.package_identification[0m [1;30mLevel 1[0m _identify(YOLOv11_PD) by extension 'python_setup_py'
[0.181s] [34mcolcon.colcon_core.package_identification[0m [1;30mLevel 1[0m _identify(YOLOv11_PD/config) by extensions ['ignore', 'ignore_ament_install']
[0.181s] [34mcolcon.colcon_core.package_identification[0m [1;30mLevel 1[0m _identify(YOLOv11_PD/config) by extension 'ignore'
[0.181s] [34mcolcon.colcon_core.package_identification[0m [1;30mLevel 1[0m _identify(YOLOv11_PD/config) by extension 'ignore_ament_install'
[0.181s] [34mcolcon.colcon_core.package_identification[0m [1;30mLevel 1[0m _identify(YOLOv11_PD/config) by extensions ['colcon_pkg']
[0.181s] [34mcolcon.colcon_core.package_identification[0m [1;30mLevel 1[0m _identify(YOLOv11_PD/config) by extension 'colcon_pkg'
[0.181s] [34mcolcon.colcon_core.package_identification[0m [1;30mLevel 1[0m _identify(YOLOv11_PD/config) by extensions ['colcon_meta']
[0.181s] [34mcolcon.colcon_core.package_identification[0m [1;30mLevel 1[0m _identify(YOLOv11_PD/config) by extension 'colcon_meta'
[0.181s] [34mcolcon.colcon_core.package_identification[0m [1;30mLevel 1[0m _identify(YOLOv11_PD/config) by extensions ['ros']
[0.181s] [34mcolcon.colcon_core.package_identification[0m [1;30mLevel 1[0m _identify(YOLOv11_PD/config) by extension 'ros'
[0.181s] [34mcolcon.colcon_core.package_identification[0m [1;30mLevel 1[0m _identify(YOLOv11_PD/config) by extensions ['cmake', 'python']
[0.181s] [34mcolcon.colcon_core.package_identification[0m [1;30mLevel 1[0m _identify(YOLOv11_PD/config) by extension 'cmake'
[0.181s] [34mcolcon.colcon_core.package_identification[0m [1;30mLevel 1[0m _identify(YOLOv11_PD/config) by extension 'python'
[0.181s] [34mcolcon.colcon_core.package_identification[0m [1;30mLevel 1[0m _identify(YOLOv11_PD/config) by extensions ['python_setup_py']
[0.181s] [34mcolcon.colcon_core.package_identification[0m [1;30mLevel 1[0m _identify(YOLOv11_PD/config) by extension 'python_setup_py'
[0.181s] [34mcolcon.colcon_core.package_identification[0m [1;30mLevel 1[0m _identify(YOLOv11_PD/inference) by extensions ['ignore', 'ignore_ament_install']
[0.181s] [34mcolcon.colcon_core.package_identification[0m [1;30mLevel 1[0m _identify(YOLOv11_PD/inference) by extension 'ignore'
[0.181s] [34mcolcon.colcon_core.package_identification[0m [1;30mLevel 1[0m _identify(YOLOv11_PD/inference) by extension 'ignore_ament_install'
[0.181s] [34mcolcon.colcon_core.package_identification[0m [1;30mLevel 1[0m _identify(YOLOv11_PD/inference) by extensions ['colcon_pkg']
[0.181s] [34mcolcon.colcon_core.package_identification[0m [1;30mLevel 1[0m _identify(YOLOv11_PD/inference) by extension 'colcon_pkg'
[0.181s] [34mcolcon.colcon_core.package_identification[0m [1;30mLevel 1[0m _identify(YOLOv11_PD/inference) by extensions ['colcon_meta']
[0.181s] [34mcolcon.colcon_core.package_identification[0m [1;30mLevel 1[0m _identify(YOLOv11_PD/inference) by extension 'colcon_meta'
[0.181s] [34mcolcon.colcon_core.package_identification[0m [1;30mLevel 1[0m _identify(YOLOv11_PD/inference) by extensions ['ros']
[0.181s] [34mcolcon.colcon_core.package_identification[0m [1;30mLevel 1[0m _identify(YOLOv11_PD/inference) by extension 'ros'
[0.181s] [34mcolcon.colcon_core.package_identification[0m [1;30mLevel 1[0m _identify(YOLOv11_PD/inference) by extensions ['cmake', 'python']
[0.181s] [34mcolcon.colcon_core.package_identification[0m [1;30mLevel 1[0m _identify(YOLOv11_PD/inference) by extension 'cmake'
[0.181s] [34mcolcon.colcon_core.package_identification[0m [1;30mLevel 1[0m _identify(YOLOv11_PD/inference) by extension 'python'
[0.181s] [34mcolcon.colcon_core.package_identification[0m [1;30mLevel 1[0m _identify(YOLOv11_PD/inference) by extensions ['python_setup_py']
[0.181s] [34mcolcon.colcon_core.package_identification[0m [1;30mLevel 1[0m _identify(YOLOv11_PD/inference) by extension 'python_setup_py'
[0.182s] [34mcolcon.colcon_core.package_identification[0m [1;30mLevel 1[0m _identify(YOLOv11_PD/model) by extensions ['ignore', 'ignore_ament_install']
[0.182s] [34mcolcon.colcon_core.package_identification[0m [1;30mLevel 1[0m _identify(YOLOv11_PD/model) by extension 'ignore'
[0.182s] [34mcolcon.colcon_core.package_identification[0m [1;30mLevel 1[0m _identify(YOLOv11_PD/model) by extension 'ignore_ament_install'
[0.182s] [34mcolcon.colcon_core.package_identification[0m [1;30mLevel 1[0m _identify(YOLOv11_PD/model) by extensions ['colcon_pkg']
[0.182s] [34mcolcon.colcon_core.package_identification[0m [1;30mLevel 1[0m _identify(YOLOv11_PD/model) by extension 'colcon_pkg'
[0.182s] [34mcolcon.colcon_core.package_identification[0m [1;30mLevel 1[0m _identify(YOLOv11_PD/model) by extensions ['colcon_meta']
[0.182s] [34mcolcon.colcon_core.package_identification[0m [1;30mLevel 1[0m _identify(YOLOv11_PD/model) by extension 'colcon_meta'
[0.182s] [34mcolcon.colcon_core.package_identification[0m [1;30mLevel 1[0m _identify(YOLOv11_PD/model) by extensions ['ros']
[0.182s] [34mcolcon.colcon_core.package_identification[0m [1;30mLevel 1[0m _identify(YOLOv11_PD/model) by extension 'ros'
[0.182s] [34mcolcon.colcon_core.package_identification[0m [1;30mLevel 1[0m _identify(YOLOv11_PD/model) by extensions ['cmake', 'python']
[0.182s] [34mcolcon.colcon_core.package_identification[0m [1;30mLevel 1[0m _identify(YOLOv11_PD/model) by extension 'cmake'
[0.182s] [34mcolcon.colcon_core.package_identification[0m [1;30mLevel 1[0m _identify(YOLOv11_PD/model) by extension 'python'
[0.182s] [34mcolcon.colcon_core.package_identification[0m [1;30mLevel 1[0m _identify(YOLOv11_PD/model) by extensions ['python_setup_py']
[0.182s] [34mcolcon.colcon_core.package_identification[0m [1;30mLevel 1[0m _identify(YOLOv11_PD/model) by extension 'python_setup_py'
[0.182s] [34mcolcon.colcon_core.package_identification[0m [1;30mLevel 1[0m _identify(YOLOv11_PD/sample_images) by extensions ['ignore', 'ignore_ament_install']
[0.182s] [34mcolcon.colcon_core.package_identification[0m [1;30mLevel 1[0m _identify(YOLOv11_PD/sample_images) by extension 'ignore'
[0.182s] [34mcolcon.colcon_core.package_identification[0m [1;30mLevel 1[0m _identify(YOLOv11_PD/sample_images) by extension 'ignore_ament_install'
[0.182s] [34mcolcon.colcon_core.package_identification[0m [1;30mLevel 1[0m _identify(YOLOv11_PD/sample_images) by extensions ['colcon_pkg']
[0.182s] [34mcolcon.colcon_core.package_identification[0m [1;30mLevel 1[0m _identify(YOLOv11_PD/sample_images) by extension 'colcon_pkg'
[0.182s] [34mcolcon.colcon_core.package_identification[0m [1;30mLevel 1[0m _identify(YOLOv11_PD/sample_images) by extensions ['colcon_meta']
[0.182s] [34mcolcon.colcon_core.package_identification[0m [1;30mLevel 1[0m _identify(YOLOv11_PD/sample_images) by extension 'colcon_meta'
[0.182s] [34mcolcon.colcon_core.package_identification[0m [1;30mLevel 1[0m _identify(YOLOv11_PD/sample_images) by extensions ['ros']
[0.182s] [34mcolcon.colcon_core.package_identification[0m [1;30mLevel 1[0m _identify(YOLOv11_PD/sample_images) by extension 'ros'
[0.182s] [34mcolcon.colcon_core.package_identification[0m [1;30mLevel 1[0m _identify(YOLOv11_PD/sample_images) by extensions ['cmake', 'python']
[0.182s] [34mcolcon.colcon_core.package_identification[0m [1;30mLevel 1[0m _identify(YOLOv11_PD/sample_images) by extension 'cmake'
[0.182s] [34mcolcon.colcon_core.package_identification[0m [1;30mLevel 1[0m _identify(YOLOv11_PD/sample_images) by extension 'python'
[0.182s] [34mcolcon.colcon_core.package_identification[0m [1;30mLevel 1[0m _identify(YOLOv11_PD/sample_images) by extensions ['python_setup_py']
[0.182s] [34mcolcon.colcon_core.package_identification[0m [1;30mLevel 1[0m _identify(YOLOv11_PD/sample_images) by extension 'python_setup_py'
[0.182s] [34mcolcon.colcon_core.package_identification[0m [1;30mLevel 1[0m _identify(build) by extensions ['ignore', 'ignore_ament_install']
[0.182s] [34mcolcon.colcon_core.package_identification[0m [1;30mLevel 1[0m _identify(build) by extension 'ignore'
[0.182s] [34mcolcon.colcon_core.package_identification[0m [1;30mLevel 1[0m _identify(build) ignored
[0.182s] [34mcolcon.colcon_core.package_identification[0m [1;30mLevel 1[0m _identify(created_model_NXPCUP_2026.v2-v1_yolov8) by extensions ['ignore', 'ignore_ament_install']
[0.182s] [34mcolcon.colcon_core.package_identification[0m [1;30mLevel 1[0m _identify(created_model_NXPCUP_2026.v2-v1_yolov8) by extension 'ignore'
[0.182s] [34mcolcon.colcon_core.package_identification[0m [1;30mLevel 1[0m _identify(created_model_NXPCUP_2026.v2-v1_yolov8) by extension 'ignore_ament_install'
[0.182s] [34mcolcon.colcon_core.package_identification[0m [1;30mLevel 1[0m _identify(created_model_NXPCUP_2026.v2-v1_yolov8) by extensions ['colcon_pkg']
[0.182s] [34mcolcon.colcon_core.package_identification[0m [1;30mLevel 1[0m _identify(created_model_NXPCUP_2026.v2-v1_yolov8) by extension 'colcon_pkg'
[0.182s] [34mcolcon.colcon_core.package_identification[0m [1;30mLevel 1[0m _identify(created_model_NXPCUP_2026.v2-v1_yolov8) by extensions ['colcon_meta']
[0.183s] [34mcolcon.colcon_core.package_identification[0m [1;30mLevel 1[0m _identify(created_model_NXPCUP_2026.v2-v1_yolov8) by extension 'colcon_meta'
[0.183s] [34mcolcon.colcon_core.package_identification[0m [1;30mLevel 1[0m _identify(created_model_NXPCUP_2026.v2-v1_yolov8) by extensions ['ros']
[0.183s] [34mcolcon.colcon_core.package_identification[0m [1;30mLevel 1[0m _identify(created_model_NXPCUP_2026.v2-v1_yolov8) by extension 'ros'
[0.183s] [34mcolcon.colcon_core.package_identification[0m [1;30mLevel 1[0m _identify(created_model_NXPCUP_2026.v2-v1_yolov8) by extensions ['cmake', 'python']
[0.183s] [34mcolcon.colcon_core.package_identification[0m [1;30mLevel 1[0m _identify(created_model_NXPCUP_2026.v2-v1_yolov8) by extension 'cmake'
[0.183s] [34mcolcon.colcon_core.package_identification[0m [1;30mLevel 1[0m _identify(created_model_NXPCUP_2026.v2-v1_yolov8) by extension 'python'
[0.183s] [34mcolcon.colcon_core.package_identification[0m [1;30mLevel 1[0m _identify(created_model_NXPCUP_2026.v2-v1_yolov8) by extensions ['python_setup_py']
[0.183s] [34mcolcon.colcon_core.package_identification[0m [1;30mLevel 1[0m _identify(created_model_NXPCUP_2026.v2-v1_yolov8) by extension 'python_setup_py'
[0.183s] [34mcolcon.colcon_core.package_identification[0m [1;30mLevel 1[0m _identify(created_model_NXPCUP_2026.v2-v1_yolov8/content) by extensions ['ignore', 'ignore_ament_install']
[0.183s] [34mcolcon.colcon_core.package_identification[0m [1;30mLevel 1[0m _identify(created_model_NXPCUP_2026.v2-v1_yolov8/content) by extension 'ignore'
[0.183s] [34mcolcon.colcon_core.package_identification[0m [1;30mLevel 1[0m _identify(created_model_NXPCUP_2026.v2-v1_yolov8/content) by extension 'ignore_ament_install'
[0.183s] [34mcolcon.colcon_core.package_identification[0m [1;30mLevel 1[0m _identify(created_model_NXPCUP_2026.v2-v1_yolov8/content) by extensions ['colcon_pkg']
[0.183s] [34mcolcon.colcon_core.package_identification[0m [1;30mLevel 1[0m _identify(created_model_NXPCUP_2026.v2-v1_yolov8/content) by extension 'colcon_pkg'
[0.183s] [34mcolcon.colcon_core.package_identification[0m [1;30mLevel 1[0m _identify(created_model_NXPCUP_2026.v2-v1_yolov8/content) by extensions ['colcon_meta']
[0.183s] [34mcolcon.colcon_core.package_identification[0m [1;30mLevel 1[0m _identify(created_model_NXPCUP_2026.v2-v1_yolov8/content) by extension 'colcon_meta'
[0.183s] [34mcolcon.colcon_core.package_identification[0m [1;30mLevel 1[0m _identify(created_model_NXPCUP_2026.v2-v1_yolov8/content) by extensions ['ros']
[0.183s] [34mcolcon.colcon_core.package_identification[0m [1;30mLevel 1[0m _identify(created_model_NXPCUP_2026.v2-v1_yolov8/content) by extension 'ros'
[0.183s] [34mcolcon.colcon_core.package_identification[0m [1;30mLevel 1[0m _identify(created_model_NXPCUP_2026.v2-v1_yolov8/content) by extensions ['cmake', 'python']
[0.183s] [34mcolcon.colcon_core.package_identification[0m [1;30mLevel 1[0m _identify(created_model_NXPCUP_2026.v2-v1_yolov8/content) by extension 'cmake'
[0.183s] [34mcolcon.colcon_core.package_identification[0m [1;30mLevel 1[0m _identify(created_model_NXPCUP_2026.v2-v1_yolov8/content) by extension 'python'
[0.183s] [34mcolcon.colcon_core.package_identification[0m [1;30mLevel 1[0m _identify(created_model_NXPCUP_2026.v2-v1_yolov8/content) by extensions ['python_setup_py']
[0.183s] [34mcolcon.colcon_core.package_identification[0m [1;30mLevel 1[0m _identify(created_model_NXPCUP_2026.v2-v1_yolov8/content) by extension 'python_setup_py'
[0.183s] [34mcolcon.colcon_core.package_identification[0m [1;30mLevel 1[0m _identify(created_model_NXPCUP_2026.v2-v1_yolov8/content/NXPCUP_2026.v2-v1_a.yolov8) by extensions ['ignore', 'ignore_ament_install']
[0.183s] [34mcolcon.colcon_core.package_identification[0m [1;30mLevel 1[0m _identify(created_model_NXPCUP_2026.v2-v1_yolov8/content/NXPCUP_2026.v2-v1_a.yolov8) by extension 'ignore'
[0.183s] [34mcolcon.colcon_core.package_identification[0m [1;30mLevel 1[0m _identify(created_model_NXPCUP_2026.v2-v1_yolov8/content/NXPCUP_2026.v2-v1_a.yolov8) by extension 'ignore_ament_install'
[0.183s] [34mcolcon.colcon_core.package_identification[0m [1;30mLevel 1[0m _identify(created_model_NXPCUP_2026.v2-v1_yolov8/content/NXPCUP_2026.v2-v1_a.yolov8) by extensions ['colcon_pkg']
[0.183s] [34mcolcon.colcon_core.package_identification[0m [1;30mLevel 1[0m _identify(created_model_NXPCUP_2026.v2-v1_yolov8/content/NXPCUP_2026.v2-v1_a.yolov8) by extension 'colcon_pkg'
[0.183s] [34mcolcon.colcon_core.package_identification[0m [1;30mLevel 1[0m _identify(created_model_NXPCUP_2026.v2-v1_yolov8/content/NXPCUP_2026.v2-v1_a.yolov8) by extensions ['colcon_meta']
[0.183s] [34mcolcon.colcon_core.package_identification[0m [1;30mLevel 1[0m _identify(created_model_NXPCUP_2026.v2-v1_yolov8/content/NXPCUP_2026.v2-v1_a.yolov8) by extension 'colcon_meta'
[0.183s] [34mcolcon.colcon_core.package_identification[0m [1;30mLevel 1[0m _identify(created_model_NXPCUP_2026.v2-v1_yolov8/content/NXPCUP_2026.v2-v1_a.yolov8) by extensions ['ros']
[0.183s] [34mcolcon.colcon_core.package_identification[0m [1;30mLevel 1[0m _identify(created_model_NXPCUP_2026.v2-v1_yolov8/content/NXPCUP_2026.v2-v1_a.yolov8) by extension 'ros'
[0.183s] [34mcolcon.colcon_core.package_identification[0m [1;30mLevel 1[0m _identify(created_model_NXPCUP_2026.v2-v1_yolov8/content/NXPCUP_2026.v2-v1_a.yolov8) by extensions ['cmake', 'python']
[0.183s] [34mcolcon.colcon_core.package_identification[0m [1;30mLevel 1[0m _identify(created_model_NXPCUP_2026.v2-v1_yolov8/content/NXPCUP_2026.v2-v1_a.yolov8) by extension 'cmake'
[0.183s] [34mcolcon.colcon_core.package_identification[0m [1;30mLevel 1[0m _identify(created_model_NXPCUP_2026.v2-v1_yolov8/content/NXPCUP_2026.v2-v1_a.yolov8) by extension 'python'
[0.183s] [34mcolcon.colcon_core.package_identification[0m [1;30mLevel 1[0m _identify(created_model_NXPCUP_2026.v2-v1_yolov8/content/NXPCUP_2026.v2-v1_a.yolov8) by extensions ['python_setup_py']
[0.183s] [34mcolcon.colcon_core.package_identification[0m [1;30mLevel 1[0m _identify(created_model_NXPCUP_2026.v2-v1_yolov8/content/NXPCUP_2026.v2-v1_a.yolov8) by extension 'python_setup_py'
[0.183s] [34mcolcon.colcon_core.package_identification[0m [1;30mLevel 1[0m _identify(created_model_NXPCUP_2026.v2-v1_yolov8/content/NXPCUP_2026.v2-v1_a.yolov8/configs) by extensions ['ignore', 'ignore_ament_install']
[0.184s] [34mcolcon.colcon_core.package_identification[0m [1;30mLevel 1[0m _identify(created_model_NXPCUP_2026.v2-v1_yolov8/content/NXPCUP_2026.v2-v1_a.yolov8/configs) by extension 'ignore'
[0.184s] [34mcolcon.colcon_core.package_identification[0m [1;30mLevel 1[0m _identify(created_model_NXPCUP_2026.v2-v1_yolov8/content/NXPCUP_2026.v2-v1_a.yolov8/configs) by extension 'ignore_ament_install'
[0.184s] [34mcolcon.colcon_core.package_identification[0m [1;30mLevel 1[0m _identify(created_model_NXPCUP_2026.v2-v1_yolov8/content/NXPCUP_2026.v2-v1_a.yolov8/configs) by extensions ['colcon_pkg']
[0.184s] [34mcolcon.colcon_core.package_identification[0m [1;30mLevel 1[0m _identify(created_model_NXPCUP_2026.v2-v1_yolov8/content/NXPCUP_2026.v2-v1_a.yolov8/configs) by extension 'colcon_pkg'
[0.184s] [34mcolcon.colcon_core.package_identification[0m [1;30mLevel 1[0m _identify(created_model_NXPCUP_2026.v2-v1_yolov8/content/NXPCUP_2026.v2-v1_a.yolov8/configs) by extensions ['colcon_meta']
[0.184s] [34mcolcon.colcon_core.package_identification[0m [1;30mLevel 1[0m _identify(created_model_NXPCUP_2026.v2-v1_yolov8/content/NXPCUP_2026.v2-v1_a.yolov8/configs) by extension 'colcon_meta'
[0.184s] [34mcolcon.colcon_core.package_identification[0m [1;30mLevel 1[0m _identify(created_model_NXPCUP_2026.v2-v1_yolov8/content/NXPCUP_2026.v2-v1_a.yolov8/configs) by extensions ['ros']
[0.184s] [34mcolcon.colcon_core.package_identification[0m [1;30mLevel 1[0m _identify(created_model_NXPCUP_2026.v2-v1_yolov8/content/NXPCUP_2026.v2-v1_a.yolov8/configs) by extension 'ros'
[0.184s] [34mcolcon.colcon_core.package_identification[0m [1;30mLevel 1[0m _identify(created_model_NXPCUP_2026.v2-v1_yolov8/content/NXPCUP_2026.v2-v1_a.yolov8/configs) by extensions ['cmake', 'python']
[0.184s] [34mcolcon.colcon_core.package_identification[0m [1;30mLevel 1[0m _identify(created_model_NXPCUP_2026.v2-v1_yolov8/content/NXPCUP_2026.v2-v1_a.yolov8/configs) by extension 'cmake'
[0.184s] [34mcolcon.colcon_core.package_identification[0m [1;30mLevel 1[0m _identify(created_model_NXPCUP_2026.v2-v1_yolov8/content/NXPCUP_2026.v2-v1_a.yolov8/configs) by extension 'python'
[0.184s] [34mcolcon.colcon_core.package_identification[0m [1;30mLevel 1[0m _identify(created_model_NXPCUP_2026.v2-v1_yolov8/content/NXPCUP_2026.v2-v1_a.yolov8/configs) by extensions ['python_setup_py']
[0.184s] [34mcolcon.colcon_core.package_identification[0m [1;30mLevel 1[0m _identify(created_model_NXPCUP_2026.v2-v1_yolov8/content/NXPCUP_2026.v2-v1_a.yolov8/configs) by extension 'python_setup_py'
[0.184s] [34mcolcon.colcon_core.package_identification[0m [1;30mLevel 1[0m _identify(created_model_NXPCUP_2026.v2-v1_yolov8/content/NXPCUP_2026.v2-v1_a.yolov8/docs) by extensions ['ignore', 'ignore_ament_install']
[0.184s] [34mcolcon.colcon_core.package_identification[0m [1;30mLevel 1[0m _identify(created_model_NXPCUP_2026.v2-v1_yolov8/content/NXPCUP_2026.v2-v1_a.yolov8/docs) by extension 'ignore'
[0.184s] [34mcolcon.colcon_core.package_identification[0m [1;30mLevel 1[0m _identify(created_model_NXPCUP_2026.v2-v1_yolov8/content/NXPCUP_2026.v2-v1_a.yolov8/docs) by extension 'ignore_ament_install'
[0.184s] [34mcolcon.colcon_core.package_identification[0m [1;30mLevel 1[0m _identify(created_model_NXPCUP_2026.v2-v1_yolov8/content/NXPCUP_2026.v2-v1_a.yolov8/docs) by extensions ['colcon_pkg']
[0.184s] [34mcolcon.colcon_core.package_identification[0m [1;30mLevel 1[0m _identify(created_model_NXPCUP_2026.v2-v1_yolov8/content/NXPCUP_2026.v2-v1_a.yolov8/docs) by extension 'colcon_pkg'
[0.184s] [34mcolcon.colcon_core.package_identification[0m [1;30mLevel 1[0m _identify(created_model_NXPCUP_2026.v2-v1_yolov8/content/NXPCUP_2026.v2-v1_a.yolov8/docs) by extensions ['colcon_meta']
[0.184s] [34mcolcon.colcon_core.package_identification[0m [1;30mLevel 1[0m _identify(created_model_NXPCUP_2026.v2-v1_yolov8/content/NXPCUP_2026.v2-v1_a.yolov8/docs) by extension 'colcon_meta'
[0.184s] [34mcolcon.colcon_core.package_identification[0m [1;30mLevel 1[0m _identify(created_model_NXPCUP_2026.v2-v1_yolov8/content/NXPCUP_2026.v2-v1_a.yolov8/docs) by extensions ['ros']
[0.184s] [34mcolcon.colcon_core.package_identification[0m [1;30mLevel 1[0m _identify(created_model_NXPCUP_2026.v2-v1_yolov8/content/NXPCUP_2026.v2-v1_a.yolov8/docs) by extension 'ros'
[0.184s] [34mcolcon.colcon_core.package_identification[0m [1;30mLevel 1[0m _identify(created_model_NXPCUP_2026.v2-v1_yolov8/content/NXPCUP_2026.v2-v1_a.yolov8/docs) by extensions ['cmake', 'python']
[0.184s] [34mcolcon.colcon_core.package_identification[0m [1;30mLevel 1[0m _identify(created_model_NXPCUP_2026.v2-v1_yolov8/content/NXPCUP_2026.v2-v1_a.yolov8/docs) by extension 'cmake'
[0.184s] [34mcolcon.colcon_core.package_identification[0m [1;30mLevel 1[0m _identify(created_model_NXPCUP_2026.v2-v1_yolov8/content/NXPCUP_2026.v2-v1_a.yolov8/docs) by extension 'python'
[0.184s] [34mcolcon.colcon_core.package_identification[0m [1;30mLevel 1[0m _identify(created_model_NXPCUP_2026.v2-v1_yolov8/content/NXPCUP_2026.v2-v1_a.yolov8/docs) by extensions ['python_setup_py']
[0.184s] [34mcolcon.colcon_core.package_identification[0m [1;30mLevel 1[0m _identify(created_model_NXPCUP_2026.v2-v1_yolov8/content/NXPCUP_2026.v2-v1_a.yolov8/docs) by extension 'python_setup_py'
[0.184s] [34mcolcon.colcon_core.package_identification[0m [1;30mLevel 1[0m _identify(created_model_NXPCUP_2026.v2-v1_yolov8/content/NXPCUP_2026.v2-v1_a.yolov8/exports) by extensions ['ignore', 'ignore_ament_install']
[0.184s] [34mcolcon.colcon_core.package_identification[0m [1;30mLevel 1[0m _identify(created_model_NXPCUP_2026.v2-v1_yolov8/content/NXPCUP_2026.v2-v1_a.yolov8/exports) by extension 'ignore'
[0.184s] [34mcolcon.colcon_core.package_identification[0m [1;30mLevel 1[0m _identify(created_model_NXPCUP_2026.v2-v1_yolov8/content/NXPCUP_2026.v2-v1_a.yolov8/exports) by extension 'ignore_ament_install'
[0.184s] [34mcolcon.colcon_core.package_identification[0m [1;30mLevel 1[0m _identify(created_model_NXPCUP_2026.v2-v1_yolov8/content/NXPCUP_2026.v2-v1_a.yolov8/exports) by extensions ['colcon_pkg']
[0.184s] [34mcolcon.colcon_core.package_identification[0m [1;30mLevel 1[0m _identify(created_model_NXPCUP_2026.v2-v1_yolov8/content/NXPCUP_2026.v2-v1_a.yolov8/exports) by extension 'colcon_pkg'
[0.184s] [34mcolcon.colcon_core.package_identification[0m [1;30mLevel 1[0m _identify(created_model_NXPCUP_2026.v2-v1_yolov8/content/NXPCUP_2026.v2-v1_a.yolov8/exports) by extensions ['colcon_meta']
[0.184s] [34mcolcon.colcon_core.package_identification[0m [1;30mLevel 1[0m _identify(created_model_NXPCUP_2026.v2-v1_yolov8/content/NXPCUP_2026.v2-v1_a.yolov8/exports) by extension 'colcon_meta'
[0.184s] [34mcolcon.colcon_core.package_identification[0m [1;30mLevel 1[0m _identify(created_model_NXPCUP_2026.v2-v1_yolov8/content/NXPCUP_2026.v2-v1_a.yolov8/exports) by extensions ['ros']
[0.184s] [34mcolcon.colcon_core.package_identification[0m [1;30mLevel 1[0m _identify(created_model_NXPCUP_2026.v2-v1_yolov8/content/NXPCUP_2026.v2-v1_a.yolov8/exports) by extension 'ros'
[0.184s] [34mcolcon.colcon_core.package_identification[0m [1;30mLevel 1[0m _identify(created_model_NXPCUP_2026.v2-v1_yolov8/content/NXPCUP_2026.v2-v1_a.yolov8/exports) by extensions ['cmake', 'python']
[0.184s] [34mcolcon.colcon_core.package_identification[0m [1;30mLevel 1[0m _identify(created_model_NXPCUP_2026.v2-v1_yolov8/content/NXPCUP_2026.v2-v1_a.yolov8/exports) by extension 'cmake'
[0.184s] [34mcolcon.colcon_core.package_identification[0m [1;30mLevel 1[0m _identify(created_model_NXPCUP_2026.v2-v1_yolov8/content/NXPCUP_2026.v2-v1_a.yolov8/exports) by extension 'python'
[0.184s] [34mcolcon.colcon_core.package_identification[0m [1;30mLevel 1[0m _identify(created_model_NXPCUP_2026.v2-v1_yolov8/content/NXPCUP_2026.v2-v1_a.yolov8/exports) by extensions ['python_setup_py']
[0.185s] [34mcolcon.colcon_core.package_identification[0m [1;30mLevel 1[0m _identify(created_model_NXPCUP_2026.v2-v1_yolov8/content/NXPCUP_2026.v2-v1_a.yolov8/exports) by extension 'python_setup_py'
[0.185s] [34mcolcon.colcon_core.package_identification[0m [1;30mLevel 1[0m _identify(created_model_NXPCUP_2026.v2-v1_yolov8/content/NXPCUP_2026.v2-v1_a.yolov8/inference) by extensions ['ignore', 'ignore_ament_install']
[0.185s] [34mcolcon.colcon_core.package_identification[0m [1;30mLevel 1[0m _identify(created_model_NXPCUP_2026.v2-v1_yolov8/content/NXPCUP_2026.v2-v1_a.yolov8/inference) by extension 'ignore'
[0.185s] [34mcolcon.colcon_core.package_identification[0m [1;30mLevel 1[0m _identify(created_model_NXPCUP_2026.v2-v1_yolov8/content/NXPCUP_2026.v2-v1_a.yolov8/inference) by extension 'ignore_ament_install'
[0.185s] [34mcolcon.colcon_core.package_identification[0m [1;30mLevel 1[0m _identify(created_model_NXPCUP_2026.v2-v1_yolov8/content/NXPCUP_2026.v2-v1_a.yolov8/inference) by extensions ['colcon_pkg']
[0.185s] [34mcolcon.colcon_core.package_identification[0m [1;30mLevel 1[0m _identify(created_model_NXPCUP_2026.v2-v1_yolov8/content/NXPCUP_2026.v2-v1_a.yolov8/inference) by extension 'colcon_pkg'
[0.185s] [34mcolcon.colcon_core.package_identification[0m [1;30mLevel 1[0m _identify(created_model_NXPCUP_2026.v2-v1_yolov8/content/NXPCUP_2026.v2-v1_a.yolov8/inference) by extensions ['colcon_meta']
[0.185s] [34mcolcon.colcon_core.package_identification[0m [1;30mLevel 1[0m _identify(created_model_NXPCUP_2026.v2-v1_yolov8/content/NXPCUP_2026.v2-v1_a.yolov8/inference) by extension 'colcon_meta'
[0.185s] [34mcolcon.colcon_core.package_identification[0m [1;30mLevel 1[0m _identify(created_model_NXPCUP_2026.v2-v1_yolov8/content/NXPCUP_2026.v2-v1_a.yolov8/inference) by extensions ['ros']
[0.185s] [34mcolcon.colcon_core.package_identification[0m [1;30mLevel 1[0m _identify(created_model_NXPCUP_2026.v2-v1_yolov8/content/NXPCUP_2026.v2-v1_a.yolov8/inference) by extension 'ros'
[0.185s] [34mcolcon.colcon_core.package_identification[0m [1;30mLevel 1[0m _identify(created_model_NXPCUP_2026.v2-v1_yolov8/content/NXPCUP_2026.v2-v1_a.yolov8/inference) by extensions ['cmake', 'python']
[0.185s] [34mcolcon.colcon_core.package_identification[0m [1;30mLevel 1[0m _identify(created_model_NXPCUP_2026.v2-v1_yolov8/content/NXPCUP_2026.v2-v1_a.yolov8/inference) by extension 'cmake'
[0.185s] [34mcolcon.colcon_core.package_identification[0m [1;30mLevel 1[0m _identify(created_model_NXPCUP_2026.v2-v1_yolov8/content/NXPCUP_2026.v2-v1_a.yolov8/inference) by extension 'python'
[0.185s] [34mcolcon.colcon_core.package_identification[0m [1;30mLevel 1[0m _identify(created_model_NXPCUP_2026.v2-v1_yolov8/content/NXPCUP_2026.v2-v1_a.yolov8/inference) by extensions ['python_setup_py']
[0.185s] [34mcolcon.colcon_core.package_identification[0m [1;30mLevel 1[0m _identify(created_model_NXPCUP_2026.v2-v1_yolov8/content/NXPCUP_2026.v2-v1_a.yolov8/inference) by extension 'python_setup_py'
[0.185s] [34mcolcon.colcon_core.package_identification[0m [1;30mLevel 1[0m _identify(created_model_NXPCUP_2026.v2-v1_yolov8/content/NXPCUP_2026.v2-v1_a.yolov8/logs) by extensions ['ignore', 'ignore_ament_install']
[0.185s] [34mcolcon.colcon_core.package_identification[0m [1;30mLevel 1[0m _identify(created_model_NXPCUP_2026.v2-v1_yolov8/content/NXPCUP_2026.v2-v1_a.yolov8/logs) by extension 'ignore'
[0.185s] [34mcolcon.colcon_core.package_identification[0m [1;30mLevel 1[0m _identify(created_model_NXPCUP_2026.v2-v1_yolov8/content/NXPCUP_2026.v2-v1_a.yolov8/logs) by extension 'ignore_ament_install'
[0.185s] [34mcolcon.colcon_core.package_identification[0m [1;30mLevel 1[0m _identify(created_model_NXPCUP_2026.v2-v1_yolov8/content/NXPCUP_2026.v2-v1_a.yolov8/logs) by extensions ['colcon_pkg']
[0.185s] [34mcolcon.colcon_core.package_identification[0m [1;30mLevel 1[0m _identify(created_model_NXPCUP_2026.v2-v1_yolov8/content/NXPCUP_2026.v2-v1_a.yolov8/logs) by extension 'colcon_pkg'
[0.185s] [34mcolcon.colcon_core.package_identification[0m [1;30mLevel 1[0m _identify(created_model_NXPCUP_2026.v2-v1_yolov8/content/NXPCUP_2026.v2-v1_a.yolov8/logs) by extensions ['colcon_meta']
[0.185s] [34mcolcon.colcon_core.package_identification[0m [1;30mLevel 1[0m _identify(created_model_NXPCUP_2026.v2-v1_yolov8/content/NXPCUP_2026.v2-v1_a.yolov8/logs) by extension 'colcon_meta'
[0.185s] [34mcolcon.colcon_core.package_identification[0m [1;30mLevel 1[0m _identify(created_model_NXPCUP_2026.v2-v1_yolov8/content/NXPCUP_2026.v2-v1_a.yolov8/logs) by extensions ['ros']
[0.185s] [34mcolcon.colcon_core.package_identification[0m [1;30mLevel 1[0m _identify(created_model_NXPCUP_2026.v2-v1_yolov8/content/NXPCUP_2026.v2-v1_a.yolov8/logs) by extension 'ros'
[0.185s] [34mcolcon.colcon_core.package_identification[0m [1;30mLevel 1[0m _identify(created_model_NXPCUP_2026.v2-v1_yolov8/content/NXPCUP_2026.v2-v1_a.yolov8/logs) by extensions ['cmake', 'python']
[0.185s] [34mcolcon.colcon_core.package_identification[0m [1;30mLevel 1[0m _identify(created_model_NXPCUP_2026.v2-v1_yolov8/content/NXPCUP_2026.v2-v1_a.yolov8/logs) by extension 'cmake'
[0.185s] [34mcolcon.colcon_core.package_identification[0m [1;30mLevel 1[0m _identify(created_model_NXPCUP_2026.v2-v1_yolov8/content/NXPCUP_2026.v2-v1_a.yolov8/logs) by extension 'python'
[0.185s] [34mcolcon.colcon_core.package_identification[0m [1;30mLevel 1[0m _identify(created_model_NXPCUP_2026.v2-v1_yolov8/content/NXPCUP_2026.v2-v1_a.yolov8/logs) by extensions ['python_setup_py']
[0.185s] [34mcolcon.colcon_core.package_identification[0m [1;30mLevel 1[0m _identify(created_model_NXPCUP_2026.v2-v1_yolov8/content/NXPCUP_2026.v2-v1_a.yolov8/logs) by extension 'python_setup_py'
[0.185s] [34mcolcon.colcon_core.package_identification[0m [1;30mLevel 1[0m _identify(created_model_NXPCUP_2026.v2-v1_yolov8/content/NXPCUP_2026.v2-v1_a.yolov8/models) by extensions ['ignore', 'ignore_ament_install']
[0.185s] [34mcolcon.colcon_core.package_identification[0m [1;30mLevel 1[0m _identify(created_model_NXPCUP_2026.v2-v1_yolov8/content/NXPCUP_2026.v2-v1_a.yolov8/models) by extension 'ignore'
[0.185s] [34mcolcon.colcon_core.package_identification[0m [1;30mLevel 1[0m _identify(created_model_NXPCUP_2026.v2-v1_yolov8/content/NXPCUP_2026.v2-v1_a.yolov8/models) by extension 'ignore_ament_install'
[0.185s] [34mcolcon.colcon_core.package_identification[0m [1;30mLevel 1[0m _identify(created_model_NXPCUP_2026.v2-v1_yolov8/content/NXPCUP_2026.v2-v1_a.yolov8/models) by extensions ['colcon_pkg']
[0.185s] [34mcolcon.colcon_core.package_identification[0m [1;30mLevel 1[0m _identify(created_model_NXPCUP_2026.v2-v1_yolov8/content/NXPCUP_2026.v2-v1_a.yolov8/models) by extension 'colcon_pkg'
[0.185s] [34mcolcon.colcon_core.package_identification[0m [1;30mLevel 1[0m _identify(created_model_NXPCUP_2026.v2-v1_yolov8/content/NXPCUP_2026.v2-v1_a.yolov8/models) by extensions ['colcon_meta']
[0.185s] [34mcolcon.colcon_core.package_identification[0m [1;30mLevel 1[0m _identify(created_model_NXPCUP_2026.v2-v1_yolov8/content/NXPCUP_2026.v2-v1_a.yolov8/models) by extension 'colcon_meta'
[0.185s] [34mcolcon.colcon_core.package_identification[0m [1;30mLevel 1[0m _identify(created_model_NXPCUP_2026.v2-v1_yolov8/content/NXPCUP_2026.v2-v1_a.yolov8/models) by extensions ['ros']
[0.185s] [34mcolcon.colcon_core.package_identification[0m [1;30mLevel 1[0m _identify(created_model_NXPCUP_2026.v2-v1_yolov8/content/NXPCUP_2026.v2-v1_a.yolov8/models) by extension 'ros'
[0.185s] [34mcolcon.colcon_core.package_identification[0m [1;30mLevel 1[0m _identify(created_model_NXPCUP_2026.v2-v1_yolov8/content/NXPCUP_2026.v2-v1_a.yolov8/models) by extensions ['cmake', 'python']
[0.186s] [34mcolcon.colcon_core.package_identification[0m [1;30mLevel 1[0m _identify(created_model_NXPCUP_2026.v2-v1_yolov8/content/NXPCUP_2026.v2-v1_a.yolov8/models) by extension 'cmake'
[0.186s] [34mcolcon.colcon_core.package_identification[0m [1;30mLevel 1[0m _identify(created_model_NXPCUP_2026.v2-v1_yolov8/content/NXPCUP_2026.v2-v1_a.yolov8/models) by extension 'python'
[0.186s] [34mcolcon.colcon_core.package_identification[0m [1;30mLevel 1[0m _identify(created_model_NXPCUP_2026.v2-v1_yolov8/content/NXPCUP_2026.v2-v1_a.yolov8/models) by extensions ['python_setup_py']
[0.186s] [34mcolcon.colcon_core.package_identification[0m [1;30mLevel 1[0m _identify(created_model_NXPCUP_2026.v2-v1_yolov8/content/NXPCUP_2026.v2-v1_a.yolov8/models) by extension 'python_setup_py'
[0.186s] [34mcolcon.colcon_core.package_identification[0m [1;30mLevel 1[0m _identify(created_model_NXPCUP_2026.v2-v1_yolov8/content/NXPCUP_2026.v2-v1_a.yolov8/new) by extensions ['ignore', 'ignore_ament_install']
[0.186s] [34mcolcon.colcon_core.package_identification[0m [1;30mLevel 1[0m _identify(created_model_NXPCUP_2026.v2-v1_yolov8/content/NXPCUP_2026.v2-v1_a.yolov8/new) by extension 'ignore'
[0.186s] [34mcolcon.colcon_core.package_identification[0m [1;30mLevel 1[0m _identify(created_model_NXPCUP_2026.v2-v1_yolov8/content/NXPCUP_2026.v2-v1_a.yolov8/new) by extension 'ignore_ament_install'
[0.186s] [34mcolcon.colcon_core.package_identification[0m [1;30mLevel 1[0m _identify(created_model_NXPCUP_2026.v2-v1_yolov8/content/NXPCUP_2026.v2-v1_a.yolov8/new) by extensions ['colcon_pkg']
[0.186s] [34mcolcon.colcon_core.package_identification[0m [1;30mLevel 1[0m _identify(created_model_NXPCUP_2026.v2-v1_yolov8/content/NXPCUP_2026.v2-v1_a.yolov8/new) by extension 'colcon_pkg'
[0.186s] [34mcolcon.colcon_core.package_identification[0m [1;30mLevel 1[0m _identify(created_model_NXPCUP_2026.v2-v1_yolov8/content/NXPCUP_2026.v2-v1_a.yolov8/new) by extensions ['colcon_meta']
[0.186s] [34mcolcon.colcon_core.package_identification[0m [1;30mLevel 1[0m _identify(created_model_NXPCUP_2026.v2-v1_yolov8/content/NXPCUP_2026.v2-v1_a.yolov8/new) by extension 'colcon_meta'
[0.186s] [34mcolcon.colcon_core.package_identification[0m [1;30mLevel 1[0m _identify(created_model_NXPCUP_2026.v2-v1_yolov8/content/NXPCUP_2026.v2-v1_a.yolov8/new) by extensions ['ros']
[0.186s] [34mcolcon.colcon_core.package_identification[0m [1;30mLevel 1[0m _identify(created_model_NXPCUP_2026.v2-v1_yolov8/content/NXPCUP_2026.v2-v1_a.yolov8/new) by extension 'ros'
[0.186s] [34mcolcon.colcon_core.package_identification[0m [1;30mLevel 1[0m _identify(created_model_NXPCUP_2026.v2-v1_yolov8/content/NXPCUP_2026.v2-v1_a.yolov8/new) by extensions ['cmake', 'python']
[0.186s] [34mcolcon.colcon_core.package_identification[0m [1;30mLevel 1[0m _identify(created_model_NXPCUP_2026.v2-v1_yolov8/content/NXPCUP_2026.v2-v1_a.yolov8/new) by extension 'cmake'
[0.186s] [34mcolcon.colcon_core.package_identification[0m [1;30mLevel 1[0m _identify(created_model_NXPCUP_2026.v2-v1_yolov8/content/NXPCUP_2026.v2-v1_a.yolov8/new) by extension 'python'
[0.186s] [34mcolcon.colcon_core.package_identification[0m [1;30mLevel 1[0m _identify(created_model_NXPCUP_2026.v2-v1_yolov8/content/NXPCUP_2026.v2-v1_a.yolov8/new) by extensions ['python_setup_py']
[0.186s] [34mcolcon.colcon_core.package_identification[0m [1;30mLevel 1[0m _identify(created_model_NXPCUP_2026.v2-v1_yolov8/content/NXPCUP_2026.v2-v1_a.yolov8/new) by extension 'python_setup_py'
[0.186s] [34mcolcon.colcon_core.package_identification[0m [1;30mLevel 1[0m _identify(created_model_NXPCUP_2026.v2-v1_yolov8/content/NXPCUP_2026.v2-v1_a.yolov8/new/best) by extensions ['ignore', 'ignore_ament_install']
[0.186s] [34mcolcon.colcon_core.package_identification[0m [1;30mLevel 1[0m _identify(created_model_NXPCUP_2026.v2-v1_yolov8/content/NXPCUP_2026.v2-v1_a.yolov8/new/best) by extension 'ignore'
[0.186s] [34mcolcon.colcon_core.package_identification[0m [1;30mLevel 1[0m _identify(created_model_NXPCUP_2026.v2-v1_yolov8/content/NXPCUP_2026.v2-v1_a.yolov8/new/best) by extension 'ignore_ament_install'
[0.186s] [34mcolcon.colcon_core.package_identification[0m [1;30mLevel 1[0m _identify(created_model_NXPCUP_2026.v2-v1_yolov8/content/NXPCUP_2026.v2-v1_a.yolov8/new/best) by extensions ['colcon_pkg']
[0.186s] [34mcolcon.colcon_core.package_identification[0m [1;30mLevel 1[0m _identify(created_model_NXPCUP_2026.v2-v1_yolov8/content/NXPCUP_2026.v2-v1_a.yolov8/new/best) by extension 'colcon_pkg'
[0.186s] [34mcolcon.colcon_core.package_identification[0m [1;30mLevel 1[0m _identify(created_model_NXPCUP_2026.v2-v1_yolov8/content/NXPCUP_2026.v2-v1_a.yolov8/new/best) by extensions ['colcon_meta']
[0.186s] [34mcolcon.colcon_core.package_identification[0m [1;30mLevel 1[0m _identify(created_model_NXPCUP_2026.v2-v1_yolov8/content/NXPCUP_2026.v2-v1_a.yolov8/new/best) by extension 'colcon_meta'
[0.186s] [34mcolcon.colcon_core.package_identification[0m [1;30mLevel 1[0m _identify(created_model_NXPCUP_2026.v2-v1_yolov8/content/NXPCUP_2026.v2-v1_a.yolov8/new/best) by extensions ['ros']
[0.186s] [34mcolcon.colcon_core.package_identification[0m [1;30mLevel 1[0m _identify(created_model_NXPCUP_2026.v2-v1_yolov8/content/NXPCUP_2026.v2-v1_a.yolov8/new/best) by extension 'ros'
[0.186s] [34mcolcon.colcon_core.package_identification[0m [1;30mLevel 1[0m _identify(created_model_NXPCUP_2026.v2-v1_yolov8/content/NXPCUP_2026.v2-v1_a.yolov8/new/best) by extensions ['cmake', 'python']
[0.186s] [34mcolcon.colcon_core.package_identification[0m [1;30mLevel 1[0m _identify(created_model_NXPCUP_2026.v2-v1_yolov8/content/NXPCUP_2026.v2-v1_a.yolov8/new/best) by extension 'cmake'
[0.186s] [34mcolcon.colcon_core.package_identification[0m [1;30mLevel 1[0m _identify(created_model_NXPCUP_2026.v2-v1_yolov8/content/NXPCUP_2026.v2-v1_a.yolov8/new/best) by extension 'python'
[0.186s] [34mcolcon.colcon_core.package_identification[0m [1;30mLevel 1[0m _identify(created_model_NXPCUP_2026.v2-v1_yolov8/content/NXPCUP_2026.v2-v1_a.yolov8/new/best) by extensions ['python_setup_py']
[0.186s] [34mcolcon.colcon_core.package_identification[0m [1;30mLevel 1[0m _identify(created_model_NXPCUP_2026.v2-v1_yolov8/content/NXPCUP_2026.v2-v1_a.yolov8/new/best) by extension 'python_setup_py'
[0.187s] [34mcolcon.colcon_core.package_identification[0m [1;30mLevel 1[0m _identify(created_model_NXPCUP_2026.v2-v1_yolov8/content/NXPCUP_2026.v2-v1_a.yolov8/new/best/data) by extensions ['ignore', 'ignore_ament_install']
[0.187s] [34mcolcon.colcon_core.package_identification[0m [1;30mLevel 1[0m _identify(created_model_NXPCUP_2026.v2-v1_yolov8/content/NXPCUP_2026.v2-v1_a.yolov8/new/best/data) by extension 'ignore'
[0.187s] [34mcolcon.colcon_core.package_identification[0m [1;30mLevel 1[0m _identify(created_model_NXPCUP_2026.v2-v1_yolov8/content/NXPCUP_2026.v2-v1_a.yolov8/new/best/data) by extension 'ignore_ament_install'
[0.187s] [34mcolcon.colcon_core.package_identification[0m [1;30mLevel 1[0m _identify(created_model_NXPCUP_2026.v2-v1_yolov8/content/NXPCUP_2026.v2-v1_a.yolov8/new/best/data) by extensions ['colcon_pkg']
[0.187s] [34mcolcon.colcon_core.package_identification[0m [1;30mLevel 1[0m _identify(created_model_NXPCUP_2026.v2-v1_yolov8/content/NXPCUP_2026.v2-v1_a.yolov8/new/best/data) by extension 'colcon_pkg'
[0.187s] [34mcolcon.colcon_core.package_identification[0m [1;30mLevel 1[0m _identify(created_model_NXPCUP_2026.v2-v1_yolov8/content/NXPCUP_2026.v2-v1_a.yolov8/new/best/data) by extensions ['colcon_meta']
[0.187s] [34mcolcon.colcon_core.package_identification[0m [1;30mLevel 1[0m _identify(created_model_NXPCUP_2026.v2-v1_yolov8/content/NXPCUP_2026.v2-v1_a.yolov8/new/best/data) by extension 'colcon_meta'
[0.187s] [34mcolcon.colcon_core.package_identification[0m [1;30mLevel 1[0m _identify(created_model_NXPCUP_2026.v2-v1_yolov8/content/NXPCUP_2026.v2-v1_a.yolov8/new/best/data) by extensions ['ros']
[0.187s] [34mcolcon.colcon_core.package_identification[0m [1;30mLevel 1[0m _identify(created_model_NXPCUP_2026.v2-v1_yolov8/content/NXPCUP_2026.v2-v1_a.yolov8/new/best/data) by extension 'ros'
[0.187s] [34mcolcon.colcon_core.package_identification[0m [1;30mLevel 1[0m _identify(created_model_NXPCUP_2026.v2-v1_yolov8/content/NXPCUP_2026.v2-v1_a.yolov8/new/best/data) by extensions ['cmake', 'python']
[0.187s] [34mcolcon.colcon_core.package_identification[0m [1;30mLevel 1[0m _identify(created_model_NXPCUP_2026.v2-v1_yolov8/content/NXPCUP_2026.v2-v1_a.yolov8/new/best/data) by extension 'cmake'
[0.187s] [34mcolcon.colcon_core.package_identification[0m [1;30mLevel 1[0m _identify(created_model_NXPCUP_2026.v2-v1_yolov8/content/NXPCUP_2026.v2-v1_a.yolov8/new/best/data) by extension 'python'
[0.187s] [34mcolcon.colcon_core.package_identification[0m [1;30mLevel 1[0m _identify(created_model_NXPCUP_2026.v2-v1_yolov8/content/NXPCUP_2026.v2-v1_a.yolov8/new/best/data) by extensions ['python_setup_py']
[0.187s] [34mcolcon.colcon_core.package_identification[0m [1;30mLevel 1[0m _identify(created_model_NXPCUP_2026.v2-v1_yolov8/content/NXPCUP_2026.v2-v1_a.yolov8/new/best/data) by extension 'python_setup_py'
[0.187s] [34mcolcon.colcon_core.package_identification[0m [1;30mLevel 1[0m _identify(created_model_NXPCUP_2026.v2-v1_yolov8/content/NXPCUP_2026.v2-v1_a.yolov8/new/best.pt) by extensions ['ignore', 'ignore_ament_install']
[0.187s] [34mcolcon.colcon_core.package_identification[0m [1;30mLevel 1[0m _identify(created_model_NXPCUP_2026.v2-v1_yolov8/content/NXPCUP_2026.v2-v1_a.yolov8/new/best.pt) by extension 'ignore'
[0.187s] [34mcolcon.colcon_core.package_identification[0m [1;30mLevel 1[0m _identify(created_model_NXPCUP_2026.v2-v1_yolov8/content/NXPCUP_2026.v2-v1_a.yolov8/new/best.pt) by extension 'ignore_ament_install'
[0.187s] [34mcolcon.colcon_core.package_identification[0m [1;30mLevel 1[0m _identify(created_model_NXPCUP_2026.v2-v1_yolov8/content/NXPCUP_2026.v2-v1_a.yolov8/new/best.pt) by extensions ['colcon_pkg']
[0.187s] [34mcolcon.colcon_core.package_identification[0m [1;30mLevel 1[0m _identify(created_model_NXPCUP_2026.v2-v1_yolov8/content/NXPCUP_2026.v2-v1_a.yolov8/new/best.pt) by extension 'colcon_pkg'
[0.187s] [34mcolcon.colcon_core.package_identification[0m [1;30mLevel 1[0m _identify(created_model_NXPCUP_2026.v2-v1_yolov8/content/NXPCUP_2026.v2-v1_a.yolov8/new/best.pt) by extensions ['colcon_meta']
[0.187s] [34mcolcon.colcon_core.package_identification[0m [1;30mLevel 1[0m _identify(created_model_NXPCUP_2026.v2-v1_yolov8/content/NXPCUP_2026.v2-v1_a.yolov8/new/best.pt) by extension 'colcon_meta'
[0.187s] [34mcolcon.colcon_core.package_identification[0m [1;30mLevel 1[0m _identify(created_model_NXPCUP_2026.v2-v1_yolov8/content/NXPCUP_2026.v2-v1_a.yolov8/new/best.pt) by extensions ['ros']
[0.187s] [34mcolcon.colcon_core.package_identification[0m [1;30mLevel 1[0m _identify(created_model_NXPCUP_2026.v2-v1_yolov8/content/NXPCUP_2026.v2-v1_a.yolov8/new/best.pt) by extension 'ros'
[0.187s] [34mcolcon.colcon_core.package_identification[0m [1;30mLevel 1[0m _identify(created_model_NXPCUP_2026.v2-v1_yolov8/content/NXPCUP_2026.v2-v1_a.yolov8/new/best.pt) by extensions ['cmake', 'python']
[0.187s] [34mcolcon.colcon_core.package_identification[0m [1;30mLevel 1[0m _identify(created_model_NXPCUP_2026.v2-v1_yolov8/content/NXPCUP_2026.v2-v1_a.yolov8/new/best.pt) by extension 'cmake'
[0.187s] [34mcolcon.colcon_core.package_identification[0m [1;30mLevel 1[0m _identify(created_model_NXPCUP_2026.v2-v1_yolov8/content/NXPCUP_2026.v2-v1_a.yolov8/new/best.pt) by extension 'python'
[0.187s] [34mcolcon.colcon_core.package_identification[0m [1;30mLevel 1[0m _identify(created_model_NXPCUP_2026.v2-v1_yolov8/content/NXPCUP_2026.v2-v1_a.yolov8/new/best.pt) by extensions ['python_setup_py']
[0.187s] [34mcolcon.colcon_core.package_identification[0m [1;30mLevel 1[0m _identify(created_model_NXPCUP_2026.v2-v1_yolov8/content/NXPCUP_2026.v2-v1_a.yolov8/new/best.pt) by extension 'python_setup_py'
[0.187s] [34mcolcon.colcon_core.package_identification[0m [1;30mLevel 1[0m _identify(created_model_NXPCUP_2026.v2-v1_yolov8/content/NXPCUP_2026.v2-v1_a.yolov8/new/best.pt/best) by extensions ['ignore', 'ignore_ament_install']
[0.188s] [34mcolcon.colcon_core.package_identification[0m [1;30mLevel 1[0m _identify(created_model_NXPCUP_2026.v2-v1_yolov8/content/NXPCUP_2026.v2-v1_a.yolov8/new/best.pt/best) by extension 'ignore'
[0.188s] [34mcolcon.colcon_core.package_identification[0m [1;30mLevel 1[0m _identify(created_model_NXPCUP_2026.v2-v1_yolov8/content/NXPCUP_2026.v2-v1_a.yolov8/new/best.pt/best) by extension 'ignore_ament_install'
[0.188s] [34mcolcon.colcon_core.package_identification[0m [1;30mLevel 1[0m _identify(created_model_NXPCUP_2026.v2-v1_yolov8/content/NXPCUP_2026.v2-v1_a.yolov8/new/best.pt/best) by extensions ['colcon_pkg']
[0.188s] [34mcolcon.colcon_core.package_identification[0m [1;30mLevel 1[0m _identify(created_model_NXPCUP_2026.v2-v1_yolov8/content/NXPCUP_2026.v2-v1_a.yolov8/new/best.pt/best) by extension 'colcon_pkg'
[0.188s] [34mcolcon.colcon_core.package_identification[0m [1;30mLevel 1[0m _identify(created_model_NXPCUP_2026.v2-v1_yolov8/content/NXPCUP_2026.v2-v1_a.yolov8/new/best.pt/best) by extensions ['colcon_meta']
[0.188s] [34mcolcon.colcon_core.package_identification[0m [1;30mLevel 1[0m _identify(created_model_NXPCUP_2026.v2-v1_yolov8/content/NXPCUP_2026.v2-v1_a.yolov8/new/best.pt/best) by extension 'colcon_meta'
[0.188s] [34mcolcon.colcon_core.package_identification[0m [1;30mLevel 1[0m _identify(created_model_NXPCUP_2026.v2-v1_yolov8/content/NXPCUP_2026.v2-v1_a.yolov8/new/best.pt/best) by extensions ['ros']
[0.188s] [34mcolcon.colcon_core.package_identification[0m [1;30mLevel 1[0m _identify(created_model_NXPCUP_2026.v2-v1_yolov8/content/NXPCUP_2026.v2-v1_a.yolov8/new/best.pt/best) by extension 'ros'
[0.188s] [34mcolcon.colcon_core.package_identification[0m [1;30mLevel 1[0m _identify(created_model_NXPCUP_2026.v2-v1_yolov8/content/NXPCUP_2026.v2-v1_a.yolov8/new/best.pt/best) by extensions ['cmake', 'python']
[0.188s] [34mcolcon.colcon_core.package_identification[0m [1;30mLevel 1[0m _identify(created_model_NXPCUP_2026.v2-v1_yolov8/content/NXPCUP_2026.v2-v1_a.yolov8/new/best.pt/best) by extension 'cmake'
[0.188s] [34mcolcon.colcon_core.package_identification[0m [1;30mLevel 1[0m _identify(created_model_NXPCUP_2026.v2-v1_yolov8/content/NXPCUP_2026.v2-v1_a.yolov8/new/best.pt/best) by extension 'python'
[0.188s] [34mcolcon.colcon_core.package_identification[0m [1;30mLevel 1[0m _identify(created_model_NXPCUP_2026.v2-v1_yolov8/content/NXPCUP_2026.v2-v1_a.yolov8/new/best.pt/best) by extensions ['python_setup_py']
[0.188s] [34mcolcon.colcon_core.package_identification[0m [1;30mLevel 1[0m _identify(created_model_NXPCUP_2026.v2-v1_yolov8/content/NXPCUP_2026.v2-v1_a.yolov8/new/best.pt/best) by extension 'python_setup_py'
[0.188s] [34mcolcon.colcon_core.package_identification[0m [1;30mLevel 1[0m _identify(created_model_NXPCUP_2026.v2-v1_yolov8/content/NXPCUP_2026.v2-v1_a.yolov8/new/best.pt/best/data) by extensions ['ignore', 'ignore_ament_install']
[0.188s] [34mcolcon.colcon_core.package_identification[0m [1;30mLevel 1[0m _identify(created_model_NXPCUP_2026.v2-v1_yolov8/content/NXPCUP_2026.v2-v1_a.yolov8/new/best.pt/best/data) by extension 'ignore'
[0.188s] [34mcolcon.colcon_core.package_identification[0m [1;30mLevel 1[0m _identify(created_model_NXPCUP_2026.v2-v1_yolov8/content/NXPCUP_2026.v2-v1_a.yolov8/new/best.pt/best/data) by extension 'ignore_ament_install'
[0.188s] [34mcolcon.colcon_core.package_identification[0m [1;30mLevel 1[0m _identify(created_model_NXPCUP_2026.v2-v1_yolov8/content/NXPCUP_2026.v2-v1_a.yolov8/new/best.pt/best/data) by extensions ['colcon_pkg']
[0.188s] [34mcolcon.colcon_core.package_identification[0m [1;30mLevel 1[0m _identify(created_model_NXPCUP_2026.v2-v1_yolov8/content/NXPCUP_2026.v2-v1_a.yolov8/new/best.pt/best/data) by extension 'colcon_pkg'
[0.188s] [34mcolcon.colcon_core.package_identification[0m [1;30mLevel 1[0m _identify(created_model_NXPCUP_2026.v2-v1_yolov8/content/NXPCUP_2026.v2-v1_a.yolov8/new/best.pt/best/data) by extensions ['colcon_meta']
[0.188s] [34mcolcon.colcon_core.package_identification[0m [1;30mLevel 1[0m _identify(created_model_NXPCUP_2026.v2-v1_yolov8/content/NXPCUP_2026.v2-v1_a.yolov8/new/best.pt/best/data) by extension 'colcon_meta'
[0.188s] [34mcolcon.colcon_core.package_identification[0m [1;30mLevel 1[0m _identify(created_model_NXPCUP_2026.v2-v1_yolov8/content/NXPCUP_2026.v2-v1_a.yolov8/new/best.pt/best/data) by extensions ['ros']
[0.188s] [34mcolcon.colcon_core.package_identification[0m [1;30mLevel 1[0m _identify(created_model_NXPCUP_2026.v2-v1_yolov8/content/NXPCUP_2026.v2-v1_a.yolov8/new/best.pt/best/data) by extension 'ros'
[0.188s] [34mcolcon.colcon_core.package_identification[0m [1;30mLevel 1[0m _identify(created_model_NXPCUP_2026.v2-v1_yolov8/content/NXPCUP_2026.v2-v1_a.yolov8/new/best.pt/best/data) by extensions ['cmake', 'python']
[0.188s] [34mcolcon.colcon_core.package_identification[0m [1;30mLevel 1[0m _identify(created_model_NXPCUP_2026.v2-v1_yolov8/content/NXPCUP_2026.v2-v1_a.yolov8/new/best.pt/best/data) by extension 'cmake'
[0.188s] [34mcolcon.colcon_core.package_identification[0m [1;30mLevel 1[0m _identify(created_model_NXPCUP_2026.v2-v1_yolov8/content/NXPCUP_2026.v2-v1_a.yolov8/new/best.pt/best/data) by extension 'python'
[0.188s] [34mcolcon.colcon_core.package_identification[0m [1;30mLevel 1[0m _identify(created_model_NXPCUP_2026.v2-v1_yolov8/content/NXPCUP_2026.v2-v1_a.yolov8/new/best.pt/best/data) by extensions ['python_setup_py']
[0.188s] [34mcolcon.colcon_core.package_identification[0m [1;30mLevel 1[0m _identify(created_model_NXPCUP_2026.v2-v1_yolov8/content/NXPCUP_2026.v2-v1_a.yolov8/new/best.pt/best/data) by extension 'python_setup_py'
[0.188s] [34mcolcon.colcon_core.package_identification[0m [1;30mLevel 1[0m _identify(created_model_NXPCUP_2026.v2-v1_yolov8/content/NXPCUP_2026.v2-v1_a.yolov8/reports) by extensions ['ignore', 'ignore_ament_install']
[0.189s] [34mcolcon.colcon_core.package_identification[0m [1;30mLevel 1[0m _identify(created_model_NXPCUP_2026.v2-v1_yolov8/content/NXPCUP_2026.v2-v1_a.yolov8/reports) by extension 'ignore'
[0.189s] [34mcolcon.colcon_core.package_identification[0m [1;30mLevel 1[0m _identify(created_model_NXPCUP_2026.v2-v1_yolov8/content/NXPCUP_2026.v2-v1_a.yolov8/reports) by extension 'ignore_ament_install'
[0.189s] [34mcolcon.colcon_core.package_identification[0m [1;30mLevel 1[0m _identify(created_model_NXPCUP_2026.v2-v1_yolov8/content/NXPCUP_2026.v2-v1_a.yolov8/reports) by extensions ['colcon_pkg']
[0.189s] [34mcolcon.colcon_core.package_identification[0m [1;30mLevel 1[0m _identify(created_model_NXPCUP_2026.v2-v1_yolov8/content/NXPCUP_2026.v2-v1_a.yolov8/reports) by extension 'colcon_pkg'
[0.189s] [34mcolcon.colcon_core.package_identification[0m [1;30mLevel 1[0m _identify(created_model_NXPCUP_2026.v2-v1_yolov8/content/NXPCUP_2026.v2-v1_a.yolov8/reports) by extensions ['colcon_meta']
[0.189s] [34mcolcon.colcon_core.package_identification[0m [1;30mLevel 1[0m _identify(created_model_NXPCUP_2026.v2-v1_yolov8/content/NXPCUP_2026.v2-v1_a.yolov8/reports) by extension 'colcon_meta'
[0.189s] [34mcolcon.colcon_core.package_identification[0m [1;30mLevel 1[0m _identify(created_model_NXPCUP_2026.v2-v1_yolov8/content/NXPCUP_2026.v2-v1_a.yolov8/reports) by extensions ['ros']
[0.189s] [34mcolcon.colcon_core.package_identification[0m [1;30mLevel 1[0m _identify(created_model_NXPCUP_2026.v2-v1_yolov8/content/NXPCUP_2026.v2-v1_a.yolov8/reports) by extension 'ros'
[0.189s] [34mcolcon.colcon_core.package_identification[0m [1;30mLevel 1[0m _identify(created_model_NXPCUP_2026.v2-v1_yolov8/content/NXPCUP_2026.v2-v1_a.yolov8/reports) by extensions ['cmake', 'python']
[0.189s] [34mcolcon.colcon_core.package_identification[0m [1;30mLevel 1[0m _identify(created_model_NXPCUP_2026.v2-v1_yolov8/content/NXPCUP_2026.v2-v1_a.yolov8/reports) by extension 'cmake'
[0.189s] [34mcolcon.colcon_core.package_identification[0m [1;30mLevel 1[0m _identify(created_model_NXPCUP_2026.v2-v1_yolov8/content/NXPCUP_2026.v2-v1_a.yolov8/reports) by extension 'python'
[0.189s] [34mcolcon.colcon_core.package_identification[0m [1;30mLevel 1[0m _identify(created_model_NXPCUP_2026.v2-v1_yolov8/content/NXPCUP_2026.v2-v1_a.yolov8/reports) by extensions ['python_setup_py']
[0.189s] [34mcolcon.colcon_core.package_identification[0m [1;30mLevel 1[0m _identify(created_model_NXPCUP_2026.v2-v1_yolov8/content/NXPCUP_2026.v2-v1_a.yolov8/reports) by extension 'python_setup_py'
[0.189s] [34mcolcon.colcon_core.package_identification[0m [1;30mLevel 1[0m _identify(created_model_NXPCUP_2026.v2-v1_yolov8/content/NXPCUP_2026.v2-v1_a.yolov8/results) by extensions ['ignore', 'ignore_ament_install']
[0.189s] [34mcolcon.colcon_core.package_identification[0m [1;30mLevel 1[0m _identify(created_model_NXPCUP_2026.v2-v1_yolov8/content/NXPCUP_2026.v2-v1_a.yolov8/results) by extension 'ignore'
[0.189s] [34mcolcon.colcon_core.package_identification[0m [1;30mLevel 1[0m _identify(created_model_NXPCUP_2026.v2-v1_yolov8/content/NXPCUP_2026.v2-v1_a.yolov8/results) by extension 'ignore_ament_install'
[0.189s] [34mcolcon.colcon_core.package_identification[0m [1;30mLevel 1[0m _identify(created_model_NXPCUP_2026.v2-v1_yolov8/content/NXPCUP_2026.v2-v1_a.yolov8/results) by extensions ['colcon_pkg']
[0.189s] [34mcolcon.colcon_core.package_identification[0m [1;30mLevel 1[0m _identify(created_model_NXPCUP_2026.v2-v1_yolov8/content/NXPCUP_2026.v2-v1_a.yolov8/results) by extension 'colcon_pkg'
[0.189s] [34mcolcon.colcon_core.package_identification[0m [1;30mLevel 1[0m _identify(created_model_NXPCUP_2026.v2-v1_yolov8/content/NXPCUP_2026.v2-v1_a.yolov8/results) by extensions ['colcon_meta']
[0.189s] [34mcolcon.colcon_core.package_identification[0m [1;30mLevel 1[0m _identify(created_model_NXPCUP_2026.v2-v1_yolov8/content/NXPCUP_2026.v2-v1_a.yolov8/results) by extension 'colcon_meta'
[0.189s] [34mcolcon.colcon_core.package_identification[0m [1;30mLevel 1[0m _identify(created_model_NXPCUP_2026.v2-v1_yolov8/content/NXPCUP_2026.v2-v1_a.yolov8/results) by extensions ['ros']
[0.189s] [34mcolcon.colcon_core.package_identification[0m [1;30mLevel 1[0m _identify(created_model_NXPCUP_2026.v2-v1_yolov8/content/NXPCUP_2026.v2-v1_a.yolov8/results) by extension 'ros'
[0.189s] [34mcolcon.colcon_core.package_identification[0m [1;30mLevel 1[0m _identify(created_model_NXPCUP_2026.v2-v1_yolov8/content/NXPCUP_2026.v2-v1_a.yolov8/results) by extensions ['cmake', 'python']
[0.189s] [34mcolcon.colcon_core.package_identification[0m [1;30mLevel 1[0m _identify(created_model_NXPCUP_2026.v2-v1_yolov8/content/NXPCUP_2026.v2-v1_a.yolov8/results) by extension 'cmake'
[0.189s] [34mcolcon.colcon_core.package_identification[0m [1;30mLevel 1[0m _identify(created_model_NXPCUP_2026.v2-v1_yolov8/content/NXPCUP_2026.v2-v1_a.yolov8/results) by extension 'python'
[0.189s] [34mcolcon.colcon_core.package_identification[0m [1;30mLevel 1[0m _identify(created_model_NXPCUP_2026.v2-v1_yolov8/content/NXPCUP_2026.v2-v1_a.yolov8/results) by extensions ['python_setup_py']
[0.189s] [34mcolcon.colcon_core.package_identification[0m [1;30mLevel 1[0m _identify(created_model_NXPCUP_2026.v2-v1_yolov8/content/NXPCUP_2026.v2-v1_a.yolov8/results) by extension 'python_setup_py'
[0.189s] [34mcolcon.colcon_core.package_identification[0m [1;30mLevel 1[0m _identify(created_model_NXPCUP_2026.v2-v1_yolov8/content/NXPCUP_2026.v2-v1_a.yolov8/runs) by extensions ['ignore', 'ignore_ament_install']
[0.189s] [34mcolcon.colcon_core.package_identification[0m [1;30mLevel 1[0m _identify(created_model_NXPCUP_2026.v2-v1_yolov8/content/NXPCUP_2026.v2-v1_a.yolov8/runs) by extension 'ignore'
[0.189s] [34mcolcon.colcon_core.package_identification[0m [1;30mLevel 1[0m _identify(created_model_NXPCUP_2026.v2-v1_yolov8/content/NXPCUP_2026.v2-v1_a.yolov8/runs) by extension 'ignore_ament_install'
[0.189s] [34mcolcon.colcon_core.package_identification[0m [1;30mLevel 1[0m _identify(created_model_NXPCUP_2026.v2-v1_yolov8/content/NXPCUP_2026.v2-v1_a.yolov8/runs) by extensions ['colcon_pkg']
[0.189s] [34mcolcon.colcon_core.package_identification[0m [1;30mLevel 1[0m _identify(created_model_NXPCUP_2026.v2-v1_yolov8/content/NXPCUP_2026.v2-v1_a.yolov8/runs) by extension 'colcon_pkg'
[0.189s] [34mcolcon.colcon_core.package_identification[0m [1;30mLevel 1[0m _identify(created_model_NXPCUP_2026.v2-v1_yolov8/content/NXPCUP_2026.v2-v1_a.yolov8/runs) by extensions ['colcon_meta']
[0.189s] [34mcolcon.colcon_core.package_identification[0m [1;30mLevel 1[0m _identify(created_model_NXPCUP_2026.v2-v1_yolov8/content/NXPCUP_2026.v2-v1_a.yolov8/runs) by extension 'colcon_meta'
[0.189s] [34mcolcon.colcon_core.package_identification[0m [1;30mLevel 1[0m _identify(created_model_NXPCUP_2026.v2-v1_yolov8/content/NXPCUP_2026.v2-v1_a.yolov8/runs) by extensions ['ros']
[0.189s] [34mcolcon.colcon_core.package_identification[0m [1;30mLevel 1[0m _identify(created_model_NXPCUP_2026.v2-v1_yolov8/content/NXPCUP_2026.v2-v1_a.yolov8/runs) by extension 'ros'
[0.189s] [34mcolcon.colcon_core.package_identification[0m [1;30mLevel 1[0m _identify(created_model_NXPCUP_2026.v2-v1_yolov8/content/NXPCUP_2026.v2-v1_a.yolov8/runs) by extensions ['cmake', 'python']
[0.189s] [34mcolcon.colcon_core.package_identification[0m [1;30mLevel 1[0m _identify(created_model_NXPCUP_2026.v2-v1_yolov8/content/NXPCUP_2026.v2-v1_a.yolov8/runs) by extension 'cmake'
[0.189s] [34mcolcon.colcon_core.package_identification[0m [1;30mLevel 1[0m _identify(created_model_NXPCUP_2026.v2-v1_yolov8/content/NXPCUP_2026.v2-v1_a.yolov8/runs) by extension 'python'
[0.189s] [34mcolcon.colcon_core.package_identification[0m [1;30mLevel 1[0m _identify(created_model_NXPCUP_2026.v2-v1_yolov8/content/NXPCUP_2026.v2-v1_a.yolov8/runs) by extensions ['python_setup_py']
[0.190s] [34mcolcon.colcon_core.package_identification[0m [1;30mLevel 1[0m _identify(created_model_NXPCUP_2026.v2-v1_yolov8/content/NXPCUP_2026.v2-v1_a.yolov8/runs) by extension 'python_setup_py'
[0.190s] [34mcolcon.colcon_core.package_identification[0m [1;30mLevel 1[0m _identify(created_model_NXPCUP_2026.v2-v1_yolov8/content/NXPCUP_2026.v2-v1_a.yolov8/runs/eval) by extensions ['ignore', 'ignore_ament_install']
[0.190s] [34mcolcon.colcon_core.package_identification[0m [1;30mLevel 1[0m _identify(created_model_NXPCUP_2026.v2-v1_yolov8/content/NXPCUP_2026.v2-v1_a.yolov8/runs/eval) by extension 'ignore'
[0.190s] [34mcolcon.colcon_core.package_identification[0m [1;30mLevel 1[0m _identify(created_model_NXPCUP_2026.v2-v1_yolov8/content/NXPCUP_2026.v2-v1_a.yolov8/runs/eval) by extension 'ignore_ament_install'
[0.190s] [34mcolcon.colcon_core.package_identification[0m [1;30mLevel 1[0m _identify(created_model_NXPCUP_2026.v2-v1_yolov8/content/NXPCUP_2026.v2-v1_a.yolov8/runs/eval) by extensions ['colcon_pkg']
[0.190s] [34mcolcon.colcon_core.package_identification[0m [1;30mLevel 1[0m _identify(created_model_NXPCUP_2026.v2-v1_yolov8/content/NXPCUP_2026.v2-v1_a.yolov8/runs/eval) by extension 'colcon_pkg'
[0.190s] [34mcolcon.colcon_core.package_identification[0m [1;30mLevel 1[0m _identify(created_model_NXPCUP_2026.v2-v1_yolov8/content/NXPCUP_2026.v2-v1_a.yolov8/runs/eval) by extensions ['colcon_meta']
[0.190s] [34mcolcon.colcon_core.package_identification[0m [1;30mLevel 1[0m _identify(created_model_NXPCUP_2026.v2-v1_yolov8/content/NXPCUP_2026.v2-v1_a.yolov8/runs/eval) by extension 'colcon_meta'
[0.190s] [34mcolcon.colcon_core.package_identification[0m [1;30mLevel 1[0m _identify(created_model_NXPCUP_2026.v2-v1_yolov8/content/NXPCUP_2026.v2-v1_a.yolov8/runs/eval) by extensions ['ros']
[0.190s] [34mcolcon.colcon_core.package_identification[0m [1;30mLevel 1[0m _identify(created_model_NXPCUP_2026.v2-v1_yolov8/content/NXPCUP_2026.v2-v1_a.yolov8/runs/eval) by extension 'ros'
[0.190s] [34mcolcon.colcon_core.package_identification[0m [1;30mLevel 1[0m _identify(created_model_NXPCUP_2026.v2-v1_yolov8/content/NXPCUP_2026.v2-v1_a.yolov8/runs/eval) by extensions ['cmake', 'python']
[0.190s] [34mcolcon.colcon_core.package_identification[0m [1;30mLevel 1[0m _identify(created_model_NXPCUP_2026.v2-v1_yolov8/content/NXPCUP_2026.v2-v1_a.yolov8/runs/eval) by extension 'cmake'
[0.190s] [34mcolcon.colcon_core.package_identification[0m [1;30mLevel 1[0m _identify(created_model_NXPCUP_2026.v2-v1_yolov8/content/NXPCUP_2026.v2-v1_a.yolov8/runs/eval) by extension 'python'
[0.190s] [34mcolcon.colcon_core.package_identification[0m [1;30mLevel 1[0m _identify(created_model_NXPCUP_2026.v2-v1_yolov8/content/NXPCUP_2026.v2-v1_a.yolov8/runs/eval) by extensions ['python_setup_py']
[0.190s] [34mcolcon.colcon_core.package_identification[0m [1;30mLevel 1[0m _identify(created_model_NXPCUP_2026.v2-v1_yolov8/content/NXPCUP_2026.v2-v1_a.yolov8/runs/eval) by extension 'python_setup_py'
[0.190s] [34mcolcon.colcon_core.package_identification[0m [1;30mLevel 1[0m _identify(created_model_NXPCUP_2026.v2-v1_yolov8/content/NXPCUP_2026.v2-v1_a.yolov8/runs/eval/test_20260728_080538) by extensions ['ignore', 'ignore_ament_install']
[0.190s] [34mcolcon.colcon_core.package_identification[0m [1;30mLevel 1[0m _identify(created_model_NXPCUP_2026.v2-v1_yolov8/content/NXPCUP_2026.v2-v1_a.yolov8/runs/eval/test_20260728_080538) by extension 'ignore'
[0.190s] [34mcolcon.colcon_core.package_identification[0m [1;30mLevel 1[0m _identify(created_model_NXPCUP_2026.v2-v1_yolov8/content/NXPCUP_2026.v2-v1_a.yolov8/runs/eval/test_20260728_080538) by extension 'ignore_ament_install'
[0.190s] [34mcolcon.colcon_core.package_identification[0m [1;30mLevel 1[0m _identify(created_model_NXPCUP_2026.v2-v1_yolov8/content/NXPCUP_2026.v2-v1_a.yolov8/runs/eval/test_20260728_080538) by extensions ['colcon_pkg']
[0.190s] [34mcolcon.colcon_core.package_identification[0m [1;30mLevel 1[0m _identify(created_model_NXPCUP_2026.v2-v1_yolov8/content/NXPCUP_2026.v2-v1_a.yolov8/runs/eval/test_20260728_080538) by extension 'colcon_pkg'
[0.190s] [34mcolcon.colcon_core.package_identification[0m [1;30mLevel 1[0m _identify(created_model_NXPCUP_2026.v2-v1_yolov8/content/NXPCUP_2026.v2-v1_a.yolov8/runs/eval/test_20260728_080538) by extensions ['colcon_meta']
[0.190s] [34mcolcon.colcon_core.package_identification[0m [1;30mLevel 1[0m _identify(created_model_NXPCUP_2026.v2-v1_yolov8/content/NXPCUP_2026.v2-v1_a.yolov8/runs/eval/test_20260728_080538) by extension 'colcon_meta'
[0.190s] [34mcolcon.colcon_core.package_identification[0m [1;30mLevel 1[0m _identify(created_model_NXPCUP_2026.v2-v1_yolov8/content/NXPCUP_2026.v2-v1_a.yolov8/runs/eval/test_20260728_080538) by extensions ['ros']
[0.190s] [34mcolcon.colcon_core.package_identification[0m [1;30mLevel 1[0m _identify(created_model_NXPCUP_2026.v2-v1_yolov8/content/NXPCUP_2026.v2-v1_a.yolov8/runs/eval/test_20260728_080538) by extension 'ros'
[0.190s] [34mcolcon.colcon_core.package_identification[0m [1;30mLevel 1[0m _identify(created_model_NXPCUP_2026.v2-v1_yolov8/content/NXPCUP_2026.v2-v1_a.yolov8/runs/eval/test_20260728_080538) by extensions ['cmake', 'python']
[0.190s] [34mcolcon.colcon_core.package_identification[0m [1;30mLevel 1[0m _identify(created_model_NXPCUP_2026.v2-v1_yolov8/content/NXPCUP_2026.v2-v1_a.yolov8/runs/eval/test_20260728_080538) by extension 'cmake'
[0.190s] [34mcolcon.colcon_core.package_identification[0m [1;30mLevel 1[0m _identify(created_model_NXPCUP_2026.v2-v1_yolov8/content/NXPCUP_2026.v2-v1_a.yolov8/runs/eval/test_20260728_080538) by extension 'python'
[0.190s] [34mcolcon.colcon_core.package_identification[0m [1;30mLevel 1[0m _identify(created_model_NXPCUP_2026.v2-v1_yolov8/content/NXPCUP_2026.v2-v1_a.yolov8/runs/eval/test_20260728_080538) by extensions ['python_setup_py']
[0.190s] [34mcolcon.colcon_core.package_identification[0m [1;30mLevel 1[0m _identify(created_model_NXPCUP_2026.v2-v1_yolov8/content/NXPCUP_2026.v2-v1_a.yolov8/runs/eval/test_20260728_080538) by extension 'python_setup_py'
[0.190s] [34mcolcon.colcon_core.package_identification[0m [1;30mLevel 1[0m _identify(created_model_NXPCUP_2026.v2-v1_yolov8/content/NXPCUP_2026.v2-v1_a.yolov8/runs/train) by extensions ['ignore', 'ignore_ament_install']
[0.190s] [34mcolcon.colcon_core.package_identification[0m [1;30mLevel 1[0m _identify(created_model_NXPCUP_2026.v2-v1_yolov8/content/NXPCUP_2026.v2-v1_a.yolov8/runs/train) by extension 'ignore'
[0.190s] [34mcolcon.colcon_core.package_identification[0m [1;30mLevel 1[0m _identify(created_model_NXPCUP_2026.v2-v1_yolov8/content/NXPCUP_2026.v2-v1_a.yolov8/runs/train) by extension 'ignore_ament_install'
[0.190s] [34mcolcon.colcon_core.package_identification[0m [1;30mLevel 1[0m _identify(created_model_NXPCUP_2026.v2-v1_yolov8/content/NXPCUP_2026.v2-v1_a.yolov8/runs/train) by extensions ['colcon_pkg']
[0.190s] [34mcolcon.colcon_core.package_identification[0m [1;30mLevel 1[0m _identify(created_model_NXPCUP_2026.v2-v1_yolov8/content/NXPCUP_2026.v2-v1_a.yolov8/runs/train) by extension 'colcon_pkg'
[0.190s] [34mcolcon.colcon_core.package_identification[0m [1;30mLevel 1[0m _identify(created_model_NXPCUP_2026.v2-v1_yolov8/content/NXPCUP_2026.v2-v1_a.yolov8/runs/train) by extensions ['colcon_meta']
[0.190s] [34mcolcon.colcon_core.package_identification[0m [1;30mLevel 1[0m _identify(created_model_NXPCUP_2026.v2-v1_yolov8/content/NXPCUP_2026.v2-v1_a.yolov8/runs/train) by extension 'colcon_meta'
[0.190s] [34mcolcon.colcon_core.package_identification[0m [1;30mLevel 1[0m _identify(created_model_NXPCUP_2026.v2-v1_yolov8/content/NXPCUP_2026.v2-v1_a.yolov8/runs/train) by extensions ['ros']
[0.190s] [34mcolcon.colcon_core.package_identification[0m [1;30mLevel 1[0m _identify(created_model_NXPCUP_2026.v2-v1_yolov8/content/NXPCUP_2026.v2-v1_a.yolov8/runs/train) by extension 'ros'
[0.191s] [34mcolcon.colcon_core.package_identification[0m [1;30mLevel 1[0m _identify(created_model_NXPCUP_2026.v2-v1_yolov8/content/NXPCUP_2026.v2-v1_a.yolov8/runs/train) by extensions ['cmake', 'python']
[0.191s] [34mcolcon.colcon_core.package_identification[0m [1;30mLevel 1[0m _identify(created_model_NXPCUP_2026.v2-v1_yolov8/content/NXPCUP_2026.v2-v1_a.yolov8/runs/train) by extension 'cmake'
[0.191s] [34mcolcon.colcon_core.package_identification[0m [1;30mLevel 1[0m _identify(created_model_NXPCUP_2026.v2-v1_yolov8/content/NXPCUP_2026.v2-v1_a.yolov8/runs/train) by extension 'python'
[0.191s] [34mcolcon.colcon_core.package_identification[0m [1;30mLevel 1[0m _identify(created_model_NXPCUP_2026.v2-v1_yolov8/content/NXPCUP_2026.v2-v1_a.yolov8/runs/train) by extensions ['python_setup_py']
[0.191s] [34mcolcon.colcon_core.package_identification[0m [1;30mLevel 1[0m _identify(created_model_NXPCUP_2026.v2-v1_yolov8/content/NXPCUP_2026.v2-v1_a.yolov8/runs/train) by extension 'python_setup_py'
[0.191s] [34mcolcon.colcon_core.package_identification[0m [1;30mLevel 1[0m _identify(created_model_NXPCUP_2026.v2-v1_yolov8/content/NXPCUP_2026.v2-v1_a.yolov8/runs/train/nxpcup_yolov8n) by extensions ['ignore', 'ignore_ament_install']
[0.191s] [34mcolcon.colcon_core.package_identification[0m [1;30mLevel 1[0m _identify(created_model_NXPCUP_2026.v2-v1_yolov8/content/NXPCUP_2026.v2-v1_a.yolov8/runs/train/nxpcup_yolov8n) by extension 'ignore'
[0.191s] [34mcolcon.colcon_core.package_identification[0m [1;30mLevel 1[0m _identify(created_model_NXPCUP_2026.v2-v1_yolov8/content/NXPCUP_2026.v2-v1_a.yolov8/runs/train/nxpcup_yolov8n) by extension 'ignore_ament_install'
[0.191s] [34mcolcon.colcon_core.package_identification[0m [1;30mLevel 1[0m _identify(created_model_NXPCUP_2026.v2-v1_yolov8/content/NXPCUP_2026.v2-v1_a.yolov8/runs/train/nxpcup_yolov8n) by extensions ['colcon_pkg']
[0.191s] [34mcolcon.colcon_core.package_identification[0m [1;30mLevel 1[0m _identify(created_model_NXPCUP_2026.v2-v1_yolov8/content/NXPCUP_2026.v2-v1_a.yolov8/runs/train/nxpcup_yolov8n) by extension 'colcon_pkg'
[0.191s] [34mcolcon.colcon_core.package_identification[0m [1;30mLevel 1[0m _identify(created_model_NXPCUP_2026.v2-v1_yolov8/content/NXPCUP_2026.v2-v1_a.yolov8/runs/train/nxpcup_yolov8n) by extensions ['colcon_meta']
[0.191s] [34mcolcon.colcon_core.package_identification[0m [1;30mLevel 1[0m _identify(created_model_NXPCUP_2026.v2-v1_yolov8/content/NXPCUP_2026.v2-v1_a.yolov8/runs/train/nxpcup_yolov8n) by extension 'colcon_meta'
[0.191s] [34mcolcon.colcon_core.package_identification[0m [1;30mLevel 1[0m _identify(created_model_NXPCUP_2026.v2-v1_yolov8/content/NXPCUP_2026.v2-v1_a.yolov8/runs/train/nxpcup_yolov8n) by extensions ['ros']
[0.191s] [34mcolcon.colcon_core.package_identification[0m [1;30mLevel 1[0m _identify(created_model_NXPCUP_2026.v2-v1_yolov8/content/NXPCUP_2026.v2-v1_a.yolov8/runs/train/nxpcup_yolov8n) by extension 'ros'
[0.191s] [34mcolcon.colcon_core.package_identification[0m [1;30mLevel 1[0m _identify(created_model_NXPCUP_2026.v2-v1_yolov8/content/NXPCUP_2026.v2-v1_a.yolov8/runs/train/nxpcup_yolov8n) by extensions ['cmake', 'python']
[0.191s] [34mcolcon.colcon_core.package_identification[0m [1;30mLevel 1[0m _identify(created_model_NXPCUP_2026.v2-v1_yolov8/content/NXPCUP_2026.v2-v1_a.yolov8/runs/train/nxpcup_yolov8n) by extension 'cmake'
[0.191s] [34mcolcon.colcon_core.package_identification[0m [1;30mLevel 1[0m _identify(created_model_NXPCUP_2026.v2-v1_yolov8/content/NXPCUP_2026.v2-v1_a.yolov8/runs/train/nxpcup_yolov8n) by extension 'python'
[0.191s] [34mcolcon.colcon_core.package_identification[0m [1;30mLevel 1[0m _identify(created_model_NXPCUP_2026.v2-v1_yolov8/content/NXPCUP_2026.v2-v1_a.yolov8/runs/train/nxpcup_yolov8n) by extensions ['python_setup_py']
[0.191s] [34mcolcon.colcon_core.package_identification[0m [1;30mLevel 1[0m _identify(created_model_NXPCUP_2026.v2-v1_yolov8/content/NXPCUP_2026.v2-v1_a.yolov8/runs/train/nxpcup_yolov8n) by extension 'python_setup_py'
[0.191s] [34mcolcon.colcon_core.package_identification[0m [1;30mLevel 1[0m _identify(created_model_NXPCUP_2026.v2-v1_yolov8/content/NXPCUP_2026.v2-v1_a.yolov8/runs/train/nxpcup_yolov8n/weights) by extensions ['ignore', 'ignore_ament_install']
[0.191s] [34mcolcon.colcon_core.package_identification[0m [1;30mLevel 1[0m _identify(created_model_NXPCUP_2026.v2-v1_yolov8/content/NXPCUP_2026.v2-v1_a.yolov8/runs/train/nxpcup_yolov8n/weights) by extension 'ignore'
[0.191s] [34mcolcon.colcon_core.package_identification[0m [1;30mLevel 1[0m _identify(created_model_NXPCUP_2026.v2-v1_yolov8/content/NXPCUP_2026.v2-v1_a.yolov8/runs/train/nxpcup_yolov8n/weights) by extension 'ignore_ament_install'
[0.191s] [34mcolcon.colcon_core.package_identification[0m [1;30mLevel 1[0m _identify(created_model_NXPCUP_2026.v2-v1_yolov8/content/NXPCUP_2026.v2-v1_a.yolov8/runs/train/nxpcup_yolov8n/weights) by extensions ['colcon_pkg']
[0.191s] [34mcolcon.colcon_core.package_identification[0m [1;30mLevel 1[0m _identify(created_model_NXPCUP_2026.v2-v1_yolov8/content/NXPCUP_2026.v2-v1_a.yolov8/runs/train/nxpcup_yolov8n/weights) by extension 'colcon_pkg'
[0.191s] [34mcolcon.colcon_core.package_identification[0m [1;30mLevel 1[0m _identify(created_model_NXPCUP_2026.v2-v1_yolov8/content/NXPCUP_2026.v2-v1_a.yolov8/runs/train/nxpcup_yolov8n/weights) by extensions ['colcon_meta']
[0.191s] [34mcolcon.colcon_core.package_identification[0m [1;30mLevel 1[0m _identify(created_model_NXPCUP_2026.v2-v1_yolov8/content/NXPCUP_2026.v2-v1_a.yolov8/runs/train/nxpcup_yolov8n/weights) by extension 'colcon_meta'
[0.191s] [34mcolcon.colcon_core.package_identification[0m [1;30mLevel 1[0m _identify(created_model_NXPCUP_2026.v2-v1_yolov8/content/NXPCUP_2026.v2-v1_a.yolov8/runs/train/nxpcup_yolov8n/weights) by extensions ['ros']
[0.191s] [34mcolcon.colcon_core.package_identification[0m [1;30mLevel 1[0m _identify(created_model_NXPCUP_2026.v2-v1_yolov8/content/NXPCUP_2026.v2-v1_a.yolov8/runs/train/nxpcup_yolov8n/weights) by extension 'ros'
[0.191s] [34mcolcon.colcon_core.package_identification[0m [1;30mLevel 1[0m _identify(created_model_NXPCUP_2026.v2-v1_yolov8/content/NXPCUP_2026.v2-v1_a.yolov8/runs/train/nxpcup_yolov8n/weights) by extensions ['cmake', 'python']
[0.191s] [34mcolcon.colcon_core.package_identification[0m [1;30mLevel 1[0m _identify(created_model_NXPCUP_2026.v2-v1_yolov8/content/NXPCUP_2026.v2-v1_a.yolov8/runs/train/nxpcup_yolov8n/weights) by extension 'cmake'
[0.191s] [34mcolcon.colcon_core.package_identification[0m [1;30mLevel 1[0m _identify(created_model_NXPCUP_2026.v2-v1_yolov8/content/NXPCUP_2026.v2-v1_a.yolov8/runs/train/nxpcup_yolov8n/weights) by extension 'python'
[0.191s] [34mcolcon.colcon_core.package_identification[0m [1;30mLevel 1[0m _identify(created_model_NXPCUP_2026.v2-v1_yolov8/content/NXPCUP_2026.v2-v1_a.yolov8/runs/train/nxpcup_yolov8n/weights) by extensions ['python_setup_py']
[0.191s] [34mcolcon.colcon_core.package_identification[0m [1;30mLevel 1[0m _identify(created_model_NXPCUP_2026.v2-v1_yolov8/content/NXPCUP_2026.v2-v1_a.yolov8/runs/train/nxpcup_yolov8n/weights) by extension 'python_setup_py'
[0.191s] [34mcolcon.colcon_core.package_identification[0m [1;30mLevel 1[0m _identify(created_model_NXPCUP_2026.v2-v1_yolov8/content/NXPCUP_2026.v2-v1_a.yolov8/scripts) by extensions ['ignore', 'ignore_ament_install']
[0.191s] [34mcolcon.colcon_core.package_identification[0m [1;30mLevel 1[0m _identify(created_model_NXPCUP_2026.v2-v1_yolov8/content/NXPCUP_2026.v2-v1_a.yolov8/scripts) by extension 'ignore'
[0.192s] [34mcolcon.colcon_core.package_identification[0m [1;30mLevel 1[0m _identify(created_model_NXPCUP_2026.v2-v1_yolov8/content/NXPCUP_2026.v2-v1_a.yolov8/scripts) by extension 'ignore_ament_install'
[0.192s] [34mcolcon.colcon_core.package_identification[0m [1;30mLevel 1[0m _identify(created_model_NXPCUP_2026.v2-v1_yolov8/content/NXPCUP_2026.v2-v1_a.yolov8/scripts) by extensions ['colcon_pkg']
[0.192s] [34mcolcon.colcon_core.package_identification[0m [1;30mLevel 1[0m _identify(created_model_NXPCUP_2026.v2-v1_yolov8/content/NXPCUP_2026.v2-v1_a.yolov8/scripts) by extension 'colcon_pkg'
[0.192s] [34mcolcon.colcon_core.package_identification[0m [1;30mLevel 1[0m _identify(created_model_NXPCUP_2026.v2-v1_yolov8/content/NXPCUP_2026.v2-v1_a.yolov8/scripts) by extensions ['colcon_meta']
[0.192s] [34mcolcon.colcon_core.package_identification[0m [1;30mLevel 1[0m _identify(created_model_NXPCUP_2026.v2-v1_yolov8/content/NXPCUP_2026.v2-v1_a.yolov8/scripts) by extension 'colcon_meta'
[0.192s] [34mcolcon.colcon_core.package_identification[0m [1;30mLevel 1[0m _identify(created_model_NXPCUP_2026.v2-v1_yolov8/content/NXPCUP_2026.v2-v1_a.yolov8/scripts) by extensions ['ros']
[0.192s] [34mcolcon.colcon_core.package_identification[0m [1;30mLevel 1[0m _identify(created_model_NXPCUP_2026.v2-v1_yolov8/content/NXPCUP_2026.v2-v1_a.yolov8/scripts) by extension 'ros'
[0.192s] [34mcolcon.colcon_core.package_identification[0m [1;30mLevel 1[0m _identify(created_model_NXPCUP_2026.v2-v1_yolov8/content/NXPCUP_2026.v2-v1_a.yolov8/scripts) by extensions ['cmake', 'python']
[0.192s] [34mcolcon.colcon_core.package_identification[0m [1;30mLevel 1[0m _identify(created_model_NXPCUP_2026.v2-v1_yolov8/content/NXPCUP_2026.v2-v1_a.yolov8/scripts) by extension 'cmake'
[0.192s] [34mcolcon.colcon_core.package_identification[0m [1;30mLevel 1[0m _identify(created_model_NXPCUP_2026.v2-v1_yolov8/content/NXPCUP_2026.v2-v1_a.yolov8/scripts) by extension 'python'
[0.192s] [34mcolcon.colcon_core.package_identification[0m [1;30mLevel 1[0m _identify(created_model_NXPCUP_2026.v2-v1_yolov8/content/NXPCUP_2026.v2-v1_a.yolov8/scripts) by extensions ['python_setup_py']
[0.192s] [34mcolcon.colcon_core.package_identification[0m [1;30mLevel 1[0m _identify(created_model_NXPCUP_2026.v2-v1_yolov8/content/NXPCUP_2026.v2-v1_a.yolov8/scripts) by extension 'python_setup_py'
[0.192s] [34mcolcon.colcon_core.package_identification[0m [1;30mLevel 1[0m _identify(created_model_NXPCUP_2026.v2-v1_yolov8/content/NXPCUP_2026.v2-v1_a.yolov8/test) by extensions ['ignore', 'ignore_ament_install']
[0.192s] [34mcolcon.colcon_core.package_identification[0m [1;30mLevel 1[0m _identify(created_model_NXPCUP_2026.v2-v1_yolov8/content/NXPCUP_2026.v2-v1_a.yolov8/test) by extension 'ignore'
[0.192s] [34mcolcon.colcon_core.package_identification[0m [1;30mLevel 1[0m _identify(created_model_NXPCUP_2026.v2-v1_yolov8/content/NXPCUP_2026.v2-v1_a.yolov8/test) by extension 'ignore_ament_install'
[0.192s] [34mcolcon.colcon_core.package_identification[0m [1;30mLevel 1[0m _identify(created_model_NXPCUP_2026.v2-v1_yolov8/content/NXPCUP_2026.v2-v1_a.yolov8/test) by extensions ['colcon_pkg']
[0.192s] [34mcolcon.colcon_core.package_identification[0m [1;30mLevel 1[0m _identify(created_model_NXPCUP_2026.v2-v1_yolov8/content/NXPCUP_2026.v2-v1_a.yolov8/test) by extension 'colcon_pkg'
[0.192s] [34mcolcon.colcon_core.package_identification[0m [1;30mLevel 1[0m _identify(created_model_NXPCUP_2026.v2-v1_yolov8/content/NXPCUP_2026.v2-v1_a.yolov8/test) by extensions ['colcon_meta']
[0.192s] [34mcolcon.colcon_core.package_identification[0m [1;30mLevel 1[0m _identify(created_model_NXPCUP_2026.v2-v1_yolov8/content/NXPCUP_2026.v2-v1_a.yolov8/test) by extension 'colcon_meta'
[0.192s] [34mcolcon.colcon_core.package_identification[0m [1;30mLevel 1[0m _identify(created_model_NXPCUP_2026.v2-v1_yolov8/content/NXPCUP_2026.v2-v1_a.yolov8/test) by extensions ['ros']
[0.192s] [34mcolcon.colcon_core.package_identification[0m [1;30mLevel 1[0m _identify(created_model_NXPCUP_2026.v2-v1_yolov8/content/NXPCUP_2026.v2-v1_a.yolov8/test) by extension 'ros'
[0.192s] [34mcolcon.colcon_core.package_identification[0m [1;30mLevel 1[0m _identify(created_model_NXPCUP_2026.v2-v1_yolov8/content/NXPCUP_2026.v2-v1_a.yolov8/test) by extensions ['cmake', 'python']
[0.192s] [34mcolcon.colcon_core.package_identification[0m [1;30mLevel 1[0m _identify(created_model_NXPCUP_2026.v2-v1_yolov8/content/NXPCUP_2026.v2-v1_a.yolov8/test) by extension 'cmake'
[0.192s] [34mcolcon.colcon_core.package_identification[0m [1;30mLevel 1[0m _identify(created_model_NXPCUP_2026.v2-v1_yolov8/content/NXPCUP_2026.v2-v1_a.yolov8/test) by extension 'python'
[0.192s] [34mcolcon.colcon_core.package_identification[0m [1;30mLevel 1[0m _identify(created_model_NXPCUP_2026.v2-v1_yolov8/content/NXPCUP_2026.v2-v1_a.yolov8/test) by extensions ['python_setup_py']
[0.192s] [34mcolcon.colcon_core.package_identification[0m [1;30mLevel 1[0m _identify(created_model_NXPCUP_2026.v2-v1_yolov8/content/NXPCUP_2026.v2-v1_a.yolov8/test) by extension 'python_setup_py'
[0.192s] [34mcolcon.colcon_core.package_identification[0m [1;30mLevel 1[0m _identify(created_model_NXPCUP_2026.v2-v1_yolov8/content/NXPCUP_2026.v2-v1_a.yolov8/test/images) by extensions ['ignore', 'ignore_ament_install']
[0.192s] [34mcolcon.colcon_core.package_identification[0m [1;30mLevel 1[0m _identify(created_model_NXPCUP_2026.v2-v1_yolov8/content/NXPCUP_2026.v2-v1_a.yolov8/test/images) by extension 'ignore'
[0.192s] [34mcolcon.colcon_core.package_identification[0m [1;30mLevel 1[0m _identify(created_model_NXPCUP_2026.v2-v1_yolov8/content/NXPCUP_2026.v2-v1_a.yolov8/test/images) by extension 'ignore_ament_install'
[0.192s] [34mcolcon.colcon_core.package_identification[0m [1;30mLevel 1[0m _identify(created_model_NXPCUP_2026.v2-v1_yolov8/content/NXPCUP_2026.v2-v1_a.yolov8/test/images) by extensions ['colcon_pkg']
[0.192s] [34mcolcon.colcon_core.package_identification[0m [1;30mLevel 1[0m _identify(created_model_NXPCUP_2026.v2-v1_yolov8/content/NXPCUP_2026.v2-v1_a.yolov8/test/images) by extension 'colcon_pkg'
[0.192s] [34mcolcon.colcon_core.package_identification[0m [1;30mLevel 1[0m _identify(created_model_NXPCUP_2026.v2-v1_yolov8/content/NXPCUP_2026.v2-v1_a.yolov8/test/images) by extensions ['colcon_meta']
[0.192s] [34mcolcon.colcon_core.package_identification[0m [1;30mLevel 1[0m _identify(created_model_NXPCUP_2026.v2-v1_yolov8/content/NXPCUP_2026.v2-v1_a.yolov8/test/images) by extension 'colcon_meta'
[0.192s] [34mcolcon.colcon_core.package_identification[0m [1;30mLevel 1[0m _identify(created_model_NXPCUP_2026.v2-v1_yolov8/content/NXPCUP_2026.v2-v1_a.yolov8/test/images) by extensions ['ros']
[0.192s] [34mcolcon.colcon_core.package_identification[0m [1;30mLevel 1[0m _identify(created_model_NXPCUP_2026.v2-v1_yolov8/content/NXPCUP_2026.v2-v1_a.yolov8/test/images) by extension 'ros'
[0.193s] [34mcolcon.colcon_core.package_identification[0m [1;30mLevel 1[0m _identify(created_model_NXPCUP_2026.v2-v1_yolov8/content/NXPCUP_2026.v2-v1_a.yolov8/test/images) by extensions ['cmake', 'python']
[0.193s] [34mcolcon.colcon_core.package_identification[0m [1;30mLevel 1[0m _identify(created_model_NXPCUP_2026.v2-v1_yolov8/content/NXPCUP_2026.v2-v1_a.yolov8/test/images) by extension 'cmake'
[0.193s] [34mcolcon.colcon_core.package_identification[0m [1;30mLevel 1[0m _identify(created_model_NXPCUP_2026.v2-v1_yolov8/content/NXPCUP_2026.v2-v1_a.yolov8/test/images) by extension 'python'
[0.193s] [34mcolcon.colcon_core.package_identification[0m [1;30mLevel 1[0m _identify(created_model_NXPCUP_2026.v2-v1_yolov8/content/NXPCUP_2026.v2-v1_a.yolov8/test/images) by extensions ['python_setup_py']
[0.193s] [34mcolcon.colcon_core.package_identification[0m [1;30mLevel 1[0m _identify(created_model_NXPCUP_2026.v2-v1_yolov8/content/NXPCUP_2026.v2-v1_a.yolov8/test/images) by extension 'python_setup_py'
[0.193s] [34mcolcon.colcon_core.package_identification[0m [1;30mLevel 1[0m _identify(created_model_NXPCUP_2026.v2-v1_yolov8/content/NXPCUP_2026.v2-v1_a.yolov8/test/labels) by extensions ['ignore', 'ignore_ament_install']
[0.193s] [34mcolcon.colcon_core.package_identification[0m [1;30mLevel 1[0m _identify(created_model_NXPCUP_2026.v2-v1_yolov8/content/NXPCUP_2026.v2-v1_a.yolov8/test/labels) by extension 'ignore'
[0.193s] [34mcolcon.colcon_core.package_identification[0m [1;30mLevel 1[0m _identify(created_model_NXPCUP_2026.v2-v1_yolov8/content/NXPCUP_2026.v2-v1_a.yolov8/test/labels) by extension 'ignore_ament_install'
[0.193s] [34mcolcon.colcon_core.package_identification[0m [1;30mLevel 1[0m _identify(created_model_NXPCUP_2026.v2-v1_yolov8/content/NXPCUP_2026.v2-v1_a.yolov8/test/labels) by extensions ['colcon_pkg']
[0.193s] [34mcolcon.colcon_core.package_identification[0m [1;30mLevel 1[0m _identify(created_model_NXPCUP_2026.v2-v1_yolov8/content/NXPCUP_2026.v2-v1_a.yolov8/test/labels) by extension 'colcon_pkg'
[0.193s] [34mcolcon.colcon_core.package_identification[0m [1;30mLevel 1[0m _identify(created_model_NXPCUP_2026.v2-v1_yolov8/content/NXPCUP_2026.v2-v1_a.yolov8/test/labels) by extensions ['colcon_meta']
[0.193s] [34mcolcon.colcon_core.package_identification[0m [1;30mLevel 1[0m _identify(created_model_NXPCUP_2026.v2-v1_yolov8/content/NXPCUP_2026.v2-v1_a.yolov8/test/labels) by extension 'colcon_meta'
[0.193s] [34mcolcon.colcon_core.package_identification[0m [1;30mLevel 1[0m _identify(created_model_NXPCUP_2026.v2-v1_yolov8/content/NXPCUP_2026.v2-v1_a.yolov8/test/labels) by extensions ['ros']
[0.193s] [34mcolcon.colcon_core.package_identification[0m [1;30mLevel 1[0m _identify(created_model_NXPCUP_2026.v2-v1_yolov8/content/NXPCUP_2026.v2-v1_a.yolov8/test/labels) by extension 'ros'
[0.193s] [34mcolcon.colcon_core.package_identification[0m [1;30mLevel 1[0m _identify(created_model_NXPCUP_2026.v2-v1_yolov8/content/NXPCUP_2026.v2-v1_a.yolov8/test/labels) by extensions ['cmake', 'python']
[0.193s] [34mcolcon.colcon_core.package_identification[0m [1;30mLevel 1[0m _identify(created_model_NXPCUP_2026.v2-v1_yolov8/content/NXPCUP_2026.v2-v1_a.yolov8/test/labels) by extension 'cmake'
[0.193s] [34mcolcon.colcon_core.package_identification[0m [1;30mLevel 1[0m _identify(created_model_NXPCUP_2026.v2-v1_yolov8/content/NXPCUP_2026.v2-v1_a.yolov8/test/labels) by extension 'python'
[0.193s] [34mcolcon.colcon_core.package_identification[0m [1;30mLevel 1[0m _identify(created_model_NXPCUP_2026.v2-v1_yolov8/content/NXPCUP_2026.v2-v1_a.yolov8/test/labels) by extensions ['python_setup_py']
[0.193s] [34mcolcon.colcon_core.package_identification[0m [1;30mLevel 1[0m _identify(created_model_NXPCUP_2026.v2-v1_yolov8/content/NXPCUP_2026.v2-v1_a.yolov8/test/labels) by extension 'python_setup_py'
[0.193s] [34mcolcon.colcon_core.package_identification[0m [1;30mLevel 1[0m _identify(created_model_NXPCUP_2026.v2-v1_yolov8/content/NXPCUP_2026.v2-v1_a.yolov8/train) by extensions ['ignore', 'ignore_ament_install']
[0.193s] [34mcolcon.colcon_core.package_identification[0m [1;30mLevel 1[0m _identify(created_model_NXPCUP_2026.v2-v1_yolov8/content/NXPCUP_2026.v2-v1_a.yolov8/train) by extension 'ignore'
[0.193s] [34mcolcon.colcon_core.package_identification[0m [1;30mLevel 1[0m _identify(created_model_NXPCUP_2026.v2-v1_yolov8/content/NXPCUP_2026.v2-v1_a.yolov8/train) by extension 'ignore_ament_install'
[0.193s] [34mcolcon.colcon_core.package_identification[0m [1;30mLevel 1[0m _identify(created_model_NXPCUP_2026.v2-v1_yolov8/content/NXPCUP_2026.v2-v1_a.yolov8/train) by extensions ['colcon_pkg']
[0.193s] [34mcolcon.colcon_core.package_identification[0m [1;30mLevel 1[0m _identify(created_model_NXPCUP_2026.v2-v1_yolov8/content/NXPCUP_2026.v2-v1_a.yolov8/train) by extension 'colcon_pkg'
[0.193s] [34mcolcon.colcon_core.package_identification[0m [1;30mLevel 1[0m _identify(created_model_NXPCUP_2026.v2-v1_yolov8/content/NXPCUP_2026.v2-v1_a.yolov8/train) by extensions ['colcon_meta']
[0.193s] [34mcolcon.colcon_core.package_identification[0m [1;30mLevel 1[0m _identify(created_model_NXPCUP_2026.v2-v1_yolov8/content/NXPCUP_2026.v2-v1_a.yolov8/train) by extension 'colcon_meta'
[0.193s] [34mcolcon.colcon_core.package_identification[0m [1;30mLevel 1[0m _identify(created_model_NXPCUP_2026.v2-v1_yolov8/content/NXPCUP_2026.v2-v1_a.yolov8/train) by extensions ['ros']
[0.193s] [34mcolcon.colcon_core.package_identification[0m [1;30mLevel 1[0m _identify(created_model_NXPCUP_2026.v2-v1_yolov8/content/NXPCUP_2026.v2-v1_a.yolov8/train) by extension 'ros'
[0.193s] [34mcolcon.colcon_core.package_identification[0m [1;30mLevel 1[0m _identify(created_model_NXPCUP_2026.v2-v1_yolov8/content/NXPCUP_2026.v2-v1_a.yolov8/train) by extensions ['cmake', 'python']
[0.193s] [34mcolcon.colcon_core.package_identification[0m [1;30mLevel 1[0m _identify(created_model_NXPCUP_2026.v2-v1_yolov8/content/NXPCUP_2026.v2-v1_a.yolov8/train) by extension 'cmake'
[0.193s] [34mcolcon.colcon_core.package_identification[0m [1;30mLevel 1[0m _identify(created_model_NXPCUP_2026.v2-v1_yolov8/content/NXPCUP_2026.v2-v1_a.yolov8/train) by extension 'python'
[0.193s] [34mcolcon.colcon_core.package_identification[0m [1;30mLevel 1[0m _identify(created_model_NXPCUP_2026.v2-v1_yolov8/content/NXPCUP_2026.v2-v1_a.yolov8/train) by extensions ['python_setup_py']
[0.193s] [34mcolcon.colcon_core.package_identification[0m [1;30mLevel 1[0m _identify(created_model_NXPCUP_2026.v2-v1_yolov8/content/NXPCUP_2026.v2-v1_a.yolov8/train) by extension 'python_setup_py'
[0.194s] [34mcolcon.colcon_core.package_identification[0m [1;30mLevel 1[0m _identify(created_model_NXPCUP_2026.v2-v1_yolov8/content/NXPCUP_2026.v2-v1_a.yolov8/train/images) by extensions ['ignore', 'ignore_ament_install']
[0.195s] [34mcolcon.colcon_core.package_identification[0m [1;30mLevel 1[0m _identify(created_model_NXPCUP_2026.v2-v1_yolov8/content/NXPCUP_2026.v2-v1_a.yolov8/train/images) by extension 'ignore'
[0.195s] [34mcolcon.colcon_core.package_identification[0m [1;30mLevel 1[0m _identify(created_model_NXPCUP_2026.v2-v1_yolov8/content/NXPCUP_2026.v2-v1_a.yolov8/train/images) by extension 'ignore_ament_install'
[0.195s] [34mcolcon.colcon_core.package_identification[0m [1;30mLevel 1[0m _identify(created_model_NXPCUP_2026.v2-v1_yolov8/content/NXPCUP_2026.v2-v1_a.yolov8/train/images) by extensions ['colcon_pkg']
[0.195s] [34mcolcon.colcon_core.package_identification[0m [1;30mLevel 1[0m _identify(created_model_NXPCUP_2026.v2-v1_yolov8/content/NXPCUP_2026.v2-v1_a.yolov8/train/images) by extension 'colcon_pkg'
[0.195s] [34mcolcon.colcon_core.package_identification[0m [1;30mLevel 1[0m _identify(created_model_NXPCUP_2026.v2-v1_yolov8/content/NXPCUP_2026.v2-v1_a.yolov8/train/images) by extensions ['colcon_meta']
[0.195s] [34mcolcon.colcon_core.package_identification[0m [1;30mLevel 1[0m _identify(created_model_NXPCUP_2026.v2-v1_yolov8/content/NXPCUP_2026.v2-v1_a.yolov8/train/images) by extension 'colcon_meta'
[0.195s] [34mcolcon.colcon_core.package_identification[0m [1;30mLevel 1[0m _identify(created_model_NXPCUP_2026.v2-v1_yolov8/content/NXPCUP_2026.v2-v1_a.yolov8/train/images) by extensions ['ros']
[0.195s] [34mcolcon.colcon_core.package_identification[0m [1;30mLevel 1[0m _identify(created_model_NXPCUP_2026.v2-v1_yolov8/content/NXPCUP_2026.v2-v1_a.yolov8/train/images) by extension 'ros'
[0.195s] [34mcolcon.colcon_core.package_identification[0m [1;30mLevel 1[0m _identify(created_model_NXPCUP_2026.v2-v1_yolov8/content/NXPCUP_2026.v2-v1_a.yolov8/train/images) by extensions ['cmake', 'python']
[0.195s] [34mcolcon.colcon_core.package_identification[0m [1;30mLevel 1[0m _identify(created_model_NXPCUP_2026.v2-v1_yolov8/content/NXPCUP_2026.v2-v1_a.yolov8/train/images) by extension 'cmake'
[0.195s] [34mcolcon.colcon_core.package_identification[0m [1;30mLevel 1[0m _identify(created_model_NXPCUP_2026.v2-v1_yolov8/content/NXPCUP_2026.v2-v1_a.yolov8/train/images) by extension 'python'
[0.195s] [34mcolcon.colcon_core.package_identification[0m [1;30mLevel 1[0m _identify(created_model_NXPCUP_2026.v2-v1_yolov8/content/NXPCUP_2026.v2-v1_a.yolov8/train/images) by extensions ['python_setup_py']
[0.195s] [34mcolcon.colcon_core.package_identification[0m [1;30mLevel 1[0m _identify(created_model_NXPCUP_2026.v2-v1_yolov8/content/NXPCUP_2026.v2-v1_a.yolov8/train/images) by extension 'python_setup_py'
[0.196s] [34mcolcon.colcon_core.package_identification[0m [1;30mLevel 1[0m _identify(created_model_NXPCUP_2026.v2-v1_yolov8/content/NXPCUP_2026.v2-v1_a.yolov8/train/labels) by extensions ['ignore', 'ignore_ament_install']
[0.196s] [34mcolcon.colcon_core.package_identification[0m [1;30mLevel 1[0m _identify(created_model_NXPCUP_2026.v2-v1_yolov8/content/NXPCUP_2026.v2-v1_a.yolov8/train/labels) by extension 'ignore'
[0.196s] [34mcolcon.colcon_core.package_identification[0m [1;30mLevel 1[0m _identify(created_model_NXPCUP_2026.v2-v1_yolov8/content/NXPCUP_2026.v2-v1_a.yolov8/train/labels) by extension 'ignore_ament_install'
[0.196s] [34mcolcon.colcon_core.package_identification[0m [1;30mLevel 1[0m _identify(created_model_NXPCUP_2026.v2-v1_yolov8/content/NXPCUP_2026.v2-v1_a.yolov8/train/labels) by extensions ['colcon_pkg']
[0.196s] [34mcolcon.colcon_core.package_identification[0m [1;30mLevel 1[0m _identify(created_model_NXPCUP_2026.v2-v1_yolov8/content/NXPCUP_2026.v2-v1_a.yolov8/train/labels) by extension 'colcon_pkg'
[0.196s] [34mcolcon.colcon_core.package_identification[0m [1;30mLevel 1[0m _identify(created_model_NXPCUP_2026.v2-v1_yolov8/content/NXPCUP_2026.v2-v1_a.yolov8/train/labels) by extensions ['colcon_meta']
[0.196s] [34mcolcon.colcon_core.package_identification[0m [1;30mLevel 1[0m _identify(created_model_NXPCUP_2026.v2-v1_yolov8/content/NXPCUP_2026.v2-v1_a.yolov8/train/labels) by extension 'colcon_meta'
[0.196s] [34mcolcon.colcon_core.package_identification[0m [1;30mLevel 1[0m _identify(created_model_NXPCUP_2026.v2-v1_yolov8/content/NXPCUP_2026.v2-v1_a.yolov8/train/labels) by extensions ['ros']
[0.196s] [34mcolcon.colcon_core.package_identification[0m [1;30mLevel 1[0m _identify(created_model_NXPCUP_2026.v2-v1_yolov8/content/NXPCUP_2026.v2-v1_a.yolov8/train/labels) by extension 'ros'
[0.196s] [34mcolcon.colcon_core.package_identification[0m [1;30mLevel 1[0m _identify(created_model_NXPCUP_2026.v2-v1_yolov8/content/NXPCUP_2026.v2-v1_a.yolov8/train/labels) by extensions ['cmake', 'python']
[0.196s] [34mcolcon.colcon_core.package_identification[0m [1;30mLevel 1[0m _identify(created_model_NXPCUP_2026.v2-v1_yolov8/content/NXPCUP_2026.v2-v1_a.yolov8/train/labels) by extension 'cmake'
[0.196s] [34mcolcon.colcon_core.package_identification[0m [1;30mLevel 1[0m _identify(created_model_NXPCUP_2026.v2-v1_yolov8/content/NXPCUP_2026.v2-v1_a.yolov8/train/labels) by extension 'python'
[0.196s] [34mcolcon.colcon_core.package_identification[0m [1;30mLevel 1[0m _identify(created_model_NXPCUP_2026.v2-v1_yolov8/content/NXPCUP_2026.v2-v1_a.yolov8/train/labels) by extensions ['python_setup_py']
[0.196s] [34mcolcon.colcon_core.package_identification[0m [1;30mLevel 1[0m _identify(created_model_NXPCUP_2026.v2-v1_yolov8/content/NXPCUP_2026.v2-v1_a.yolov8/train/labels) by extension 'python_setup_py'
[0.196s] [34mcolcon.colcon_core.package_identification[0m [1;30mLevel 1[0m _identify(created_model_NXPCUP_2026.v2-v1_yolov8/content/NXPCUP_2026.v2-v1_a.yolov8/valid) by extensions ['ignore', 'ignore_ament_install']
[0.196s] [34mcolcon.colcon_core.package_identification[0m [1;30mLevel 1[0m _identify(created_model_NXPCUP_2026.v2-v1_yolov8/content/NXPCUP_2026.v2-v1_a.yolov8/valid) by extension 'ignore'
[0.196s] [34mcolcon.colcon_core.package_identification[0m [1;30mLevel 1[0m _identify(created_model_NXPCUP_2026.v2-v1_yolov8/content/NXPCUP_2026.v2-v1_a.yolov8/valid) by extension 'ignore_ament_install'
[0.196s] [34mcolcon.colcon_core.package_identification[0m [1;30mLevel 1[0m _identify(created_model_NXPCUP_2026.v2-v1_yolov8/content/NXPCUP_2026.v2-v1_a.yolov8/valid) by extensions ['colcon_pkg']
[0.196s] [34mcolcon.colcon_core.package_identification[0m [1;30mLevel 1[0m _identify(created_model_NXPCUP_2026.v2-v1_yolov8/content/NXPCUP_2026.v2-v1_a.yolov8/valid) by extension 'colcon_pkg'
[0.196s] [34mcolcon.colcon_core.package_identification[0m [1;30mLevel 1[0m _identify(created_model_NXPCUP_2026.v2-v1_yolov8/content/NXPCUP_2026.v2-v1_a.yolov8/valid) by extensions ['colcon_meta']
[0.196s] [34mcolcon.colcon_core.package_identification[0m [1;30mLevel 1[0m _identify(created_model_NXPCUP_2026.v2-v1_yolov8/content/NXPCUP_2026.v2-v1_a.yolov8/valid) by extension 'colcon_meta'
[0.196s] [34mcolcon.colcon_core.package_identification[0m [1;30mLevel 1[0m _identify(created_model_NXPCUP_2026.v2-v1_yolov8/content/NXPCUP_2026.v2-v1_a.yolov8/valid) by extensions ['ros']
[0.196s] [34mcolcon.colcon_core.package_identification[0m [1;30mLevel 1[0m _identify(created_model_NXPCUP_2026.v2-v1_yolov8/content/NXPCUP_2026.v2-v1_a.yolov8/valid) by extension 'ros'
[0.196s] [34mcolcon.colcon_core.package_identification[0m [1;30mLevel 1[0m _identify(created_model_NXPCUP_2026.v2-v1_yolov8/content/NXPCUP_2026.v2-v1_a.yolov8/valid) by extensions ['cmake', 'python']
[0.197s] [34mcolcon.colcon_core.package_identification[0m [1;30mLevel 1[0m _identify(created_model_NXPCUP_2026.v2-v1_yolov8/content/NXPCUP_2026.v2-v1_a.yolov8/valid) by extension 'cmake'
[0.197s] [34mcolcon.colcon_core.package_identification[0m [1;30mLevel 1[0m _identify(created_model_NXPCUP_2026.v2-v1_yolov8/content/NXPCUP_2026.v2-v1_a.yolov8/valid) by extension 'python'
[0.197s] [34mcolcon.colcon_core.package_identification[0m [1;30mLevel 1[0m _identify(created_model_NXPCUP_2026.v2-v1_yolov8/content/NXPCUP_2026.v2-v1_a.yolov8/valid) by extensions ['python_setup_py']
[0.197s] [34mcolcon.colcon_core.package_identification[0m [1;30mLevel 1[0m _identify(created_model_NXPCUP_2026.v2-v1_yolov8/content/NXPCUP_2026.v2-v1_a.yolov8/valid) by extension 'python_setup_py'
[0.197s] [34mcolcon.colcon_core.package_identification[0m [1;30mLevel 1[0m _identify(created_model_NXPCUP_2026.v2-v1_yolov8/content/NXPCUP_2026.v2-v1_a.yolov8/valid/images) by extensions ['ignore', 'ignore_ament_install']
[0.197s] [34mcolcon.colcon_core.package_identification[0m [1;30mLevel 1[0m _identify(created_model_NXPCUP_2026.v2-v1_yolov8/content/NXPCUP_2026.v2-v1_a.yolov8/valid/images) by extension 'ignore'
[0.197s] [34mcolcon.colcon_core.package_identification[0m [1;30mLevel 1[0m _identify(created_model_NXPCUP_2026.v2-v1_yolov8/content/NXPCUP_2026.v2-v1_a.yolov8/valid/images) by extension 'ignore_ament_install'
[0.197s] [34mcolcon.colcon_core.package_identification[0m [1;30mLevel 1[0m _identify(created_model_NXPCUP_2026.v2-v1_yolov8/content/NXPCUP_2026.v2-v1_a.yolov8/valid/images) by extensions ['colcon_pkg']
[0.197s] [34mcolcon.colcon_core.package_identification[0m [1;30mLevel 1[0m _identify(created_model_NXPCUP_2026.v2-v1_yolov8/content/NXPCUP_2026.v2-v1_a.yolov8/valid/images) by extension 'colcon_pkg'
[0.197s] [34mcolcon.colcon_core.package_identification[0m [1;30mLevel 1[0m _identify(created_model_NXPCUP_2026.v2-v1_yolov8/content/NXPCUP_2026.v2-v1_a.yolov8/valid/images) by extensions ['colcon_meta']
[0.197s] [34mcolcon.colcon_core.package_identification[0m [1;30mLevel 1[0m _identify(created_model_NXPCUP_2026.v2-v1_yolov8/content/NXPCUP_2026.v2-v1_a.yolov8/valid/images) by extension 'colcon_meta'
[0.197s] [34mcolcon.colcon_core.package_identification[0m [1;30mLevel 1[0m _identify(created_model_NXPCUP_2026.v2-v1_yolov8/content/NXPCUP_2026.v2-v1_a.yolov8/valid/images) by extensions ['ros']
[0.197s] [34mcolcon.colcon_core.package_identification[0m [1;30mLevel 1[0m _identify(created_model_NXPCUP_2026.v2-v1_yolov8/content/NXPCUP_2026.v2-v1_a.yolov8/valid/images) by extension 'ros'
[0.197s] [34mcolcon.colcon_core.package_identification[0m [1;30mLevel 1[0m _identify(created_model_NXPCUP_2026.v2-v1_yolov8/content/NXPCUP_2026.v2-v1_a.yolov8/valid/images) by extensions ['cmake', 'python']
[0.197s] [34mcolcon.colcon_core.package_identification[0m [1;30mLevel 1[0m _identify(created_model_NXPCUP_2026.v2-v1_yolov8/content/NXPCUP_2026.v2-v1_a.yolov8/valid/images) by extension 'cmake'
[0.197s] [34mcolcon.colcon_core.package_identification[0m [1;30mLevel 1[0m _identify(created_model_NXPCUP_2026.v2-v1_yolov8/content/NXPCUP_2026.v2-v1_a.yolov8/valid/images) by extension 'python'
[0.197s] [34mcolcon.colcon_core.package_identification[0m [1;30mLevel 1[0m _identify(created_model_NXPCUP_2026.v2-v1_yolov8/content/NXPCUP_2026.v2-v1_a.yolov8/valid/images) by extensions ['python_setup_py']
[0.197s] [34mcolcon.colcon_core.package_identification[0m [1;30mLevel 1[0m _identify(created_model_NXPCUP_2026.v2-v1_yolov8/content/NXPCUP_2026.v2-v1_a.yolov8/valid/images) by extension 'python_setup_py'
[0.197s] [34mcolcon.colcon_core.package_identification[0m [1;30mLevel 1[0m _identify(created_model_NXPCUP_2026.v2-v1_yolov8/content/NXPCUP_2026.v2-v1_a.yolov8/valid/labels) by extensions ['ignore', 'ignore_ament_install']
[0.197s] [34mcolcon.colcon_core.package_identification[0m [1;30mLevel 1[0m _identify(created_model_NXPCUP_2026.v2-v1_yolov8/content/NXPCUP_2026.v2-v1_a.yolov8/valid/labels) by extension 'ignore'
[0.197s] [34mcolcon.colcon_core.package_identification[0m [1;30mLevel 1[0m _identify(created_model_NXPCUP_2026.v2-v1_yolov8/content/NXPCUP_2026.v2-v1_a.yolov8/valid/labels) by extension 'ignore_ament_install'
[0.197s] [34mcolcon.colcon_core.package_identification[0m [1;30mLevel 1[0m _identify(created_model_NXPCUP_2026.v2-v1_yolov8/content/NXPCUP_2026.v2-v1_a.yolov8/valid/labels) by extensions ['colcon_pkg']
[0.197s] [34mcolcon.colcon_core.package_identification[0m [1;30mLevel 1[0m _identify(created_model_NXPCUP_2026.v2-v1_yolov8/content/NXPCUP_2026.v2-v1_a.yolov8/valid/labels) by extension 'colcon_pkg'
[0.197s] [34mcolcon.colcon_core.package_identification[0m [1;30mLevel 1[0m _identify(created_model_NXPCUP_2026.v2-v1_yolov8/content/NXPCUP_2026.v2-v1_a.yolov8/valid/labels) by extensions ['colcon_meta']
[0.197s] [34mcolcon.colcon_core.package_identification[0m [1;30mLevel 1[0m _identify(created_model_NXPCUP_2026.v2-v1_yolov8/content/NXPCUP_2026.v2-v1_a.yolov8/valid/labels) by extension 'colcon_meta'
[0.197s] [34mcolcon.colcon_core.package_identification[0m [1;30mLevel 1[0m _identify(created_model_NXPCUP_2026.v2-v1_yolov8/content/NXPCUP_2026.v2-v1_a.yolov8/valid/labels) by extensions ['ros']
[0.197s] [34mcolcon.colcon_core.package_identification[0m [1;30mLevel 1[0m _identify(created_model_NXPCUP_2026.v2-v1_yolov8/content/NXPCUP_2026.v2-v1_a.yolov8/valid/labels) by extension 'ros'
[0.197s] [34mcolcon.colcon_core.package_identification[0m [1;30mLevel 1[0m _identify(created_model_NXPCUP_2026.v2-v1_yolov8/content/NXPCUP_2026.v2-v1_a.yolov8/valid/labels) by extensions ['cmake', 'python']
[0.197s] [34mcolcon.colcon_core.package_identification[0m [1;30mLevel 1[0m _identify(created_model_NXPCUP_2026.v2-v1_yolov8/content/NXPCUP_2026.v2-v1_a.yolov8/valid/labels) by extension 'cmake'
[0.197s] [34mcolcon.colcon_core.package_identification[0m [1;30mLevel 1[0m _identify(created_model_NXPCUP_2026.v2-v1_yolov8/content/NXPCUP_2026.v2-v1_a.yolov8/valid/labels) by extension 'python'
[0.197s] [34mcolcon.colcon_core.package_identification[0m [1;30mLevel 1[0m _identify(created_model_NXPCUP_2026.v2-v1_yolov8/content/NXPCUP_2026.v2-v1_a.yolov8/valid/labels) by extensions ['python_setup_py']
[0.197s] [34mcolcon.colcon_core.package_identification[0m [1;30mLevel 1[0m _identify(created_model_NXPCUP_2026.v2-v1_yolov8/content/NXPCUP_2026.v2-v1_a.yolov8/valid/labels) by extension 'python_setup_py'
[0.197s] [34mcolcon.colcon_core.package_identification[0m [1;30mLevel 1[0m _identify(install) by extensions ['ignore', 'ignore_ament_install']
[0.198s] [34mcolcon.colcon_core.package_identification[0m [1;30mLevel 1[0m _identify(install) by extension 'ignore'
[0.198s] [34mcolcon.colcon_core.package_identification[0m [1;30mLevel 1[0m _identify(install) ignored
[0.198s] [34mcolcon.colcon_core.package_identification[0m [1;30mLevel 1[0m _identify(log) by extensions ['ignore', 'ignore_ament_install']
[0.198s] [34mcolcon.colcon_core.package_identification[0m [1;30mLevel 1[0m _identify(log) by extension 'ignore'
[0.198s] [34mcolcon.colcon_core.package_identification[0m [1;30mLevel 1[0m _identify(log) ignored
[0.198s] [34mcolcon.colcon_core.package_identification[0m [1;30mLevel 1[0m _identify(src) by extensions ['ignore', 'ignore_ament_install']
[0.198s] [34mcolcon.colcon_core.package_identification[0m [1;30mLevel 1[0m _identify(src) by extension 'ignore'
[0.198s] [34mcolcon.colcon_core.package_identification[0m [1;30mLevel 1[0m _identify(src) by extension 'ignore_ament_install'
[0.198s] [34mcolcon.colcon_core.package_identification[0m [1;30mLevel 1[0m _identify(src) by extensions ['colcon_pkg']
[0.198s] [34mcolcon.colcon_core.package_identification[0m [1;30mLevel 1[0m _identify(src) by extension 'colcon_pkg'
[0.198s] [34mcolcon.colcon_core.package_identification[0m [1;30mLevel 1[0m _identify(src) by extensions ['colcon_meta']
[0.198s] [34mcolcon.colcon_core.package_identification[0m [1;30mLevel 1[0m _identify(src) by extension 'colcon_meta'
[0.198s] [34mcolcon.colcon_core.package_identification[0m [1;30mLevel 1[0m _identify(src) by extensions ['ros']
[0.198s] [34mcolcon.colcon_core.package_identification[0m [1;30mLevel 1[0m _identify(src) by extension 'ros'
[0.198s] [34mcolcon.colcon_core.package_identification[0m [1;30mLevel 1[0m _identify(src) by extensions ['cmake', 'python']
[0.198s] [34mcolcon.colcon_core.package_identification[0m [1;30mLevel 1[0m _identify(src) by extension 'cmake'
[0.198s] [34mcolcon.colcon_core.package_identification[0m [1;30mLevel 1[0m _identify(src) by extension 'python'
[0.198s] [34mcolcon.colcon_core.package_identification[0m [1;30mLevel 1[0m _identify(src) by extensions ['python_setup_py']
[0.198s] [34mcolcon.colcon_core.package_identification[0m [1;30mLevel 1[0m _identify(src) by extension 'python_setup_py'
[0.198s] [34mcolcon.colcon_core.package_identification[0m [1;30mLevel 1[0m _identify(src/b3rb) by extensions ['ignore', 'ignore_ament_install']
[0.198s] [34mcolcon.colcon_core.package_identification[0m [1;30mLevel 1[0m _identify(src/b3rb) by extension 'ignore'
[0.198s] [34mcolcon.colcon_core.package_identification[0m [1;30mLevel 1[0m _identify(src/b3rb) by extension 'ignore_ament_install'
[0.198s] [34mcolcon.colcon_core.package_identification[0m [1;30mLevel 1[0m _identify(src/b3rb) by extensions ['colcon_pkg']
[0.198s] [34mcolcon.colcon_core.package_identification[0m [1;30mLevel 1[0m _identify(src/b3rb) by extension 'colcon_pkg'
[0.198s] [34mcolcon.colcon_core.package_identification[0m [1;30mLevel 1[0m _identify(src/b3rb) by extensions ['colcon_meta']
[0.198s] [34mcolcon.colcon_core.package_identification[0m [1;30mLevel 1[0m _identify(src/b3rb) by extension 'colcon_meta'
[0.198s] [34mcolcon.colcon_core.package_identification[0m [1;30mLevel 1[0m _identify(src/b3rb) by extensions ['ros']
[0.198s] [34mcolcon.colcon_core.package_identification[0m [1;30mLevel 1[0m _identify(src/b3rb) by extension 'ros'
[0.198s] [34mcolcon.colcon_core.package_identification[0m [1;30mLevel 1[0m _identify(src/b3rb) by extensions ['cmake', 'python']
[0.198s] [34mcolcon.colcon_core.package_identification[0m [1;30mLevel 1[0m _identify(src/b3rb) by extension 'cmake'
[0.198s] [34mcolcon.colcon_core.package_identification[0m [1;30mLevel 1[0m _identify(src/b3rb) by extension 'python'
[0.198s] [34mcolcon.colcon_core.package_identification[0m [1;30mLevel 1[0m _identify(src/b3rb) by extensions ['python_setup_py']
[0.198s] [34mcolcon.colcon_core.package_identification[0m [1;30mLevel 1[0m _identify(src/b3rb) by extension 'python_setup_py'
[0.198s] [34mcolcon.colcon_core.package_identification[0m [1;30mLevel 1[0m _identify(src/b3rb/b3rb_description) by extensions ['ignore', 'ignore_ament_install']
[0.198s] [34mcolcon.colcon_core.package_identification[0m [1;30mLevel 1[0m _identify(src/b3rb/b3rb_description) by extension 'ignore'
[0.198s] [34mcolcon.colcon_core.package_identification[0m [1;30mLevel 1[0m _identify(src/b3rb/b3rb_description) by extension 'ignore_ament_install'
[0.199s] [34mcolcon.colcon_core.package_identification[0m [1;30mLevel 1[0m _identify(src/b3rb/b3rb_description) by extensions ['colcon_pkg']
[0.199s] [34mcolcon.colcon_core.package_identification[0m [1;30mLevel 1[0m _identify(src/b3rb/b3rb_description) by extension 'colcon_pkg'
[0.199s] [34mcolcon.colcon_core.package_identification[0m [1;30mLevel 1[0m _identify(src/b3rb/b3rb_description) by extensions ['colcon_meta']
[0.199s] [34mcolcon.colcon_core.package_identification[0m [1;30mLevel 1[0m _identify(src/b3rb/b3rb_description) by extension 'colcon_meta'
[0.199s] [34mcolcon.colcon_core.package_identification[0m [1;30mLevel 1[0m _identify(src/b3rb/b3rb_description) by extensions ['ros']
[0.199s] [34mcolcon.colcon_core.package_identification[0m [1;30mLevel 1[0m _identify(src/b3rb/b3rb_description) by extension 'ros'
[0.200s] [34mcolcon.colcon_core.package_identification[0m [1;30mDEBUG[0m [32mPackage 'src/b3rb/b3rb_description' with type 'ros.ament_cmake' and name 'b3rb_description'[0m
[0.200s] [34mcolcon.colcon_core.package_identification[0m [1;30mLevel 1[0m _identify(src/b3rb/b3rb_nav2) by extensions ['ignore', 'ignore_ament_install']
[0.200s] [34mcolcon.colcon_core.package_identification[0m [1;30mLevel 1[0m _identify(src/b3rb/b3rb_nav2) by extension 'ignore'
[0.200s] [34mcolcon.colcon_core.package_identification[0m [1;30mLevel 1[0m _identify(src/b3rb/b3rb_nav2) by extension 'ignore_ament_install'
[0.200s] [34mcolcon.colcon_core.package_identification[0m [1;30mLevel 1[0m _identify(src/b3rb/b3rb_nav2) by extensions ['colcon_pkg']
[0.200s] [34mcolcon.colcon_core.package_identification[0m [1;30mLevel 1[0m _identify(src/b3rb/b3rb_nav2) by extension 'colcon_pkg'
[0.201s] [34mcolcon.colcon_core.package_identification[0m [1;30mLevel 1[0m _identify(src/b3rb/b3rb_nav2) by extensions ['colcon_meta']
[0.201s] [34mcolcon.colcon_core.package_identification[0m [1;30mLevel 1[0m _identify(src/b3rb/b3rb_nav2) by extension 'colcon_meta'
[0.201s] [34mcolcon.colcon_core.package_identification[0m [1;30mLevel 1[0m _identify(src/b3rb/b3rb_nav2) by extensions ['ros']
[0.201s] [34mcolcon.colcon_core.package_identification[0m [1;30mLevel 1[0m _identify(src/b3rb/b3rb_nav2) by extension 'ros'
[0.201s] [34mcolcon.colcon_core.package_identification[0m [1;30mDEBUG[0m [32mPackage 'src/b3rb/b3rb_nav2' with type 'ros.ament_cmake' and name 'b3rb_nav2'[0m
[0.201s] [34mcolcon.colcon_core.package_identification[0m [1;30mLevel 1[0m _identify(src/b3rb_desktop) by extensions ['ignore', 'ignore_ament_install']
[0.201s] [34mcolcon.colcon_core.package_identification[0m [1;30mLevel 1[0m _identify(src/b3rb_desktop) by extension 'ignore'
[0.201s] [34mcolcon.colcon_core.package_identification[0m [1;30mLevel 1[0m _identify(src/b3rb_desktop) by extension 'ignore_ament_install'
[0.201s] [34mcolcon.colcon_core.package_identification[0m [1;30mLevel 1[0m _identify(src/b3rb_desktop) by extensions ['colcon_pkg']
[0.201s] [34mcolcon.colcon_core.package_identification[0m [1;30mLevel 1[0m _identify(src/b3rb_desktop) by extension 'colcon_pkg'
[0.201s] [34mcolcon.colcon_core.package_identification[0m [1;30mLevel 1[0m _identify(src/b3rb_desktop) by extensions ['colcon_meta']
[0.201s] [34mcolcon.colcon_core.package_identification[0m [1;30mLevel 1[0m _identify(src/b3rb_desktop) by extension 'colcon_meta'
[0.201s] [34mcolcon.colcon_core.package_identification[0m [1;30mLevel 1[0m _identify(src/b3rb_desktop) by extensions ['ros']
[0.201s] [34mcolcon.colcon_core.package_identification[0m [1;30mLevel 1[0m _identify(src/b3rb_desktop) by extension 'ros'
[0.201s] [34mcolcon.colcon_core.package_identification[0m [1;30mLevel 1[0m _identify(src/b3rb_desktop) by extensions ['cmake', 'python']
[0.201s] [34mcolcon.colcon_core.package_identification[0m [1;30mLevel 1[0m _identify(src/b3rb_desktop) by extension 'cmake'
[0.201s] [34mcolcon.colcon_core.package_identification[0m [1;30mLevel 1[0m _identify(src/b3rb_desktop) by extension 'python'
[0.201s] [34mcolcon.colcon_core.package_identification[0m [1;30mLevel 1[0m _identify(src/b3rb_desktop) by extensions ['python_setup_py']
[0.201s] [34mcolcon.colcon_core.package_identification[0m [1;30mLevel 1[0m _identify(src/b3rb_desktop) by extension 'python_setup_py'
[0.201s] [34mcolcon.colcon_core.package_identification[0m [1;30mLevel 1[0m _identify(src/b3rb_desktop/b3rb_desktop) by extensions ['ignore', 'ignore_ament_install']
[0.201s] [34mcolcon.colcon_core.package_identification[0m [1;30mLevel 1[0m _identify(src/b3rb_desktop/b3rb_desktop) by extension 'ignore'
[0.201s] [34mcolcon.colcon_core.package_identification[0m [1;30mLevel 1[0m _identify(src/b3rb_desktop/b3rb_desktop) by extension 'ignore_ament_install'
[0.201s] [34mcolcon.colcon_core.package_identification[0m [1;30mLevel 1[0m _identify(src/b3rb_desktop/b3rb_desktop) by extensions ['colcon_pkg']
[0.201s] [34mcolcon.colcon_core.package_identification[0m [1;30mLevel 1[0m _identify(src/b3rb_desktop/b3rb_desktop) by extension 'colcon_pkg'
[0.201s] [34mcolcon.colcon_core.package_identification[0m [1;30mLevel 1[0m _identify(src/b3rb_desktop/b3rb_desktop) by extensions ['colcon_meta']
[0.202s] [34mcolcon.colcon_core.package_identification[0m [1;30mLevel 1[0m _identify(src/b3rb_desktop/b3rb_desktop) by extension 'colcon_meta'
[0.202s] [34mcolcon.colcon_core.package_identification[0m [1;30mLevel 1[0m _identify(src/b3rb_desktop/b3rb_desktop) by extensions ['ros']
[0.202s] [34mcolcon.colcon_core.package_identification[0m [1;30mLevel 1[0m _identify(src/b3rb_desktop/b3rb_desktop) by extension 'ros'
[0.202s] [34mcolcon.colcon_core.package_identification[0m [1;30mDEBUG[0m [32mPackage 'src/b3rb_desktop/b3rb_desktop' with type 'ros.ament_cmake' and name 'b3rb_desktop'[0m
[0.202s] [34mcolcon.colcon_core.package_identification[0m [1;30mLevel 1[0m _identify(src/b3rb_desktop/b3rb_rviz) by extensions ['ignore', 'ignore_ament_install']
[0.202s] [34mcolcon.colcon_core.package_identification[0m [1;30mLevel 1[0m _identify(src/b3rb_desktop/b3rb_rviz) by extension 'ignore'
[0.202s] [34mcolcon.colcon_core.package_identification[0m [1;30mLevel 1[0m _identify(src/b3rb_desktop/b3rb_rviz) by extension 'ignore_ament_install'
[0.202s] [34mcolcon.colcon_core.package_identification[0m [1;30mLevel 1[0m _identify(src/b3rb_desktop/b3rb_rviz) by extensions ['colcon_pkg']
[0.202s] [34mcolcon.colcon_core.package_identification[0m [1;30mLevel 1[0m _identify(src/b3rb_desktop/b3rb_rviz) by extension 'colcon_pkg'
[0.202s] [34mcolcon.colcon_core.package_identification[0m [1;30mLevel 1[0m _identify(src/b3rb_desktop/b3rb_rviz) by extensions ['colcon_meta']
[0.202s] [34mcolcon.colcon_core.package_identification[0m [1;30mLevel 1[0m _identify(src/b3rb_desktop/b3rb_rviz) by extension 'colcon_meta'
[0.202s] [34mcolcon.colcon_core.package_identification[0m [1;30mLevel 1[0m _identify(src/b3rb_desktop/b3rb_rviz) by extensions ['ros']
[0.202s] [34mcolcon.colcon_core.package_identification[0m [1;30mLevel 1[0m _identify(src/b3rb_desktop/b3rb_rviz) by extension 'ros'
[0.203s] [34mcolcon.colcon_core.package_identification[0m [1;30mDEBUG[0m [32mPackage 'src/b3rb_desktop/b3rb_rviz' with type 'ros.ament_cmake' and name 'b3rb_rviz'[0m
[0.203s] [34mcolcon.colcon_core.package_identification[0m [1;30mLevel 1[0m _identify(src/b3rb_ros_line_follower) by extensions ['ignore', 'ignore_ament_install']
[0.203s] [34mcolcon.colcon_core.package_identification[0m [1;30mLevel 1[0m _identify(src/b3rb_ros_line_follower) by extension 'ignore'
[0.203s] [34mcolcon.colcon_core.package_identification[0m [1;30mLevel 1[0m _identify(src/b3rb_ros_line_follower) by extension 'ignore_ament_install'
[0.203s] [34mcolcon.colcon_core.package_identification[0m [1;30mLevel 1[0m _identify(src/b3rb_ros_line_follower) by extensions ['colcon_pkg']
[0.203s] [34mcolcon.colcon_core.package_identification[0m [1;30mLevel 1[0m _identify(src/b3rb_ros_line_follower) by extension 'colcon_pkg'
[0.203s] [34mcolcon.colcon_core.package_identification[0m [1;30mLevel 1[0m _identify(src/b3rb_ros_line_follower) by extensions ['colcon_meta']
[0.203s] [34mcolcon.colcon_core.package_identification[0m [1;30mLevel 1[0m _identify(src/b3rb_ros_line_follower) by extension 'colcon_meta'
[0.203s] [34mcolcon.colcon_core.package_identification[0m [1;30mLevel 1[0m _identify(src/b3rb_ros_line_follower) by extensions ['ros']
[0.203s] [34mcolcon.colcon_core.package_identification[0m [1;30mLevel 1[0m _identify(src/b3rb_ros_line_follower) by extension 'ros'
[0.203s] [34mcolcon.colcon_core.package_identification[0m [1;30mLevel 1[0m _identify(src/b3rb_ros_line_follower) by extensions ['cmake', 'python']
[0.203s] [34mcolcon.colcon_core.package_identification[0m [1;30mLevel 1[0m _identify(src/b3rb_ros_line_follower) by extension 'cmake'
[0.203s] [34mcolcon.colcon_core.package_identification[0m [1;30mLevel 1[0m _identify(src/b3rb_ros_line_follower) by extension 'python'
[0.203s] [34mcolcon.colcon_core.package_identification[0m [1;30mLevel 1[0m _identify(src/b3rb_ros_line_follower) by extensions ['python_setup_py']
[0.203s] [34mcolcon.colcon_core.package_identification[0m [1;30mLevel 1[0m _identify(src/b3rb_ros_line_follower) by extension 'python_setup_py'
[0.203s] [34mcolcon.colcon_core.package_identification[0m [1;30mLevel 1[0m _identify(src/b3rb_ros_line_follower/b3rb_ros_line_follower) by extensions ['ignore', 'ignore_ament_install']
[0.203s] [34mcolcon.colcon_core.package_identification[0m [1;30mLevel 1[0m _identify(src/b3rb_ros_line_follower/b3rb_ros_line_follower) by extension 'ignore'
[0.203s] [34mcolcon.colcon_core.package_identification[0m [1;30mLevel 1[0m _identify(src/b3rb_ros_line_follower/b3rb_ros_line_follower) by extension 'ignore_ament_install'
[0.203s] [34mcolcon.colcon_core.package_identification[0m [1;30mLevel 1[0m _identify(src/b3rb_ros_line_follower/b3rb_ros_line_follower) by extensions ['colcon_pkg']
[0.203s] [34mcolcon.colcon_core.package_identification[0m [1;30mLevel 1[0m _identify(src/b3rb_ros_line_follower/b3rb_ros_line_follower) by extension 'colcon_pkg'
[0.203s] [34mcolcon.colcon_core.package_identification[0m [1;30mLevel 1[0m _identify(src/b3rb_ros_line_follower/b3rb_ros_line_follower) by extensions ['colcon_meta']
[0.203s] [34mcolcon.colcon_core.package_identification[0m [1;30mLevel 1[0m _identify(src/b3rb_ros_line_follower/b3rb_ros_line_follower) by extension 'colcon_meta'
[0.203s] [34mcolcon.colcon_core.package_identification[0m [1;30mLevel 1[0m _identify(src/b3rb_ros_line_follower/b3rb_ros_line_follower) by extensions ['ros']
[0.203s] [34mcolcon.colcon_core.package_identification[0m [1;30mLevel 1[0m _identify(src/b3rb_ros_line_follower/b3rb_ros_line_follower) by extension 'ros'
[0.204s] [34mcolcon.colcon_core.package_identification[0m [1;30mDEBUG[0m [32mPackage 'src/b3rb_ros_line_follower/b3rb_ros_line_follower' with type 'ros.ament_python' and name 'b3rb_ros_line_follower'[0m
[0.204s] [34mcolcon.colcon_core.package_identification[0m [1;30mLevel 1[0m _identify(src/b3rb_simulator) by extensions ['ignore', 'ignore_ament_install']
[0.204s] [34mcolcon.colcon_core.package_identification[0m [1;30mLevel 1[0m _identify(src/b3rb_simulator) by extension 'ignore'
[0.204s] [34mcolcon.colcon_core.package_identification[0m [1;30mLevel 1[0m _identify(src/b3rb_simulator) by extension 'ignore_ament_install'
[0.204s] [34mcolcon.colcon_core.package_identification[0m [1;30mLevel 1[0m _identify(src/b3rb_simulator) by extensions ['colcon_pkg']
[0.204s] [34mcolcon.colcon_core.package_identification[0m [1;30mLevel 1[0m _identify(src/b3rb_simulator) by extension 'colcon_pkg'
[0.204s] [34mcolcon.colcon_core.package_identification[0m [1;30mLevel 1[0m _identify(src/b3rb_simulator) by extensions ['colcon_meta']
[0.204s] [34mcolcon.colcon_core.package_identification[0m [1;30mLevel 1[0m _identify(src/b3rb_simulator) by extension 'colcon_meta'
[0.204s] [34mcolcon.colcon_core.package_identification[0m [1;30mLevel 1[0m _identify(src/b3rb_simulator) by extensions ['ros']
[0.204s] [34mcolcon.colcon_core.package_identification[0m [1;30mLevel 1[0m _identify(src/b3rb_simulator) by extension 'ros'
[0.204s] [34mcolcon.colcon_core.package_identification[0m [1;30mLevel 1[0m _identify(src/b3rb_simulator) by extensions ['cmake', 'python']
[0.204s] [34mcolcon.colcon_core.package_identification[0m [1;30mLevel 1[0m _identify(src/b3rb_simulator) by extension 'cmake'
[0.204s] [34mcolcon.colcon_core.package_identification[0m [1;30mLevel 1[0m _identify(src/b3rb_simulator) by extension 'python'
[0.204s] [34mcolcon.colcon_core.package_identification[0m [1;30mLevel 1[0m _identify(src/b3rb_simulator) by extensions ['python_setup_py']
[0.204s] [34mcolcon.colcon_core.package_identification[0m [1;30mLevel 1[0m _identify(src/b3rb_simulator) by extension 'python_setup_py'
[0.204s] [34mcolcon.colcon_core.package_identification[0m [1;30mLevel 1[0m _identify(src/b3rb_simulator/b3rb_gz_bringup) by extensions ['ignore', 'ignore_ament_install']
[0.204s] [34mcolcon.colcon_core.package_identification[0m [1;30mLevel 1[0m _identify(src/b3rb_simulator/b3rb_gz_bringup) by extension 'ignore'
[0.204s] [34mcolcon.colcon_core.package_identification[0m [1;30mLevel 1[0m _identify(src/b3rb_simulator/b3rb_gz_bringup) by extension 'ignore_ament_install'
[0.204s] [34mcolcon.colcon_core.package_identification[0m [1;30mLevel 1[0m _identify(src/b3rb_simulator/b3rb_gz_bringup) by extensions ['colcon_pkg']
[0.204s] [34mcolcon.colcon_core.package_identification[0m [1;30mLevel 1[0m _identify(src/b3rb_simulator/b3rb_gz_bringup) by extension 'colcon_pkg'
[0.204s] [34mcolcon.colcon_core.package_identification[0m [1;30mLevel 1[0m _identify(src/b3rb_simulator/b3rb_gz_bringup) by extensions ['colcon_meta']
[0.204s] [34mcolcon.colcon_core.package_identification[0m [1;30mLevel 1[0m _identify(src/b3rb_simulator/b3rb_gz_bringup) by extension 'colcon_meta'
[0.204s] [34mcolcon.colcon_core.package_identification[0m [1;30mLevel 1[0m _identify(src/b3rb_simulator/b3rb_gz_bringup) by extensions ['ros']
[0.204s] [34mcolcon.colcon_core.package_identification[0m [1;30mLevel 1[0m _identify(src/b3rb_simulator/b3rb_gz_bringup) by extension 'ros'
[0.205s] [34mcolcon.colcon_core.package_identification[0m [1;30mDEBUG[0m [32mPackage 'src/b3rb_simulator/b3rb_gz_bringup' with type 'ros.ament_cmake' and name 'b3rb_gz_bringup'[0m
[0.205s] [34mcolcon.colcon_core.package_identification[0m [1;30mLevel 1[0m _identify(src/b3rb_simulator/b3rb_gz_resource) by extensions ['ignore', 'ignore_ament_install']
[0.205s] [34mcolcon.colcon_core.package_identification[0m [1;30mLevel 1[0m _identify(src/b3rb_simulator/b3rb_gz_resource) by extension 'ignore'
[0.205s] [34mcolcon.colcon_core.package_identification[0m [1;30mLevel 1[0m _identify(src/b3rb_simulator/b3rb_gz_resource) by extension 'ignore_ament_install'
[0.205s] [34mcolcon.colcon_core.package_identification[0m [1;30mLevel 1[0m _identify(src/b3rb_simulator/b3rb_gz_resource) by extensions ['colcon_pkg']
[0.205s] [34mcolcon.colcon_core.package_identification[0m [1;30mLevel 1[0m _identify(src/b3rb_simulator/b3rb_gz_resource) by extension 'colcon_pkg'
[0.205s] [34mcolcon.colcon_core.package_identification[0m [1;30mLevel 1[0m _identify(src/b3rb_simulator/b3rb_gz_resource) by extensions ['colcon_meta']
[0.205s] [34mcolcon.colcon_core.package_identification[0m [1;30mLevel 1[0m _identify(src/b3rb_simulator/b3rb_gz_resource) by extension 'colcon_meta'
[0.205s] [34mcolcon.colcon_core.package_identification[0m [1;30mLevel 1[0m _identify(src/b3rb_simulator/b3rb_gz_resource) by extensions ['ros']
[0.205s] [34mcolcon.colcon_core.package_identification[0m [1;30mLevel 1[0m _identify(src/b3rb_simulator/b3rb_gz_resource) by extension 'ros'
[0.205s] [34mcolcon.colcon_core.package_identification[0m [1;30mDEBUG[0m [32mPackage 'src/b3rb_simulator/b3rb_gz_resource' with type 'ros.ament_cmake' and name 'b3rb_gz_resource'[0m
[0.205s] [34mcolcon.colcon_core.package_identification[0m [1;30mLevel 1[0m _identify(src/b3rb_simulator/b3rb_simulator) by extensions ['ignore', 'ignore_ament_install']
[0.205s] [34mcolcon.colcon_core.package_identification[0m [1;30mLevel 1[0m _identify(src/b3rb_simulator/b3rb_simulator) by extension 'ignore'
[0.205s] [34mcolcon.colcon_core.package_identification[0m [1;30mLevel 1[0m _identify(src/b3rb_simulator/b3rb_simulator) by extension 'ignore_ament_install'
[0.205s] [34mcolcon.colcon_core.package_identification[0m [1;30mLevel 1[0m _identify(src/b3rb_simulator/b3rb_simulator) by extensions ['colcon_pkg']
[0.205s] [34mcolcon.colcon_core.package_identification[0m [1;30mLevel 1[0m _identify(src/b3rb_simulator/b3rb_simulator) by extension 'colcon_pkg'
[0.205s] [34mcolcon.colcon_core.package_identification[0m [1;30mLevel 1[0m _identify(src/b3rb_simulator/b3rb_simulator) by extensions ['colcon_meta']
[0.205s] [34mcolcon.colcon_core.package_identification[0m [1;30mLevel 1[0m _identify(src/b3rb_simulator/b3rb_simulator) by extension 'colcon_meta'
[0.205s] [34mcolcon.colcon_core.package_identification[0m [1;30mLevel 1[0m _identify(src/b3rb_simulator/b3rb_simulator) by extensions ['ros']
[0.206s] [34mcolcon.colcon_core.package_identification[0m [1;30mLevel 1[0m _identify(src/b3rb_simulator/b3rb_simulator) by extension 'ros'
[0.206s] [34mcolcon.colcon_core.package_identification[0m [1;30mDEBUG[0m [32mPackage 'src/b3rb_simulator/b3rb_simulator' with type 'ros.ament_cmake' and name 'b3rb_simulator'[0m
[0.206s] [34mcolcon.colcon_core.package_identification[0m [1;30mLevel 1[0m _identify(src/cerebri_bringup) by extensions ['ignore', 'ignore_ament_install']
[0.206s] [34mcolcon.colcon_core.package_identification[0m [1;30mLevel 1[0m _identify(src/cerebri_bringup) by extension 'ignore'
[0.206s] [34mcolcon.colcon_core.package_identification[0m [1;30mLevel 1[0m _identify(src/cerebri_bringup) by extension 'ignore_ament_install'
[0.206s] [34mcolcon.colcon_core.package_identification[0m [1;30mLevel 1[0m _identify(src/cerebri_bringup) by extensions ['colcon_pkg']
[0.206s] [34mcolcon.colcon_core.package_identification[0m [1;30mLevel 1[0m _identify(src/cerebri_bringup) by extension 'colcon_pkg'
[0.206s] [34mcolcon.colcon_core.package_identification[0m [1;30mLevel 1[0m _identify(src/cerebri_bringup) by extensions ['colcon_meta']
[0.206s] [34mcolcon.colcon_core.package_identification[0m [1;30mLevel 1[0m _identify(src/cerebri_bringup) by extension 'colcon_meta'
[0.206s] [34mcolcon.colcon_core.package_identification[0m [1;30mLevel 1[0m _identify(src/cerebri_bringup) by extensions ['ros']
[0.206s] [34mcolcon.colcon_core.package_identification[0m [1;30mLevel 1[0m _identify(src/cerebri_bringup) by extension 'ros'
[0.206s] [34mcolcon.colcon_core.package_identification[0m [1;30mDEBUG[0m [32mPackage 'src/cerebri_bringup' with type 'ros.ament_cmake' and name 'cerebri_bringup'[0m
[0.207s] [34mcolcon.colcon_core.package_identification[0m [1;30mLevel 1[0m _identify(src/corti) by extensions ['ignore', 'ignore_ament_install']
[0.207s] [34mcolcon.colcon_core.package_identification[0m [1;30mLevel 1[0m _identify(src/corti) by extension 'ignore'
[0.207s] [34mcolcon.colcon_core.package_identification[0m [1;30mLevel 1[0m _identify(src/corti) by extension 'ignore_ament_install'
[0.207s] [34mcolcon.colcon_core.package_identification[0m [1;30mLevel 1[0m _identify(src/corti) by extensions ['colcon_pkg']
[0.207s] [34mcolcon.colcon_core.package_identification[0m [1;30mLevel 1[0m _identify(src/corti) by extension 'colcon_pkg'
[0.207s] [34mcolcon.colcon_core.package_identification[0m [1;30mLevel 1[0m _identify(src/corti) by extensions ['colcon_meta']
[0.207s] [34mcolcon.colcon_core.package_identification[0m [1;30mLevel 1[0m _identify(src/corti) by extension 'colcon_meta'
[0.207s] [34mcolcon.colcon_core.package_identification[0m [1;30mLevel 1[0m _identify(src/corti) by extensions ['ros']
[0.207s] [34mcolcon.colcon_core.package_identification[0m [1;30mLevel 1[0m _identify(src/corti) by extension 'ros'
[0.208s] [34mcolcon.colcon_core.package_identification[0m [1;30mDEBUG[0m [32mPackage 'src/corti' with type 'ros.ament_cmake' and name 'corti'[0m
[0.208s] [34mcolcon.colcon_core.package_identification[0m [1;30mLevel 1[0m _identify(src/dream_world) by extensions ['ignore', 'ignore_ament_install']
[0.208s] [34mcolcon.colcon_core.package_identification[0m [1;30mLevel 1[0m _identify(src/dream_world) by extension 'ignore'
[0.208s] [34mcolcon.colcon_core.package_identification[0m [1;30mLevel 1[0m _identify(src/dream_world) by extension 'ignore_ament_install'
[0.208s] [34mcolcon.colcon_core.package_identification[0m [1;30mLevel 1[0m _identify(src/dream_world) by extensions ['colcon_pkg']
[0.208s] [34mcolcon.colcon_core.package_identification[0m [1;30mLevel 1[0m _identify(src/dream_world) by extension 'colcon_pkg'
[0.208s] [34mcolcon.colcon_core.package_identification[0m [1;30mLevel 1[0m _identify(src/dream_world) by extensions ['colcon_meta']
[0.208s] [34mcolcon.colcon_core.package_identification[0m [1;30mLevel 1[0m _identify(src/dream_world) by extension 'colcon_meta'
[0.208s] [34mcolcon.colcon_core.package_identification[0m [1;30mLevel 1[0m _identify(src/dream_world) by extensions ['ros']
[0.208s] [34mcolcon.colcon_core.package_identification[0m [1;30mLevel 1[0m _identify(src/dream_world) by extension 'ros'
[0.208s] [34mcolcon.colcon_core.package_identification[0m [1;30mLevel 1[0m _identify(src/dream_world) by extensions ['cmake', 'python']
[0.208s] [34mcolcon.colcon_core.package_identification[0m [1;30mLevel 1[0m _identify(src/dream_world) by extension 'cmake'
[0.208s] [34mcolcon.colcon_core.package_identification[0m [1;30mLevel 1[0m _identify(src/dream_world) by extension 'python'
[0.208s] [34mcolcon.colcon_core.package_identification[0m [1;30mLevel 1[0m _identify(src/dream_world) by extensions ['python_setup_py']
[0.208s] [34mcolcon.colcon_core.package_identification[0m [1;30mLevel 1[0m _identify(src/dream_world) by extension 'python_setup_py'
[0.208s] [34mcolcon.colcon_core.package_identification[0m [1;30mLevel 1[0m _identify(src/dream_world/dream_world) by extensions ['ignore', 'ignore_ament_install']
[0.209s] [34mcolcon.colcon_core.package_identification[0m [1;30mLevel 1[0m _identify(src/dream_world/dream_world) by extension 'ignore'
[0.209s] [34mcolcon.colcon_core.package_identification[0m [1;30mLevel 1[0m _identify(src/dream_world/dream_world) by extension 'ignore_ament_install'
[0.209s] [34mcolcon.colcon_core.package_identification[0m [1;30mLevel 1[0m _identify(src/dream_world/dream_world) by extensions ['colcon_pkg']
[0.209s] [34mcolcon.colcon_core.package_identification[0m [1;30mLevel 1[0m _identify(src/dream_world/dream_world) by extension 'colcon_pkg'
[0.209s] [34mcolcon.colcon_core.package_identification[0m [1;30mLevel 1[0m _identify(src/dream_world/dream_world) by extensions ['colcon_meta']
[0.209s] [34mcolcon.colcon_core.package_identification[0m [1;30mLevel 1[0m _identify(src/dream_world/dream_world) by extension 'colcon_meta'
[0.209s] [34mcolcon.colcon_core.package_identification[0m [1;30mLevel 1[0m _identify(src/dream_world/dream_world) by extensions ['ros']
[0.209s] [34mcolcon.colcon_core.package_identification[0m [1;30mLevel 1[0m _identify(src/dream_world/dream_world) by extension 'ros'
[0.209s] [34mcolcon.colcon_core.package_identification[0m [1;30mDEBUG[0m [32mPackage 'src/dream_world/dream_world' with type 'ros.ament_cmake' and name 'dream_world'[0m
[0.209s] [34mcolcon.colcon_core.package_identification[0m [1;30mLevel 1[0m _identify(src/synapse_gz) by extensions ['ignore', 'ignore_ament_install']
[0.209s] [34mcolcon.colcon_core.package_identification[0m [1;30mLevel 1[0m _identify(src/synapse_gz) by extension 'ignore'
[0.209s] [34mcolcon.colcon_core.package_identification[0m [1;30mLevel 1[0m _identify(src/synapse_gz) by extension 'ignore_ament_install'
[0.209s] [34mcolcon.colcon_core.package_identification[0m [1;30mLevel 1[0m _identify(src/synapse_gz) by extensions ['colcon_pkg']
[0.209s] [34mcolcon.colcon_core.package_identification[0m [1;30mLevel 1[0m _identify(src/synapse_gz) by extension 'colcon_pkg'
[0.209s] [34mcolcon.colcon_core.package_identification[0m [1;30mLevel 1[0m _identify(src/synapse_gz) by extensions ['colcon_meta']
[0.209s] [34mcolcon.colcon_core.package_identification[0m [1;30mLevel 1[0m _identify(src/synapse_gz) by extension 'colcon_meta'
[0.209s] [34mcolcon.colcon_core.package_identification[0m [1;30mLevel 1[0m _identify(src/synapse_gz) by extensions ['ros']
[0.209s] [34mcolcon.colcon_core.package_identification[0m [1;30mLevel 1[0m _identify(src/synapse_gz) by extension 'ros'
[0.210s] [34mcolcon.colcon_core.package_identification[0m [1;30mDEBUG[0m [32mPackage 'src/synapse_gz' with type 'ros.ament_cmake' and name 'synapse_gz'[0m
[0.210s] [34mcolcon.colcon_core.package_identification[0m [1;30mLevel 1[0m _identify(src/synapse_msgs) by extensions ['ignore', 'ignore_ament_install']
[0.210s] [34mcolcon.colcon_core.package_identification[0m [1;30mLevel 1[0m _identify(src/synapse_msgs) by extension 'ignore'
[0.210s] [34mcolcon.colcon_core.package_identification[0m [1;30mLevel 1[0m _identify(src/synapse_msgs) by extension 'ignore_ament_install'
[0.210s] [34mcolcon.colcon_core.package_identification[0m [1;30mLevel 1[0m _identify(src/synapse_msgs) by extensions ['colcon_pkg']
[0.210s] [34mcolcon.colcon_core.package_identification[0m [1;30mLevel 1[0m _identify(src/synapse_msgs) by extension 'colcon_pkg'
[0.210s] [34mcolcon.colcon_core.package_identification[0m [1;30mLevel 1[0m _identify(src/synapse_msgs) by extensions ['colcon_meta']
[0.210s] [34mcolcon.colcon_core.package_identification[0m [1;30mLevel 1[0m _identify(src/synapse_msgs) by extension 'colcon_meta'
[0.210s] [34mcolcon.colcon_core.package_identification[0m [1;30mLevel 1[0m _identify(src/synapse_msgs) by extensions ['ros']
[0.210s] [34mcolcon.colcon_core.package_identification[0m [1;30mLevel 1[0m _identify(src/synapse_msgs) by extension 'ros'
[0.210s] [34mcolcon.colcon_core.package_identification[0m [1;30mDEBUG[0m [32mPackage 'src/synapse_msgs' with type 'ros.ament_cmake' and name 'synapse_msgs'[0m
[0.210s] [34mcolcon.colcon_core.package_identification[0m [1;30mLevel 1[0m _identify(src/synapse_protobuf) by extensions ['ignore', 'ignore_ament_install']
[0.210s] [34mcolcon.colcon_core.package_identification[0m [1;30mLevel 1[0m _identify(src/synapse_protobuf) by extension 'ignore'
[0.211s] [34mcolcon.colcon_core.package_identification[0m [1;30mLevel 1[0m _identify(src/synapse_protobuf) by extension 'ignore_ament_install'
[0.211s] [34mcolcon.colcon_core.package_identification[0m [1;30mLevel 1[0m _identify(src/synapse_protobuf) by extensions ['colcon_pkg']
[0.211s] [34mcolcon.colcon_core.package_identification[0m [1;30mLevel 1[0m _identify(src/synapse_protobuf) by extension 'colcon_pkg'
[0.211s] [34mcolcon.colcon_core.package_identification[0m [1;30mLevel 1[0m _identify(src/synapse_protobuf) by extensions ['colcon_meta']
[0.211s] [34mcolcon.colcon_core.package_identification[0m [1;30mLevel 1[0m _identify(src/synapse_protobuf) by extension 'colcon_meta'
[0.211s] [34mcolcon.colcon_core.package_identification[0m [1;30mLevel 1[0m _identify(src/synapse_protobuf) by extensions ['ros']
[0.211s] [34mcolcon.colcon_core.package_identification[0m [1;30mLevel 1[0m _identify(src/synapse_protobuf) by extension 'ros'
[0.211s] [34mcolcon.colcon_core.package_identification[0m [1;30mDEBUG[0m [32mPackage 'src/synapse_protobuf' with type 'ros.ament_cmake' and name 'synapse_protobuf'[0m
[0.211s] [34mcolcon.colcon_core.package_identification[0m [1;30mLevel 1[0m _identify(src/synapse_ros) by extensions ['ignore', 'ignore_ament_install']
[0.211s] [34mcolcon.colcon_core.package_identification[0m [1;30mLevel 1[0m _identify(src/synapse_ros) by extension 'ignore'
[0.211s] [34mcolcon.colcon_core.package_identification[0m [1;30mLevel 1[0m _identify(src/synapse_ros) by extension 'ignore_ament_install'
[0.211s] [34mcolcon.colcon_core.package_identification[0m [1;30mLevel 1[0m _identify(src/synapse_ros) by extensions ['colcon_pkg']
[0.211s] [34mcolcon.colcon_core.package_identification[0m [1;30mLevel 1[0m _identify(src/synapse_ros) by extension 'colcon_pkg'
[0.211s] [34mcolcon.colcon_core.package_identification[0m [1;30mLevel 1[0m _identify(src/synapse_ros) by extensions ['colcon_meta']
[0.211s] [34mcolcon.colcon_core.package_identification[0m [1;30mLevel 1[0m _identify(src/synapse_ros) by extension 'colcon_meta'
[0.211s] [34mcolcon.colcon_core.package_identification[0m [1;30mLevel 1[0m _identify(src/synapse_ros) by extensions ['ros']
[0.211s] [34mcolcon.colcon_core.package_identification[0m [1;30mLevel 1[0m _identify(src/synapse_ros) by extension 'ros'
[0.212s] [34mcolcon.colcon_core.package_identification[0m [1;30mDEBUG[0m [32mPackage 'src/synapse_ros' with type 'ros.ament_cmake' and name 'synapse_ros'[0m
[0.212s] [34mcolcon.colcon_core.package_identification[0m [1;30mLevel 1[0m _identify(src/synapse_tinyframe) by extensions ['ignore', 'ignore_ament_install']
[0.212s] [34mcolcon.colcon_core.package_identification[0m [1;30mLevel 1[0m _identify(src/synapse_tinyframe) by extension 'ignore'
[0.212s] [34mcolcon.colcon_core.package_identification[0m [1;30mLevel 1[0m _identify(src/synapse_tinyframe) by extension 'ignore_ament_install'
[0.212s] [34mcolcon.colcon_core.package_identification[0m [1;30mLevel 1[0m _identify(src/synapse_tinyframe) by extensions ['colcon_pkg']
[0.212s] [34mcolcon.colcon_core.package_identification[0m [1;30mLevel 1[0m _identify(src/synapse_tinyframe) by extension 'colcon_pkg'
[0.212s] [34mcolcon.colcon_core.package_identification[0m [1;30mLevel 1[0m _identify(src/synapse_tinyframe) by extensions ['colcon_meta']
[0.212s] [34mcolcon.colcon_core.package_identification[0m [1;30mLevel 1[0m _identify(src/synapse_tinyframe) by extension 'colcon_meta'
[0.212s] [34mcolcon.colcon_core.package_identification[0m [1;30mLevel 1[0m _identify(src/synapse_tinyframe) by extensions ['ros']
[0.212s] [34mcolcon.colcon_core.package_identification[0m [1;30mLevel 1[0m _identify(src/synapse_tinyframe) by extension 'ros'
[0.218s] [34mcolcon.colcon_core.package_identification[0m [1;30mDEBUG[0m [32mPackage 'src/synapse_tinyframe' with type 'ros.ament_cmake' and name 'synapse_tinyframe'[0m
[0.218s] [34mcolcon.colcon_core.package_discovery[0m [1;30mLevel 1[0m discover_packages(recursive) using defaults
[0.218s] [34mcolcon.colcon_core.package_discovery[0m [1;30mLevel 1[0m discover_packages(ignore) discover
[0.218s] [34mcolcon.colcon_core.package_discovery[0m [1;30mLevel 1[0m discover_packages(ignore) using defaults
[0.218s] [34mcolcon.colcon_core.package_discovery[0m [1;30mLevel 1[0m discover_packages(path) discover
[0.218s] [34mcolcon.colcon_core.package_discovery[0m [1;30mLevel 1[0m discover_packages(path) using defaults
[0.230s] [34mcolcon.colcon_core.verb[0m [1;30mLevel 5[0m set package 'b3rb_description' build argument 'cmake_args' from command line to 'None'
[0.230s] [34mcolcon.colcon_core.verb[0m [1;30mLevel 5[0m set package 'b3rb_description' build argument 'cmake_target' from command line to 'None'
[0.230s] [34mcolcon.colcon_core.verb[0m [1;30mLevel 5[0m set package 'b3rb_description' build argument 'cmake_target_skip_unavailable' from command line to 'False'
[0.230s] [34mcolcon.colcon_core.verb[0m [1;30mLevel 5[0m set package 'b3rb_description' build argument 'cmake_clean_cache' from command line to 'False'
[0.230s] [34mcolcon.colcon_core.verb[0m [1;30mLevel 5[0m set package 'b3rb_description' build argument 'cmake_clean_first' from command line to 'False'
[0.230s] [34mcolcon.colcon_core.verb[0m [1;30mLevel 5[0m set package 'b3rb_description' build argument 'cmake_force_configure' from command line to 'False'
[0.230s] [34mcolcon.colcon_core.verb[0m [1;30mLevel 5[0m set package 'b3rb_description' build argument 'ament_cmake_args' from command line to 'None'
[0.230s] [34mcolcon.colcon_core.verb[0m [1;30mLevel 5[0m set package 'b3rb_description' build argument 'catkin_cmake_args' from command line to 'None'
[0.230s] [34mcolcon.colcon_core.verb[0m [1;30mLevel 5[0m set package 'b3rb_description' build argument 'catkin_skip_building_tests' from command line to 'False'
[0.230s] [34mcolcon.colcon_core.verb[0m [1;30mDEBUG[0m [32mBuilding package 'b3rb_description' with the following arguments: {'ament_cmake_args': None, 'build_base': '/home/tharun/cognipilot/cranium/build/b3rb_description', 'catkin_cmake_args': None, 'catkin_skip_building_tests': False, 'cmake_args': None, 'cmake_clean_cache': False, 'cmake_clean_first': False, 'cmake_force_configure': False, 'cmake_target': None, 'cmake_target_skip_unavailable': False, 'install_base': '/home/tharun/cognipilot/cranium/install/b3rb_description', 'merge_install': False, 'path': '/home/tharun/cognipilot/cranium/src/b3rb/b3rb_description', 'symlink_install': False, 'test_result_base': None}[0m
[0.230s] [34mcolcon.colcon_core.verb[0m [1;30mLevel 5[0m set package 'b3rb_gz_bringup' build argument 'cmake_args' from command line to 'None'
[0.230s] [34mcolcon.colcon_core.verb[0m [1;30mLevel 5[0m set package 'b3rb_gz_bringup' build argument 'cmake_target' from command line to 'None'
[0.230s] [34mcolcon.colcon_core.verb[0m [1;30mLevel 5[0m set package 'b3rb_gz_bringup' build argument 'cmake_target_skip_unavailable' from command line to 'False'
[0.230s] [34mcolcon.colcon_core.verb[0m [1;30mLevel 5[0m set package 'b3rb_gz_bringup' build argument 'cmake_clean_cache' from command line to 'False'
[0.230s] [34mcolcon.colcon_core.verb[0m [1;30mLevel 5[0m set package 'b3rb_gz_bringup' build argument 'cmake_clean_first' from command line to 'False'
[0.230s] [34mcolcon.colcon_core.verb[0m [1;30mLevel 5[0m set package 'b3rb_gz_bringup' build argument 'cmake_force_configure' from command line to 'False'
[0.230s] [34mcolcon.colcon_core.verb[0m [1;30mLevel 5[0m set package 'b3rb_gz_bringup' build argument 'ament_cmake_args' from command line to 'None'
[0.230s] [34mcolcon.colcon_core.verb[0m [1;30mLevel 5[0m set package 'b3rb_gz_bringup' build argument 'catkin_cmake_args' from command line to 'None'
[0.230s] [34mcolcon.colcon_core.verb[0m [1;30mLevel 5[0m set package 'b3rb_gz_bringup' build argument 'catkin_skip_building_tests' from command line to 'False'
[0.230s] [34mcolcon.colcon_core.verb[0m [1;30mDEBUG[0m [32mBuilding package 'b3rb_gz_bringup' with the following arguments: {'ament_cmake_args': None, 'build_base': '/home/tharun/cognipilot/cranium/build/b3rb_gz_bringup', 'catkin_cmake_args': None, 'catkin_skip_building_tests': False, 'cmake_args': None, 'cmake_clean_cache': False, 'cmake_clean_first': False, 'cmake_force_configure': False, 'cmake_target': None, 'cmake_target_skip_unavailable': False, 'install_base': '/home/tharun/cognipilot/cranium/install/b3rb_gz_bringup', 'merge_install': False, 'path': '/home/tharun/cognipilot/cranium/src/b3rb_simulator/b3rb_gz_bringup', 'symlink_install': False, 'test_result_base': None}[0m
[0.231s] [34mcolcon.colcon_core.verb[0m [1;30mLevel 5[0m set package 'b3rb_gz_resource' build argument 'cmake_args' from command line to 'None'
[0.231s] [34mcolcon.colcon_core.verb[0m [1;30mLevel 5[0m set package 'b3rb_gz_resource' build argument 'cmake_target' from command line to 'None'
[0.231s] [34mcolcon.colcon_core.verb[0m [1;30mLevel 5[0m set package 'b3rb_gz_resource' build argument 'cmake_target_skip_unavailable' from command line to 'False'
[0.231s] [34mcolcon.colcon_core.verb[0m [1;30mLevel 5[0m set package 'b3rb_gz_resource' build argument 'cmake_clean_cache' from command line to 'False'
[0.231s] [34mcolcon.colcon_core.verb[0m [1;30mLevel 5[0m set package 'b3rb_gz_resource' build argument 'cmake_clean_first' from command line to 'False'
[0.231s] [34mcolcon.colcon_core.verb[0m [1;30mLevel 5[0m set package 'b3rb_gz_resource' build argument 'cmake_force_configure' from command line to 'False'
[0.231s] [34mcolcon.colcon_core.verb[0m [1;30mLevel 5[0m set package 'b3rb_gz_resource' build argument 'ament_cmake_args' from command line to 'None'
[0.231s] [34mcolcon.colcon_core.verb[0m [1;30mLevel 5[0m set package 'b3rb_gz_resource' build argument 'catkin_cmake_args' from command line to 'None'
[0.231s] [34mcolcon.colcon_core.verb[0m [1;30mLevel 5[0m set package 'b3rb_gz_resource' build argument 'catkin_skip_building_tests' from command line to 'False'
[0.231s] [34mcolcon.colcon_core.verb[0m [1;30mDEBUG[0m [32mBuilding package 'b3rb_gz_resource' with the following arguments: {'ament_cmake_args': None, 'build_base': '/home/tharun/cognipilot/cranium/build/b3rb_gz_resource', 'catkin_cmake_args': None, 'catkin_skip_building_tests': False, 'cmake_args': None, 'cmake_clean_cache': False, 'cmake_clean_first': False, 'cmake_force_configure': False, 'cmake_target': None, 'cmake_target_skip_unavailable': False, 'install_base': '/home/tharun/cognipilot/cranium/install/b3rb_gz_resource', 'merge_install': False, 'path': '/home/tharun/cognipilot/cranium/src/b3rb_simulator/b3rb_gz_resource', 'symlink_install': False, 'test_result_base': None}[0m
[0.231s] [34mcolcon.colcon_core.verb[0m [1;30mLevel 5[0m set package 'b3rb_nav2' build argument 'cmake_args' from command line to 'None'
[0.231s] [34mcolcon.colcon_core.verb[0m [1;30mLevel 5[0m set package 'b3rb_nav2' build argument 'cmake_target' from command line to 'None'
[0.231s] [34mcolcon.colcon_core.verb[0m [1;30mLevel 5[0m set package 'b3rb_nav2' build argument 'cmake_target_skip_unavailable' from command line to 'False'
[0.231s] [34mcolcon.colcon_core.verb[0m [1;30mLevel 5[0m set package 'b3rb_nav2' build argument 'cmake_clean_cache' from command line to 'False'
[0.231s] [34mcolcon.colcon_core.verb[0m [1;30mLevel 5[0m set package 'b3rb_nav2' build argument 'cmake_clean_first' from command line to 'False'
[0.231s] [34mcolcon.colcon_core.verb[0m [1;30mLevel 5[0m set package 'b3rb_nav2' build argument 'cmake_force_configure' from command line to 'False'
[0.231s] [34mcolcon.colcon_core.verb[0m [1;30mLevel 5[0m set package 'b3rb_nav2' build argument 'ament_cmake_args' from command line to 'None'
[0.231s] [34mcolcon.colcon_core.verb[0m [1;30mLevel 5[0m set package 'b3rb_nav2' build argument 'catkin_cmake_args' from command line to 'None'
[0.231s] [34mcolcon.colcon_core.verb[0m [1;30mLevel 5[0m set package 'b3rb_nav2' build argument 'catkin_skip_building_tests' from command line to 'False'
[0.231s] [34mcolcon.colcon_core.verb[0m [1;30mDEBUG[0m [32mBuilding package 'b3rb_nav2' with the following arguments: {'ament_cmake_args': None, 'build_base': '/home/tharun/cognipilot/cranium/build/b3rb_nav2', 'catkin_cmake_args': None, 'catkin_skip_building_tests': False, 'cmake_args': None, 'cmake_clean_cache': False, 'cmake_clean_first': False, 'cmake_force_configure': False, 'cmake_target': None, 'cmake_target_skip_unavailable': False, 'install_base': '/home/tharun/cognipilot/cranium/install/b3rb_nav2', 'merge_install': False, 'path': '/home/tharun/cognipilot/cranium/src/b3rb/b3rb_nav2', 'symlink_install': False, 'test_result_base': None}[0m
[0.231s] [34mcolcon.colcon_core.verb[0m [1;30mLevel 5[0m set package 'b3rb_rviz' build argument 'cmake_args' from command line to 'None'
[0.231s] [34mcolcon.colcon_core.verb[0m [1;30mLevel 5[0m set package 'b3rb_rviz' build argument 'cmake_target' from command line to 'None'
[0.231s] [34mcolcon.colcon_core.verb[0m [1;30mLevel 5[0m set package 'b3rb_rviz' build argument 'cmake_target_skip_unavailable' from command line to 'False'
[0.231s] [34mcolcon.colcon_core.verb[0m [1;30mLevel 5[0m set package 'b3rb_rviz' build argument 'cmake_clean_cache' from command line to 'False'
[0.231s] [34mcolcon.colcon_core.verb[0m [1;30mLevel 5[0m set package 'b3rb_rviz' build argument 'cmake_clean_first' from command line to 'False'
[0.231s] [34mcolcon.colcon_core.verb[0m [1;30mLevel 5[0m set package 'b3rb_rviz' build argument 'cmake_force_configure' from command line to 'False'
[0.231s] [34mcolcon.colcon_core.verb[0m [1;30mLevel 5[0m set package 'b3rb_rviz' build argument 'ament_cmake_args' from command line to 'None'
[0.231s] [34mcolcon.colcon_core.verb[0m [1;30mLevel 5[0m set package 'b3rb_rviz' build argument 'catkin_cmake_args' from command line to 'None'
[0.231s] [34mcolcon.colcon_core.verb[0m [1;30mLevel 5[0m set package 'b3rb_rviz' build argument 'catkin_skip_building_tests' from command line to 'False'
[0.231s] [34mcolcon.colcon_core.verb[0m [1;30mDEBUG[0m [32mBuilding package 'b3rb_rviz' with the following arguments: {'ament_cmake_args': None, 'build_base': '/home/tharun/cognipilot/cranium/build/b3rb_rviz', 'catkin_cmake_args': None, 'catkin_skip_building_tests': False, 'cmake_args': None, 'cmake_clean_cache': False, 'cmake_clean_first': False, 'cmake_force_configure': False, 'cmake_target': None, 'cmake_target_skip_unavailable': False, 'install_base': '/home/tharun/cognipilot/cranium/install/b3rb_rviz', 'merge_install': False, 'path': '/home/tharun/cognipilot/cranium/src/b3rb_desktop/b3rb_rviz', 'symlink_install': False, 'test_result_base': None}[0m
[0.232s] [34mcolcon.colcon_core.verb[0m [1;30mLevel 5[0m set package 'cerebri_bringup' build argument 'cmake_args' from command line to 'None'
[0.232s] [34mcolcon.colcon_core.verb[0m [1;30mLevel 5[0m set package 'cerebri_bringup' build argument 'cmake_target' from command line to 'None'
[0.232s] [34mcolcon.colcon_core.verb[0m [1;30mLevel 5[0m set package 'cerebri_bringup' build argument 'cmake_target_skip_unavailable' from command line to 'False'
[0.232s] [34mcolcon.colcon_core.verb[0m [1;30mLevel 5[0m set package 'cerebri_bringup' build argument 'cmake_clean_cache' from command line to 'False'
[0.232s] [34mcolcon.colcon_core.verb[0m [1;30mLevel 5[0m set package 'cerebri_bringup' build argument 'cmake_clean_first' from command line to 'False'
[0.232s] [34mcolcon.colcon_core.verb[0m [1;30mLevel 5[0m set package 'cerebri_bringup' build argument 'cmake_force_configure' from command line to 'False'
[0.232s] [34mcolcon.colcon_core.verb[0m [1;30mLevel 5[0m set package 'cerebri_bringup' build argument 'ament_cmake_args' from command line to 'None'
[0.232s] [34mcolcon.colcon_core.verb[0m [1;30mLevel 5[0m set package 'cerebri_bringup' build argument 'catkin_cmake_args' from command line to 'None'
[0.232s] [34mcolcon.colcon_core.verb[0m [1;30mLevel 5[0m set package 'cerebri_bringup' build argument 'catkin_skip_building_tests' from command line to 'False'
[0.232s] [34mcolcon.colcon_core.verb[0m [1;30mDEBUG[0m [32mBuilding package 'cerebri_bringup' with the following arguments: {'ament_cmake_args': None, 'build_base': '/home/tharun/cognipilot/cranium/build/cerebri_bringup', 'catkin_cmake_args': None, 'catkin_skip_building_tests': False, 'cmake_args': None, 'cmake_clean_cache': False, 'cmake_clean_first': False, 'cmake_force_configure': False, 'cmake_target': None, 'cmake_target_skip_unavailable': False, 'install_base': '/home/tharun/cognipilot/cranium/install/cerebri_bringup', 'merge_install': False, 'path': '/home/tharun/cognipilot/cranium/src/cerebri_bringup', 'symlink_install': False, 'test_result_base': None}[0m
[0.232s] [34mcolcon.colcon_core.verb[0m [1;30mLevel 5[0m set package 'dream_world' build argument 'cmake_args' from command line to 'None'
[0.232s] [34mcolcon.colcon_core.verb[0m [1;30mLevel 5[0m set package 'dream_world' build argument 'cmake_target' from command line to 'None'
[0.232s] [34mcolcon.colcon_core.verb[0m [1;30mLevel 5[0m set package 'dream_world' build argument 'cmake_target_skip_unavailable' from command line to 'False'
[0.232s] [34mcolcon.colcon_core.verb[0m [1;30mLevel 5[0m set package 'dream_world' build argument 'cmake_clean_cache' from command line to 'False'
[0.232s] [34mcolcon.colcon_core.verb[0m [1;30mLevel 5[0m set package 'dream_world' build argument 'cmake_clean_first' from command line to 'False'
[0.232s] [34mcolcon.colcon_core.verb[0m [1;30mLevel 5[0m set package 'dream_world' build argument 'cmake_force_configure' from command line to 'False'
[0.232s] [34mcolcon.colcon_core.verb[0m [1;30mLevel 5[0m set package 'dream_world' build argument 'ament_cmake_args' from command line to 'None'
[0.232s] [34mcolcon.colcon_core.verb[0m [1;30mLevel 5[0m set package 'dream_world' build argument 'catkin_cmake_args' from command line to 'None'
[0.232s] [34mcolcon.colcon_core.verb[0m [1;30mLevel 5[0m set package 'dream_world' build argument 'catkin_skip_building_tests' from command line to 'False'
[0.232s] [34mcolcon.colcon_core.verb[0m [1;30mDEBUG[0m [32mBuilding package 'dream_world' with the following arguments: {'ament_cmake_args': None, 'build_base': '/home/tharun/cognipilot/cranium/build/dream_world', 'catkin_cmake_args': None, 'catkin_skip_building_tests': False, 'cmake_args': None, 'cmake_clean_cache': False, 'cmake_clean_first': False, 'cmake_force_configure': False, 'cmake_target': None, 'cmake_target_skip_unavailable': False, 'install_base': '/home/tharun/cognipilot/cranium/install/dream_world', 'merge_install': False, 'path': '/home/tharun/cognipilot/cranium/src/dream_world/dream_world', 'symlink_install': False, 'test_result_base': None}[0m
[0.232s] [34mcolcon.colcon_core.verb[0m [1;30mLevel 5[0m set package 'synapse_msgs' build argument 'cmake_args' from command line to 'None'
[0.232s] [34mcolcon.colcon_core.verb[0m [1;30mLevel 5[0m set package 'synapse_msgs' build argument 'cmake_target' from command line to 'None'
[0.232s] [34mcolcon.colcon_core.verb[0m [1;30mLevel 5[0m set package 'synapse_msgs' build argument 'cmake_target_skip_unavailable' from command line to 'False'
[0.232s] [34mcolcon.colcon_core.verb[0m [1;30mLevel 5[0m set package 'synapse_msgs' build argument 'cmake_clean_cache' from command line to 'False'
[0.232s] [34mcolcon.colcon_core.verb[0m [1;30mLevel 5[0m set package 'synapse_msgs' build argument 'cmake_clean_first' from command line to 'False'
[0.232s] [34mcolcon.colcon_core.verb[0m [1;30mLevel 5[0m set package 'synapse_msgs' build argument 'cmake_force_configure' from command line to 'False'
[0.232s] [34mcolcon.colcon_core.verb[0m [1;30mLevel 5[0m set package 'synapse_msgs' build argument 'ament_cmake_args' from command line to 'None'
[0.232s] [34mcolcon.colcon_core.verb[0m [1;30mLevel 5[0m set package 'synapse_msgs' build argument 'catkin_cmake_args' from command line to 'None'
[0.232s] [34mcolcon.colcon_core.verb[0m [1;30mLevel 5[0m set package 'synapse_msgs' build argument 'catkin_skip_building_tests' from command line to 'False'
[0.232s] [34mcolcon.colcon_core.verb[0m [1;30mDEBUG[0m [32mBuilding package 'synapse_msgs' with the following arguments: {'ament_cmake_args': None, 'build_base': '/home/tharun/cognipilot/cranium/build/synapse_msgs', 'catkin_cmake_args': None, 'catkin_skip_building_tests': False, 'cmake_args': None, 'cmake_clean_cache': False, 'cmake_clean_first': False, 'cmake_force_configure': False, 'cmake_target': None, 'cmake_target_skip_unavailable': False, 'install_base': '/home/tharun/cognipilot/cranium/install/synapse_msgs', 'merge_install': False, 'path': '/home/tharun/cognipilot/cranium/src/synapse_msgs', 'symlink_install': False, 'test_result_base': None}[0m
[0.233s] [34mcolcon.colcon_core.verb[0m [1;30mLevel 5[0m set package 'synapse_protobuf' build argument 'cmake_args' from command line to 'None'
[0.233s] [34mcolcon.colcon_core.verb[0m [1;30mLevel 5[0m set package 'synapse_protobuf' build argument 'cmake_target' from command line to 'None'
[0.233s] [34mcolcon.colcon_core.verb[0m [1;30mLevel 5[0m set package 'synapse_protobuf' build argument 'cmake_target_skip_unavailable' from command line to 'False'
[0.233s] [34mcolcon.colcon_core.verb[0m [1;30mLevel 5[0m set package 'synapse_protobuf' build argument 'cmake_clean_cache' from command line to 'False'
[0.233s] [34mcolcon.colcon_core.verb[0m [1;30mLevel 5[0m set package 'synapse_protobuf' build argument 'cmake_clean_first' from command line to 'False'
[0.233s] [34mcolcon.colcon_core.verb[0m [1;30mLevel 5[0m set package 'synapse_protobuf' build argument 'cmake_force_configure' from command line to 'False'
[0.233s] [34mcolcon.colcon_core.verb[0m [1;30mLevel 5[0m set package 'synapse_protobuf' build argument 'ament_cmake_args' from command line to 'None'
[0.233s] [34mcolcon.colcon_core.verb[0m [1;30mLevel 5[0m set package 'synapse_protobuf' build argument 'catkin_cmake_args' from command line to 'None'
[0.233s] [34mcolcon.colcon_core.verb[0m [1;30mLevel 5[0m set package 'synapse_protobuf' build argument 'catkin_skip_building_tests' from command line to 'False'
[0.233s] [34mcolcon.colcon_core.verb[0m [1;30mDEBUG[0m [32mBuilding package 'synapse_protobuf' with the following arguments: {'ament_cmake_args': None, 'build_base': '/home/tharun/cognipilot/cranium/build/synapse_protobuf', 'catkin_cmake_args': None, 'catkin_skip_building_tests': False, 'cmake_args': None, 'cmake_clean_cache': False, 'cmake_clean_first': False, 'cmake_force_configure': False, 'cmake_target': None, 'cmake_target_skip_unavailable': False, 'install_base': '/home/tharun/cognipilot/cranium/install/synapse_protobuf', 'merge_install': False, 'path': '/home/tharun/cognipilot/cranium/src/synapse_protobuf', 'symlink_install': False, 'test_result_base': None}[0m
[0.233s] [34mcolcon.colcon_core.verb[0m [1;30mLevel 5[0m set package 'synapse_tinyframe' build argument 'cmake_args' from command line to 'None'
[0.233s] [34mcolcon.colcon_core.verb[0m [1;30mLevel 5[0m set package 'synapse_tinyframe' build argument 'cmake_target' from command line to 'None'
[0.233s] [34mcolcon.colcon_core.verb[0m [1;30mLevel 5[0m set package 'synapse_tinyframe' build argument 'cmake_target_skip_unavailable' from command line to 'False'
[0.233s] [34mcolcon.colcon_core.verb[0m [1;30mLevel 5[0m set package 'synapse_tinyframe' build argument 'cmake_clean_cache' from command line to 'False'
[0.233s] [34mcolcon.colcon_core.verb[0m [1;30mLevel 5[0m set package 'synapse_tinyframe' build argument 'cmake_clean_first' from command line to 'False'
[0.233s] [34mcolcon.colcon_core.verb[0m [1;30mLevel 5[0m set package 'synapse_tinyframe' build argument 'cmake_force_configure' from command line to 'False'
[0.233s] [34mcolcon.colcon_core.verb[0m [1;30mLevel 5[0m set package 'synapse_tinyframe' build argument 'ament_cmake_args' from command line to 'None'
[0.233s] [34mcolcon.colcon_core.verb[0m [1;30mLevel 5[0m set package 'synapse_tinyframe' build argument 'catkin_cmake_args' from command line to 'None'
[0.233s] [34mcolcon.colcon_core.verb[0m [1;30mLevel 5[0m set package 'synapse_tinyframe' build argument 'catkin_skip_building_tests' from command line to 'False'
[0.233s] [34mcolcon.colcon_core.verb[0m [1;30mDEBUG[0m [32mBuilding package 'synapse_tinyframe' with the following arguments: {'ament_cmake_args': None, 'build_base': '/home/tharun/cognipilot/cranium/build/synapse_tinyframe', 'catkin_cmake_args': None, 'catkin_skip_building_tests': False, 'cmake_args': None, 'cmake_clean_cache': False, 'cmake_clean_first': False, 'cmake_force_configure': False, 'cmake_target': None, 'cmake_target_skip_unavailable': False, 'install_base': '/home/tharun/cognipilot/cranium/install/synapse_tinyframe', 'merge_install': False, 'path': '/home/tharun/cognipilot/cranium/src/synapse_tinyframe', 'symlink_install': False, 'test_result_base': None}[0m
[0.233s] [34mcolcon.colcon_core.verb[0m [1;30mLevel 5[0m set package 'b3rb_desktop' build argument 'cmake_args' from command line to 'None'
[0.233s] [34mcolcon.colcon_core.verb[0m [1;30mLevel 5[0m set package 'b3rb_desktop' build argument 'cmake_target' from command line to 'None'
[0.233s] [34mcolcon.colcon_core.verb[0m [1;30mLevel 5[0m set package 'b3rb_desktop' build argument 'cmake_target_skip_unavailable' from command line to 'False'
[0.233s] [34mcolcon.colcon_core.verb[0m [1;30mLevel 5[0m set package 'b3rb_desktop' build argument 'cmake_clean_cache' from command line to 'False'
[0.233s] [34mcolcon.colcon_core.verb[0m [1;30mLevel 5[0m set package 'b3rb_desktop' build argument 'cmake_clean_first' from command line to 'False'
[0.233s] [34mcolcon.colcon_core.verb[0m [1;30mLevel 5[0m set package 'b3rb_desktop' build argument 'cmake_force_configure' from command line to 'False'
[0.233s] [34mcolcon.colcon_core.verb[0m [1;30mLevel 5[0m set package 'b3rb_desktop' build argument 'ament_cmake_args' from command line to 'None'
[0.233s] [34mcolcon.colcon_core.verb[0m [1;30mLevel 5[0m set package 'b3rb_desktop' build argument 'catkin_cmake_args' from command line to 'None'
[0.233s] [34mcolcon.colcon_core.verb[0m [1;30mLevel 5[0m set package 'b3rb_desktop' build argument 'catkin_skip_building_tests' from command line to 'False'
[0.233s] [34mcolcon.colcon_core.verb[0m [1;30mDEBUG[0m [32mBuilding package 'b3rb_desktop' with the following arguments: {'ament_cmake_args': None, 'build_base': '/home/tharun/cognipilot/cranium/build/b3rb_desktop', 'catkin_cmake_args': None, 'catkin_skip_building_tests': False, 'cmake_args': None, 'cmake_clean_cache': False, 'cmake_clean_first': False, 'cmake_force_configure': False, 'cmake_target': None, 'cmake_target_skip_unavailable': False, 'install_base': '/home/tharun/cognipilot/cranium/install/b3rb_desktop', 'merge_install': False, 'path': '/home/tharun/cognipilot/cranium/src/b3rb_desktop/b3rb_desktop', 'symlink_install': False, 'test_result_base': None}[0m
[0.234s] [34mcolcon.colcon_core.verb[0m [1;30mLevel 5[0m set package 'b3rb_ros_line_follower' build argument 'cmake_args' from command line to 'None'
[0.234s] [34mcolcon.colcon_core.verb[0m [1;30mLevel 5[0m set package 'b3rb_ros_line_follower' build argument 'cmake_target' from command line to 'None'
[0.234s] [34mcolcon.colcon_core.verb[0m [1;30mLevel 5[0m set package 'b3rb_ros_line_follower' build argument 'cmake_target_skip_unavailable' from command line to 'False'
[0.234s] [34mcolcon.colcon_core.verb[0m [1;30mLevel 5[0m set package 'b3rb_ros_line_follower' build argument 'cmake_clean_cache' from command line to 'False'
[0.234s] [34mcolcon.colcon_core.verb[0m [1;30mLevel 5[0m set package 'b3rb_ros_line_follower' build argument 'cmake_clean_first' from command line to 'False'
[0.234s] [34mcolcon.colcon_core.verb[0m [1;30mLevel 5[0m set package 'b3rb_ros_line_follower' build argument 'cmake_force_configure' from command line to 'False'
[0.234s] [34mcolcon.colcon_core.verb[0m [1;30mLevel 5[0m set package 'b3rb_ros_line_follower' build argument 'ament_cmake_args' from command line to 'None'
[0.234s] [34mcolcon.colcon_core.verb[0m [1;30mLevel 5[0m set package 'b3rb_ros_line_follower' build argument 'catkin_cmake_args' from command line to 'None'
[0.234s] [34mcolcon.colcon_core.verb[0m [1;30mLevel 5[0m set package 'b3rb_ros_line_follower' build argument 'catkin_skip_building_tests' from command line to 'False'
[0.234s] [34mcolcon.colcon_core.verb[0m [1;30mDEBUG[0m [32mBuilding package 'b3rb_ros_line_follower' with the following arguments: {'ament_cmake_args': None, 'build_base': '/home/tharun/cognipilot/cranium/build/b3rb_ros_line_follower', 'catkin_cmake_args': None, 'catkin_skip_building_tests': False, 'cmake_args': None, 'cmake_clean_cache': False, 'cmake_clean_first': False, 'cmake_force_configure': False, 'cmake_target': None, 'cmake_target_skip_unavailable': False, 'install_base': '/home/tharun/cognipilot/cranium/install/b3rb_ros_line_follower', 'merge_install': False, 'path': '/home/tharun/cognipilot/cranium/src/b3rb_ros_line_follower/b3rb_ros_line_follower', 'symlink_install': False, 'test_result_base': None}[0m
[0.234s] [34mcolcon.colcon_core.verb[0m [1;30mLevel 5[0m set package 'b3rb_simulator' build argument 'cmake_args' from command line to 'None'
[0.234s] [34mcolcon.colcon_core.verb[0m [1;30mLevel 5[0m set package 'b3rb_simulator' build argument 'cmake_target' from command line to 'None'
[0.234s] [34mcolcon.colcon_core.verb[0m [1;30mLevel 5[0m set package 'b3rb_simulator' build argument 'cmake_target_skip_unavailable' from command line to 'False'
[0.234s] [34mcolcon.colcon_core.verb[0m [1;30mLevel 5[0m set package 'b3rb_simulator' build argument 'cmake_clean_cache' from command line to 'False'
[0.234s] [34mcolcon.colcon_core.verb[0m [1;30mLevel 5[0m set package 'b3rb_simulator' build argument 'cmake_clean_first' from command line to 'False'
[0.234s] [34mcolcon.colcon_core.verb[0m [1;30mLevel 5[0m set package 'b3rb_simulator' build argument 'cmake_force_configure' from command line to 'False'
[0.234s] [34mcolcon.colcon_core.verb[0m [1;30mLevel 5[0m set package 'b3rb_simulator' build argument 'ament_cmake_args' from command line to 'None'
[0.234s] [34mcolcon.colcon_core.verb[0m [1;30mLevel 5[0m set package 'b3rb_simulator' build argument 'catkin_cmake_args' from command line to 'None'
[0.234s] [34mcolcon.colcon_core.verb[0m [1;30mLevel 5[0m set package 'b3rb_simulator' build argument 'catkin_skip_building_tests' from command line to 'False'
[0.234s] [34mcolcon.colcon_core.verb[0m [1;30mDEBUG[0m [32mBuilding package 'b3rb_simulator' with the following arguments: {'ament_cmake_args': None, 'build_base': '/home/tharun/cognipilot/cranium/build/b3rb_simulator', 'catkin_cmake_args': None, 'catkin_skip_building_tests': False, 'cmake_args': None, 'cmake_clean_cache': False, 'cmake_clean_first': False, 'cmake_force_configure': False, 'cmake_target': None, 'cmake_target_skip_unavailable': False, 'install_base': '/home/tharun/cognipilot/cranium/install/b3rb_simulator', 'merge_install': False, 'path': '/home/tharun/cognipilot/cranium/src/b3rb_simulator/b3rb_simulator', 'symlink_install': False, 'test_result_base': None}[0m
[0.234s] [34mcolcon.colcon_core.verb[0m [1;30mLevel 5[0m set package 'corti' build argument 'cmake_args' from command line to 'None'
[0.234s] [34mcolcon.colcon_core.verb[0m [1;30mLevel 5[0m set package 'corti' build argument 'cmake_target' from command line to 'None'
[0.234s] [34mcolcon.colcon_core.verb[0m [1;30mLevel 5[0m set package 'corti' build argument 'cmake_target_skip_unavailable' from command line to 'False'
[0.234s] [34mcolcon.colcon_core.verb[0m [1;30mLevel 5[0m set package 'corti' build argument 'cmake_clean_cache' from command line to 'False'
[0.234s] [34mcolcon.colcon_core.verb[0m [1;30mLevel 5[0m set package 'corti' build argument 'cmake_clean_first' from command line to 'False'
[0.234s] [34mcolcon.colcon_core.verb[0m [1;30mLevel 5[0m set package 'corti' build argument 'cmake_force_configure' from command line to 'False'
[0.234s] [34mcolcon.colcon_core.verb[0m [1;30mLevel 5[0m set package 'corti' build argument 'ament_cmake_args' from command line to 'None'
[0.234s] [34mcolcon.colcon_core.verb[0m [1;30mLevel 5[0m set package 'corti' build argument 'catkin_cmake_args' from command line to 'None'
[0.234s] [34mcolcon.colcon_core.verb[0m [1;30mLevel 5[0m set package 'corti' build argument 'catkin_skip_building_tests' from command line to 'False'
[0.234s] [34mcolcon.colcon_core.verb[0m [1;30mDEBUG[0m [32mBuilding package 'corti' with the following arguments: {'ament_cmake_args': None, 'build_base': '/home/tharun/cognipilot/cranium/build/corti', 'catkin_cmake_args': None, 'catkin_skip_building_tests': False, 'cmake_args': None, 'cmake_clean_cache': False, 'cmake_clean_first': False, 'cmake_force_configure': False, 'cmake_target': None, 'cmake_target_skip_unavailable': False, 'install_base': '/home/tharun/cognipilot/cranium/install/corti', 'merge_install': False, 'path': '/home/tharun/cognipilot/cranium/src/corti', 'symlink_install': False, 'test_result_base': None}[0m
[0.235s] [34mcolcon.colcon_core.verb[0m [1;30mLevel 5[0m set package 'synapse_gz' build argument 'cmake_args' from command line to 'None'
[0.235s] [34mcolcon.colcon_core.verb[0m [1;30mLevel 5[0m set package 'synapse_gz' build argument 'cmake_target' from command line to 'None'
[0.235s] [34mcolcon.colcon_core.verb[0m [1;30mLevel 5[0m set package 'synapse_gz' build argument 'cmake_target_skip_unavailable' from command line to 'False'
[0.235s] [34mcolcon.colcon_core.verb[0m [1;30mLevel 5[0m set package 'synapse_gz' build argument 'cmake_clean_cache' from command line to 'False'
[0.235s] [34mcolcon.colcon_core.verb[0m [1;30mLevel 5[0m set package 'synapse_gz' build argument 'cmake_clean_first' from command line to 'False'
[0.235s] [34mcolcon.colcon_core.verb[0m [1;30mLevel 5[0m set package 'synapse_gz' build argument 'cmake_force_configure' from command line to 'False'
[0.235s] [34mcolcon.colcon_core.verb[0m [1;30mLevel 5[0m set package 'synapse_gz' build argument 'ament_cmake_args' from command line to 'None'
[0.235s] [34mcolcon.colcon_core.verb[0m [1;30mLevel 5[0m set package 'synapse_gz' build argument 'catkin_cmake_args' from command line to 'None'
[0.235s] [34mcolcon.colcon_core.verb[0m [1;30mLevel 5[0m set package 'synapse_gz' build argument 'catkin_skip_building_tests' from command line to 'False'
[0.235s] [34mcolcon.colcon_core.verb[0m [1;30mDEBUG[0m [32mBuilding package 'synapse_gz' with the following arguments: {'ament_cmake_args': None, 'build_base': '/home/tharun/cognipilot/cranium/build/synapse_gz', 'catkin_cmake_args': None, 'catkin_skip_building_tests': False, 'cmake_args': None, 'cmake_clean_cache': False, 'cmake_clean_first': False, 'cmake_force_configure': False, 'cmake_target': None, 'cmake_target_skip_unavailable': False, 'install_base': '/home/tharun/cognipilot/cranium/install/synapse_gz', 'merge_install': False, 'path': '/home/tharun/cognipilot/cranium/src/synapse_gz', 'symlink_install': False, 'test_result_base': None}[0m
[0.235s] [34mcolcon.colcon_core.verb[0m [1;30mLevel 5[0m set package 'synapse_ros' build argument 'cmake_args' from command line to 'None'
[0.235s] [34mcolcon.colcon_core.verb[0m [1;30mLevel 5[0m set package 'synapse_ros' build argument 'cmake_target' from command line to 'None'
[0.235s] [34mcolcon.colcon_core.verb[0m [1;30mLevel 5[0m set package 'synapse_ros' build argument 'cmake_target_skip_unavailable' from command line to 'False'
[0.235s] [34mcolcon.colcon_core.verb[0m [1;30mLevel 5[0m set package 'synapse_ros' build argument 'cmake_clean_cache' from command line to 'False'
[0.235s] [34mcolcon.colcon_core.verb[0m [1;30mLevel 5[0m set package 'synapse_ros' build argument 'cmake_clean_first' from command line to 'False'
[0.235s] [34mcolcon.colcon_core.verb[0m [1;30mLevel 5[0m set package 'synapse_ros' build argument 'cmake_force_configure' from command line to 'False'
[0.235s] [34mcolcon.colcon_core.verb[0m [1;30mLevel 5[0m set package 'synapse_ros' build argument 'ament_cmake_args' from command line to 'None'
[0.235s] [34mcolcon.colcon_core.verb[0m [1;30mLevel 5[0m set package 'synapse_ros' build argument 'catkin_cmake_args' from command line to 'None'
[0.235s] [34mcolcon.colcon_core.verb[0m [1;30mLevel 5[0m set package 'synapse_ros' build argument 'catkin_skip_building_tests' from command line to 'False'
[0.235s] [34mcolcon.colcon_core.verb[0m [1;30mDEBUG[0m [32mBuilding package 'synapse_ros' with the following arguments: {'ament_cmake_args': None, 'build_base': '/home/tharun/cognipilot/cranium/build/synapse_ros', 'catkin_cmake_args': None, 'catkin_skip_building_tests': False, 'cmake_args': None, 'cmake_clean_cache': False, 'cmake_clean_first': False, 'cmake_force_configure': False, 'cmake_target': None, 'cmake_target_skip_unavailable': False, 'install_base': '/home/tharun/cognipilot/cranium/install/synapse_ros', 'merge_install': False, 'path': '/home/tharun/cognipilot/cranium/src/synapse_ros', 'symlink_install': False, 'test_result_base': None}[0m
[0.235s] [34mcolcon.colcon_core.executor[0m [1;30mINFO[0m Executing jobs using 'parallel' executor
[0.236s] [34mcolcon.colcon_parallel_executor.executor.parallel[0m [1;30mDEBUG[0m [32mrun_until_complete[0m
[0.236s] [34mcolcon.colcon_ros.task.ament_cmake.build[0m [1;30mINFO[0m Building ROS package in '/home/tharun/cognipilot/cranium/src/synapse_msgs' with build type 'ament_cmake'
[0.236s] [34mcolcon.colcon_cmake.task.cmake.build[0m [1;30mINFO[0m Building CMake package in '/home/tharun/cognipilot/cranium/src/synapse_msgs'
[0.238s] [34mcolcon.colcon_core.plugin_system[0m [1;30mINFO[0m Skipping extension 'colcon_core.shell.bat': Not used on non-Windows systems
[0.238s] [34mcolcon.colcon_core.shell[0m [1;30mINFO[0m Skip shell extension 'powershell' for command environment: Not usable outside of PowerShell
[0.238s] [34mcolcon.colcon_core.shell[0m [1;30mDEBUG[0m [32mSkip shell extension 'dsv' for command environment[0m
[0.242s] [34mcolcon.colcon_ros.task.ament_cmake.build[0m [1;30mINFO[0m Building ROS package in '/home/tharun/cognipilot/cranium/src/synapse_protobuf' with build type 'ament_cmake'
[0.242s] [34mcolcon.colcon_cmake.task.cmake.build[0m [1;30mINFO[0m Building CMake package in '/home/tharun/cognipilot/cranium/src/synapse_protobuf'
[0.242s] [34mcolcon.colcon_core.shell[0m [1;30mINFO[0m Skip shell extension 'powershell' for command environment: Not usable outside of PowerShell
[0.242s] [34mcolcon.colcon_core.shell[0m [1;30mDEBUG[0m [32mSkip shell extension 'dsv' for command environment[0m
[0.249s] [34mcolcon.colcon_ros.task.ament_cmake.build[0m [1;30mINFO[0m Building ROS package in '/home/tharun/cognipilot/cranium/src/synapse_tinyframe' with build type 'ament_cmake'
[0.249s] [34mcolcon.colcon_cmake.task.cmake.build[0m [1;30mINFO[0m Building CMake package in '/home/tharun/cognipilot/cranium/src/synapse_tinyframe'
[0.250s] [34mcolcon.colcon_core.shell[0m [1;30mINFO[0m Skip shell extension 'powershell' for command environment: Not usable outside of PowerShell
[0.250s] [34mcolcon.colcon_core.shell[0m [1;30mDEBUG[0m [32mSkip shell extension 'dsv' for command environment[0m
[0.255s] [34mcolcon.colcon_ros.task.ament_cmake.build[0m [1;30mINFO[0m Building ROS package in '/home/tharun/cognipilot/cranium/src/b3rb_simulator/b3rb_gz_bringup' with build type 'ament_cmake'
[0.255s] [34mcolcon.colcon_cmake.task.cmake.build[0m [1;30mINFO[0m Building CMake package in '/home/tharun/cognipilot/cranium/src/b3rb_simulator/b3rb_gz_bringup'
[0.256s] [34mcolcon.colcon_core.shell[0m [1;30mINFO[0m Skip shell extension 'powershell' for command environment: Not usable outside of PowerShell
[0.256s] [34mcolcon.colcon_core.shell[0m [1;30mDEBUG[0m [32mSkip shell extension 'dsv' for command environment[0m
[0.259s] [34mcolcon.colcon_ros.task.ament_cmake.build[0m [1;30mINFO[0m Building ROS package in '/home/tharun/cognipilot/cranium/src/b3rb_simulator/b3rb_gz_resource' with build type 'ament_cmake'
[0.259s] [34mcolcon.colcon_cmake.task.cmake.build[0m [1;30mINFO[0m Building CMake package in '/home/tharun/cognipilot/cranium/src/b3rb_simulator/b3rb_gz_resource'
[0.259s] [34mcolcon.colcon_core.shell[0m [1;30mINFO[0m Skip shell extension 'powershell' for command environment: Not usable outside of PowerShell
[0.259s] [34mcolcon.colcon_core.shell[0m [1;30mDEBUG[0m [32mSkip shell extension 'dsv' for command environment[0m
[0.262s] [34mcolcon.colcon_ros.task.ament_cmake.build[0m [1;30mINFO[0m Building ROS package in '/home/tharun/cognipilot/cranium/src/b3rb_desktop/b3rb_rviz' with build type 'ament_cmake'
[0.262s] [34mcolcon.colcon_cmake.task.cmake.build[0m [1;30mINFO[0m Building CMake package in '/home/tharun/cognipilot/cranium/src/b3rb_desktop/b3rb_rviz'
[0.263s] [34mcolcon.colcon_core.shell[0m [1;30mINFO[0m Skip shell extension 'powershell' for command environment: Not usable outside of PowerShell
[0.263s] [34mcolcon.colcon_core.shell[0m [1;30mDEBUG[0m [32mSkip shell extension 'dsv' for command environment[0m
[0.266s] [34mcolcon.colcon_ros.task.ament_cmake.build[0m [1;30mINFO[0m Building ROS package in '/home/tharun/cognipilot/cranium/src/b3rb/b3rb_description' with build type 'ament_cmake'
[0.266s] [34mcolcon.colcon_cmake.task.cmake.build[0m [1;30mINFO[0m Building CMake package in '/home/tharun/cognipilot/cranium/src/b3rb/b3rb_description'
[0.266s] [34mcolcon.colcon_core.shell[0m [1;30mINFO[0m Skip shell extension 'powershell' for command environment: Not usable outside of PowerShell
[0.266s] [34mcolcon.colcon_core.shell[0m [1;30mDEBUG[0m [32mSkip shell extension 'dsv' for command environment[0m
[0.269s] [34mcolcon.colcon_ros.task.ament_cmake.build[0m [1;30mINFO[0m Building ROS package in '/home/tharun/cognipilot/cranium/src/b3rb/b3rb_nav2' with build type 'ament_cmake'
[0.269s] [34mcolcon.colcon_cmake.task.cmake.build[0m [1;30mINFO[0m Building CMake package in '/home/tharun/cognipilot/cranium/src/b3rb/b3rb_nav2'
[0.270s] [34mcolcon.colcon_core.shell[0m [1;30mINFO[0m Skip shell extension 'powershell' for command environment: Not usable outside of PowerShell
[0.270s] [34mcolcon.colcon_core.shell[0m [1;30mDEBUG[0m [32mSkip shell extension 'dsv' for command environment[0m
[0.272s] [34mcolcon.colcon_ros.task.ament_cmake.build[0m [1;30mINFO[0m Building ROS package in '/home/tharun/cognipilot/cranium/src/cerebri_bringup' with build type 'ament_cmake'
[0.272s] [34mcolcon.colcon_cmake.task.cmake.build[0m [1;30mINFO[0m Building CMake package in '/home/tharun/cognipilot/cranium/src/cerebri_bringup'
[0.273s] [34mcolcon.colcon_core.shell[0m [1;30mINFO[0m Skip shell extension 'powershell' for command environment: Not usable outside of PowerShell
[0.273s] [34mcolcon.colcon_core.shell[0m [1;30mDEBUG[0m [32mSkip shell extension 'dsv' for command environment[0m
[0.276s] [34mcolcon.colcon_ros.task.ament_cmake.build[0m [1;30mINFO[0m Building ROS package in '/home/tharun/cognipilot/cranium/src/dream_world/dream_world' with build type 'ament_cmake'
[0.276s] [34mcolcon.colcon_cmake.task.cmake.build[0m [1;30mINFO[0m Building CMake package in '/home/tharun/cognipilot/cranium/src/dream_world/dream_world'
[0.276s] [34mcolcon.colcon_core.shell[0m [1;30mINFO[0m Skip shell extension 'powershell' for command environment: Not usable outside of PowerShell
[0.276s] [34mcolcon.colcon_core.shell[0m [1;30mDEBUG[0m [32mSkip shell extension 'dsv' for command environment[0m
[0.283s] [34mcolcon.colcon_core.event_handler.log_command[0m [1;30mDEBUG[0m [32mInvoking command in '/home/tharun/cognipilot/cranium/build/synapse_msgs': CMAKE_PREFIX_PATH=${CMAKE_PREFIX_PATH}:/home/tharun/cognipilot/cranium/install/b3rb_ros_line_follower:/opt/ros/humble /usr/bin/cmake --build /home/tharun/cognipilot/cranium/build/synapse_msgs -- -j12 -l12[0m
[0.285s] [34mcolcon.colcon_core.event_handler.log_command[0m [1;30mDEBUG[0m [32mInvoking command in '/home/tharun/cognipilot/cranium/build/synapse_protobuf': CMAKE_PREFIX_PATH=${CMAKE_PREFIX_PATH}:/home/tharun/cognipilot/cranium/install/b3rb_ros_line_follower:/opt/ros/humble /usr/bin/cmake --build /home/tharun/cognipilot/cranium/build/synapse_protobuf -- -j12 -l12[0m
[0.287s] [34mcolcon.colcon_core.event_handler.log_command[0m [1;30mDEBUG[0m [32mInvoking command in '/home/tharun/cognipilot/cranium/build/synapse_tinyframe': CMAKE_PREFIX_PATH=${CMAKE_PREFIX_PATH}:/home/tharun/cognipilot/cranium/install/b3rb_ros_line_follower:/opt/ros/humble /usr/bin/cmake --build /home/tharun/cognipilot/cranium/build/synapse_tinyframe -- -j12 -l12[0m
[0.289s] [34mcolcon.colcon_core.event_handler.log_command[0m [1;30mDEBUG[0m [32mInvoking command in '/home/tharun/cognipilot/cranium/build/b3rb_gz_bringup': CMAKE_PREFIX_PATH=${CMAKE_PREFIX_PATH}:/home/tharun/cognipilot/cranium/install/b3rb_ros_line_follower:/opt/ros/humble /usr/bin/cmake --build /home/tharun/cognipilot/cranium/build/b3rb_gz_bringup -- -j12 -l12[0m
[0.292s] [34mcolcon.colcon_core.event_handler.log_command[0m [1;30mDEBUG[0m [32mInvoking command in '/home/tharun/cognipilot/cranium/build/b3rb_gz_resource': CMAKE_PREFIX_PATH=${CMAKE_PREFIX_PATH}:/home/tharun/cognipilot/cranium/install/b3rb_ros_line_follower:/opt/ros/humble /usr/bin/cmake --build /home/tharun/cognipilot/cranium/build/b3rb_gz_resource -- -j12 -l12[0m
[0.295s] [34mcolcon.colcon_core.event_handler.log_command[0m [1;30mDEBUG[0m [32mInvoking command in '/home/tharun/cognipilot/cranium/build/b3rb_rviz': CMAKE_PREFIX_PATH=${CMAKE_PREFIX_PATH}:/home/tharun/cognipilot/cranium/install/b3rb_ros_line_follower:/opt/ros/humble /usr/bin/cmake --build /home/tharun/cognipilot/cranium/build/b3rb_rviz -- -j12 -l12[0m
[0.298s] [34mcolcon.colcon_core.event_handler.log_command[0m [1;30mDEBUG[0m [32mInvoking command in '/home/tharun/cognipilot/cranium/build/b3rb_description': CMAKE_PREFIX_PATH=${CMAKE_PREFIX_PATH}:/home/tharun/cognipilot/cranium/install/b3rb_ros_line_follower:/opt/ros/humble /usr/bin/cmake --build /home/tharun/cognipilot/cranium/build/b3rb_description -- -j12 -l12[0m
[0.302s] [34mcolcon.colcon_core.event_handler.log_command[0m [1;30mDEBUG[0m [32mInvoking command in '/home/tharun/cognipilot/cranium/build/b3rb_nav2': CMAKE_PREFIX_PATH=${CMAKE_PREFIX_PATH}:/home/tharun/cognipilot/cranium/install/b3rb_ros_line_follower:/opt/ros/humble /usr/bin/cmake --build /home/tharun/cognipilot/cranium/build/b3rb_nav2 -- -j12 -l12[0m
[0.309s] [34mcolcon.colcon_core.event_handler.log_command[0m [1;30mDEBUG[0m [32mInvoking command in '/home/tharun/cognipilot/cranium/build/cerebri_bringup': CMAKE_PREFIX_PATH=${CMAKE_PREFIX_PATH}:/home/tharun/cognipilot/cranium/install/b3rb_ros_line_follower:/opt/ros/humble /usr/bin/cmake --build /home/tharun/cognipilot/cranium/build/cerebri_bringup -- -j12 -l12[0m
[0.322s] [34mcolcon.colcon_core.event_handler.log_command[0m [1;30mDEBUG[0m [32mInvoking command in '/home/tharun/cognipilot/cranium/build/dream_world': CMAKE_PREFIX_PATH=${CMAKE_PREFIX_PATH}:/home/tharun/cognipilot/cranium/install/b3rb_ros_line_follower:/opt/ros/humble /usr/bin/cmake --build /home/tharun/cognipilot/cranium/build/dream_world -- -j12 -l12[0m
[0.599s] [34mcolcon.colcon_core.event_handler.log_command[0m [1;30mDEBUG[0m [32mInvoked command in '/home/tharun/cognipilot/cranium/build/b3rb_gz_bringup' returned '0': CMAKE_PREFIX_PATH=${CMAKE_PREFIX_PATH}:/home/tharun/cognipilot/cranium/install/b3rb_ros_line_follower:/opt/ros/humble /usr/bin/cmake --build /home/tharun/cognipilot/cranium/build/b3rb_gz_bringup -- -j12 -l12[0m
[0.612s] [34mcolcon.colcon_core.event_handler.log_command[0m [1;30mDEBUG[0m [32mInvoking command in '/home/tharun/cognipilot/cranium/build/b3rb_gz_bringup': CMAKE_PREFIX_PATH=${CMAKE_PREFIX_PATH}:/home/tharun/cognipilot/cranium/install/b3rb_ros_line_follower:/opt/ros/humble /usr/bin/cmake --install /home/tharun/cognipilot/cranium/build/b3rb_gz_bringup[0m
[0.614s] [34mcolcon.colcon_core.event_handler.log_command[0m [1;30mDEBUG[0m [32mInvoked command in '/home/tharun/cognipilot/cranium/build/b3rb_gz_resource' returned '0': CMAKE_PREFIX_PATH=${CMAKE_PREFIX_PATH}:/home/tharun/cognipilot/cranium/install/b3rb_ros_line_follower:/opt/ros/humble /usr/bin/cmake --build /home/tharun/cognipilot/cranium/build/b3rb_gz_resource -- -j12 -l12[0m
[0.616s] [34mcolcon.colcon_core.event_handler.log_command[0m [1;30mDEBUG[0m [32mInvoking command in '/home/tharun/cognipilot/cranium/build/b3rb_gz_resource': CMAKE_PREFIX_PATH=${CMAKE_PREFIX_PATH}:/home/tharun/cognipilot/cranium/install/b3rb_ros_line_follower:/opt/ros/humble /usr/bin/cmake --install /home/tharun/cognipilot/cranium/build/b3rb_gz_resource[0m
[0.618s] [34mcolcon.colcon_core.event_handler.log_command[0m [1;30mDEBUG[0m [32mInvoked command in '/home/tharun/cognipilot/cranium/build/b3rb_nav2' returned '0': CMAKE_PREFIX_PATH=${CMAKE_PREFIX_PATH}:/home/tharun/cognipilot/cranium/install/b3rb_ros_line_follower:/opt/ros/humble /usr/bin/cmake --build /home/tharun/cognipilot/cranium/build/b3rb_nav2 -- -j12 -l12[0m
[0.620s] [34mcolcon.colcon_core.event_handler.log_command[0m [1;30mDEBUG[0m [32mInvoking command in '/home/tharun/cognipilot/cranium/build/b3rb_nav2': CMAKE_PREFIX_PATH=${CMAKE_PREFIX_PATH}:/home/tharun/cognipilot/cranium/install/b3rb_ros_line_follower:/opt/ros/humble /usr/bin/cmake --install /home/tharun/cognipilot/cranium/build/b3rb_nav2[0m
[0.621s] [34mcolcon.colcon_core.event_handler.log_command[0m [1;30mDEBUG[0m [32mInvoked command in '/home/tharun/cognipilot/cranium/build/cerebri_bringup' returned '0': CMAKE_PREFIX_PATH=${CMAKE_PREFIX_PATH}:/home/tharun/cognipilot/cranium/install/b3rb_ros_line_follower:/opt/ros/humble /usr/bin/cmake --build /home/tharun/cognipilot/cranium/build/cerebri_bringup -- -j12 -l12[0m
[0.622s] [34mcolcon.colcon_core.event_handler.log_command[0m [1;30mDEBUG[0m [32mInvoking command in '/home/tharun/cognipilot/cranium/build/cerebri_bringup': CMAKE_PREFIX_PATH=${CMAKE_PREFIX_PATH}:/home/tharun/cognipilot/cranium/install/b3rb_ros_line_follower:/opt/ros/humble /usr/bin/cmake --install /home/tharun/cognipilot/cranium/build/cerebri_bringup[0m
[0.627s] [34mcolcon.colcon_core.environment[0m [1;30mLevel 1[0m create_environment_scripts_only(b3rb_gz_resource)
[0.630s] [34mcolcon.colcon_core.environment[0m [1;30mLevel 1[0m checking '/home/tharun/cognipilot/cranium/install/b3rb_gz_resource' for CMake module files
[0.630s] [34mcolcon.colcon_core.environment[0m [1;30mLevel 1[0m checking '/home/tharun/cognipilot/cranium/install/b3rb_gz_resource' for CMake config files
[0.631s] [34mcolcon.colcon_core.shell[0m [1;30mLevel 1[0m create_environment_hook('b3rb_gz_resource', 'cmake_prefix_path')
[0.632s] [34mcolcon.colcon_core.shell[0m [1;30mINFO[0m Creating environment hook '/home/tharun/cognipilot/cranium/install/b3rb_gz_resource/share/b3rb_gz_resource/hook/cmake_prefix_path.ps1'
[0.632s] [34mcolcon.colcon_core.shell[0m [1;30mINFO[0m Creating environment descriptor '/home/tharun/cognipilot/cranium/install/b3rb_gz_resource/share/b3rb_gz_resource/hook/cmake_prefix_path.dsv'
[0.633s] [34mcolcon.colcon_core.event_handler.log_command[0m [1;30mDEBUG[0m [32mInvoked command in '/home/tharun/cognipilot/cranium/build/b3rb_gz_resource' returned '0': CMAKE_PREFIX_PATH=${CMAKE_PREFIX_PATH}:/home/tharun/cognipilot/cranium/install/b3rb_ros_line_follower:/opt/ros/humble /usr/bin/cmake --install /home/tharun/cognipilot/cranium/build/b3rb_gz_resource[0m
[0.634s] [34mcolcon.colcon_core.shell[0m [1;30mINFO[0m Creating environment hook '/home/tharun/cognipilot/cranium/install/b3rb_gz_resource/share/b3rb_gz_resource/hook/cmake_prefix_path.sh'
[0.638s] [34mcolcon.colcon_core.environment[0m [1;30mLevel 1[0m checking '/home/tharun/cognipilot/cranium/install/b3rb_gz_resource/bin'
[0.638s] [34mcolcon.colcon_core.environment[0m [1;30mLevel 1[0m checking '/home/tharun/cognipilot/cranium/install/b3rb_gz_resource/lib/pkgconfig/b3rb_gz_resource.pc'
[0.640s] [34mcolcon.colcon_core.environment[0m [1;30mLevel 1[0m checking '/home/tharun/cognipilot/cranium/install/b3rb_gz_resource/lib/python3.10/site-packages'
[0.640s] [34mcolcon.colcon_core.environment[0m [1;30mLevel 1[0m checking '/home/tharun/cognipilot/cranium/install/b3rb_gz_resource/bin'
[0.641s] [34mcolcon.colcon_core.shell[0m [1;30mINFO[0m Creating package script '/home/tharun/cognipilot/cranium/install/b3rb_gz_resource/share/b3rb_gz_resource/package.ps1'
[0.643s] [34mcolcon.colcon_core.shell[0m [1;30mINFO[0m Creating package descriptor '/home/tharun/cognipilot/cranium/install/b3rb_gz_resource/share/b3rb_gz_resource/package.dsv'
[0.643s] [34mcolcon.colcon_core.shell[0m [1;30mINFO[0m Creating package script '/home/tharun/cognipilot/cranium/install/b3rb_gz_resource/share/b3rb_gz_resource/package.sh'
[0.644s] [34mcolcon.colcon_core.shell[0m [1;30mINFO[0m Creating package script '/home/tharun/cognipilot/cranium/install/b3rb_gz_resource/share/b3rb_gz_resource/package.bash'
[0.645s] [34mcolcon.colcon_core.shell[0m [1;30mINFO[0m Creating package script '/home/tharun/cognipilot/cranium/install/b3rb_gz_resource/share/b3rb_gz_resource/package.zsh'
[0.645s] [34mcolcon.colcon_core.environment[0m [1;30mLevel 1[0m create_file_with_runtime_dependencies(/home/tharun/cognipilot/cranium/install/b3rb_gz_resource/share/colcon-core/packages/b3rb_gz_resource)
[0.645s] [34mcolcon.colcon_core.environment[0m [1;30mLevel 1[0m create_environment_scripts_only(b3rb_gz_resource)
[0.646s] [34mcolcon.colcon_core.environment[0m [1;30mLevel 1[0m checking '/home/tharun/cognipilot/cranium/install/b3rb_gz_resource' for CMake module files
[0.646s] [34mcolcon.colcon_core.environment[0m [1;30mLevel 1[0m checking '/home/tharun/cognipilot/cranium/install/b3rb_gz_resource' for CMake config files
[0.646s] [34mcolcon.colcon_core.shell[0m [1;30mLevel 1[0m create_environment_hook('b3rb_gz_resource', 'cmake_prefix_path')
[0.646s] [34mcolcon.colcon_core.shell[0m [1;30mINFO[0m Creating environment hook '/home/tharun/cognipilot/cranium/install/b3rb_gz_resource/share/b3rb_gz_resource/hook/cmake_prefix_path.ps1'
[0.647s] [34mcolcon.colcon_core.shell[0m [1;30mINFO[0m Creating environment descriptor '/home/tharun/cognipilot/cranium/install/b3rb_gz_resource/share/b3rb_gz_resource/hook/cmake_prefix_path.dsv'
[0.648s] [34mcolcon.colcon_core.shell[0m [1;30mINFO[0m Creating environment hook '/home/tharun/cognipilot/cranium/install/b3rb_gz_resource/share/b3rb_gz_resource/hook/cmake_prefix_path.sh'
[0.648s] [34mcolcon.colcon_core.environment[0m [1;30mLevel 1[0m checking '/home/tharun/cognipilot/cranium/install/b3rb_gz_resource/bin'
[0.649s] [34mcolcon.colcon_core.environment[0m [1;30mLevel 1[0m checking '/home/tharun/cognipilot/cranium/install/b3rb_gz_resource/lib/pkgconfig/b3rb_gz_resource.pc'
[0.649s] [34mcolcon.colcon_core.environment[0m [1;30mLevel 1[0m checking '/home/tharun/cognipilot/cranium/install/b3rb_gz_resource/lib/python3.10/site-packages'
[0.649s] [34mcolcon.colcon_core.environment[0m [1;30mLevel 1[0m checking '/home/tharun/cognipilot/cranium/install/b3rb_gz_resource/bin'
[0.649s] [34mcolcon.colcon_core.shell[0m [1;30mINFO[0m Creating package script '/home/tharun/cognipilot/cranium/install/b3rb_gz_resource/share/b3rb_gz_resource/package.ps1'
[0.650s] [34mcolcon.colcon_core.shell[0m [1;30mINFO[0m Creating package descriptor '/home/tharun/cognipilot/cranium/install/b3rb_gz_resource/share/b3rb_gz_resource/package.dsv'
[0.651s] [34mcolcon.colcon_core.shell[0m [1;30mINFO[0m Creating package script '/home/tharun/cognipilot/cranium/install/b3rb_gz_resource/share/b3rb_gz_resource/package.sh'
[0.651s] [34mcolcon.colcon_core.shell[0m [1;30mINFO[0m Creating package script '/home/tharun/cognipilot/cranium/install/b3rb_gz_resource/share/b3rb_gz_resource/package.bash'
[0.652s] [34mcolcon.colcon_core.shell[0m [1;30mINFO[0m Creating package script '/home/tharun/cognipilot/cranium/install/b3rb_gz_resource/share/b3rb_gz_resource/package.zsh'
[0.652s] [34mcolcon.colcon_core.environment[0m [1;30mLevel 1[0m create_file_with_runtime_dependencies(/home/tharun/cognipilot/cranium/install/b3rb_gz_resource/share/colcon-core/packages/b3rb_gz_resource)
[0.655s] [34mcolcon.colcon_core.environment[0m [1;30mLevel 1[0m create_environment_scripts_only(b3rb_gz_bringup)
[0.655s] [34mcolcon.colcon_core.environment[0m [1;30mLevel 1[0m checking '/home/tharun/cognipilot/cranium/install/b3rb_gz_bringup' for CMake module files
[0.656s] [34mcolcon.colcon_core.environment[0m [1;30mLevel 1[0m checking '/home/tharun/cognipilot/cranium/install/b3rb_gz_bringup' for CMake config files
[0.656s] [34mcolcon.colcon_core.shell[0m [1;30mLevel 1[0m create_environment_hook('b3rb_gz_bringup', 'cmake_prefix_path')
[0.656s] [34mcolcon.colcon_core.shell[0m [1;30mINFO[0m Creating environment hook '/home/tharun/cognipilot/cranium/install/b3rb_gz_bringup/share/b3rb_gz_bringup/hook/cmake_prefix_path.ps1'
[0.657s] [34mcolcon.colcon_core.shell[0m [1;30mINFO[0m Creating environment descriptor '/home/tharun/cognipilot/cranium/install/b3rb_gz_bringup/share/b3rb_gz_bringup/hook/cmake_prefix_path.dsv'
[0.658s] [34mcolcon.colcon_core.shell[0m [1;30mINFO[0m Creating environment hook '/home/tharun/cognipilot/cranium/install/b3rb_gz_bringup/share/b3rb_gz_bringup/hook/cmake_prefix_path.sh'
[0.660s] [34mcolcon.colcon_core.event_handler.log_command[0m [1;30mDEBUG[0m [32mInvoked command in '/home/tharun/cognipilot/cranium/build/b3rb_gz_bringup' returned '0': CMAKE_PREFIX_PATH=${CMAKE_PREFIX_PATH}:/home/tharun/cognipilot/cranium/install/b3rb_ros_line_follower:/opt/ros/humble /usr/bin/cmake --install /home/tharun/cognipilot/cranium/build/b3rb_gz_bringup[0m
[0.660s] [34mcolcon.colcon_core.environment[0m [1;30mLevel 1[0m checking '/home/tharun/cognipilot/cranium/install/b3rb_gz_bringup/bin'
[0.660s] [34mcolcon.colcon_core.environment[0m [1;30mLevel 1[0m checking '/home/tharun/cognipilot/cranium/install/b3rb_gz_bringup/lib/pkgconfig/b3rb_gz_bringup.pc'
[0.661s] [34mcolcon.colcon_core.environment[0m [1;30mLevel 1[0m checking '/home/tharun/cognipilot/cranium/install/b3rb_gz_bringup/lib/python3.10/site-packages'
[0.661s] [34mcolcon.colcon_core.environment[0m [1;30mLevel 1[0m checking '/home/tharun/cognipilot/cranium/install/b3rb_gz_bringup/bin'
[0.661s] [34mcolcon.colcon_core.shell[0m [1;30mINFO[0m Creating package script '/home/tharun/cognipilot/cranium/install/b3rb_gz_bringup/share/b3rb_gz_bringup/package.ps1'
[0.662s] [34mcolcon.colcon_core.shell[0m [1;30mINFO[0m Creating package descriptor '/home/tharun/cognipilot/cranium/install/b3rb_gz_bringup/share/b3rb_gz_bringup/package.dsv'
[0.663s] [34mcolcon.colcon_core.shell[0m [1;30mINFO[0m Creating package script '/home/tharun/cognipilot/cranium/install/b3rb_gz_bringup/share/b3rb_gz_bringup/package.sh'
[0.663s] [34mcolcon.colcon_core.shell[0m [1;30mINFO[0m Creating package script '/home/tharun/cognipilot/cranium/install/b3rb_gz_bringup/share/b3rb_gz_bringup/package.bash'
[0.664s] [34mcolcon.colcon_core.shell[0m [1;30mINFO[0m Creating package script '/home/tharun/cognipilot/cranium/install/b3rb_gz_bringup/share/b3rb_gz_bringup/package.zsh'
[0.664s] [34mcolcon.colcon_core.environment[0m [1;30mLevel 1[0m create_file_with_runtime_dependencies(/home/tharun/cognipilot/cranium/install/b3rb_gz_bringup/share/colcon-core/packages/b3rb_gz_bringup)
[0.665s] [34mcolcon.colcon_core.environment[0m [1;30mLevel 1[0m create_environment_scripts_only(b3rb_gz_bringup)
[0.666s] [34mcolcon.colcon_core.environment[0m [1;30mLevel 1[0m checking '/home/tharun/cognipilot/cranium/install/b3rb_gz_bringup' for CMake module files
[0.667s] [34mcolcon.colcon_core.environment[0m [1;30mLevel 1[0m checking '/home/tharun/cognipilot/cranium/install/b3rb_gz_bringup' for CMake config files
[0.667s] [34mcolcon.colcon_core.shell[0m [1;30mLevel 1[0m create_environment_hook('b3rb_gz_bringup', 'cmake_prefix_path')
[0.667s] [34mcolcon.colcon_core.shell[0m [1;30mINFO[0m Creating environment hook '/home/tharun/cognipilot/cranium/install/b3rb_gz_bringup/share/b3rb_gz_bringup/hook/cmake_prefix_path.ps1'
[0.668s] [34mcolcon.colcon_core.shell[0m [1;30mINFO[0m Creating environment descriptor '/home/tharun/cognipilot/cranium/install/b3rb_gz_bringup/share/b3rb_gz_bringup/hook/cmake_prefix_path.dsv'
[0.669s] [34mcolcon.colcon_core.shell[0m [1;30mINFO[0m Creating environment hook '/home/tharun/cognipilot/cranium/install/b3rb_gz_bringup/share/b3rb_gz_bringup/hook/cmake_prefix_path.sh'
[0.669s] [34mcolcon.colcon_core.environment[0m [1;30mLevel 1[0m checking '/home/tharun/cognipilot/cranium/install/b3rb_gz_bringup/bin'
[0.669s] [34mcolcon.colcon_core.environment[0m [1;30mLevel 1[0m checking '/home/tharun/cognipilot/cranium/install/b3rb_gz_bringup/lib/pkgconfig/b3rb_gz_bringup.pc'
[0.669s] [34mcolcon.colcon_core.environment[0m [1;30mLevel 1[0m checking '/home/tharun/cognipilot/cranium/install/b3rb_gz_bringup/lib/python3.10/site-packages'
[0.670s] [34mcolcon.colcon_core.environment[0m [1;30mLevel 1[0m checking '/home/tharun/cognipilot/cranium/install/b3rb_gz_bringup/bin'
[0.670s] [34mcolcon.colcon_core.shell[0m [1;30mINFO[0m Creating package script '/home/tharun/cognipilot/cranium/install/b3rb_gz_bringup/share/b3rb_gz_bringup/package.ps1'
[0.673s] [34mcolcon.colcon_core.shell[0m [1;30mINFO[0m Creating package descriptor '/home/tharun/cognipilot/cranium/install/b3rb_gz_bringup/share/b3rb_gz_bringup/package.dsv'
[0.676s] [34mcolcon.colcon_core.shell[0m [1;30mINFO[0m Creating package script '/home/tharun/cognipilot/cranium/install/b3rb_gz_bringup/share/b3rb_gz_bringup/package.sh'
[0.681s] [34mcolcon.colcon_core.shell[0m [1;30mINFO[0m Creating package script '/home/tharun/cognipilot/cranium/install/b3rb_gz_bringup/share/b3rb_gz_bringup/package.bash'
[0.683s] [34mcolcon.colcon_core.shell[0m [1;30mINFO[0m Creating package script '/home/tharun/cognipilot/cranium/install/b3rb_gz_bringup/share/b3rb_gz_bringup/package.zsh'
[0.684s] [34mcolcon.colcon_core.environment[0m [1;30mLevel 1[0m create_file_with_runtime_dependencies(/home/tharun/cognipilot/cranium/install/b3rb_gz_bringup/share/colcon-core/packages/b3rb_gz_bringup)
[0.686s] [34mcolcon.colcon_core.environment[0m [1;30mLevel 1[0m create_environment_scripts_only(b3rb_nav2)
[0.688s] [34mcolcon.colcon_core.environment[0m [1;30mLevel 1[0m checking '/home/tharun/cognipilot/cranium/install/b3rb_nav2' for CMake module files
[0.691s] [34mcolcon.colcon_core.environment[0m [1;30mLevel 1[0m checking '/home/tharun/cognipilot/cranium/install/b3rb_nav2' for CMake config files
[0.691s] [34mcolcon.colcon_core.shell[0m [1;30mLevel 1[0m create_environment_hook('b3rb_nav2', 'cmake_prefix_path')
[0.692s] [34mcolcon.colcon_core.shell[0m [1;30mINFO[0m Creating environment hook '/home/tharun/cognipilot/cranium/install/b3rb_nav2/share/b3rb_nav2/hook/cmake_prefix_path.ps1'
[0.688s] [34mcolcon.colcon_core.event_handler.log_command[0m [1;30mDEBUG[0m [32mInvoked command in '/home/tharun/cognipilot/cranium/build/b3rb_nav2' returned '0': CMAKE_PREFIX_PATH=${CMAKE_PREFIX_PATH}:/home/tharun/cognipilot/cranium/install/b3rb_ros_line_follower:/opt/ros/humble /usr/bin/cmake --install /home/tharun/cognipilot/cranium/build/b3rb_nav2[0m
[0.698s] [34mcolcon.colcon_core.shell[0m [1;30mINFO[0m Creating environment descriptor '/home/tharun/cognipilot/cranium/install/b3rb_nav2/share/b3rb_nav2/hook/cmake_prefix_path.dsv'
[0.699s] [34mcolcon.colcon_core.shell[0m [1;30mINFO[0m Creating environment hook '/home/tharun/cognipilot/cranium/install/b3rb_nav2/share/b3rb_nav2/hook/cmake_prefix_path.sh'
[0.700s] [34mcolcon.colcon_core.environment[0m [1;30mLevel 1[0m checking '/home/tharun/cognipilot/cranium/install/b3rb_nav2/bin'
[0.700s] [34mcolcon.colcon_core.environment[0m [1;30mLevel 1[0m checking '/home/tharun/cognipilot/cranium/install/b3rb_nav2/lib/pkgconfig/b3rb_nav2.pc'
[0.701s] [34mcolcon.colcon_core.environment[0m [1;30mLevel 1[0m checking '/home/tharun/cognipilot/cranium/install/b3rb_nav2/lib/python3.10/site-packages'
[0.702s] [34mcolcon.colcon_core.environment[0m [1;30mLevel 1[0m checking '/home/tharun/cognipilot/cranium/install/b3rb_nav2/bin'
[0.703s] [34mcolcon.colcon_core.shell[0m [1;30mINFO[0m Creating package script '/home/tharun/cognipilot/cranium/install/b3rb_nav2/share/b3rb_nav2/package.ps1'
[0.704s] [34mcolcon.colcon_core.shell[0m [1;30mINFO[0m Creating package descriptor '/home/tharun/cognipilot/cranium/install/b3rb_nav2/share/b3rb_nav2/package.dsv'
[0.704s] [34mcolcon.colcon_core.shell[0m [1;30mINFO[0m Creating package script '/home/tharun/cognipilot/cranium/install/b3rb_nav2/share/b3rb_nav2/package.sh'
[0.705s] [34mcolcon.colcon_core.shell[0m [1;30mINFO[0m Creating package script '/home/tharun/cognipilot/cranium/install/b3rb_nav2/share/b3rb_nav2/package.bash'
[0.705s] [34mcolcon.colcon_core.shell[0m [1;30mINFO[0m Creating package script '/home/tharun/cognipilot/cranium/install/b3rb_nav2/share/b3rb_nav2/package.zsh'
[0.706s] [34mcolcon.colcon_core.environment[0m [1;30mLevel 1[0m create_file_with_runtime_dependencies(/home/tharun/cognipilot/cranium/install/b3rb_nav2/share/colcon-core/packages/b3rb_nav2)
[0.707s] [34mcolcon.colcon_core.environment[0m [1;30mLevel 1[0m create_environment_scripts_only(b3rb_nav2)
[0.707s] [34mcolcon.colcon_core.environment[0m [1;30mLevel 1[0m checking '/home/tharun/cognipilot/cranium/install/b3rb_nav2' for CMake module files
[0.708s] [34mcolcon.colcon_core.environment[0m [1;30mLevel 1[0m checking '/home/tharun/cognipilot/cranium/install/b3rb_nav2' for CMake config files
[0.708s] [34mcolcon.colcon_core.shell[0m [1;30mLevel 1[0m create_environment_hook('b3rb_nav2', 'cmake_prefix_path')
[0.708s] [34mcolcon.colcon_core.shell[0m [1;30mINFO[0m Creating environment hook '/home/tharun/cognipilot/cranium/install/b3rb_nav2/share/b3rb_nav2/hook/cmake_prefix_path.ps1'
[0.710s] [34mcolcon.colcon_core.shell[0m [1;30mINFO[0m Creating environment descriptor '/home/tharun/cognipilot/cranium/install/b3rb_nav2/share/b3rb_nav2/hook/cmake_prefix_path.dsv'
[0.710s] [34mcolcon.colcon_core.shell[0m [1;30mINFO[0m Creating environment hook '/home/tharun/cognipilot/cranium/install/b3rb_nav2/share/b3rb_nav2/hook/cmake_prefix_path.sh'
[0.711s] [34mcolcon.colcon_core.environment[0m [1;30mLevel 1[0m checking '/home/tharun/cognipilot/cranium/install/b3rb_nav2/bin'
[0.711s] [34mcolcon.colcon_core.environment[0m [1;30mLevel 1[0m checking '/home/tharun/cognipilot/cranium/install/b3rb_nav2/lib/pkgconfig/b3rb_nav2.pc'
[0.711s] [34mcolcon.colcon_core.environment[0m [1;30mLevel 1[0m checking '/home/tharun/cognipilot/cranium/install/b3rb_nav2/lib/python3.10/site-packages'
[0.712s] [34mcolcon.colcon_core.environment[0m [1;30mLevel 1[0m checking '/home/tharun/cognipilot/cranium/install/b3rb_nav2/bin'
[0.713s] [34mcolcon.colcon_core.shell[0m [1;30mINFO[0m Creating package script '/home/tharun/cognipilot/cranium/install/b3rb_nav2/share/b3rb_nav2/package.ps1'
[0.714s] [34mcolcon.colcon_core.shell[0m [1;30mINFO[0m Creating package descriptor '/home/tharun/cognipilot/cranium/install/b3rb_nav2/share/b3rb_nav2/package.dsv'
[0.714s] [34mcolcon.colcon_core.shell[0m [1;30mINFO[0m Creating package script '/home/tharun/cognipilot/cranium/install/b3rb_nav2/share/b3rb_nav2/package.sh'
[0.715s] [34mcolcon.colcon_core.shell[0m [1;30mINFO[0m Creating package script '/home/tharun/cognipilot/cranium/install/b3rb_nav2/share/b3rb_nav2/package.bash'
[0.717s] [34mcolcon.colcon_core.shell[0m [1;30mINFO[0m Creating package script '/home/tharun/cognipilot/cranium/install/b3rb_nav2/share/b3rb_nav2/package.zsh'
[0.717s] [34mcolcon.colcon_core.environment[0m [1;30mLevel 1[0m create_file_with_runtime_dependencies(/home/tharun/cognipilot/cranium/install/b3rb_nav2/share/colcon-core/packages/b3rb_nav2)
[0.719s] [34mcolcon.colcon_core.environment[0m [1;30mLevel 1[0m create_environment_scripts_only(cerebri_bringup)
[0.719s] [34mcolcon.colcon_core.environment[0m [1;30mLevel 1[0m checking '/home/tharun/cognipilot/cranium/install/cerebri_bringup' for CMake module files
[0.720s] [34mcolcon.colcon_core.environment[0m [1;30mLevel 1[0m checking '/home/tharun/cognipilot/cranium/install/cerebri_bringup' for CMake config files
[0.720s] [34mcolcon.colcon_core.shell[0m [1;30mLevel 1[0m create_environment_hook('cerebri_bringup', 'cmake_prefix_path')
[0.720s] [34mcolcon.colcon_core.shell[0m [1;30mINFO[0m Creating environment hook '/home/tharun/cognipilot/cranium/install/cerebri_bringup/share/cerebri_bringup/hook/cmake_prefix_path.ps1'
[0.721s] [34mcolcon.colcon_core.shell[0m [1;30mINFO[0m Creating environment descriptor '/home/tharun/cognipilot/cranium/install/cerebri_bringup/share/cerebri_bringup/hook/cmake_prefix_path.dsv'
[0.721s] [34mcolcon.colcon_core.shell[0m [1;30mINFO[0m Creating environment hook '/home/tharun/cognipilot/cranium/install/cerebri_bringup/share/cerebri_bringup/hook/cmake_prefix_path.sh'
[0.722s] [34mcolcon.colcon_core.event_handler.log_command[0m [1;30mDEBUG[0m [32mInvoked command in '/home/tharun/cognipilot/cranium/build/cerebri_bringup' returned '0': CMAKE_PREFIX_PATH=${CMAKE_PREFIX_PATH}:/home/tharun/cognipilot/cranium/install/b3rb_ros_line_follower:/opt/ros/humble /usr/bin/cmake --install /home/tharun/cognipilot/cranium/build/cerebri_bringup[0m
[0.724s] [34mcolcon.colcon_core.environment[0m [1;30mLevel 1[0m checking '/home/tharun/cognipilot/cranium/install/cerebri_bringup/bin'
[0.724s] [34mcolcon.colcon_core.environment[0m [1;30mLevel 1[0m checking '/home/tharun/cognipilot/cranium/install/cerebri_bringup/lib/pkgconfig/cerebri_bringup.pc'
[0.724s] [34mcolcon.colcon_core.environment[0m [1;30mLevel 1[0m checking '/home/tharun/cognipilot/cranium/install/cerebri_bringup/lib/python3.10/site-packages'
[0.725s] [34mcolcon.colcon_core.environment[0m [1;30mLevel 1[0m checking '/home/tharun/cognipilot/cranium/install/cerebri_bringup/bin'
[0.726s] [34mcolcon.colcon_core.shell[0m [1;30mINFO[0m Creating package script '/home/tharun/cognipilot/cranium/install/cerebri_bringup/share/cerebri_bringup/package.ps1'
[0.727s] [34mcolcon.colcon_core.shell[0m [1;30mINFO[0m Creating package descriptor '/home/tharun/cognipilot/cranium/install/cerebri_bringup/share/cerebri_bringup/package.dsv'
[0.728s] [34mcolcon.colcon_core.shell[0m [1;30mINFO[0m Creating package script '/home/tharun/cognipilot/cranium/install/cerebri_bringup/share/cerebri_bringup/package.sh'
[0.729s] [34mcolcon.colcon_core.shell[0m [1;30mINFO[0m Creating package script '/home/tharun/cognipilot/cranium/install/cerebri_bringup/share/cerebri_bringup/package.bash'
[0.729s] [34mcolcon.colcon_core.shell[0m [1;30mINFO[0m Creating package script '/home/tharun/cognipilot/cranium/install/cerebri_bringup/share/cerebri_bringup/package.zsh'
[0.730s] [34mcolcon.colcon_core.environment[0m [1;30mLevel 1[0m create_file_with_runtime_dependencies(/home/tharun/cognipilot/cranium/install/cerebri_bringup/share/colcon-core/packages/cerebri_bringup)
[0.730s] [34mcolcon.colcon_core.environment[0m [1;30mLevel 1[0m create_environment_scripts_only(cerebri_bringup)
[0.731s] [34mcolcon.colcon_core.environment[0m [1;30mLevel 1[0m checking '/home/tharun/cognipilot/cranium/install/cerebri_bringup' for CMake module files
[0.731s] [34mcolcon.colcon_core.environment[0m [1;30mLevel 1[0m checking '/home/tharun/cognipilot/cranium/install/cerebri_bringup' for CMake config files
[0.732s] [34mcolcon.colcon_core.shell[0m [1;30mLevel 1[0m create_environment_hook('cerebri_bringup', 'cmake_prefix_path')
[0.732s] [34mcolcon.colcon_core.shell[0m [1;30mINFO[0m Creating environment hook '/home/tharun/cognipilot/cranium/install/cerebri_bringup/share/cerebri_bringup/hook/cmake_prefix_path.ps1'
[0.733s] [34mcolcon.colcon_core.shell[0m [1;30mINFO[0m Creating environment descriptor '/home/tharun/cognipilot/cranium/install/cerebri_bringup/share/cerebri_bringup/hook/cmake_prefix_path.dsv'
[0.733s] [34mcolcon.colcon_core.shell[0m [1;30mINFO[0m Creating environment hook '/home/tharun/cognipilot/cranium/install/cerebri_bringup/share/cerebri_bringup/hook/cmake_prefix_path.sh'
[0.734s] [34mcolcon.colcon_core.environment[0m [1;30mLevel 1[0m checking '/home/tharun/cognipilot/cranium/install/cerebri_bringup/bin'
[0.734s] [34mcolcon.colcon_core.environment[0m [1;30mLevel 1[0m checking '/home/tharun/cognipilot/cranium/install/cerebri_bringup/lib/pkgconfig/cerebri_bringup.pc'
[0.734s] [34mcolcon.colcon_core.environment[0m [1;30mLevel 1[0m checking '/home/tharun/cognipilot/cranium/install/cerebri_bringup/lib/python3.10/site-packages'
[0.734s] [34mcolcon.colcon_core.environment[0m [1;30mLevel 1[0m checking '/home/tharun/cognipilot/cranium/install/cerebri_bringup/bin'
[0.735s] [34mcolcon.colcon_core.shell[0m [1;30mINFO[0m Creating package script '/home/tharun/cognipilot/cranium/install/cerebri_bringup/share/cerebri_bringup/package.ps1'
[0.735s] [34mcolcon.colcon_core.shell[0m [1;30mINFO[0m Creating package descriptor '/home/tharun/cognipilot/cranium/install/cerebri_bringup/share/cerebri_bringup/package.dsv'
[0.736s] [34mcolcon.colcon_core.shell[0m [1;30mINFO[0m Creating package script '/home/tharun/cognipilot/cranium/install/cerebri_bringup/share/cerebri_bringup/package.sh'
[0.738s] [34mcolcon.colcon_core.shell[0m [1;30mINFO[0m Creating package script '/home/tharun/cognipilot/cranium/install/cerebri_bringup/share/cerebri_bringup/package.bash'
[0.738s] [34mcolcon.colcon_core.shell[0m [1;30mINFO[0m Creating package script '/home/tharun/cognipilot/cranium/install/cerebri_bringup/share/cerebri_bringup/package.zsh'
[0.739s] [34mcolcon.colcon_core.environment[0m [1;30mLevel 1[0m create_file_with_runtime_dependencies(/home/tharun/cognipilot/cranium/install/cerebri_bringup/share/colcon-core/packages/cerebri_bringup)
[0.739s] [34mcolcon.colcon_ros.task.ament_cmake.build[0m [1;30mINFO[0m Building ROS package in '/home/tharun/cognipilot/cranium/src/b3rb_simulator/b3rb_simulator' with build type 'ament_cmake'
[0.739s] [34mcolcon.colcon_cmake.task.cmake.build[0m [1;30mINFO[0m Building CMake package in '/home/tharun/cognipilot/cranium/src/b3rb_simulator/b3rb_simulator'
[0.740s] [34mcolcon.colcon_core.shell[0m [1;30mINFO[0m Skip shell extension 'powershell' for command environment: Not usable outside of PowerShell
[0.740s] [34mcolcon.colcon_core.shell[0m [1;30mDEBUG[0m [32mSkip shell extension 'dsv' for command environment[0m
[0.756s] [34mcolcon.colcon_core.event_handler.log_command[0m [1;30mDEBUG[0m [32mInvoked command in '/home/tharun/cognipilot/cranium/build/b3rb_description' returned '0': CMAKE_PREFIX_PATH=${CMAKE_PREFIX_PATH}:/home/tharun/cognipilot/cranium/install/b3rb_ros_line_follower:/opt/ros/humble /usr/bin/cmake --build /home/tharun/cognipilot/cranium/build/b3rb_description -- -j12 -l12[0m
[0.762s] [34mcolcon.colcon_core.event_handler.log_command[0m [1;30mDEBUG[0m [32mInvoking command in '/home/tharun/cognipilot/cranium/build/b3rb_description': CMAKE_PREFIX_PATH=${CMAKE_PREFIX_PATH}:/home/tharun/cognipilot/cranium/install/b3rb_ros_line_follower:/opt/ros/humble /usr/bin/cmake --install /home/tharun/cognipilot/cranium/build/b3rb_description[0m
[0.762s] [34mcolcon.colcon_core.event_handler.log_command[0m [1;30mDEBUG[0m [32mInvoked command in '/home/tharun/cognipilot/cranium/build/b3rb_rviz' returned '0': CMAKE_PREFIX_PATH=${CMAKE_PREFIX_PATH}:/home/tharun/cognipilot/cranium/install/b3rb_ros_line_follower:/opt/ros/humble /usr/bin/cmake --build /home/tharun/cognipilot/cranium/build/b3rb_rviz -- -j12 -l12[0m
[0.768s] [34mcolcon.colcon_core.event_handler.log_command[0m [1;30mDEBUG[0m [32mInvoking command in '/home/tharun/cognipilot/cranium/build/b3rb_rviz': CMAKE_PREFIX_PATH=${CMAKE_PREFIX_PATH}:/home/tharun/cognipilot/cranium/install/b3rb_ros_line_follower:/opt/ros/humble /usr/bin/cmake --install /home/tharun/cognipilot/cranium/build/b3rb_rviz[0m
[0.773s] [34mcolcon.colcon_core.event_handler.log_command[0m [1;30mDEBUG[0m [32mInvoking command in '/home/tharun/cognipilot/cranium/build/b3rb_simulator': CMAKE_PREFIX_PATH=/home/tharun/cognipilot/cranium/install/b3rb_gz_resource:/home/tharun/cognipilot/cranium/install/b3rb_gz_bringup:/home/tharun/cognipilot/cranium/install/synapse_ros:/home/tharun/cognipilot/cranium/install/synapse_gz:/home/tharun/cognipilot/cranium/install/synapse_tinyframe:/home/tharun/cognipilot/cranium/install/synapse_protobuf:/home/tharun/cognipilot/cranium/install/corti:/home/tharun/cognipilot/cranium/install/synapse_msgs:/home/tharun/cognipilot/cranium/install/dream_world:/home/tharun/cognipilot/cranium/install/cerebri_bringup:/home/tharun/cognipilot/cranium/install/b3rb_simulator:/home/tharun/cognipilot/cranium/install/b3rb_desktop:/home/tharun/cognipilot/cranium/install/b3rb_rviz:/home/tharun/cognipilot/cranium/install/b3rb_nav2:/home/tharun/cognipilot/cranium/install/b3rb_description:/home/tharun/cognipilot/electrode/install/electrode:/home/tharun/cognipilot/cranium/install/b3rb_ros_line_follower:/opt/ros/humble /usr/bin/cmake --build /home/tharun/cognipilot/cranium/build/b3rb_simulator -- -j12 -l12[0m
[0.778s] [34mcolcon.colcon_core.event_handler.log_command[0m [1;30mDEBUG[0m [32mInvoked command in '/home/tharun/cognipilot/cranium/build/dream_world' returned '0': CMAKE_PREFIX_PATH=${CMAKE_PREFIX_PATH}:/home/tharun/cognipilot/cranium/install/b3rb_ros_line_follower:/opt/ros/humble /usr/bin/cmake --build /home/tharun/cognipilot/cranium/build/dream_world -- -j12 -l12[0m
[0.779s] [34mcolcon.colcon_core.event_handler.log_command[0m [1;30mDEBUG[0m [32mInvoking command in '/home/tharun/cognipilot/cranium/build/dream_world': CMAKE_PREFIX_PATH=${CMAKE_PREFIX_PATH}:/home/tharun/cognipilot/cranium/install/b3rb_ros_line_follower:/opt/ros/humble /usr/bin/cmake --install /home/tharun/cognipilot/cranium/build/dream_world[0m
[0.780s] [34mcolcon.colcon_core.environment[0m [1;30mLevel 1[0m create_environment_scripts_only(b3rb_description)
[0.781s] [34mcolcon.colcon_core.environment[0m [1;30mLevel 1[0m checking '/home/tharun/cognipilot/cranium/install/b3rb_description' for CMake module files
[0.781s] [34mcolcon.colcon_core.environment[0m [1;30mLevel 1[0m checking '/home/tharun/cognipilot/cranium/install/b3rb_description' for CMake config files
[0.782s] [34mcolcon.colcon_core.shell[0m [1;30mLevel 1[0m create_environment_hook('b3rb_description', 'cmake_prefix_path')
[0.782s] [34mcolcon.colcon_core.shell[0m [1;30mINFO[0m Creating environment hook '/home/tharun/cognipilot/cranium/install/b3rb_description/share/b3rb_description/hook/cmake_prefix_path.ps1'
[0.782s] [34mcolcon.colcon_core.shell[0m [1;30mINFO[0m Creating environment descriptor '/home/tharun/cognipilot/cranium/install/b3rb_description/share/b3rb_description/hook/cmake_prefix_path.dsv'
[0.783s] [34mcolcon.colcon_core.event_handler.log_command[0m [1;30mDEBUG[0m [32mInvoked command in '/home/tharun/cognipilot/cranium/build/b3rb_description' returned '0': CMAKE_PREFIX_PATH=${CMAKE_PREFIX_PATH}:/home/tharun/cognipilot/cranium/install/b3rb_ros_line_follower:/opt/ros/humble /usr/bin/cmake --install /home/tharun/cognipilot/cranium/build/b3rb_description[0m
[0.783s] [34mcolcon.colcon_core.shell[0m [1;30mINFO[0m Creating environment hook '/home/tharun/cognipilot/cranium/install/b3rb_description/share/b3rb_description/hook/cmake_prefix_path.sh'
[0.784s] [34mcolcon.colcon_core.environment[0m [1;30mLevel 1[0m checking '/home/tharun/cognipilot/cranium/install/b3rb_description/bin'
[0.784s] [34mcolcon.colcon_core.environment[0m [1;30mLevel 1[0m checking '/home/tharun/cognipilot/cranium/install/b3rb_description/lib/pkgconfig/b3rb_description.pc'
[0.785s] [34mcolcon.colcon_core.environment[0m [1;30mLevel 1[0m checking '/home/tharun/cognipilot/cranium/install/b3rb_description/lib/python3.10/site-packages'
[0.785s] [34mcolcon.colcon_core.environment[0m [1;30mLevel 1[0m checking '/home/tharun/cognipilot/cranium/install/b3rb_description/bin'
[0.785s] [34mcolcon.colcon_core.shell[0m [1;30mINFO[0m Creating package script '/home/tharun/cognipilot/cranium/install/b3rb_description/share/b3rb_description/package.ps1'
[0.786s] [34mcolcon.colcon_core.shell[0m [1;30mINFO[0m Creating package descriptor '/home/tharun/cognipilot/cranium/install/b3rb_description/share/b3rb_description/package.dsv'
[0.789s] [34mcolcon.colcon_core.shell[0m [1;30mINFO[0m Creating package script '/home/tharun/cognipilot/cranium/install/b3rb_description/share/b3rb_description/package.sh'
[0.792s] [34mcolcon.colcon_core.shell[0m [1;30mINFO[0m Creating package script '/home/tharun/cognipilot/cranium/install/b3rb_description/share/b3rb_description/package.bash'
[0.795s] [34mcolcon.colcon_core.shell[0m [1;30mINFO[0m Creating package script '/home/tharun/cognipilot/cranium/install/b3rb_description/share/b3rb_description/package.zsh'
[0.797s] [34mcolcon.colcon_core.environment[0m [1;30mLevel 1[0m create_file_with_runtime_dependencies(/home/tharun/cognipilot/cranium/install/b3rb_description/share/colcon-core/packages/b3rb_description)
[0.799s] [34mcolcon.colcon_core.environment[0m [1;30mLevel 1[0m create_environment_scripts_only(b3rb_description)
[0.800s] [34mcolcon.colcon_core.environment[0m [1;30mLevel 1[0m checking '/home/tharun/cognipilot/cranium/install/b3rb_description' for CMake module files
[0.803s] [34mcolcon.colcon_core.environment[0m [1;30mLevel 1[0m checking '/home/tharun/cognipilot/cranium/install/b3rb_description' for CMake config files
[0.805s] [34mcolcon.colcon_core.shell[0m [1;30mLevel 1[0m create_environment_hook('b3rb_description', 'cmake_prefix_path')
[0.805s] [34mcolcon.colcon_core.shell[0m [1;30mINFO[0m Creating environment hook '/home/tharun/cognipilot/cranium/install/b3rb_description/share/b3rb_description/hook/cmake_prefix_path.ps1'
[0.806s] [34mcolcon.colcon_core.shell[0m [1;30mINFO[0m Creating environment descriptor '/home/tharun/cognipilot/cranium/install/b3rb_description/share/b3rb_description/hook/cmake_prefix_path.dsv'
[0.806s] [34mcolcon.colcon_core.shell[0m [1;30mINFO[0m Creating environment hook '/home/tharun/cognipilot/cranium/install/b3rb_description/share/b3rb_description/hook/cmake_prefix_path.sh'
[0.806s] [34mcolcon.colcon_core.environment[0m [1;30mLevel 1[0m checking '/home/tharun/cognipilot/cranium/install/b3rb_description/bin'
[0.807s] [34mcolcon.colcon_core.environment[0m [1;30mLevel 1[0m checking '/home/tharun/cognipilot/cranium/install/b3rb_description/lib/pkgconfig/b3rb_description.pc'
[0.807s] [34mcolcon.colcon_core.environment[0m [1;30mLevel 1[0m checking '/home/tharun/cognipilot/cranium/install/b3rb_description/lib/python3.10/site-packages'
[0.807s] [34mcolcon.colcon_core.environment[0m [1;30mLevel 1[0m checking '/home/tharun/cognipilot/cranium/install/b3rb_description/bin'
[0.807s] [34mcolcon.colcon_core.shell[0m [1;30mINFO[0m Creating package script '/home/tharun/cognipilot/cranium/install/b3rb_description/share/b3rb_description/package.ps1'
[0.808s] [34mcolcon.colcon_core.shell[0m [1;30mINFO[0m Creating package descriptor '/home/tharun/cognipilot/cranium/install/b3rb_description/share/b3rb_description/package.dsv'
[0.808s] [34mcolcon.colcon_core.shell[0m [1;30mINFO[0m Creating package script '/home/tharun/cognipilot/cranium/install/b3rb_description/share/b3rb_description/package.sh'
[0.808s] [34mcolcon.colcon_core.shell[0m [1;30mINFO[0m Creating package script '/home/tharun/cognipilot/cranium/install/b3rb_description/share/b3rb_description/package.bash'
[0.809s] [34mcolcon.colcon_core.shell[0m [1;30mINFO[0m Creating package script '/home/tharun/cognipilot/cranium/install/b3rb_description/share/b3rb_description/package.zsh'
[0.809s] [34mcolcon.colcon_core.environment[0m [1;30mLevel 1[0m create_file_with_runtime_dependencies(/home/tharun/cognipilot/cranium/install/b3rb_description/share/colcon-core/packages/b3rb_description)
[0.809s] [34mcolcon.colcon_core.environment[0m [1;30mLevel 1[0m create_environment_scripts_only(b3rb_rviz)
[0.810s] [34mcolcon.colcon_core.environment[0m [1;30mLevel 1[0m checking '/home/tharun/cognipilot/cranium/install/b3rb_rviz' for CMake module files
[0.810s] [34mcolcon.colcon_core.event_handler.log_command[0m [1;30mDEBUG[0m [32mInvoked command in '/home/tharun/cognipilot/cranium/build/b3rb_rviz' returned '0': CMAKE_PREFIX_PATH=${CMAKE_PREFIX_PATH}:/home/tharun/cognipilot/cranium/install/b3rb_ros_line_follower:/opt/ros/humble /usr/bin/cmake --install /home/tharun/cognipilot/cranium/build/b3rb_rviz[0m
[0.811s] [34mcolcon.colcon_core.environment[0m [1;30mLevel 1[0m checking '/home/tharun/cognipilot/cranium/install/b3rb_rviz' for CMake config files
[0.811s] [34mcolcon.colcon_core.shell[0m [1;30mLevel 1[0m create_environment_hook('b3rb_rviz', 'cmake_prefix_path')
[0.811s] [34mcolcon.colcon_core.shell[0m [1;30mINFO[0m Creating environment hook '/home/tharun/cognipilot/cranium/install/b3rb_rviz/share/b3rb_rviz/hook/cmake_prefix_path.ps1'
[0.812s] [34mcolcon.colcon_core.shell[0m [1;30mINFO[0m Creating environment descriptor '/home/tharun/cognipilot/cranium/install/b3rb_rviz/share/b3rb_rviz/hook/cmake_prefix_path.dsv'
[0.813s] [34mcolcon.colcon_core.shell[0m [1;30mINFO[0m Creating environment hook '/home/tharun/cognipilot/cranium/install/b3rb_rviz/share/b3rb_rviz/hook/cmake_prefix_path.sh'
[0.814s] [34mcolcon.colcon_core.environment[0m [1;30mLevel 1[0m checking '/home/tharun/cognipilot/cranium/install/b3rb_rviz/bin'
[0.814s] [34mcolcon.colcon_core.environment[0m [1;30mLevel 1[0m checking '/home/tharun/cognipilot/cranium/install/b3rb_rviz/lib/pkgconfig/b3rb_rviz.pc'
[0.814s] [34mcolcon.colcon_core.environment[0m [1;30mLevel 1[0m checking '/home/tharun/cognipilot/cranium/install/b3rb_rviz/lib/python3.10/site-packages'
[0.815s] [34mcolcon.colcon_core.environment[0m [1;30mLevel 1[0m checking '/home/tharun/cognipilot/cranium/install/b3rb_rviz/bin'
[0.815s] [34mcolcon.colcon_core.shell[0m [1;30mINFO[0m Creating package script '/home/tharun/cognipilot/cranium/install/b3rb_rviz/share/b3rb_rviz/package.ps1'
[0.816s] [34mcolcon.colcon_core.shell[0m [1;30mINFO[0m Creating package descriptor '/home/tharun/cognipilot/cranium/install/b3rb_rviz/share/b3rb_rviz/package.dsv'
[0.817s] [34mcolcon.colcon_core.shell[0m [1;30mINFO[0m Creating package script '/home/tharun/cognipilot/cranium/install/b3rb_rviz/share/b3rb_rviz/package.sh'
[0.817s] [34mcolcon.colcon_core.shell[0m [1;30mINFO[0m Creating package script '/home/tharun/cognipilot/cranium/install/b3rb_rviz/share/b3rb_rviz/package.bash'
[0.818s] [34mcolcon.colcon_core.shell[0m [1;30mINFO[0m Creating package script '/home/tharun/cognipilot/cranium/install/b3rb_rviz/share/b3rb_rviz/package.zsh'
[0.818s] [34mcolcon.colcon_core.environment[0m [1;30mLevel 1[0m create_file_with_runtime_dependencies(/home/tharun/cognipilot/cranium/install/b3rb_rviz/share/colcon-core/packages/b3rb_rviz)
[0.819s] [34mcolcon.colcon_core.environment[0m [1;30mLevel 1[0m create_environment_scripts_only(b3rb_rviz)
[0.819s] [34mcolcon.colcon_core.environment[0m [1;30mLevel 1[0m checking '/home/tharun/cognipilot/cranium/install/b3rb_rviz' for CMake module files
[0.820s] [34mcolcon.colcon_core.environment[0m [1;30mLevel 1[0m checking '/home/tharun/cognipilot/cranium/install/b3rb_rviz' for CMake config files
[0.821s] [34mcolcon.colcon_core.shell[0m [1;30mLevel 1[0m create_environment_hook('b3rb_rviz', 'cmake_prefix_path')
[0.821s] [34mcolcon.colcon_core.shell[0m [1;30mINFO[0m Creating environment hook '/home/tharun/cognipilot/cranium/install/b3rb_rviz/share/b3rb_rviz/hook/cmake_prefix_path.ps1'
[0.822s] [34mcolcon.colcon_core.shell[0m [1;30mINFO[0m Creating environment descriptor '/home/tharun/cognipilot/cranium/install/b3rb_rviz/share/b3rb_rviz/hook/cmake_prefix_path.dsv'
[0.822s] [34mcolcon.colcon_core.shell[0m [1;30mINFO[0m Creating environment hook '/home/tharun/cognipilot/cranium/install/b3rb_rviz/share/b3rb_rviz/hook/cmake_prefix_path.sh'
[0.823s] [34mcolcon.colcon_core.environment[0m [1;30mLevel 1[0m checking '/home/tharun/cognipilot/cranium/install/b3rb_rviz/bin'
[0.823s] [34mcolcon.colcon_core.environment[0m [1;30mLevel 1[0m checking '/home/tharun/cognipilot/cranium/install/b3rb_rviz/lib/pkgconfig/b3rb_rviz.pc'
[0.824s] [34mcolcon.colcon_core.environment[0m [1;30mLevel 1[0m checking '/home/tharun/cognipilot/cranium/install/b3rb_rviz/lib/python3.10/site-packages'
[0.824s] [34mcolcon.colcon_core.environment[0m [1;30mLevel 1[0m checking '/home/tharun/cognipilot/cranium/install/b3rb_rviz/bin'
[0.825s] [34mcolcon.colcon_core.shell[0m [1;30mINFO[0m Creating package script '/home/tharun/cognipilot/cranium/install/b3rb_rviz/share/b3rb_rviz/package.ps1'
[0.826s] [34mcolcon.colcon_core.shell[0m [1;30mINFO[0m Creating package descriptor '/home/tharun/cognipilot/cranium/install/b3rb_rviz/share/b3rb_rviz/package.dsv'
[0.827s] [34mcolcon.colcon_core.shell[0m [1;30mINFO[0m Creating package script '/home/tharun/cognipilot/cranium/install/b3rb_rviz/share/b3rb_rviz/package.sh'
[0.828s] [34mcolcon.colcon_core.shell[0m [1;30mINFO[0m Creating package script '/home/tharun/cognipilot/cranium/install/b3rb_rviz/share/b3rb_rviz/package.bash'
[0.829s] [34mcolcon.colcon_core.shell[0m [1;30mINFO[0m Creating package script '/home/tharun/cognipilot/cranium/install/b3rb_rviz/share/b3rb_rviz/package.zsh'
[0.830s] [34mcolcon.colcon_core.environment[0m [1;30mLevel 1[0m create_file_with_runtime_dependencies(/home/tharun/cognipilot/cranium/install/b3rb_rviz/share/colcon-core/packages/b3rb_rviz)
[0.831s] [34mcolcon.colcon_ros.task.ament_cmake.build[0m [1;30mINFO[0m Building ROS package in '/home/tharun/cognipilot/cranium/src/b3rb_desktop/b3rb_desktop' with build type 'ament_cmake'
[0.831s] [34mcolcon.colcon_cmake.task.cmake.build[0m [1;30mINFO[0m Building CMake package in '/home/tharun/cognipilot/cranium/src/b3rb_desktop/b3rb_desktop'
[0.832s] [34mcolcon.colcon_core.shell[0m [1;30mINFO[0m Skip shell extension 'powershell' for command environment: Not usable outside of PowerShell
[0.832s] [34mcolcon.colcon_core.shell[0m [1;30mDEBUG[0m [32mSkip shell extension 'dsv' for command environment[0m
[0.843s] [34mcolcon.colcon_core.environment[0m [1;30mLevel 1[0m create_environment_scripts_only(dream_world)
[0.844s] [34mcolcon.colcon_core.event_handler.log_command[0m [1;30mDEBUG[0m [32mInvoked command in '/home/tharun/cognipilot/cranium/build/dream_world' returned '0': CMAKE_PREFIX_PATH=${CMAKE_PREFIX_PATH}:/home/tharun/cognipilot/cranium/install/b3rb_ros_line_follower:/opt/ros/humble /usr/bin/cmake --install /home/tharun/cognipilot/cranium/build/dream_world[0m
[0.844s] [34mcolcon.colcon_core.environment[0m [1;30mLevel 1[0m checking '/home/tharun/cognipilot/cranium/install/dream_world' for CMake module files
[0.846s] [34mcolcon.colcon_core.environment[0m [1;30mLevel 1[0m checking '/home/tharun/cognipilot/cranium/install/dream_world' for CMake config files
[0.851s] [34mcolcon.colcon_core.shell[0m [1;30mLevel 1[0m create_environment_hook('dream_world', 'cmake_prefix_path')
[0.851s] [34mcolcon.colcon_core.shell[0m [1;30mINFO[0m Creating environment hook '/home/tharun/cognipilot/cranium/install/dream_world/share/dream_world/hook/cmake_prefix_path.ps1'
[0.852s] [34mcolcon.colcon_core.shell[0m [1;30mINFO[0m Creating environment descriptor '/home/tharun/cognipilot/cranium/install/dream_world/share/dream_world/hook/cmake_prefix_path.dsv'
[0.852s] [34mcolcon.colcon_core.shell[0m [1;30mINFO[0m Creating environment hook '/home/tharun/cognipilot/cranium/install/dream_world/share/dream_world/hook/cmake_prefix_path.sh'
[0.853s] [34mcolcon.colcon_core.environment[0m [1;30mLevel 1[0m checking '/home/tharun/cognipilot/cranium/install/dream_world/bin'
[0.853s] [34mcolcon.colcon_core.environment[0m [1;30mLevel 1[0m checking '/home/tharun/cognipilot/cranium/install/dream_world/lib/pkgconfig/dream_world.pc'
[0.853s] [34mcolcon.colcon_core.environment[0m [1;30mLevel 1[0m checking '/home/tharun/cognipilot/cranium/install/dream_world/lib/python3.10/site-packages'
[0.853s] [34mcolcon.colcon_core.environment[0m [1;30mLevel 1[0m checking '/home/tharun/cognipilot/cranium/install/dream_world/bin'
[0.854s] [34mcolcon.colcon_core.shell[0m [1;30mINFO[0m Creating package script '/home/tharun/cognipilot/cranium/install/dream_world/share/dream_world/package.ps1'
[0.854s] [34mcolcon.colcon_core.shell[0m [1;30mINFO[0m Creating package descriptor '/home/tharun/cognipilot/cranium/install/dream_world/share/dream_world/package.dsv'
[0.855s] [34mcolcon.colcon_core.shell[0m [1;30mINFO[0m Creating package script '/home/tharun/cognipilot/cranium/install/dream_world/share/dream_world/package.sh'
[0.855s] [34mcolcon.colcon_core.shell[0m [1;30mINFO[0m Creating package script '/home/tharun/cognipilot/cranium/install/dream_world/share/dream_world/package.bash'
[0.856s] [34mcolcon.colcon_core.shell[0m [1;30mINFO[0m Creating package script '/home/tharun/cognipilot/cranium/install/dream_world/share/dream_world/package.zsh'
[0.856s] [34mcolcon.colcon_core.environment[0m [1;30mLevel 1[0m create_file_with_runtime_dependencies(/home/tharun/cognipilot/cranium/install/dream_world/share/colcon-core/packages/dream_world)
[0.857s] [34mcolcon.colcon_core.environment[0m [1;30mLevel 1[0m create_environment_scripts_only(dream_world)
[0.857s] [34mcolcon.colcon_core.environment[0m [1;30mLevel 1[0m checking '/home/tharun/cognipilot/cranium/install/dream_world' for CMake module files
[0.857s] [34mcolcon.colcon_core.environment[0m [1;30mLevel 1[0m checking '/home/tharun/cognipilot/cranium/install/dream_world' for CMake config files
[0.860s] [34mcolcon.colcon_core.shell[0m [1;30mLevel 1[0m create_environment_hook('dream_world', 'cmake_prefix_path')
[0.860s] [34mcolcon.colcon_core.shell[0m [1;30mINFO[0m Creating environment hook '/home/tharun/cognipilot/cranium/install/dream_world/share/dream_world/hook/cmake_prefix_path.ps1'
[0.861s] [34mcolcon.colcon_core.shell[0m [1;30mINFO[0m Creating environment descriptor '/home/tharun/cognipilot/cranium/install/dream_world/share/dream_world/hook/cmake_prefix_path.dsv'
[0.861s] [34mcolcon.colcon_core.shell[0m [1;30mINFO[0m Creating environment hook '/home/tharun/cognipilot/cranium/install/dream_world/share/dream_world/hook/cmake_prefix_path.sh'
[0.862s] [34mcolcon.colcon_core.environment[0m [1;30mLevel 1[0m checking '/home/tharun/cognipilot/cranium/install/dream_world/bin'
[0.862s] [34mcolcon.colcon_core.environment[0m [1;30mLevel 1[0m checking '/home/tharun/cognipilot/cranium/install/dream_world/lib/pkgconfig/dream_world.pc'
[0.862s] [34mcolcon.colcon_core.environment[0m [1;30mLevel 1[0m checking '/home/tharun/cognipilot/cranium/install/dream_world/lib/python3.10/site-packages'
[0.863s] [34mcolcon.colcon_core.environment[0m [1;30mLevel 1[0m checking '/home/tharun/cognipilot/cranium/install/dream_world/bin'
[0.863s] [34mcolcon.colcon_core.shell[0m [1;30mINFO[0m Creating package script '/home/tharun/cognipilot/cranium/install/dream_world/share/dream_world/package.ps1'
[0.864s] [34mcolcon.colcon_core.shell[0m [1;30mINFO[0m Creating package descriptor '/home/tharun/cognipilot/cranium/install/dream_world/share/dream_world/package.dsv'
[0.865s] [34mcolcon.colcon_core.shell[0m [1;30mINFO[0m Creating package script '/home/tharun/cognipilot/cranium/install/dream_world/share/dream_world/package.sh'
[0.866s] [34mcolcon.colcon_core.shell[0m [1;30mINFO[0m Creating package script '/home/tharun/cognipilot/cranium/install/dream_world/share/dream_world/package.bash'
[0.866s] [34mcolcon.colcon_core.shell[0m [1;30mINFO[0m Creating package script '/home/tharun/cognipilot/cranium/install/dream_world/share/dream_world/package.zsh'
[0.866s] [34mcolcon.colcon_core.environment[0m [1;30mLevel 1[0m create_file_with_runtime_dependencies(/home/tharun/cognipilot/cranium/install/dream_world/share/colcon-core/packages/dream_world)
[0.870s] [34mcolcon.colcon_core.event_handler.log_command[0m [1;30mDEBUG[0m [32mInvoking command in '/home/tharun/cognipilot/cranium/build/b3rb_desktop': CMAKE_PREFIX_PATH=/home/tharun/cognipilot/cranium/install/b3rb_rviz:/home/tharun/cognipilot/cranium/install/synapse_ros:/home/tharun/cognipilot/cranium/install/synapse_gz:/home/tharun/cognipilot/cranium/install/synapse_tinyframe:/home/tharun/cognipilot/cranium/install/synapse_protobuf:/home/tharun/cognipilot/cranium/install/corti:/home/tharun/cognipilot/cranium/install/synapse_msgs:/home/tharun/cognipilot/cranium/install/dream_world:/home/tharun/cognipilot/cranium/install/cerebri_bringup:/home/tharun/cognipilot/cranium/install/b3rb_simulator:/home/tharun/cognipilot/cranium/install/b3rb_desktop:/home/tharun/cognipilot/cranium/install/b3rb_nav2:/home/tharun/cognipilot/cranium/install/b3rb_gz_resource:/home/tharun/cognipilot/cranium/install/b3rb_gz_bringup:/home/tharun/cognipilot/cranium/install/b3rb_description:/home/tharun/cognipilot/electrode/install/electrode:/home/tharun/cognipilot/cranium/install/b3rb_ros_line_follower:/opt/ros/humble /usr/bin/cmake --build /home/tharun/cognipilot/cranium/build/b3rb_desktop -- -j12 -l12[0m
[1.124s] [34mcolcon.colcon_core.event_handler.log_command[0m [1;30mDEBUG[0m [32mInvoked command in '/home/tharun/cognipilot/cranium/build/synapse_tinyframe' returned '0': CMAKE_PREFIX_PATH=${CMAKE_PREFIX_PATH}:/home/tharun/cognipilot/cranium/install/b3rb_ros_line_follower:/opt/ros/humble /usr/bin/cmake --build /home/tharun/cognipilot/cranium/build/synapse_tinyframe -- -j12 -l12[0m
[1.132s] [34mcolcon.colcon_core.event_handler.log_command[0m [1;30mDEBUG[0m [32mInvoking command in '/home/tharun/cognipilot/cranium/build/synapse_tinyframe': CMAKE_PREFIX_PATH=${CMAKE_PREFIX_PATH}:/home/tharun/cognipilot/cranium/install/b3rb_ros_line_follower:/opt/ros/humble /usr/bin/cmake --install /home/tharun/cognipilot/cranium/build/synapse_tinyframe[0m
[1.163s] [34mcolcon.colcon_core.environment[0m [1;30mLevel 1[0m create_environment_scripts_only(synapse_tinyframe)
[1.163s] [34mcolcon.colcon_core.environment[0m [1;30mLevel 1[0m checking '/home/tharun/cognipilot/cranium/install/synapse_tinyframe' for CMake module files
[1.164s] [34mcolcon.colcon_core.environment[0m [1;30mLevel 1[0m checking '/home/tharun/cognipilot/cranium/install/synapse_tinyframe' for CMake config files
[1.164s] [34mcolcon.colcon_core.shell[0m [1;30mLevel 1[0m create_environment_hook('synapse_tinyframe', 'cmake_prefix_path')
[1.165s] [34mcolcon.colcon_core.shell[0m [1;30mINFO[0m Creating environment hook '/home/tharun/cognipilot/cranium/install/synapse_tinyframe/share/synapse_tinyframe/hook/cmake_prefix_path.ps1'
[1.165s] [34mcolcon.colcon_core.shell[0m [1;30mINFO[0m Creating environment descriptor '/home/tharun/cognipilot/cranium/install/synapse_tinyframe/share/synapse_tinyframe/hook/cmake_prefix_path.dsv'
[1.166s] [34mcolcon.colcon_core.shell[0m [1;30mINFO[0m Creating environment hook '/home/tharun/cognipilot/cranium/install/synapse_tinyframe/share/synapse_tinyframe/hook/cmake_prefix_path.sh'
[1.172s] [34mcolcon.colcon_core.environment[0m [1;30mLevel 1[0m checking '/home/tharun/cognipilot/cranium/install/synapse_tinyframe/lib'
[1.173s] [34mcolcon.colcon_core.environment[0m [1;30mLevel 1[0m checking '/home/tharun/cognipilot/cranium/install/synapse_tinyframe/bin'
[1.173s] [34mcolcon.colcon_core.environment[0m [1;30mLevel 1[0m checking '/home/tharun/cognipilot/cranium/install/synapse_tinyframe/lib/pkgconfig/synapse_tinyframe.pc'
[1.173s] [34mcolcon.colcon_core.environment[0m [1;30mLevel 1[0m checking '/home/tharun/cognipilot/cranium/install/synapse_tinyframe/lib/python3.10/site-packages'
[1.174s] [34mcolcon.colcon_core.environment[0m [1;30mLevel 1[0m checking '/home/tharun/cognipilot/cranium/install/synapse_tinyframe/bin'
[1.174s] [34mcolcon.colcon_core.shell[0m [1;30mINFO[0m Creating package script '/home/tharun/cognipilot/cranium/install/synapse_tinyframe/share/synapse_tinyframe/package.ps1'
[1.175s] [34mcolcon.colcon_core.shell[0m [1;30mINFO[0m Creating package descriptor '/home/tharun/cognipilot/cranium/install/synapse_tinyframe/share/synapse_tinyframe/package.dsv'
[1.176s] [34mcolcon.colcon_core.event_handler.log_command[0m [1;30mDEBUG[0m [32mInvoked command in '/home/tharun/cognipilot/cranium/build/synapse_tinyframe' returned '0': CMAKE_PREFIX_PATH=${CMAKE_PREFIX_PATH}:/home/tharun/cognipilot/cranium/install/b3rb_ros_line_follower:/opt/ros/humble /usr/bin/cmake --install /home/tharun/cognipilot/cranium/build/synapse_tinyframe[0m
[1.176s] [34mcolcon.colcon_core.shell[0m [1;30mINFO[0m Creating package script '/home/tharun/cognipilot/cranium/install/synapse_tinyframe/share/synapse_tinyframe/package.sh'
[1.177s] [34mcolcon.colcon_core.shell[0m [1;30mINFO[0m Creating package script '/home/tharun/cognipilot/cranium/install/synapse_tinyframe/share/synapse_tinyframe/package.bash'
[1.177s] [34mcolcon.colcon_core.shell[0m [1;30mINFO[0m Creating package script '/home/tharun/cognipilot/cranium/install/synapse_tinyframe/share/synapse_tinyframe/package.zsh'
[1.178s] [34mcolcon.colcon_core.environment[0m [1;30mLevel 1[0m create_file_with_runtime_dependencies(/home/tharun/cognipilot/cranium/install/synapse_tinyframe/share/colcon-core/packages/synapse_tinyframe)
[1.180s] [34mcolcon.colcon_core.environment[0m [1;30mLevel 1[0m create_environment_scripts_only(synapse_tinyframe)
[1.181s] [34mcolcon.colcon_core.environment[0m [1;30mLevel 1[0m checking '/home/tharun/cognipilot/cranium/install/synapse_tinyframe' for CMake module files
[1.183s] [34mcolcon.colcon_core.environment[0m [1;30mLevel 1[0m checking '/home/tharun/cognipilot/cranium/install/synapse_tinyframe' for CMake config files
[1.184s] [34mcolcon.colcon_core.shell[0m [1;30mLevel 1[0m create_environment_hook('synapse_tinyframe', 'cmake_prefix_path')
[1.184s] [34mcolcon.colcon_core.shell[0m [1;30mINFO[0m Creating environment hook '/home/tharun/cognipilot/cranium/install/synapse_tinyframe/share/synapse_tinyframe/hook/cmake_prefix_path.ps1'
[1.185s] [34mcolcon.colcon_core.shell[0m [1;30mINFO[0m Creating environment descriptor '/home/tharun/cognipilot/cranium/install/synapse_tinyframe/share/synapse_tinyframe/hook/cmake_prefix_path.dsv'
[1.185s] [34mcolcon.colcon_core.shell[0m [1;30mINFO[0m Creating environment hook '/home/tharun/cognipilot/cranium/install/synapse_tinyframe/share/synapse_tinyframe/hook/cmake_prefix_path.sh'
[1.189s] [34mcolcon.colcon_core.environment[0m [1;30mLevel 1[0m checking '/home/tharun/cognipilot/cranium/install/synapse_tinyframe/lib'
[1.190s] [34mcolcon.colcon_core.environment[0m [1;30mLevel 1[0m checking '/home/tharun/cognipilot/cranium/install/synapse_tinyframe/bin'
[1.190s] [34mcolcon.colcon_core.environment[0m [1;30mLevel 1[0m checking '/home/tharun/cognipilot/cranium/install/synapse_tinyframe/lib/pkgconfig/synapse_tinyframe.pc'
[1.190s] [34mcolcon.colcon_core.environment[0m [1;30mLevel 1[0m checking '/home/tharun/cognipilot/cranium/install/synapse_tinyframe/lib/python3.10/site-packages'
[1.190s] [34mcolcon.colcon_core.environment[0m [1;30mLevel 1[0m checking '/home/tharun/cognipilot/cranium/install/synapse_tinyframe/bin'
[1.191s] [34mcolcon.colcon_core.shell[0m [1;30mINFO[0m Creating package script '/home/tharun/cognipilot/cranium/install/synapse_tinyframe/share/synapse_tinyframe/package.ps1'
[1.192s] [34mcolcon.colcon_core.shell[0m [1;30mINFO[0m Creating package descriptor '/home/tharun/cognipilot/cranium/install/synapse_tinyframe/share/synapse_tinyframe/package.dsv'
[1.195s] [34mcolcon.colcon_core.shell[0m [1;30mINFO[0m Creating package script '/home/tharun/cognipilot/cranium/install/synapse_tinyframe/share/synapse_tinyframe/package.sh'
[1.196s] [34mcolcon.colcon_core.shell[0m [1;30mINFO[0m Creating package script '/home/tharun/cognipilot/cranium/install/synapse_tinyframe/share/synapse_tinyframe/package.bash'
[1.197s] [34mcolcon.colcon_core.shell[0m [1;30mINFO[0m Creating package script '/home/tharun/cognipilot/cranium/install/synapse_tinyframe/share/synapse_tinyframe/package.zsh'
[1.197s] [34mcolcon.colcon_core.environment[0m [1;30mLevel 1[0m create_file_with_runtime_dependencies(/home/tharun/cognipilot/cranium/install/synapse_tinyframe/share/colcon-core/packages/synapse_tinyframe)
[1.210s] [34mcolcon.colcon_core.event_handler.log_command[0m [1;30mDEBUG[0m [32mInvoked command in '/home/tharun/cognipilot/cranium/build/b3rb_desktop' returned '0': CMAKE_PREFIX_PATH=/home/tharun/cognipilot/cranium/install/b3rb_rviz:/home/tharun/cognipilot/cranium/install/synapse_ros:/home/tharun/cognipilot/cranium/install/synapse_gz:/home/tharun/cognipilot/cranium/install/synapse_tinyframe:/home/tharun/cognipilot/cranium/install/synapse_protobuf:/home/tharun/cognipilot/cranium/install/corti:/home/tharun/cognipilot/cranium/install/synapse_msgs:/home/tharun/cognipilot/cranium/install/dream_world:/home/tharun/cognipilot/cranium/install/cerebri_bringup:/home/tharun/cognipilot/cranium/install/b3rb_simulator:/home/tharun/cognipilot/cranium/install/b3rb_desktop:/home/tharun/cognipilot/cranium/install/b3rb_nav2:/home/tharun/cognipilot/cranium/install/b3rb_gz_resource:/home/tharun/cognipilot/cranium/install/b3rb_gz_bringup:/home/tharun/cognipilot/cranium/install/b3rb_description:/home/tharun/cognipilot/electrode/install/electrode:/home/tharun/cognipilot/cranium/install/b3rb_ros_line_follower:/opt/ros/humble /usr/bin/cmake --build /home/tharun/cognipilot/cranium/build/b3rb_desktop -- -j12 -l12[0m
[1.212s] [34mcolcon.colcon_core.event_handler.log_command[0m [1;30mDEBUG[0m [32mInvoking command in '/home/tharun/cognipilot/cranium/build/b3rb_desktop': CMAKE_PREFIX_PATH=/home/tharun/cognipilot/cranium/install/b3rb_rviz:/home/tharun/cognipilot/cranium/install/synapse_ros:/home/tharun/cognipilot/cranium/install/synapse_gz:/home/tharun/cognipilot/cranium/install/synapse_tinyframe:/home/tharun/cognipilot/cranium/install/synapse_protobuf:/home/tharun/cognipilot/cranium/install/corti:/home/tharun/cognipilot/cranium/install/synapse_msgs:/home/tharun/cognipilot/cranium/install/dream_world:/home/tharun/cognipilot/cranium/install/cerebri_bringup:/home/tharun/cognipilot/cranium/install/b3rb_simulator:/home/tharun/cognipilot/cranium/install/b3rb_desktop:/home/tharun/cognipilot/cranium/install/b3rb_nav2:/home/tharun/cognipilot/cranium/install/b3rb_gz_resource:/home/tharun/cognipilot/cranium/install/b3rb_gz_bringup:/home/tharun/cognipilot/cranium/install/b3rb_description:/home/tharun/cognipilot/electrode/install/electrode:/home/tharun/cognipilot/cranium/install/b3rb_ros_line_follower:/opt/ros/humble /usr/bin/cmake --install /home/tharun/cognipilot/cranium/build/b3rb_desktop[0m
[1.231s] [34mcolcon.colcon_core.environment[0m [1;30mLevel 1[0m create_environment_scripts_only(b3rb_desktop)
[1.232s] [34mcolcon.colcon_core.environment[0m [1;30mLevel 1[0m checking '/home/tharun/cognipilot/cranium/install/b3rb_desktop' for CMake module files
[1.232s] [34mcolcon.colcon_core.environment[0m [1;30mLevel 1[0m checking '/home/tharun/cognipilot/cranium/install/b3rb_desktop' for CMake config files
[1.233s] [34mcolcon.colcon_core.event_handler.log_command[0m [1;30mDEBUG[0m [32mInvoked command in '/home/tharun/cognipilot/cranium/build/b3rb_desktop' returned '0': CMAKE_PREFIX_PATH=/home/tharun/cognipilot/cranium/install/b3rb_rviz:/home/tharun/cognipilot/cranium/install/synapse_ros:/home/tharun/cognipilot/cranium/install/synapse_gz:/home/tharun/cognipilot/cranium/install/synapse_tinyframe:/home/tharun/cognipilot/cranium/install/synapse_protobuf:/home/tharun/cognipilot/cranium/install/corti:/home/tharun/cognipilot/cranium/install/synapse_msgs:/home/tharun/cognipilot/cranium/install/dream_world:/home/tharun/cognipilot/cranium/install/cerebri_bringup:/home/tharun/cognipilot/cranium/install/b3rb_simulator:/home/tharun/cognipilot/cranium/install/b3rb_desktop:/home/tharun/cognipilot/cranium/install/b3rb_nav2:/home/tharun/cognipilot/cranium/install/b3rb_gz_resource:/home/tharun/cognipilot/cranium/install/b3rb_gz_bringup:/home/tharun/cognipilot/cranium/install/b3rb_description:/home/tharun/cognipilot/electrode/install/electrode:/home/tharun/cognipilot/cranium/install/b3rb_ros_line_follower:/opt/ros/humble /usr/bin/cmake --install /home/tharun/cognipilot/cranium/build/b3rb_desktop[0m
[1.234s] [34mcolcon.colcon_core.shell[0m [1;30mLevel 1[0m create_environment_hook('b3rb_desktop', 'cmake_prefix_path')
[1.234s] [34mcolcon.colcon_core.shell[0m [1;30mINFO[0m Creating environment hook '/home/tharun/cognipilot/cranium/install/b3rb_desktop/share/b3rb_desktop/hook/cmake_prefix_path.ps1'
[1.238s] [34mcolcon.colcon_core.shell[0m [1;30mINFO[0m Creating environment descriptor '/home/tharun/cognipilot/cranium/install/b3rb_desktop/share/b3rb_desktop/hook/cmake_prefix_path.dsv'
[1.239s] [34mcolcon.colcon_core.shell[0m [1;30mINFO[0m Creating environment hook '/home/tharun/cognipilot/cranium/install/b3rb_desktop/share/b3rb_desktop/hook/cmake_prefix_path.sh'
[1.240s] [34mcolcon.colcon_core.environment[0m [1;30mLevel 1[0m checking '/home/tharun/cognipilot/cranium/install/b3rb_desktop/bin'
[1.240s] [34mcolcon.colcon_core.environment[0m [1;30mLevel 1[0m checking '/home/tharun/cognipilot/cranium/install/b3rb_desktop/lib/pkgconfig/b3rb_desktop.pc'
[1.245s] [34mcolcon.colcon_core.environment[0m [1;30mLevel 1[0m checking '/home/tharun/cognipilot/cranium/install/b3rb_desktop/lib/python3.10/site-packages'
[1.245s] [34mcolcon.colcon_core.environment[0m [1;30mLevel 1[0m checking '/home/tharun/cognipilot/cranium/install/b3rb_desktop/bin'
[1.246s] [34mcolcon.colcon_core.shell[0m [1;30mINFO[0m Creating package script '/home/tharun/cognipilot/cranium/install/b3rb_desktop/share/b3rb_desktop/package.ps1'
[1.247s] [34mcolcon.colcon_core.shell[0m [1;30mINFO[0m Creating package descriptor '/home/tharun/cognipilot/cranium/install/b3rb_desktop/share/b3rb_desktop/package.dsv'
[1.248s] [34mcolcon.colcon_core.shell[0m [1;30mINFO[0m Creating package script '/home/tharun/cognipilot/cranium/install/b3rb_desktop/share/b3rb_desktop/package.sh'
[1.249s] [34mcolcon.colcon_core.shell[0m [1;30mINFO[0m Creating package script '/home/tharun/cognipilot/cranium/install/b3rb_desktop/share/b3rb_desktop/package.bash'
[1.250s] [34mcolcon.colcon_core.shell[0m [1;30mINFO[0m Creating package script '/home/tharun/cognipilot/cranium/install/b3rb_desktop/share/b3rb_desktop/package.zsh'
[1.251s] [34mcolcon.colcon_core.environment[0m [1;30mLevel 1[0m create_file_with_runtime_dependencies(/home/tharun/cognipilot/cranium/install/b3rb_desktop/share/colcon-core/packages/b3rb_desktop)
[1.252s] [34mcolcon.colcon_core.environment[0m [1;30mLevel 1[0m create_environment_scripts_only(b3rb_desktop)
[1.252s] [34mcolcon.colcon_core.environment[0m [1;30mLevel 1[0m checking '/home/tharun/cognipilot/cranium/install/b3rb_desktop' for CMake module files
[1.258s] [34mcolcon.colcon_core.environment[0m [1;30mLevel 1[0m checking '/home/tharun/cognipilot/cranium/install/b3rb_desktop' for CMake config files
[1.261s] [34mcolcon.colcon_core.shell[0m [1;30mLevel 1[0m create_environment_hook('b3rb_desktop', 'cmake_prefix_path')
[1.262s] [34mcolcon.colcon_core.shell[0m [1;30mINFO[0m Creating environment hook '/home/tharun/cognipilot/cranium/install/b3rb_desktop/share/b3rb_desktop/hook/cmake_prefix_path.ps1'
[1.263s] [34mcolcon.colcon_core.shell[0m [1;30mINFO[0m Creating environment descriptor '/home/tharun/cognipilot/cranium/install/b3rb_desktop/share/b3rb_desktop/hook/cmake_prefix_path.dsv'
[1.266s] [34mcolcon.colcon_core.shell[0m [1;30mINFO[0m Creating environment hook '/home/tharun/cognipilot/cranium/install/b3rb_desktop/share/b3rb_desktop/hook/cmake_prefix_path.sh'
[1.270s] [34mcolcon.colcon_core.environment[0m [1;30mLevel 1[0m checking '/home/tharun/cognipilot/cranium/install/b3rb_desktop/bin'
[1.271s] [34mcolcon.colcon_core.environment[0m [1;30mLevel 1[0m checking '/home/tharun/cognipilot/cranium/install/b3rb_desktop/lib/pkgconfig/b3rb_desktop.pc'
[1.272s] [34mcolcon.colcon_core.environment[0m [1;30mLevel 1[0m checking '/home/tharun/cognipilot/cranium/install/b3rb_desktop/lib/python3.10/site-packages'
[1.272s] [34mcolcon.colcon_core.environment[0m [1;30mLevel 1[0m checking '/home/tharun/cognipilot/cranium/install/b3rb_desktop/bin'
[1.273s] [34mcolcon.colcon_core.shell[0m [1;30mINFO[0m Creating package script '/home/tharun/cognipilot/cranium/install/b3rb_desktop/share/b3rb_desktop/package.ps1'
[1.274s] [34mcolcon.colcon_core.shell[0m [1;30mINFO[0m Creating package descriptor '/home/tharun/cognipilot/cranium/install/b3rb_desktop/share/b3rb_desktop/package.dsv'
[1.276s] [34mcolcon.colcon_core.shell[0m [1;30mINFO[0m Creating package script '/home/tharun/cognipilot/cranium/install/b3rb_desktop/share/b3rb_desktop/package.sh'
[1.278s] [34mcolcon.colcon_core.shell[0m [1;30mINFO[0m Creating package script '/home/tharun/cognipilot/cranium/install/b3rb_desktop/share/b3rb_desktop/package.bash'
[1.279s] [34mcolcon.colcon_core.shell[0m [1;30mINFO[0m Creating package script '/home/tharun/cognipilot/cranium/install/b3rb_desktop/share/b3rb_desktop/package.zsh'
[1.280s] [34mcolcon.colcon_core.environment[0m [1;30mLevel 1[0m create_file_with_runtime_dependencies(/home/tharun/cognipilot/cranium/install/b3rb_desktop/share/colcon-core/packages/b3rb_desktop)
[1.356s] [34mcolcon.colcon_core.event_handler.log_command[0m [1;30mDEBUG[0m [32mInvoked command in '/home/tharun/cognipilot/cranium/build/b3rb_simulator' returned '0': CMAKE_PREFIX_PATH=/home/tharun/cognipilot/cranium/install/b3rb_gz_resource:/home/tharun/cognipilot/cranium/install/b3rb_gz_bringup:/home/tharun/cognipilot/cranium/install/synapse_ros:/home/tharun/cognipilot/cranium/install/synapse_gz:/home/tharun/cognipilot/cranium/install/synapse_tinyframe:/home/tharun/cognipilot/cranium/install/synapse_protobuf:/home/tharun/cognipilot/cranium/install/corti:/home/tharun/cognipilot/cranium/install/synapse_msgs:/home/tharun/cognipilot/cranium/install/dream_world:/home/tharun/cognipilot/cranium/install/cerebri_bringup:/home/tharun/cognipilot/cranium/install/b3rb_simulator:/home/tharun/cognipilot/cranium/install/b3rb_desktop:/home/tharun/cognipilot/cranium/install/b3rb_rviz:/home/tharun/cognipilot/cranium/install/b3rb_nav2:/home/tharun/cognipilot/cranium/install/b3rb_description:/home/tharun/cognipilot/electrode/install/electrode:/home/tharun/cognipilot/cranium/install/b3rb_ros_line_follower:/opt/ros/humble /usr/bin/cmake --build /home/tharun/cognipilot/cranium/build/b3rb_simulator -- -j12 -l12[0m
[1.357s] [34mcolcon.colcon_core.event_handler.log_command[0m [1;30mDEBUG[0m [32mInvoking command in '/home/tharun/cognipilot/cranium/build/b3rb_simulator': CMAKE_PREFIX_PATH=/home/tharun/cognipilot/cranium/install/b3rb_gz_resource:/home/tharun/cognipilot/cranium/install/b3rb_gz_bringup:/home/tharun/cognipilot/cranium/install/synapse_ros:/home/tharun/cognipilot/cranium/install/synapse_gz:/home/tharun/cognipilot/cranium/install/synapse_tinyframe:/home/tharun/cognipilot/cranium/install/synapse_protobuf:/home/tharun/cognipilot/cranium/install/corti:/home/tharun/cognipilot/cranium/install/synapse_msgs:/home/tharun/cognipilot/cranium/install/dream_world:/home/tharun/cognipilot/cranium/install/cerebri_bringup:/home/tharun/cognipilot/cranium/install/b3rb_simulator:/home/tharun/cognipilot/cranium/install/b3rb_desktop:/home/tharun/cognipilot/cranium/install/b3rb_rviz:/home/tharun/cognipilot/cranium/install/b3rb_nav2:/home/tharun/cognipilot/cranium/install/b3rb_description:/home/tharun/cognipilot/electrode/install/electrode:/home/tharun/cognipilot/cranium/install/b3rb_ros_line_follower:/opt/ros/humble /usr/bin/cmake --install /home/tharun/cognipilot/cranium/build/b3rb_simulator[0m
[1.370s] [34mcolcon.colcon_core.environment[0m [1;30mLevel 1[0m create_environment_scripts_only(b3rb_simulator)
[1.371s] [34mcolcon.colcon_core.environment[0m [1;30mLevel 1[0m checking '/home/tharun/cognipilot/cranium/install/b3rb_simulator' for CMake module files
[1.371s] [34mcolcon.colcon_core.environment[0m [1;30mLevel 1[0m checking '/home/tharun/cognipilot/cranium/install/b3rb_simulator' for CMake config files
[1.372s] [34mcolcon.colcon_core.shell[0m [1;30mLevel 1[0m create_environment_hook('b3rb_simulator', 'cmake_prefix_path')
[1.372s] [34mcolcon.colcon_core.shell[0m [1;30mINFO[0m Creating environment hook '/home/tharun/cognipilot/cranium/install/b3rb_simulator/share/b3rb_simulator/hook/cmake_prefix_path.ps1'
[1.373s] [34mcolcon.colcon_core.shell[0m [1;30mINFO[0m Creating environment descriptor '/home/tharun/cognipilot/cranium/install/b3rb_simulator/share/b3rb_simulator/hook/cmake_prefix_path.dsv'
[1.374s] [34mcolcon.colcon_core.event_handler.log_command[0m [1;30mDEBUG[0m [32mInvoked command in '/home/tharun/cognipilot/cranium/build/b3rb_simulator' returned '0': CMAKE_PREFIX_PATH=/home/tharun/cognipilot/cranium/install/b3rb_gz_resource:/home/tharun/cognipilot/cranium/install/b3rb_gz_bringup:/home/tharun/cognipilot/cranium/install/synapse_ros:/home/tharun/cognipilot/cranium/install/synapse_gz:/home/tharun/cognipilot/cranium/install/synapse_tinyframe:/home/tharun/cognipilot/cranium/install/synapse_protobuf:/home/tharun/cognipilot/cranium/install/corti:/home/tharun/cognipilot/cranium/install/synapse_msgs:/home/tharun/cognipilot/cranium/install/dream_world:/home/tharun/cognipilot/cranium/install/cerebri_bringup:/home/tharun/cognipilot/cranium/install/b3rb_simulator:/home/tharun/cognipilot/cranium/install/b3rb_desktop:/home/tharun/cognipilot/cranium/install/b3rb_rviz:/home/tharun/cognipilot/cranium/install/b3rb_nav2:/home/tharun/cognipilot/cranium/install/b3rb_description:/home/tharun/cognipilot/electrode/install/electrode:/home/tharun/cognipilot/cranium/install/b3rb_ros_line_follower:/opt/ros/humble /usr/bin/cmake --install /home/tharun/cognipilot/cranium/build/b3rb_simulator[0m
[1.375s] [34mcolcon.colcon_core.shell[0m [1;30mINFO[0m Creating environment hook '/home/tharun/cognipilot/cranium/install/b3rb_simulator/share/b3rb_simulator/hook/cmake_prefix_path.sh'
[1.376s] [34mcolcon.colcon_core.environment[0m [1;30mLevel 1[0m checking '/home/tharun/cognipilot/cranium/install/b3rb_simulator/bin'
[1.376s] [34mcolcon.colcon_core.environment[0m [1;30mLevel 1[0m checking '/home/tharun/cognipilot/cranium/install/b3rb_simulator/lib/pkgconfig/b3rb_simulator.pc'
[1.377s] [34mcolcon.colcon_core.environment[0m [1;30mLevel 1[0m checking '/home/tharun/cognipilot/cranium/install/b3rb_simulator/lib/python3.10/site-packages'
[1.377s] [34mcolcon.colcon_core.environment[0m [1;30mLevel 1[0m checking '/home/tharun/cognipilot/cranium/install/b3rb_simulator/bin'
[1.378s] [34mcolcon.colcon_core.shell[0m [1;30mINFO[0m Creating package script '/home/tharun/cognipilot/cranium/install/b3rb_simulator/share/b3rb_simulator/package.ps1'
[1.379s] [34mcolcon.colcon_core.shell[0m [1;30mINFO[0m Creating package descriptor '/home/tharun/cognipilot/cranium/install/b3rb_simulator/share/b3rb_simulator/package.dsv'
[1.380s] [34mcolcon.colcon_core.shell[0m [1;30mINFO[0m Creating package script '/home/tharun/cognipilot/cranium/install/b3rb_simulator/share/b3rb_simulator/package.sh'
[1.381s] [34mcolcon.colcon_core.shell[0m [1;30mINFO[0m Creating package script '/home/tharun/cognipilot/cranium/install/b3rb_simulator/share/b3rb_simulator/package.bash'
[1.382s] [34mcolcon.colcon_core.shell[0m [1;30mINFO[0m Creating package script '/home/tharun/cognipilot/cranium/install/b3rb_simulator/share/b3rb_simulator/package.zsh'
[1.383s] [34mcolcon.colcon_core.environment[0m [1;30mLevel 1[0m create_file_with_runtime_dependencies(/home/tharun/cognipilot/cranium/install/b3rb_simulator/share/colcon-core/packages/b3rb_simulator)
[1.384s] [34mcolcon.colcon_core.environment[0m [1;30mLevel 1[0m create_environment_scripts_only(b3rb_simulator)
[1.384s] [34mcolcon.colcon_core.environment[0m [1;30mLevel 1[0m checking '/home/tharun/cognipilot/cranium/install/b3rb_simulator' for CMake module files
[1.385s] [34mcolcon.colcon_core.environment[0m [1;30mLevel 1[0m checking '/home/tharun/cognipilot/cranium/install/b3rb_simulator' for CMake config files
[1.385s] [34mcolcon.colcon_core.shell[0m [1;30mLevel 1[0m create_environment_hook('b3rb_simulator', 'cmake_prefix_path')
[1.386s] [34mcolcon.colcon_core.shell[0m [1;30mINFO[0m Creating environment hook '/home/tharun/cognipilot/cranium/install/b3rb_simulator/share/b3rb_simulator/hook/cmake_prefix_path.ps1'
[1.387s] [34mcolcon.colcon_core.shell[0m [1;30mINFO[0m Creating environment descriptor '/home/tharun/cognipilot/cranium/install/b3rb_simulator/share/b3rb_simulator/hook/cmake_prefix_path.dsv'
[1.388s] [34mcolcon.colcon_core.shell[0m [1;30mINFO[0m Creating environment hook '/home/tharun/cognipilot/cranium/install/b3rb_simulator/share/b3rb_simulator/hook/cmake_prefix_path.sh'
[1.389s] [34mcolcon.colcon_core.environment[0m [1;30mLevel 1[0m checking '/home/tharun/cognipilot/cranium/install/b3rb_simulator/bin'
[1.390s] [34mcolcon.colcon_core.environment[0m [1;30mLevel 1[0m checking '/home/tharun/cognipilot/cranium/install/b3rb_simulator/lib/pkgconfig/b3rb_simulator.pc'
[1.390s] [34mcolcon.colcon_core.environment[0m [1;30mLevel 1[0m checking '/home/tharun/cognipilot/cranium/install/b3rb_simulator/lib/python3.10/site-packages'
[1.391s] [34mcolcon.colcon_core.environment[0m [1;30mLevel 1[0m checking '/home/tharun/cognipilot/cranium/install/b3rb_simulator/bin'
[1.391s] [34mcolcon.colcon_core.shell[0m [1;30mINFO[0m Creating package script '/home/tharun/cognipilot/cranium/install/b3rb_simulator/share/b3rb_simulator/package.ps1'
[1.393s] [34mcolcon.colcon_core.shell[0m [1;30mINFO[0m Creating package descriptor '/home/tharun/cognipilot/cranium/install/b3rb_simulator/share/b3rb_simulator/package.dsv'
[1.394s] [34mcolcon.colcon_core.shell[0m [1;30mINFO[0m Creating package script '/home/tharun/cognipilot/cranium/install/b3rb_simulator/share/b3rb_simulator/package.sh'
[1.395s] [34mcolcon.colcon_core.shell[0m [1;30mINFO[0m Creating package script '/home/tharun/cognipilot/cranium/install/b3rb_simulator/share/b3rb_simulator/package.bash'
[1.396s] [34mcolcon.colcon_core.shell[0m [1;30mINFO[0m Creating package script '/home/tharun/cognipilot/cranium/install/b3rb_simulator/share/b3rb_simulator/package.zsh'
[1.397s] [34mcolcon.colcon_core.environment[0m [1;30mLevel 1[0m create_file_with_runtime_dependencies(/home/tharun/cognipilot/cranium/install/b3rb_simulator/share/colcon-core/packages/b3rb_simulator)
[5.507s] [34mcolcon.colcon_core.event_handler.log_command[0m [1;30mDEBUG[0m [32mInvoked command in '/home/tharun/cognipilot/cranium/build/synapse_protobuf' returned '0': CMAKE_PREFIX_PATH=${CMAKE_PREFIX_PATH}:/home/tharun/cognipilot/cranium/install/b3rb_ros_line_follower:/opt/ros/humble /usr/bin/cmake --build /home/tharun/cognipilot/cranium/build/synapse_protobuf -- -j12 -l12[0m
[5.508s] [34mcolcon.colcon_core.event_handler.log_command[0m [1;30mDEBUG[0m [32mInvoking command in '/home/tharun/cognipilot/cranium/build/synapse_protobuf': CMAKE_PREFIX_PATH=${CMAKE_PREFIX_PATH}:/home/tharun/cognipilot/cranium/install/b3rb_ros_line_follower:/opt/ros/humble /usr/bin/cmake --install /home/tharun/cognipilot/cranium/build/synapse_protobuf[0m
[5.532s] [34mcolcon.colcon_core.environment[0m [1;30mLevel 1[0m create_environment_scripts_only(synapse_protobuf)
[5.532s] [34mcolcon.colcon_core.environment[0m [1;30mLevel 1[0m checking '/home/tharun/cognipilot/cranium/install/synapse_protobuf' for CMake module files
[5.533s] [34mcolcon.colcon_core.event_handler.log_command[0m [1;30mDEBUG[0m [32mInvoked command in '/home/tharun/cognipilot/cranium/build/synapse_protobuf' returned '0': CMAKE_PREFIX_PATH=${CMAKE_PREFIX_PATH}:/home/tharun/cognipilot/cranium/install/b3rb_ros_line_follower:/opt/ros/humble /usr/bin/cmake --install /home/tharun/cognipilot/cranium/build/synapse_protobuf[0m
[5.533s] [34mcolcon.colcon_core.environment[0m [1;30mLevel 1[0m checking '/home/tharun/cognipilot/cranium/install/synapse_protobuf' for CMake config files
[5.533s] [34mcolcon.colcon_core.shell[0m [1;30mLevel 1[0m create_environment_hook('synapse_protobuf', 'cmake_prefix_path')
[5.533s] [34mcolcon.colcon_core.shell[0m [1;30mINFO[0m Creating environment hook '/home/tharun/cognipilot/cranium/install/synapse_protobuf/share/synapse_protobuf/hook/cmake_prefix_path.ps1'
[5.534s] [34mcolcon.colcon_core.shell[0m [1;30mINFO[0m Creating environment descriptor '/home/tharun/cognipilot/cranium/install/synapse_protobuf/share/synapse_protobuf/hook/cmake_prefix_path.dsv'
[5.534s] [34mcolcon.colcon_core.shell[0m [1;30mINFO[0m Creating environment hook '/home/tharun/cognipilot/cranium/install/synapse_protobuf/share/synapse_protobuf/hook/cmake_prefix_path.sh'
[5.534s] [34mcolcon.colcon_core.environment[0m [1;30mLevel 1[0m checking '/home/tharun/cognipilot/cranium/install/synapse_protobuf/lib'
[5.534s] [34mcolcon.colcon_core.environment[0m [1;30mLevel 1[0m checking '/home/tharun/cognipilot/cranium/install/synapse_protobuf/bin'
[5.534s] [34mcolcon.colcon_core.environment[0m [1;30mLevel 1[0m checking '/home/tharun/cognipilot/cranium/install/synapse_protobuf/lib/pkgconfig/synapse_protobuf.pc'
[5.534s] [34mcolcon.colcon_core.environment[0m [1;30mLevel 1[0m checking '/home/tharun/cognipilot/cranium/install/synapse_protobuf/lib/python3.10/site-packages'
[5.535s] [34mcolcon.colcon_core.environment[0m [1;30mLevel 1[0m checking '/home/tharun/cognipilot/cranium/install/synapse_protobuf/bin'
[5.535s] [34mcolcon.colcon_core.shell[0m [1;30mINFO[0m Creating package script '/home/tharun/cognipilot/cranium/install/synapse_protobuf/share/synapse_protobuf/package.ps1'
[5.535s] [34mcolcon.colcon_core.shell[0m [1;30mINFO[0m Creating package descriptor '/home/tharun/cognipilot/cranium/install/synapse_protobuf/share/synapse_protobuf/package.dsv'
[5.535s] [34mcolcon.colcon_core.shell[0m [1;30mINFO[0m Creating package script '/home/tharun/cognipilot/cranium/install/synapse_protobuf/share/synapse_protobuf/package.sh'
[5.536s] [34mcolcon.colcon_core.shell[0m [1;30mINFO[0m Creating package script '/home/tharun/cognipilot/cranium/install/synapse_protobuf/share/synapse_protobuf/package.bash'
[5.536s] [34mcolcon.colcon_core.shell[0m [1;30mINFO[0m Creating package script '/home/tharun/cognipilot/cranium/install/synapse_protobuf/share/synapse_protobuf/package.zsh'
[5.536s] [34mcolcon.colcon_core.environment[0m [1;30mLevel 1[0m create_file_with_runtime_dependencies(/home/tharun/cognipilot/cranium/install/synapse_protobuf/share/colcon-core/packages/synapse_protobuf)
[5.536s] [34mcolcon.colcon_core.environment[0m [1;30mLevel 1[0m create_environment_scripts_only(synapse_protobuf)
[5.537s] [34mcolcon.colcon_core.environment[0m [1;30mLevel 1[0m checking '/home/tharun/cognipilot/cranium/install/synapse_protobuf' for CMake module files
[5.537s] [34mcolcon.colcon_core.environment[0m [1;30mLevel 1[0m checking '/home/tharun/cognipilot/cranium/install/synapse_protobuf' for CMake config files
[5.537s] [34mcolcon.colcon_core.shell[0m [1;30mLevel 1[0m create_environment_hook('synapse_protobuf', 'cmake_prefix_path')
[5.537s] [34mcolcon.colcon_core.shell[0m [1;30mINFO[0m Creating environment hook '/home/tharun/cognipilot/cranium/install/synapse_protobuf/share/synapse_protobuf/hook/cmake_prefix_path.ps1'
[5.537s] [34mcolcon.colcon_core.shell[0m [1;30mINFO[0m Creating environment descriptor '/home/tharun/cognipilot/cranium/install/synapse_protobuf/share/synapse_protobuf/hook/cmake_prefix_path.dsv'
[5.537s] [34mcolcon.colcon_core.shell[0m [1;30mINFO[0m Creating environment hook '/home/tharun/cognipilot/cranium/install/synapse_protobuf/share/synapse_protobuf/hook/cmake_prefix_path.sh'
[5.538s] [34mcolcon.colcon_core.environment[0m [1;30mLevel 1[0m checking '/home/tharun/cognipilot/cranium/install/synapse_protobuf/lib'
[5.538s] [34mcolcon.colcon_core.environment[0m [1;30mLevel 1[0m checking '/home/tharun/cognipilot/cranium/install/synapse_protobuf/bin'
[5.538s] [34mcolcon.colcon_core.environment[0m [1;30mLevel 1[0m checking '/home/tharun/cognipilot/cranium/install/synapse_protobuf/lib/pkgconfig/synapse_protobuf.pc'
[5.538s] [34mcolcon.colcon_core.environment[0m [1;30mLevel 1[0m checking '/home/tharun/cognipilot/cranium/install/synapse_protobuf/lib/python3.10/site-packages'
[5.538s] [34mcolcon.colcon_core.environment[0m [1;30mLevel 1[0m checking '/home/tharun/cognipilot/cranium/install/synapse_protobuf/bin'
[5.538s] [34mcolcon.colcon_core.shell[0m [1;30mINFO[0m Creating package script '/home/tharun/cognipilot/cranium/install/synapse_protobuf/share/synapse_protobuf/package.ps1'
[5.539s] [34mcolcon.colcon_core.shell[0m [1;30mINFO[0m Creating package descriptor '/home/tharun/cognipilot/cranium/install/synapse_protobuf/share/synapse_protobuf/package.dsv'
[5.539s] [34mcolcon.colcon_core.shell[0m [1;30mINFO[0m Creating package script '/home/tharun/cognipilot/cranium/install/synapse_protobuf/share/synapse_protobuf/package.sh'
[5.539s] [34mcolcon.colcon_core.shell[0m [1;30mINFO[0m Creating package script '/home/tharun/cognipilot/cranium/install/synapse_protobuf/share/synapse_protobuf/package.bash'
[5.540s] [34mcolcon.colcon_core.shell[0m [1;30mINFO[0m Creating package script '/home/tharun/cognipilot/cranium/install/synapse_protobuf/share/synapse_protobuf/package.zsh'
[5.540s] [34mcolcon.colcon_core.environment[0m [1;30mLevel 1[0m create_file_with_runtime_dependencies(/home/tharun/cognipilot/cranium/install/synapse_protobuf/share/colcon-core/packages/synapse_protobuf)
[5.540s] [34mcolcon.colcon_ros.task.ament_cmake.build[0m [1;30mINFO[0m Building ROS package in '/home/tharun/cognipilot/cranium/src/synapse_gz' with build type 'ament_cmake'
[5.540s] [34mcolcon.colcon_cmake.task.cmake.build[0m [1;30mINFO[0m Building CMake package in '/home/tharun/cognipilot/cranium/src/synapse_gz'
[5.541s] [34mcolcon.colcon_core.shell[0m [1;30mINFO[0m Skip shell extension 'powershell' for command environment: Not usable outside of PowerShell
[5.541s] [34mcolcon.colcon_core.shell[0m [1;30mDEBUG[0m [32mSkip shell extension 'dsv' for command environment[0m
[5.555s] [34mcolcon.colcon_core.event_handler.log_command[0m [1;30mDEBUG[0m [32mInvoking command in '/home/tharun/cognipilot/cranium/build/synapse_gz': CMAKE_PREFIX_PATH=/home/tharun/cognipilot/cranium/install/synapse_tinyframe:/home/tharun/cognipilot/cranium/install/synapse_protobuf:/home/tharun/cognipilot/cranium/install/synapse_ros:/home/tharun/cognipilot/cranium/install/synapse_gz:/home/tharun/cognipilot/cranium/install/corti:/home/tharun/cognipilot/cranium/install/synapse_msgs:/home/tharun/cognipilot/cranium/install/dream_world:/home/tharun/cognipilot/cranium/install/cerebri_bringup:/home/tharun/cognipilot/cranium/install/b3rb_simulator:/home/tharun/cognipilot/cranium/install/b3rb_desktop:/home/tharun/cognipilot/cranium/install/b3rb_rviz:/home/tharun/cognipilot/cranium/install/b3rb_nav2:/home/tharun/cognipilot/cranium/install/b3rb_gz_resource:/home/tharun/cognipilot/cranium/install/b3rb_gz_bringup:/home/tharun/cognipilot/cranium/install/b3rb_description:/home/tharun/cognipilot/electrode/install/electrode:/home/tharun/cognipilot/cranium/install/b3rb_ros_line_follower:/opt/ros/humble /usr/bin/cmake --build /home/tharun/cognipilot/cranium/build/synapse_gz -- -j12 -l12[0m
[5.622s] [34mcolcon.colcon_core.event_handler.log_command[0m [1;30mDEBUG[0m [32mInvoked command in '/home/tharun/cognipilot/cranium/build/synapse_msgs' returned '0': CMAKE_PREFIX_PATH=${CMAKE_PREFIX_PATH}:/home/tharun/cognipilot/cranium/install/b3rb_ros_line_follower:/opt/ros/humble /usr/bin/cmake --build /home/tharun/cognipilot/cranium/build/synapse_msgs -- -j12 -l12[0m
[5.623s] [34mcolcon.colcon_core.event_handler.log_command[0m [1;30mDEBUG[0m [32mInvoking command in '/home/tharun/cognipilot/cranium/build/synapse_msgs': CMAKE_PREFIX_PATH=${CMAKE_PREFIX_PATH}:/home/tharun/cognipilot/cranium/install/b3rb_ros_line_follower:/opt/ros/humble /usr/bin/cmake --install /home/tharun/cognipilot/cranium/build/synapse_msgs[0m
[5.681s] [34mcolcon.colcon_core.environment[0m [1;30mLevel 1[0m create_environment_scripts_only(synapse_msgs)
[5.682s] [34mcolcon.colcon_core.environment[0m [1;30mLevel 1[0m checking '/home/tharun/cognipilot/cranium/install/synapse_msgs' for CMake module files
[5.682s] [34mcolcon.colcon_core.event_handler.log_command[0m [1;30mDEBUG[0m [32mInvoked command in '/home/tharun/cognipilot/cranium/build/synapse_msgs' returned '0': CMAKE_PREFIX_PATH=${CMAKE_PREFIX_PATH}:/home/tharun/cognipilot/cranium/install/b3rb_ros_line_follower:/opt/ros/humble /usr/bin/cmake --install /home/tharun/cognipilot/cranium/build/synapse_msgs[0m
[5.682s] [34mcolcon.colcon_core.environment[0m [1;30mLevel 1[0m checking '/home/tharun/cognipilot/cranium/install/synapse_msgs' for CMake config files
[5.682s] [34mcolcon.colcon_core.shell[0m [1;30mLevel 1[0m create_environment_hook('synapse_msgs', 'cmake_prefix_path')
[5.683s] [34mcolcon.colcon_core.shell[0m [1;30mINFO[0m Creating environment hook '/home/tharun/cognipilot/cranium/install/synapse_msgs/share/synapse_msgs/hook/cmake_prefix_path.ps1'
[5.683s] [34mcolcon.colcon_core.shell[0m [1;30mINFO[0m Creating environment descriptor '/home/tharun/cognipilot/cranium/install/synapse_msgs/share/synapse_msgs/hook/cmake_prefix_path.dsv'
[5.683s] [34mcolcon.colcon_core.shell[0m [1;30mINFO[0m Creating environment hook '/home/tharun/cognipilot/cranium/install/synapse_msgs/share/synapse_msgs/hook/cmake_prefix_path.sh'
[5.684s] [34mcolcon.colcon_core.environment[0m [1;30mLevel 1[0m checking '/home/tharun/cognipilot/cranium/install/synapse_msgs/lib'
[5.684s] [34mcolcon.colcon_core.shell[0m [1;30mLevel 1[0m create_environment_hook('synapse_msgs', 'ld_library_path_lib')
[5.684s] [34mcolcon.colcon_core.shell[0m [1;30mINFO[0m Creating environment hook '/home/tharun/cognipilot/cranium/install/synapse_msgs/share/synapse_msgs/hook/ld_library_path_lib.ps1'
[5.684s] [34mcolcon.colcon_core.shell[0m [1;30mINFO[0m Creating environment descriptor '/home/tharun/cognipilot/cranium/install/synapse_msgs/share/synapse_msgs/hook/ld_library_path_lib.dsv'
[5.685s] [34mcolcon.colcon_core.shell[0m [1;30mINFO[0m Creating environment hook '/home/tharun/cognipilot/cranium/install/synapse_msgs/share/synapse_msgs/hook/ld_library_path_lib.sh'
[5.685s] [34mcolcon.colcon_core.environment[0m [1;30mLevel 1[0m checking '/home/tharun/cognipilot/cranium/install/synapse_msgs/bin'
[5.685s] [34mcolcon.colcon_core.environment[0m [1;30mLevel 1[0m checking '/home/tharun/cognipilot/cranium/install/synapse_msgs/lib/pkgconfig/synapse_msgs.pc'
[5.685s] [34mcolcon.colcon_core.environment[0m [1;30mLevel 1[0m checking '/home/tharun/cognipilot/cranium/install/synapse_msgs/lib/python3.10/site-packages'
[5.685s] [34mcolcon.colcon_core.environment[0m [1;30mLevel 1[0m checking '/home/tharun/cognipilot/cranium/install/synapse_msgs/bin'
[5.685s] [34mcolcon.colcon_core.shell[0m [1;30mINFO[0m Creating package script '/home/tharun/cognipilot/cranium/install/synapse_msgs/share/synapse_msgs/package.ps1'
[5.686s] [34mcolcon.colcon_core.shell[0m [1;30mINFO[0m Creating package descriptor '/home/tharun/cognipilot/cranium/install/synapse_msgs/share/synapse_msgs/package.dsv'
[5.686s] [34mcolcon.colcon_core.shell[0m [1;30mINFO[0m Creating package script '/home/tharun/cognipilot/cranium/install/synapse_msgs/share/synapse_msgs/package.sh'
[5.686s] [34mcolcon.colcon_core.shell[0m [1;30mINFO[0m Creating package script '/home/tharun/cognipilot/cranium/install/synapse_msgs/share/synapse_msgs/package.bash'
[5.687s] [34mcolcon.colcon_core.shell[0m [1;30mINFO[0m Creating package script '/home/tharun/cognipilot/cranium/install/synapse_msgs/share/synapse_msgs/package.zsh'
[5.687s] [34mcolcon.colcon_core.environment[0m [1;30mLevel 1[0m create_file_with_runtime_dependencies(/home/tharun/cognipilot/cranium/install/synapse_msgs/share/colcon-core/packages/synapse_msgs)
[5.687s] [34mcolcon.colcon_core.environment[0m [1;30mLevel 1[0m create_environment_scripts_only(synapse_msgs)
[5.687s] [34mcolcon.colcon_core.environment[0m [1;30mLevel 1[0m checking '/home/tharun/cognipilot/cranium/install/synapse_msgs' for CMake module files
[5.688s] [34mcolcon.colcon_core.environment[0m [1;30mLevel 1[0m checking '/home/tharun/cognipilot/cranium/install/synapse_msgs' for CMake config files
[5.688s] [34mcolcon.colcon_core.shell[0m [1;30mLevel 1[0m create_environment_hook('synapse_msgs', 'cmake_prefix_path')
[5.688s] [34mcolcon.colcon_core.shell[0m [1;30mINFO[0m Creating environment hook '/home/tharun/cognipilot/cranium/install/synapse_msgs/share/synapse_msgs/hook/cmake_prefix_path.ps1'
[5.688s] [34mcolcon.colcon_core.shell[0m [1;30mINFO[0m Creating environment descriptor '/home/tharun/cognipilot/cranium/install/synapse_msgs/share/synapse_msgs/hook/cmake_prefix_path.dsv'
[5.688s] [34mcolcon.colcon_core.shell[0m [1;30mINFO[0m Creating environment hook '/home/tharun/cognipilot/cranium/install/synapse_msgs/share/synapse_msgs/hook/cmake_prefix_path.sh'
[5.689s] [34mcolcon.colcon_core.environment[0m [1;30mLevel 1[0m checking '/home/tharun/cognipilot/cranium/install/synapse_msgs/lib'
[5.689s] [34mcolcon.colcon_core.shell[0m [1;30mLevel 1[0m create_environment_hook('synapse_msgs', 'ld_library_path_lib')
[5.689s] [34mcolcon.colcon_core.shell[0m [1;30mINFO[0m Creating environment hook '/home/tharun/cognipilot/cranium/install/synapse_msgs/share/synapse_msgs/hook/ld_library_path_lib.ps1'
[5.689s] [34mcolcon.colcon_core.shell[0m [1;30mINFO[0m Creating environment descriptor '/home/tharun/cognipilot/cranium/install/synapse_msgs/share/synapse_msgs/hook/ld_library_path_lib.dsv'
[5.689s] [34mcolcon.colcon_core.shell[0m [1;30mINFO[0m Creating environment hook '/home/tharun/cognipilot/cranium/install/synapse_msgs/share/synapse_msgs/hook/ld_library_path_lib.sh'
[5.689s] [34mcolcon.colcon_core.environment[0m [1;30mLevel 1[0m checking '/home/tharun/cognipilot/cranium/install/synapse_msgs/bin'
[5.689s] [34mcolcon.colcon_core.environment[0m [1;30mLevel 1[0m checking '/home/tharun/cognipilot/cranium/install/synapse_msgs/lib/pkgconfig/synapse_msgs.pc'
[5.690s] [34mcolcon.colcon_core.environment[0m [1;30mLevel 1[0m checking '/home/tharun/cognipilot/cranium/install/synapse_msgs/lib/python3.10/site-packages'
[5.690s] [34mcolcon.colcon_core.environment[0m [1;30mLevel 1[0m checking '/home/tharun/cognipilot/cranium/install/synapse_msgs/bin'
[5.690s] [34mcolcon.colcon_core.shell[0m [1;30mINFO[0m Creating package script '/home/tharun/cognipilot/cranium/install/synapse_msgs/share/synapse_msgs/package.ps1'
[5.690s] [34mcolcon.colcon_core.shell[0m [1;30mINFO[0m Creating package descriptor '/home/tharun/cognipilot/cranium/install/synapse_msgs/share/synapse_msgs/package.dsv'
[5.691s] [34mcolcon.colcon_core.shell[0m [1;30mINFO[0m Creating package script '/home/tharun/cognipilot/cranium/install/synapse_msgs/share/synapse_msgs/package.sh'
[5.691s] [34mcolcon.colcon_core.shell[0m [1;30mINFO[0m Creating package script '/home/tharun/cognipilot/cranium/install/synapse_msgs/share/synapse_msgs/package.bash'
[5.691s] [34mcolcon.colcon_core.shell[0m [1;30mINFO[0m Creating package script '/home/tharun/cognipilot/cranium/install/synapse_msgs/share/synapse_msgs/package.zsh'
[5.691s] [34mcolcon.colcon_core.environment[0m [1;30mLevel 1[0m create_file_with_runtime_dependencies(/home/tharun/cognipilot/cranium/install/synapse_msgs/share/colcon-core/packages/synapse_msgs)
[5.691s] [34mcolcon.colcon_ros.task.ament_python.build[0m [1;30mINFO[0m Building ROS package in '/home/tharun/cognipilot/cranium/src/b3rb_ros_line_follower/b3rb_ros_line_follower' with build type 'ament_python'
[5.692s] [34mcolcon.colcon_core.shell[0m [1;30mLevel 1[0m create_environment_hook('b3rb_ros_line_follower', 'ament_prefix_path')
[5.692s] [34mcolcon.colcon_core.shell[0m [1;30mINFO[0m Creating environment hook '/home/tharun/cognipilot/cranium/install/b3rb_ros_line_follower/share/b3rb_ros_line_follower/hook/ament_prefix_path.ps1'
[5.692s] [34mcolcon.colcon_core.shell[0m [1;30mINFO[0m Creating environment descriptor '/home/tharun/cognipilot/cranium/install/b3rb_ros_line_follower/share/b3rb_ros_line_follower/hook/ament_prefix_path.dsv'
[5.693s] [34mcolcon.colcon_core.shell[0m [1;30mINFO[0m Creating environment hook '/home/tharun/cognipilot/cranium/install/b3rb_ros_line_follower/share/b3rb_ros_line_follower/hook/ament_prefix_path.sh'
[5.693s] [34mcolcon.colcon_core.shell[0m [1;30mINFO[0m Skip shell extension 'powershell' for command environment: Not usable outside of PowerShell
[5.693s] [34mcolcon.colcon_core.shell[0m [1;30mDEBUG[0m [32mSkip shell extension 'dsv' for command environment[0m
[5.696s] [34mcolcon.colcon_ros.task.ament_cmake.build[0m [1;30mINFO[0m Building ROS package in '/home/tharun/cognipilot/cranium/src/corti' with build type 'ament_cmake'
[5.697s] [34mcolcon.colcon_cmake.task.cmake.build[0m [1;30mINFO[0m Building CMake package in '/home/tharun/cognipilot/cranium/src/corti'
[5.697s] [34mcolcon.colcon_core.shell[0m [1;30mINFO[0m Skip shell extension 'powershell' for command environment: Not usable outside of PowerShell
[5.697s] [34mcolcon.colcon_core.shell[0m [1;30mDEBUG[0m [32mSkip shell extension 'dsv' for command environment[0m
[5.700s] [34mcolcon.colcon_ros.task.ament_cmake.build[0m [1;30mINFO[0m Building ROS package in '/home/tharun/cognipilot/cranium/src/synapse_ros' with build type 'ament_cmake'
[5.700s] [34mcolcon.colcon_cmake.task.cmake.build[0m [1;30mINFO[0m Building CMake package in '/home/tharun/cognipilot/cranium/src/synapse_ros'
[5.700s] [34mcolcon.colcon_core.shell[0m [1;30mINFO[0m Skip shell extension 'powershell' for command environment: Not usable outside of PowerShell
[5.700s] [34mcolcon.colcon_core.shell[0m [1;30mDEBUG[0m [32mSkip shell extension 'dsv' for command environment[0m
[5.867s] [34mcolcon.colcon_core.task.python.build[0m [1;30mINFO[0m Building Python package in '/home/tharun/cognipilot/cranium/src/b3rb_ros_line_follower/b3rb_ros_line_follower'
[5.867s] [34mcolcon.colcon_core.shell[0m [1;30mINFO[0m Skip shell extension 'powershell' for command environment: Not usable outside of PowerShell
[5.867s] [34mcolcon.colcon_core.shell[0m [1;30mDEBUG[0m [32mSkip shell extension 'dsv' for command environment[0m
[5.873s] [34mcolcon.colcon_core.event_handler.log_command[0m [1;30mDEBUG[0m [32mInvoking command in '/home/tharun/cognipilot/cranium/build/corti': CMAKE_PREFIX_PATH=/home/tharun/cognipilot/cranium/install/synapse_msgs:/home/tharun/cognipilot/cranium/install/synapse_ros:/home/tharun/cognipilot/cranium/install/synapse_gz:/home/tharun/cognipilot/cranium/install/synapse_tinyframe:/home/tharun/cognipilot/cranium/install/synapse_protobuf:/home/tharun/cognipilot/cranium/install/corti:/home/tharun/cognipilot/cranium/install/dream_world:/home/tharun/cognipilot/cranium/install/cerebri_bringup:/home/tharun/cognipilot/cranium/install/b3rb_simulator:/home/tharun/cognipilot/cranium/install/b3rb_desktop:/home/tharun/cognipilot/cranium/install/b3rb_rviz:/home/tharun/cognipilot/cranium/install/b3rb_nav2:/home/tharun/cognipilot/cranium/install/b3rb_gz_resource:/home/tharun/cognipilot/cranium/install/b3rb_gz_bringup:/home/tharun/cognipilot/cranium/install/b3rb_description:/home/tharun/cognipilot/electrode/install/electrode:/home/tharun/cognipilot/cranium/install/b3rb_ros_line_follower:/opt/ros/humble LD_LIBRARY_PATH=/home/tharun/cognipilot/cranium/install/synapse_msgs/lib:/home/tharun/cognipilot/cranium/install/synapse_tinyframe/lib:/home/tharun/cognipilot/cranium/install/synapse_protobuf/lib:/opt/ros/humble/opt/rviz_ogre_vendor/lib:/opt/ros/humble/lib/x86_64-linux-gnu:/opt/ros/humble/lib /usr/bin/cmake --build /home/tharun/cognipilot/cranium/build/corti -- -j12 -l12[0m
[5.874s] [34mcolcon.colcon_core.event_handler.log_command[0m [1;30mDEBUG[0m [32mInvoking command in '/home/tharun/cognipilot/cranium/build/synapse_ros': CMAKE_PREFIX_PATH=/home/tharun/cognipilot/cranium/install/synapse_tinyframe:/home/tharun/cognipilot/cranium/install/synapse_protobuf:/home/tharun/cognipilot/cranium/install/synapse_msgs:/home/tharun/cognipilot/cranium/install/synapse_ros:/home/tharun/cognipilot/cranium/install/synapse_gz:/home/tharun/cognipilot/cranium/install/corti:/home/tharun/cognipilot/cranium/install/dream_world:/home/tharun/cognipilot/cranium/install/cerebri_bringup:/home/tharun/cognipilot/cranium/install/b3rb_simulator:/home/tharun/cognipilot/cranium/install/b3rb_desktop:/home/tharun/cognipilot/cranium/install/b3rb_rviz:/home/tharun/cognipilot/cranium/install/b3rb_nav2:/home/tharun/cognipilot/cranium/install/b3rb_gz_resource:/home/tharun/cognipilot/cranium/install/b3rb_gz_bringup:/home/tharun/cognipilot/cranium/install/b3rb_description:/home/tharun/cognipilot/electrode/install/electrode:/home/tharun/cognipilot/cranium/install/b3rb_ros_line_follower:/opt/ros/humble LD_LIBRARY_PATH=/home/tharun/cognipilot/cranium/install/synapse_msgs/lib:/home/tharun/cognipilot/cranium/install/synapse_tinyframe/lib:/home/tharun/cognipilot/cranium/install/synapse_protobuf/lib:/opt/ros/humble/opt/rviz_ogre_vendor/lib:/opt/ros/humble/lib/x86_64-linux-gnu:/opt/ros/humble/lib /usr/bin/cmake --build /home/tharun/cognipilot/cranium/build/synapse_ros -- -j12 -l12[0m
[6.108s] [34mcolcon.colcon_core.task.python.build[0m [1;30mDEBUG[0m [32mAvailable setuptools commands: update_catalog, bdist_wheel, register, develop, install_data, install_lib, install_scripts, dist_info, build_ext, build_scripts, bdist, build_py, easy_install, bdist_dumb, install_egg_info, saveopts, sdist, bdist_rpm, build_clib, check, compile_catalog, test, setopt, init_catalog, clean, install_headers, symlink_data, upload, egg_info, alias, rotate, bdist_egg, build, upload_docs, install, extract_messages[0m
[6.111s] [34mcolcon.colcon_core.event_handler.log_command[0m [1;30mDEBUG[0m [32mInvoking command in '/home/tharun/cognipilot/cranium/src/b3rb_ros_line_follower/b3rb_ros_line_follower': CMAKE_PREFIX_PATH=/home/tharun/cognipilot/cranium/install/synapse_msgs:/home/tharun/cognipilot/cranium/install/synapse_ros:/home/tharun/cognipilot/cranium/install/synapse_gz:/home/tharun/cognipilot/cranium/install/synapse_tinyframe:/home/tharun/cognipilot/cranium/install/synapse_protobuf:/home/tharun/cognipilot/cranium/install/corti:/home/tharun/cognipilot/cranium/install/dream_world:/home/tharun/cognipilot/cranium/install/cerebri_bringup:/home/tharun/cognipilot/cranium/install/b3rb_simulator:/home/tharun/cognipilot/cranium/install/b3rb_desktop:/home/tharun/cognipilot/cranium/install/b3rb_rviz:/home/tharun/cognipilot/cranium/install/b3rb_nav2:/home/tharun/cognipilot/cranium/install/b3rb_gz_resource:/home/tharun/cognipilot/cranium/install/b3rb_gz_bringup:/home/tharun/cognipilot/cranium/install/b3rb_description:/home/tharun/cognipilot/electrode/install/electrode LD_LIBRARY_PATH=/home/tharun/cognipilot/cranium/install/synapse_msgs/lib:/home/tharun/cognipilot/cranium/install/synapse_tinyframe/lib:/home/tharun/cognipilot/cranium/install/synapse_protobuf/lib:/opt/ros/humble/opt/rviz_ogre_vendor/lib:/opt/ros/humble/lib/x86_64-linux-gnu:/opt/ros/humble/lib PYTHONPATH=/home/tharun/cognipilot/cranium/build/b3rb_ros_line_follower/prefix_override:/usr/lib/python3/dist-packages/colcon_core/task/python/colcon_distutils_commands:/home/tharun/cognipilot/cranium/install/b3rb_ros_line_follower/lib/python3.10/site-packages:${PYTHONPATH} /usr/bin/python3 -W ignore:setup.py install is deprecated -W ignore:easy_install command is deprecated setup.py egg_info --egg-base ../../../build/b3rb_ros_line_follower build --build-base /home/tharun/cognipilot/cranium/build/b3rb_ros_line_follower/build install --record /home/tharun/cognipilot/cranium/build/b3rb_ros_line_follower/install.log --install-scripts $base/lib/b3rb_ros_line_follower --single-version-externally-managed install_data[0m
[6.345s] [34mcolcon.colcon_core.environment[0m [1;30mLevel 1[0m checking '/home/tharun/cognipilot/cranium/install/b3rb_ros_line_follower' for CMake module files
[6.346s] [34mcolcon.colcon_core.event_handler.log_command[0m [1;30mDEBUG[0m [32mInvoked command in '/home/tharun/cognipilot/cranium/src/b3rb_ros_line_follower/b3rb_ros_line_follower' returned '0': CMAKE_PREFIX_PATH=/home/tharun/cognipilot/cranium/install/synapse_msgs:/home/tharun/cognipilot/cranium/install/synapse_ros:/home/tharun/cognipilot/cranium/install/synapse_gz:/home/tharun/cognipilot/cranium/install/synapse_tinyframe:/home/tharun/cognipilot/cranium/install/synapse_protobuf:/home/tharun/cognipilot/cranium/install/corti:/home/tharun/cognipilot/cranium/install/dream_world:/home/tharun/cognipilot/cranium/install/cerebri_bringup:/home/tharun/cognipilot/cranium/install/b3rb_simulator:/home/tharun/cognipilot/cranium/install/b3rb_desktop:/home/tharun/cognipilot/cranium/install/b3rb_rviz:/home/tharun/cognipilot/cranium/install/b3rb_nav2:/home/tharun/cognipilot/cranium/install/b3rb_gz_resource:/home/tharun/cognipilot/cranium/install/b3rb_gz_bringup:/home/tharun/cognipilot/cranium/install/b3rb_description:/home/tharun/cognipilot/electrode/install/electrode LD_LIBRARY_PATH=/home/tharun/cognipilot/cranium/install/synapse_msgs/lib:/home/tharun/cognipilot/cranium/install/synapse_tinyframe/lib:/home/tharun/cognipilot/cranium/install/synapse_protobuf/lib:/opt/ros/humble/opt/rviz_ogre_vendor/lib:/opt/ros/humble/lib/x86_64-linux-gnu:/opt/ros/humble/lib PYTHONPATH=/home/tharun/cognipilot/cranium/build/b3rb_ros_line_follower/prefix_override:/usr/lib/python3/dist-packages/colcon_core/task/python/colcon_distutils_commands:/home/tharun/cognipilot/cranium/install/b3rb_ros_line_follower/lib/python3.10/site-packages:${PYTHONPATH} /usr/bin/python3 -W ignore:setup.py install is deprecated -W ignore:easy_install command is deprecated setup.py egg_info --egg-base ../../../build/b3rb_ros_line_follower build --build-base /home/tharun/cognipilot/cranium/build/b3rb_ros_line_follower/build install --record /home/tharun/cognipilot/cranium/build/b3rb_ros_line_follower/install.log --install-scripts $base/lib/b3rb_ros_line_follower --single-version-externally-managed install_data[0m
[6.346s] [34mcolcon.colcon_core.environment[0m [1;30mLevel 1[0m checking '/home/tharun/cognipilot/cranium/install/b3rb_ros_line_follower' for CMake config files
[6.347s] [34mcolcon.colcon_core.environment[0m [1;30mLevel 1[0m checking '/home/tharun/cognipilot/cranium/install/b3rb_ros_line_follower/lib'
[6.347s] [34mcolcon.colcon_core.environment[0m [1;30mLevel 1[0m checking '/home/tharun/cognipilot/cranium/install/b3rb_ros_line_follower/bin'
[6.347s] [34mcolcon.colcon_core.environment[0m [1;30mLevel 1[0m checking '/home/tharun/cognipilot/cranium/install/b3rb_ros_line_follower/lib/pkgconfig/b3rb_ros_line_follower.pc'
[6.347s] [34mcolcon.colcon_core.environment[0m [1;30mLevel 1[0m checking '/home/tharun/cognipilot/cranium/install/b3rb_ros_line_follower/lib/python3.10/site-packages'
[6.347s] [34mcolcon.colcon_core.shell[0m [1;30mLevel 1[0m create_environment_hook('b3rb_ros_line_follower', 'pythonpath')
[6.347s] [34mcolcon.colcon_core.shell[0m [1;30mINFO[0m Creating environment hook '/home/tharun/cognipilot/cranium/install/b3rb_ros_line_follower/share/b3rb_ros_line_follower/hook/pythonpath.ps1'
[6.348s] [34mcolcon.colcon_core.shell[0m [1;30mINFO[0m Creating environment descriptor '/home/tharun/cognipilot/cranium/install/b3rb_ros_line_follower/share/b3rb_ros_line_follower/hook/pythonpath.dsv'
[6.348s] [34mcolcon.colcon_core.shell[0m [1;30mINFO[0m Creating environment hook '/home/tharun/cognipilot/cranium/install/b3rb_ros_line_follower/share/b3rb_ros_line_follower/hook/pythonpath.sh'
[6.349s] [34mcolcon.colcon_core.environment[0m [1;30mLevel 1[0m checking '/home/tharun/cognipilot/cranium/install/b3rb_ros_line_follower/bin'
[6.349s] [34mcolcon.colcon_core.environment[0m [1;30mLevel 1[0m create_environment_scripts_only(b3rb_ros_line_follower)
[6.349s] [34mcolcon.colcon_core.shell[0m [1;30mINFO[0m Creating package script '/home/tharun/cognipilot/cranium/install/b3rb_ros_line_follower/share/b3rb_ros_line_follower/package.ps1'
[6.350s] [34mcolcon.colcon_core.shell[0m [1;30mINFO[0m Creating package descriptor '/home/tharun/cognipilot/cranium/install/b3rb_ros_line_follower/share/b3rb_ros_line_follower/package.dsv'
[6.350s] [34mcolcon.colcon_core.shell[0m [1;30mINFO[0m Creating package script '/home/tharun/cognipilot/cranium/install/b3rb_ros_line_follower/share/b3rb_ros_line_follower/package.sh'
[6.351s] [34mcolcon.colcon_core.shell[0m [1;30mINFO[0m Creating package script '/home/tharun/cognipilot/cranium/install/b3rb_ros_line_follower/share/b3rb_ros_line_follower/package.bash'
[6.351s] [34mcolcon.colcon_core.shell[0m [1;30mINFO[0m Creating package script '/home/tharun/cognipilot/cranium/install/b3rb_ros_line_follower/share/b3rb_ros_line_follower/package.zsh'
[6.351s] [34mcolcon.colcon_core.environment[0m [1;30mLevel 1[0m create_file_with_runtime_dependencies(/home/tharun/cognipilot/cranium/install/b3rb_ros_line_follower/share/colcon-core/packages/b3rb_ros_line_follower)
[14.740s] [34mcolcon.colcon_core.event_handler.log_command[0m [1;30mDEBUG[0m [32mInvoked command in '/home/tharun/cognipilot/cranium/build/synapse_gz' returned '0': CMAKE_PREFIX_PATH=/home/tharun/cognipilot/cranium/install/synapse_tinyframe:/home/tharun/cognipilot/cranium/install/synapse_protobuf:/home/tharun/cognipilot/cranium/install/synapse_ros:/home/tharun/cognipilot/cranium/install/synapse_gz:/home/tharun/cognipilot/cranium/install/corti:/home/tharun/cognipilot/cranium/install/synapse_msgs:/home/tharun/cognipilot/cranium/install/dream_world:/home/tharun/cognipilot/cranium/install/cerebri_bringup:/home/tharun/cognipilot/cranium/install/b3rb_simulator:/home/tharun/cognipilot/cranium/install/b3rb_desktop:/home/tharun/cognipilot/cranium/install/b3rb_rviz:/home/tharun/cognipilot/cranium/install/b3rb_nav2:/home/tharun/cognipilot/cranium/install/b3rb_gz_resource:/home/tharun/cognipilot/cranium/install/b3rb_gz_bringup:/home/tharun/cognipilot/cranium/install/b3rb_description:/home/tharun/cognipilot/electrode/install/electrode:/home/tharun/cognipilot/cranium/install/b3rb_ros_line_follower:/opt/ros/humble /usr/bin/cmake --build /home/tharun/cognipilot/cranium/build/synapse_gz -- -j12 -l12[0m
[14.742s] [34mcolcon.colcon_core.event_handler.log_command[0m [1;30mDEBUG[0m [32mInvoking command in '/home/tharun/cognipilot/cranium/build/synapse_gz': CMAKE_PREFIX_PATH=/home/tharun/cognipilot/cranium/install/synapse_tinyframe:/home/tharun/cognipilot/cranium/install/synapse_protobuf:/home/tharun/cognipilot/cranium/install/synapse_ros:/home/tharun/cognipilot/cranium/install/synapse_gz:/home/tharun/cognipilot/cranium/install/corti:/home/tharun/cognipilot/cranium/install/synapse_msgs:/home/tharun/cognipilot/cranium/install/dream_world:/home/tharun/cognipilot/cranium/install/cerebri_bringup:/home/tharun/cognipilot/cranium/install/b3rb_simulator:/home/tharun/cognipilot/cranium/install/b3rb_desktop:/home/tharun/cognipilot/cranium/install/b3rb_rviz:/home/tharun/cognipilot/cranium/install/b3rb_nav2:/home/tharun/cognipilot/cranium/install/b3rb_gz_resource:/home/tharun/cognipilot/cranium/install/b3rb_gz_bringup:/home/tharun/cognipilot/cranium/install/b3rb_description:/home/tharun/cognipilot/electrode/install/electrode:/home/tharun/cognipilot/cranium/install/b3rb_ros_line_follower:/opt/ros/humble /usr/bin/cmake --install /home/tharun/cognipilot/cranium/build/synapse_gz[0m
[14.752s] [34mcolcon.colcon_core.environment[0m [1;30mLevel 1[0m create_environment_scripts_only(synapse_gz)
[14.753s] [34mcolcon.colcon_core.environment[0m [1;30mLevel 1[0m checking '/home/tharun/cognipilot/cranium/install/synapse_gz' for CMake module files
[14.754s] [34mcolcon.colcon_core.event_handler.log_command[0m [1;30mDEBUG[0m [32mInvoked command in '/home/tharun/cognipilot/cranium/build/synapse_gz' returned '0': CMAKE_PREFIX_PATH=/home/tharun/cognipilot/cranium/install/synapse_tinyframe:/home/tharun/cognipilot/cranium/install/synapse_protobuf:/home/tharun/cognipilot/cranium/install/synapse_ros:/home/tharun/cognipilot/cranium/install/synapse_gz:/home/tharun/cognipilot/cranium/install/corti:/home/tharun/cognipilot/cranium/install/synapse_msgs:/home/tharun/cognipilot/cranium/install/dream_world:/home/tharun/cognipilot/cranium/install/cerebri_bringup:/home/tharun/cognipilot/cranium/install/b3rb_simulator:/home/tharun/cognipilot/cranium/install/b3rb_desktop:/home/tharun/cognipilot/cranium/install/b3rb_rviz:/home/tharun/cognipilot/cranium/install/b3rb_nav2:/home/tharun/cognipilot/cranium/install/b3rb_gz_resource:/home/tharun/cognipilot/cranium/install/b3rb_gz_bringup:/home/tharun/cognipilot/cranium/install/b3rb_description:/home/tharun/cognipilot/electrode/install/electrode:/home/tharun/cognipilot/cranium/install/b3rb_ros_line_follower:/opt/ros/humble /usr/bin/cmake --install /home/tharun/cognipilot/cranium/build/synapse_gz[0m
[14.754s] [34mcolcon.colcon_core.environment[0m [1;30mLevel 1[0m checking '/home/tharun/cognipilot/cranium/install/synapse_gz' for CMake config files
[14.754s] [34mcolcon.colcon_core.shell[0m [1;30mLevel 1[0m create_environment_hook('synapse_gz', 'cmake_prefix_path')
[14.755s] [34mcolcon.colcon_core.shell[0m [1;30mINFO[0m Creating environment hook '/home/tharun/cognipilot/cranium/install/synapse_gz/share/synapse_gz/hook/cmake_prefix_path.ps1'
[14.755s] [34mcolcon.colcon_core.shell[0m [1;30mINFO[0m Creating environment descriptor '/home/tharun/cognipilot/cranium/install/synapse_gz/share/synapse_gz/hook/cmake_prefix_path.dsv'
[14.756s] [34mcolcon.colcon_core.shell[0m [1;30mINFO[0m Creating environment hook '/home/tharun/cognipilot/cranium/install/synapse_gz/share/synapse_gz/hook/cmake_prefix_path.sh'
[14.756s] [34mcolcon.colcon_core.environment[0m [1;30mLevel 1[0m checking '/home/tharun/cognipilot/cranium/install/synapse_gz/lib'
[14.756s] [34mcolcon.colcon_core.environment[0m [1;30mLevel 1[0m checking '/home/tharun/cognipilot/cranium/install/synapse_gz/bin'
[14.756s] [34mcolcon.colcon_core.environment[0m [1;30mLevel 1[0m checking '/home/tharun/cognipilot/cranium/install/synapse_gz/lib/pkgconfig/synapse_gz.pc'
[14.756s] [34mcolcon.colcon_core.environment[0m [1;30mLevel 1[0m checking '/home/tharun/cognipilot/cranium/install/synapse_gz/lib/python3.10/site-packages'
[14.757s] [34mcolcon.colcon_core.environment[0m [1;30mLevel 1[0m checking '/home/tharun/cognipilot/cranium/install/synapse_gz/bin'
[14.757s] [34mcolcon.colcon_core.shell[0m [1;30mINFO[0m Creating package script '/home/tharun/cognipilot/cranium/install/synapse_gz/share/synapse_gz/package.ps1'
[14.757s] [34mcolcon.colcon_core.shell[0m [1;30mINFO[0m Creating package descriptor '/home/tharun/cognipilot/cranium/install/synapse_gz/share/synapse_gz/package.dsv'
[14.758s] [34mcolcon.colcon_core.shell[0m [1;30mINFO[0m Creating package script '/home/tharun/cognipilot/cranium/install/synapse_gz/share/synapse_gz/package.sh'
[14.758s] [34mcolcon.colcon_core.shell[0m [1;30mINFO[0m Creating package script '/home/tharun/cognipilot/cranium/install/synapse_gz/share/synapse_gz/package.bash'
[14.758s] [34mcolcon.colcon_core.shell[0m [1;30mINFO[0m Creating package script '/home/tharun/cognipilot/cranium/install/synapse_gz/share/synapse_gz/package.zsh'
[14.759s] [34mcolcon.colcon_core.environment[0m [1;30mLevel 1[0m create_file_with_runtime_dependencies(/home/tharun/cognipilot/cranium/install/synapse_gz/share/colcon-core/packages/synapse_gz)
[14.759s] [34mcolcon.colcon_core.environment[0m [1;30mLevel 1[0m create_environment_scripts_only(synapse_gz)
[14.759s] [34mcolcon.colcon_core.environment[0m [1;30mLevel 1[0m checking '/home/tharun/cognipilot/cranium/install/synapse_gz' for CMake module files
[14.760s] [34mcolcon.colcon_core.environment[0m [1;30mLevel 1[0m checking '/home/tharun/cognipilot/cranium/install/synapse_gz' for CMake config files
[14.760s] [34mcolcon.colcon_core.shell[0m [1;30mLevel 1[0m create_environment_hook('synapse_gz', 'cmake_prefix_path')
[14.760s] [34mcolcon.colcon_core.shell[0m [1;30mINFO[0m Creating environment hook '/home/tharun/cognipilot/cranium/install/synapse_gz/share/synapse_gz/hook/cmake_prefix_path.ps1'
[14.760s] [34mcolcon.colcon_core.shell[0m [1;30mINFO[0m Creating environment descriptor '/home/tharun/cognipilot/cranium/install/synapse_gz/share/synapse_gz/hook/cmake_prefix_path.dsv'
[14.760s] [34mcolcon.colcon_core.shell[0m [1;30mINFO[0m Creating environment hook '/home/tharun/cognipilot/cranium/install/synapse_gz/share/synapse_gz/hook/cmake_prefix_path.sh'
[14.761s] [34mcolcon.colcon_core.environment[0m [1;30mLevel 1[0m checking '/home/tharun/cognipilot/cranium/install/synapse_gz/lib'
[14.761s] [34mcolcon.colcon_core.environment[0m [1;30mLevel 1[0m checking '/home/tharun/cognipilot/cranium/install/synapse_gz/bin'
[14.761s] [34mcolcon.colcon_core.environment[0m [1;30mLevel 1[0m checking '/home/tharun/cognipilot/cranium/install/synapse_gz/lib/pkgconfig/synapse_gz.pc'
[14.761s] [34mcolcon.colcon_core.environment[0m [1;30mLevel 1[0m checking '/home/tharun/cognipilot/cranium/install/synapse_gz/lib/python3.10/site-packages'
[14.761s] [34mcolcon.colcon_core.environment[0m [1;30mLevel 1[0m checking '/home/tharun/cognipilot/cranium/install/synapse_gz/bin'
[14.762s] [34mcolcon.colcon_core.shell[0m [1;30mINFO[0m Creating package script '/home/tharun/cognipilot/cranium/install/synapse_gz/share/synapse_gz/package.ps1'
[14.762s] [34mcolcon.colcon_core.shell[0m [1;30mINFO[0m Creating package descriptor '/home/tharun/cognipilot/cranium/install/synapse_gz/share/synapse_gz/package.dsv'
[14.762s] [34mcolcon.colcon_core.shell[0m [1;30mINFO[0m Creating package script '/home/tharun/cognipilot/cranium/install/synapse_gz/share/synapse_gz/package.sh'
[14.763s] [34mcolcon.colcon_core.shell[0m [1;30mINFO[0m Creating package script '/home/tharun/cognipilot/cranium/install/synapse_gz/share/synapse_gz/package.bash'
[14.763s] [34mcolcon.colcon_core.shell[0m [1;30mINFO[0m Creating package script '/home/tharun/cognipilot/cranium/install/synapse_gz/share/synapse_gz/package.zsh'
[14.763s] [34mcolcon.colcon_core.environment[0m [1;30mLevel 1[0m create_file_with_runtime_dependencies(/home/tharun/cognipilot/cranium/install/synapse_gz/share/colcon-core/packages/synapse_gz)
[15.573s] [34mcolcon.colcon_core.event_handler.log_command[0m [1;30mDEBUG[0m [32mInvoked command in '/home/tharun/cognipilot/cranium/build/corti' returned '0': CMAKE_PREFIX_PATH=/home/tharun/cognipilot/cranium/install/synapse_msgs:/home/tharun/cognipilot/cranium/install/synapse_ros:/home/tharun/cognipilot/cranium/install/synapse_gz:/home/tharun/cognipilot/cranium/install/synapse_tinyframe:/home/tharun/cognipilot/cranium/install/synapse_protobuf:/home/tharun/cognipilot/cranium/install/corti:/home/tharun/cognipilot/cranium/install/dream_world:/home/tharun/cognipilot/cranium/install/cerebri_bringup:/home/tharun/cognipilot/cranium/install/b3rb_simulator:/home/tharun/cognipilot/cranium/install/b3rb_desktop:/home/tharun/cognipilot/cranium/install/b3rb_rviz:/home/tharun/cognipilot/cranium/install/b3rb_nav2:/home/tharun/cognipilot/cranium/install/b3rb_gz_resource:/home/tharun/cognipilot/cranium/install/b3rb_gz_bringup:/home/tharun/cognipilot/cranium/install/b3rb_description:/home/tharun/cognipilot/electrode/install/electrode:/home/tharun/cognipilot/cranium/install/b3rb_ros_line_follower:/opt/ros/humble LD_LIBRARY_PATH=/home/tharun/cognipilot/cranium/install/synapse_msgs/lib:/home/tharun/cognipilot/cranium/install/synapse_tinyframe/lib:/home/tharun/cognipilot/cranium/install/synapse_protobuf/lib:/opt/ros/humble/opt/rviz_ogre_vendor/lib:/opt/ros/humble/lib/x86_64-linux-gnu:/opt/ros/humble/lib /usr/bin/cmake --build /home/tharun/cognipilot/cranium/build/corti -- -j12 -l12[0m
[15.576s] [34mcolcon.colcon_core.event_handler.log_command[0m [1;30mDEBUG[0m [32mInvoking command in '/home/tharun/cognipilot/cranium/build/corti': CMAKE_PREFIX_PATH=/home/tharun/cognipilot/cranium/install/synapse_msgs:/home/tharun/cognipilot/cranium/install/synapse_ros:/home/tharun/cognipilot/cranium/install/synapse_gz:/home/tharun/cognipilot/cranium/install/synapse_tinyframe:/home/tharun/cognipilot/cranium/install/synapse_protobuf:/home/tharun/cognipilot/cranium/install/corti:/home/tharun/cognipilot/cranium/install/dream_world:/home/tharun/cognipilot/cranium/install/cerebri_bringup:/home/tharun/cognipilot/cranium/install/b3rb_simulator:/home/tharun/cognipilot/cranium/install/b3rb_desktop:/home/tharun/cognipilot/cranium/install/b3rb_rviz:/home/tharun/cognipilot/cranium/install/b3rb_nav2:/home/tharun/cognipilot/cranium/install/b3rb_gz_resource:/home/tharun/cognipilot/cranium/install/b3rb_gz_bringup:/home/tharun/cognipilot/cranium/install/b3rb_description:/home/tharun/cognipilot/electrode/install/electrode:/home/tharun/cognipilot/cranium/install/b3rb_ros_line_follower:/opt/ros/humble LD_LIBRARY_PATH=/home/tharun/cognipilot/cranium/install/synapse_msgs/lib:/home/tharun/cognipilot/cranium/install/synapse_tinyframe/lib:/home/tharun/cognipilot/cranium/install/synapse_protobuf/lib:/opt/ros/humble/opt/rviz_ogre_vendor/lib:/opt/ros/humble/lib/x86_64-linux-gnu:/opt/ros/humble/lib /usr/bin/cmake --install /home/tharun/cognipilot/cranium/build/corti[0m
[15.633s] [34mcolcon.colcon_core.environment[0m [1;30mLevel 1[0m create_environment_scripts_only(corti)
[15.633s] [34mcolcon.colcon_core.environment[0m [1;30mLevel 1[0m checking '/home/tharun/cognipilot/cranium/install/corti' for CMake module files
[15.634s] [34mcolcon.colcon_core.environment[0m [1;30mLevel 1[0m checking '/home/tharun/cognipilot/cranium/install/corti' for CMake config files
[15.634s] [34mcolcon.colcon_core.event_handler.log_command[0m [1;30mDEBUG[0m [32mInvoked command in '/home/tharun/cognipilot/cranium/build/corti' returned '0': CMAKE_PREFIX_PATH=/home/tharun/cognipilot/cranium/install/synapse_msgs:/home/tharun/cognipilot/cranium/install/synapse_ros:/home/tharun/cognipilot/cranium/install/synapse_gz:/home/tharun/cognipilot/cranium/install/synapse_tinyframe:/home/tharun/cognipilot/cranium/install/synapse_protobuf:/home/tharun/cognipilot/cranium/install/corti:/home/tharun/cognipilot/cranium/install/dream_world:/home/tharun/cognipilot/cranium/install/cerebri_bringup:/home/tharun/cognipilot/cranium/install/b3rb_simulator:/home/tharun/cognipilot/cranium/install/b3rb_desktop:/home/tharun/cognipilot/cranium/install/b3rb_rviz:/home/tharun/cognipilot/cranium/install/b3rb_nav2:/home/tharun/cognipilot/cranium/install/b3rb_gz_resource:/home/tharun/cognipilot/cranium/install/b3rb_gz_bringup:/home/tharun/cognipilot/cranium/install/b3rb_description:/home/tharun/cognipilot/electrode/install/electrode:/home/tharun/cognipilot/cranium/install/b3rb_ros_line_follower:/opt/ros/humble LD_LIBRARY_PATH=/home/tharun/cognipilot/cranium/install/synapse_msgs/lib:/home/tharun/cognipilot/cranium/install/synapse_tinyframe/lib:/home/tharun/cognipilot/cranium/install/synapse_protobuf/lib:/opt/ros/humble/opt/rviz_ogre_vendor/lib:/opt/ros/humble/lib/x86_64-linux-gnu:/opt/ros/humble/lib /usr/bin/cmake --install /home/tharun/cognipilot/cranium/build/corti[0m
[15.635s] [34mcolcon.colcon_core.shell[0m [1;30mLevel 1[0m create_environment_hook('corti', 'cmake_prefix_path')
[15.635s] [34mcolcon.colcon_core.shell[0m [1;30mINFO[0m Creating environment hook '/home/tharun/cognipilot/cranium/install/corti/share/corti/hook/cmake_prefix_path.ps1'
[15.635s] [34mcolcon.colcon_core.shell[0m [1;30mINFO[0m Creating environment descriptor '/home/tharun/cognipilot/cranium/install/corti/share/corti/hook/cmake_prefix_path.dsv'
[15.635s] [34mcolcon.colcon_core.shell[0m [1;30mINFO[0m Creating environment hook '/home/tharun/cognipilot/cranium/install/corti/share/corti/hook/cmake_prefix_path.sh'
[15.636s] [34mcolcon.colcon_core.environment[0m [1;30mLevel 1[0m checking '/home/tharun/cognipilot/cranium/install/corti/lib'
[15.636s] [34mcolcon.colcon_core.environment[0m [1;30mLevel 1[0m checking '/home/tharun/cognipilot/cranium/install/corti/bin'
[15.636s] [34mcolcon.colcon_core.environment[0m [1;30mLevel 1[0m checking '/home/tharun/cognipilot/cranium/install/corti/lib/pkgconfig/corti.pc'
[15.636s] [34mcolcon.colcon_core.environment[0m [1;30mLevel 1[0m checking '/home/tharun/cognipilot/cranium/install/corti/lib/python3.10/site-packages'
[15.636s] [34mcolcon.colcon_core.environment[0m [1;30mLevel 1[0m checking '/home/tharun/cognipilot/cranium/install/corti/bin'
[15.636s] [34mcolcon.colcon_core.shell[0m [1;30mINFO[0m Creating package script '/home/tharun/cognipilot/cranium/install/corti/share/corti/package.ps1'
[15.637s] [34mcolcon.colcon_core.shell[0m [1;30mINFO[0m Creating package descriptor '/home/tharun/cognipilot/cranium/install/corti/share/corti/package.dsv'
[15.637s] [34mcolcon.colcon_core.shell[0m [1;30mINFO[0m Creating package script '/home/tharun/cognipilot/cranium/install/corti/share/corti/package.sh'
[15.637s] [34mcolcon.colcon_core.shell[0m [1;30mINFO[0m Creating package script '/home/tharun/cognipilot/cranium/install/corti/share/corti/package.bash'
[15.637s] [34mcolcon.colcon_core.shell[0m [1;30mINFO[0m Creating package script '/home/tharun/cognipilot/cranium/install/corti/share/corti/package.zsh'
[15.637s] [34mcolcon.colcon_core.environment[0m [1;30mLevel 1[0m create_file_with_runtime_dependencies(/home/tharun/cognipilot/cranium/install/corti/share/colcon-core/packages/corti)
[15.638s] [34mcolcon.colcon_core.environment[0m [1;30mLevel 1[0m create_environment_scripts_only(corti)
[15.638s] [34mcolcon.colcon_core.environment[0m [1;30mLevel 1[0m checking '/home/tharun/cognipilot/cranium/install/corti' for CMake module files
[15.638s] [34mcolcon.colcon_core.environment[0m [1;30mLevel 1[0m checking '/home/tharun/cognipilot/cranium/install/corti' for CMake config files
[15.638s] [34mcolcon.colcon_core.shell[0m [1;30mLevel 1[0m create_environment_hook('corti', 'cmake_prefix_path')
[15.638s] [34mcolcon.colcon_core.shell[0m [1;30mINFO[0m Creating environment hook '/home/tharun/cognipilot/cranium/install/corti/share/corti/hook/cmake_prefix_path.ps1'
[15.639s] [34mcolcon.colcon_core.shell[0m [1;30mINFO[0m Creating environment descriptor '/home/tharun/cognipilot/cranium/install/corti/share/corti/hook/cmake_prefix_path.dsv'
[15.639s] [34mcolcon.colcon_core.shell[0m [1;30mINFO[0m Creating environment hook '/home/tharun/cognipilot/cranium/install/corti/share/corti/hook/cmake_prefix_path.sh'
[15.639s] [34mcolcon.colcon_core.environment[0m [1;30mLevel 1[0m checking '/home/tharun/cognipilot/cranium/install/corti/lib'
[15.639s] [34mcolcon.colcon_core.environment[0m [1;30mLevel 1[0m checking '/home/tharun/cognipilot/cranium/install/corti/bin'
[15.639s] [34mcolcon.colcon_core.environment[0m [1;30mLevel 1[0m checking '/home/tharun/cognipilot/cranium/install/corti/lib/pkgconfig/corti.pc'
[15.639s] [34mcolcon.colcon_core.environment[0m [1;30mLevel 1[0m checking '/home/tharun/cognipilot/cranium/install/corti/lib/python3.10/site-packages'
[15.639s] [34mcolcon.colcon_core.environment[0m [1;30mLevel 1[0m checking '/home/tharun/cognipilot/cranium/install/corti/bin'
[15.640s] [34mcolcon.colcon_core.shell[0m [1;30mINFO[0m Creating package script '/home/tharun/cognipilot/cranium/install/corti/share/corti/package.ps1'
[15.640s] [34mcolcon.colcon_core.shell[0m [1;30mINFO[0m Creating package descriptor '/home/tharun/cognipilot/cranium/install/corti/share/corti/package.dsv'
[15.640s] [34mcolcon.colcon_core.shell[0m [1;30mINFO[0m Creating package script '/home/tharun/cognipilot/cranium/install/corti/share/corti/package.sh'
[15.641s] [34mcolcon.colcon_core.shell[0m [1;30mINFO[0m Creating package script '/home/tharun/cognipilot/cranium/install/corti/share/corti/package.bash'
[15.641s] [34mcolcon.colcon_core.shell[0m [1;30mINFO[0m Creating package script '/home/tharun/cognipilot/cranium/install/corti/share/corti/package.zsh'
[15.641s] [34mcolcon.colcon_core.environment[0m [1;30mLevel 1[0m create_file_with_runtime_dependencies(/home/tharun/cognipilot/cranium/install/corti/share/colcon-core/packages/corti)
[34.721s] [34mcolcon.colcon_core.event_handler.log_command[0m [1;30mDEBUG[0m [32mInvoked command in '/home/tharun/cognipilot/cranium/build/synapse_ros' returned '0': CMAKE_PREFIX_PATH=/home/tharun/cognipilot/cranium/install/synapse_tinyframe:/home/tharun/cognipilot/cranium/install/synapse_protobuf:/home/tharun/cognipilot/cranium/install/synapse_msgs:/home/tharun/cognipilot/cranium/install/synapse_ros:/home/tharun/cognipilot/cranium/install/synapse_gz:/home/tharun/cognipilot/cranium/install/corti:/home/tharun/cognipilot/cranium/install/dream_world:/home/tharun/cognipilot/cranium/install/cerebri_bringup:/home/tharun/cognipilot/cranium/install/b3rb_simulator:/home/tharun/cognipilot/cranium/install/b3rb_desktop:/home/tharun/cognipilot/cranium/install/b3rb_rviz:/home/tharun/cognipilot/cranium/install/b3rb_nav2:/home/tharun/cognipilot/cranium/install/b3rb_gz_resource:/home/tharun/cognipilot/cranium/install/b3rb_gz_bringup:/home/tharun/cognipilot/cranium/install/b3rb_description:/home/tharun/cognipilot/electrode/install/electrode:/home/tharun/cognipilot/cranium/install/b3rb_ros_line_follower:/opt/ros/humble LD_LIBRARY_PATH=/home/tharun/cognipilot/cranium/install/synapse_msgs/lib:/home/tharun/cognipilot/cranium/install/synapse_tinyframe/lib:/home/tharun/cognipilot/cranium/install/synapse_protobuf/lib:/opt/ros/humble/opt/rviz_ogre_vendor/lib:/opt/ros/humble/lib/x86_64-linux-gnu:/opt/ros/humble/lib /usr/bin/cmake --build /home/tharun/cognipilot/cranium/build/synapse_ros -- -j12 -l12[0m
[34.724s] [34mcolcon.colcon_core.event_handler.log_command[0m [1;30mDEBUG[0m [32mInvoking command in '/home/tharun/cognipilot/cranium/build/synapse_ros': CMAKE_PREFIX_PATH=/home/tharun/cognipilot/cranium/install/synapse_tinyframe:/home/tharun/cognipilot/cranium/install/synapse_protobuf:/home/tharun/cognipilot/cranium/install/synapse_msgs:/home/tharun/cognipilot/cranium/install/synapse_ros:/home/tharun/cognipilot/cranium/install/synapse_gz:/home/tharun/cognipilot/cranium/install/corti:/home/tharun/cognipilot/cranium/install/dream_world:/home/tharun/cognipilot/cranium/install/cerebri_bringup:/home/tharun/cognipilot/cranium/install/b3rb_simulator:/home/tharun/cognipilot/cranium/install/b3rb_desktop:/home/tharun/cognipilot/cranium/install/b3rb_rviz:/home/tharun/cognipilot/cranium/install/b3rb_nav2:/home/tharun/cognipilot/cranium/install/b3rb_gz_resource:/home/tharun/cognipilot/cranium/install/b3rb_gz_bringup:/home/tharun/cognipilot/cranium/install/b3rb_description:/home/tharun/cognipilot/electrode/install/electrode:/home/tharun/cognipilot/cranium/install/b3rb_ros_line_follower:/opt/ros/humble LD_LIBRARY_PATH=/home/tharun/cognipilot/cranium/install/synapse_msgs/lib:/home/tharun/cognipilot/cranium/install/synapse_tinyframe/lib:/home/tharun/cognipilot/cranium/install/synapse_protobuf/lib:/opt/ros/humble/opt/rviz_ogre_vendor/lib:/opt/ros/humble/lib/x86_64-linux-gnu:/opt/ros/humble/lib /usr/bin/cmake --install /home/tharun/cognipilot/cranium/build/synapse_ros[0m
[34.750s] [34mcolcon.colcon_core.environment[0m [1;30mLevel 1[0m create_environment_scripts_only(synapse_ros)
[34.750s] [34mcolcon.colcon_core.event_handler.log_command[0m [1;30mDEBUG[0m [32mInvoked command in '/home/tharun/cognipilot/cranium/build/synapse_ros' returned '0': CMAKE_PREFIX_PATH=/home/tharun/cognipilot/cranium/install/synapse_tinyframe:/home/tharun/cognipilot/cranium/install/synapse_protobuf:/home/tharun/cognipilot/cranium/install/synapse_msgs:/home/tharun/cognipilot/cranium/install/synapse_ros:/home/tharun/cognipilot/cranium/install/synapse_gz:/home/tharun/cognipilot/cranium/install/corti:/home/tharun/cognipilot/cranium/install/dream_world:/home/tharun/cognipilot/cranium/install/cerebri_bringup:/home/tharun/cognipilot/cranium/install/b3rb_simulator:/home/tharun/cognipilot/cranium/install/b3rb_desktop:/home/tharun/cognipilot/cranium/install/b3rb_rviz:/home/tharun/cognipilot/cranium/install/b3rb_nav2:/home/tharun/cognipilot/cranium/install/b3rb_gz_resource:/home/tharun/cognipilot/cranium/install/b3rb_gz_bringup:/home/tharun/cognipilot/cranium/install/b3rb_description:/home/tharun/cognipilot/electrode/install/electrode:/home/tharun/cognipilot/cranium/install/b3rb_ros_line_follower:/opt/ros/humble LD_LIBRARY_PATH=/home/tharun/cognipilot/cranium/install/synapse_msgs/lib:/home/tharun/cognipilot/cranium/install/synapse_tinyframe/lib:/home/tharun/cognipilot/cranium/install/synapse_protobuf/lib:/opt/ros/humble/opt/rviz_ogre_vendor/lib:/opt/ros/humble/lib/x86_64-linux-gnu:/opt/ros/humble/lib /usr/bin/cmake --install /home/tharun/cognipilot/cranium/build/synapse_ros[0m
[34.750s] [34mcolcon.colcon_core.environment[0m [1;30mLevel 1[0m checking '/home/tharun/cognipilot/cranium/install/synapse_ros' for CMake module files
[34.751s] [34mcolcon.colcon_core.environment[0m [1;30mLevel 1[0m checking '/home/tharun/cognipilot/cranium/install/synapse_ros' for CMake config files
[34.751s] [34mcolcon.colcon_core.shell[0m [1;30mLevel 1[0m create_environment_hook('synapse_ros', 'cmake_prefix_path')
[34.752s] [34mcolcon.colcon_core.shell[0m [1;30mINFO[0m Creating environment hook '/home/tharun/cognipilot/cranium/install/synapse_ros/share/synapse_ros/hook/cmake_prefix_path.ps1'
[34.752s] [34mcolcon.colcon_core.shell[0m [1;30mINFO[0m Creating environment descriptor '/home/tharun/cognipilot/cranium/install/synapse_ros/share/synapse_ros/hook/cmake_prefix_path.dsv'
[34.753s] [34mcolcon.colcon_core.shell[0m [1;30mINFO[0m Creating environment hook '/home/tharun/cognipilot/cranium/install/synapse_ros/share/synapse_ros/hook/cmake_prefix_path.sh'
[34.753s] [34mcolcon.colcon_core.environment[0m [1;30mLevel 1[0m checking '/home/tharun/cognipilot/cranium/install/synapse_ros/lib'
[34.754s] [34mcolcon.colcon_core.environment[0m [1;30mLevel 1[0m checking '/home/tharun/cognipilot/cranium/install/synapse_ros/bin'
[34.754s] [34mcolcon.colcon_core.environment[0m [1;30mLevel 1[0m checking '/home/tharun/cognipilot/cranium/install/synapse_ros/lib/pkgconfig/synapse_ros.pc'
[34.754s] [34mcolcon.colcon_core.environment[0m [1;30mLevel 1[0m checking '/home/tharun/cognipilot/cranium/install/synapse_ros/lib/python3.10/site-packages'
[34.754s] [34mcolcon.colcon_core.environment[0m [1;30mLevel 1[0m checking '/home/tharun/cognipilot/cranium/install/synapse_ros/bin'
[34.755s] [34mcolcon.colcon_core.shell[0m [1;30mINFO[0m Creating package script '/home/tharun/cognipilot/cranium/install/synapse_ros/share/synapse_ros/package.ps1'
[34.756s] [34mcolcon.colcon_core.shell[0m [1;30mINFO[0m Creating package descriptor '/home/tharun/cognipilot/cranium/install/synapse_ros/share/synapse_ros/package.dsv'
[34.756s] [34mcolcon.colcon_core.shell[0m [1;30mINFO[0m Creating package script '/home/tharun/cognipilot/cranium/install/synapse_ros/share/synapse_ros/package.sh'
[34.757s] [34mcolcon.colcon_core.shell[0m [1;30mINFO[0m Creating package script '/home/tharun/cognipilot/cranium/install/synapse_ros/share/synapse_ros/package.bash'
[34.757s] [34mcolcon.colcon_core.shell[0m [1;30mINFO[0m Creating package script '/home/tharun/cognipilot/cranium/install/synapse_ros/share/synapse_ros/package.zsh'
[34.757s] [34mcolcon.colcon_core.environment[0m [1;30mLevel 1[0m create_file_with_runtime_dependencies(/home/tharun/cognipilot/cranium/install/synapse_ros/share/colcon-core/packages/synapse_ros)
[34.758s] [34mcolcon.colcon_core.environment[0m [1;30mLevel 1[0m create_environment_scripts_only(synapse_ros)
[34.758s] [34mcolcon.colcon_core.environment[0m [1;30mLevel 1[0m checking '/home/tharun/cognipilot/cranium/install/synapse_ros' for CMake module files
[34.759s] [34mcolcon.colcon_core.environment[0m [1;30mLevel 1[0m checking '/home/tharun/cognipilot/cranium/install/synapse_ros' for CMake config files
[34.759s] [34mcolcon.colcon_core.shell[0m [1;30mLevel 1[0m create_environment_hook('synapse_ros', 'cmake_prefix_path')
[34.759s] [34mcolcon.colcon_core.shell[0m [1;30mINFO[0m Creating environment hook '/home/tharun/cognipilot/cranium/install/synapse_ros/share/synapse_ros/hook/cmake_prefix_path.ps1'
[34.760s] [34mcolcon.colcon_core.shell[0m [1;30mINFO[0m Creating environment descriptor '/home/tharun/cognipilot/cranium/install/synapse_ros/share/synapse_ros/hook/cmake_prefix_path.dsv'
[34.760s] [34mcolcon.colcon_core.shell[0m [1;30mINFO[0m Creating environment hook '/home/tharun/cognipilot/cranium/install/synapse_ros/share/synapse_ros/hook/cmake_prefix_path.sh'
[34.761s] [34mcolcon.colcon_core.environment[0m [1;30mLevel 1[0m checking '/home/tharun/cognipilot/cranium/install/synapse_ros/lib'
[34.761s] [34mcolcon.colcon_core.environment[0m [1;30mLevel 1[0m checking '/home/tharun/cognipilot/cranium/install/synapse_ros/bin'
[34.761s] [34mcolcon.colcon_core.environment[0m [1;30mLevel 1[0m checking '/home/tharun/cognipilot/cranium/install/synapse_ros/lib/pkgconfig/synapse_ros.pc'
[34.761s] [34mcolcon.colcon_core.environment[0m [1;30mLevel 1[0m checking '/home/tharun/cognipilot/cranium/install/synapse_ros/lib/python3.10/site-packages'
[34.762s] [34mcolcon.colcon_core.environment[0m [1;30mLevel 1[0m checking '/home/tharun/cognipilot/cranium/install/synapse_ros/bin'
[34.762s] [34mcolcon.colcon_core.shell[0m [1;30mINFO[0m Creating package script '/home/tharun/cognipilot/cranium/install/synapse_ros/share/synapse_ros/package.ps1'
[34.762s] [34mcolcon.colcon_core.shell[0m [1;30mINFO[0m Creating package descriptor '/home/tharun/cognipilot/cranium/install/synapse_ros/share/synapse_ros/package.dsv'
[34.763s] [34mcolcon.colcon_core.shell[0m [1;30mINFO[0m Creating package script '/home/tharun/cognipilot/cranium/install/synapse_ros/share/synapse_ros/package.sh'
[34.763s] [34mcolcon.colcon_core.shell[0m [1;30mINFO[0m Creating package script '/home/tharun/cognipilot/cranium/install/synapse_ros/share/synapse_ros/package.bash'
[34.763s] [34mcolcon.colcon_core.shell[0m [1;30mINFO[0m Creating package script '/home/tharun/cognipilot/cranium/install/synapse_ros/share/synapse_ros/package.zsh'
[34.763s] [34mcolcon.colcon_core.environment[0m [1;30mLevel 1[0m create_file_with_runtime_dependencies(/home/tharun/cognipilot/cranium/install/synapse_ros/share/colcon-core/packages/synapse_ros)
[34.764s] [34mcolcon.colcon_parallel_executor.executor.parallel[0m [1;30mDEBUG[0m [32mclosing loop[0m
[34.764s] [34mcolcon.colcon_parallel_executor.executor.parallel[0m [1;30mDEBUG[0m [32mloop closed[0m
[34.764s] [34mcolcon.colcon_parallel_executor.executor.parallel[0m [1;30mDEBUG[0m [32mrun_until_complete finished with '0'[0m
[34.764s] [34mcolcon.colcon_core.event_reactor[0m [1;30mDEBUG[0m [32mjoining thread[0m
[34.769s] [34mcolcon.colcon_core.plugin_system[0m [1;30mINFO[0m Skipping extension 'colcon_notification.desktop_notification.terminal_notifier': Not used on non-Darwin systems
[34.769s] [34mcolcon.colcon_core.plugin_system[0m [1;30mINFO[0m Skipping extension 'colcon_notification.desktop_notification.win32': Not used on non-Windows systems
[34.769s] [34mcolcon.colcon_notification.desktop_notification[0m [1;30mINFO[0m Sending desktop notification using 'notify2'
[34.779s] [34mcolcon.colcon_core.event_reactor[0m [1;30mDEBUG[0m [32mjoined thread[0m
[34.779s] [34mcolcon.colcon_core.shell[0m [1;30mINFO[0m Creating prefix script '/home/tharun/cognipilot/cranium/install/local_setup.ps1'
[34.780s] [34mcolcon.colcon_core.shell[0m [1;30mINFO[0m Creating prefix util module '/home/tharun/cognipilot/cranium/install/_local_setup_util_ps1.py'
[34.781s] [34mcolcon.colcon_core.shell[0m [1;30mINFO[0m Creating prefix chain script '/home/tharun/cognipilot/cranium/install/setup.ps1'
[34.782s] [34mcolcon.colcon_core.shell[0m [1;30mINFO[0m Creating prefix script '/home/tharun/cognipilot/cranium/install/local_setup.sh'
[34.782s] [34mcolcon.colcon_core.shell[0m [1;30mINFO[0m Creating prefix util module '/home/tharun/cognipilot/cranium/install/_local_setup_util_sh.py'
[34.783s] [34mcolcon.colcon_core.shell[0m [1;30mINFO[0m Creating prefix chain script '/home/tharun/cognipilot/cranium/install/setup.sh'
[34.784s] [34mcolcon.colcon_core.shell[0m [1;30mINFO[0m Creating prefix script '/home/tharun/cognipilot/cranium/install/local_setup.bash'
[34.784s] [34mcolcon.colcon_core.shell[0m [1;30mINFO[0m Creating prefix chain script '/home/tharun/cognipilot/cranium/install/setup.bash'
[34.785s] [34mcolcon.colcon_core.shell[0m [1;30mINFO[0m Creating prefix script '/home/tharun/cognipilot/cranium/install/local_setup.zsh'
[34.785s] [34mcolcon.colcon_core.shell[0m [1;30mINFO[0m Creating prefix chain script '/home/tharun/cognipilot/cranium/install/setup.zsh'
