[0.097s] DEBUG:colcon:Command line arguments: ['/usr/bin/colcon', 'build']
[0.097s] DEBUG:colcon:Parsed command line arguments: Namespace(log_base=None, log_level=None, verb_name='build', build_base='build', install_base='install', merge_install=False, symlink_install=False, test_result_base=None, continue_on_error=False, executor='parallel', parallel_workers=12, event_handlers=None, ignore_user_meta=False, metas=['./colcon.meta'], base_paths=['.'], packages_ignore=None, packages_ignore_regex=None, paths=None, packages_up_to=None, packages_up_to_regex=None, packages_above=None, packages_above_and_dependencies=None, packages_above_depth=None, packages_select_by_dep=None, packages_skip_by_dep=None, packages_skip_up_to=None, packages_select_build_failed=False, packages_skip_build_finished=False, packages_select_test_failures=False, packages_skip_test_passed=False, packages_select=None, packages_skip=None, packages_select_regex=None, packages_skip_regex=None, packages_start=None, packages_end=None, cmake_args=None, cmake_target=None, cmake_target_skip_unavailable=False, cmake_clean_cache=False, cmake_clean_first=False, cmake_force_configure=False, ament_cmake_args=None, catkin_cmake_args=None, catkin_skip_building_tests=False, verb_parser=<colcon_defaults.argument_parser.defaults.DefaultArgumentsDecorator object at 0x768428f10af0>, verb_extension=<colcon_core.verb.build.BuildVerb object at 0x7684290061d0>, main=<bound method BuildVerb.main of <colcon_core.verb.build.BuildVerb object at 0x7684290061d0>>)
[0.224s] Level 1:colcon.colcon_core.package_discovery:discover_packages(colcon_meta) check parameters
[0.224s] Level 1:colcon.colcon_core.package_discovery:discover_packages(recursive) check parameters
[0.224s] Level 1:colcon.colcon_core.package_discovery:discover_packages(ignore) check parameters
[0.224s] Level 1:colcon.colcon_core.package_discovery:discover_packages(path) check parameters
[0.224s] Level 1:colcon.colcon_core.package_discovery:discover_packages(colcon_meta) discover
[0.224s] Level 1:colcon.colcon_core.package_discovery:discover_packages(recursive) discover
[0.224s] INFO:colcon.colcon_core.package_discovery:Crawling recursively for packages in '/home/tharun/cognipilot/cranium'
[0.224s] Level 1:colcon.colcon_core.package_identification:_identify(.) by extensions ['ignore', 'ignore_ament_install']
[0.224s] Level 1:colcon.colcon_core.package_identification:_identify(.) by extension 'ignore'
[0.224s] Level 1:colcon.colcon_core.package_identification:_identify(.) by extension 'ignore_ament_install'
[0.224s] Level 1:colcon.colcon_core.package_identification:_identify(.) by extensions ['colcon_pkg']
[0.224s] Level 1:colcon.colcon_core.package_identification:_identify(.) by extension 'colcon_pkg'
[0.224s] Level 1:colcon.colcon_core.package_identification:_identify(.) by extensions ['colcon_meta']
[0.224s] Level 1:colcon.colcon_core.package_identification:_identify(.) by extension 'colcon_meta'
[0.224s] Level 1:colcon.colcon_core.package_identification:_identify(.) by extensions ['ros']
[0.224s] Level 1:colcon.colcon_core.package_identification:_identify(.) by extension 'ros'
[0.232s] Level 1:colcon.colcon_core.package_identification:_identify(.) by extensions ['cmake', 'python']
[0.232s] Level 1:colcon.colcon_core.package_identification:_identify(.) by extension 'cmake'
[0.232s] Level 1:colcon.colcon_core.package_identification:_identify(.) by extension 'python'
[0.232s] Level 1:colcon.colcon_core.package_identification:_identify(.) by extensions ['python_setup_py']
[0.232s] Level 1:colcon.colcon_core.package_identification:_identify(.) by extension 'python_setup_py'
[0.232s] Level 1:colcon.colcon_core.package_identification:_identify(NXP_CUP_INDIA_2026) by extensions ['ignore', 'ignore_ament_install']
[0.232s] Level 1:colcon.colcon_core.package_identification:_identify(NXP_CUP_INDIA_2026) by extension 'ignore'
[0.232s] Level 1:colcon.colcon_core.package_identification:_identify(NXP_CUP_INDIA_2026) by extension 'ignore_ament_install'
[0.232s] Level 1:colcon.colcon_core.package_identification:_identify(NXP_CUP_INDIA_2026) by extensions ['colcon_pkg']
[0.232s] Level 1:colcon.colcon_core.package_identification:_identify(NXP_CUP_INDIA_2026) by extension 'colcon_pkg'
[0.232s] Level 1:colcon.colcon_core.package_identification:_identify(NXP_CUP_INDIA_2026) by extensions ['colcon_meta']
[0.232s] Level 1:colcon.colcon_core.package_identification:_identify(NXP_CUP_INDIA_2026) by extension 'colcon_meta'
[0.232s] Level 1:colcon.colcon_core.package_identification:_identify(NXP_CUP_INDIA_2026) by extensions ['ros']
[0.232s] Level 1:colcon.colcon_core.package_identification:_identify(NXP_CUP_INDIA_2026) by extension 'ros'
[0.232s] Level 1:colcon.colcon_core.package_identification:_identify(NXP_CUP_INDIA_2026) by extensions ['cmake', 'python']
[0.232s] Level 1:colcon.colcon_core.package_identification:_identify(NXP_CUP_INDIA_2026) by extension 'cmake'
[0.232s] Level 1:colcon.colcon_core.package_identification:_identify(NXP_CUP_INDIA_2026) by extension 'python'
[0.232s] Level 1:colcon.colcon_core.package_identification:_identify(NXP_CUP_INDIA_2026) by extensions ['python_setup_py']
[0.232s] Level 1:colcon.colcon_core.package_identification:_identify(NXP_CUP_INDIA_2026) by extension 'python_setup_py'
[0.232s] Level 1:colcon.colcon_core.package_identification:_identify(NXP_CUP_INDIA_2026/Images) by extensions ['ignore', 'ignore_ament_install']
[0.232s] Level 1:colcon.colcon_core.package_identification:_identify(NXP_CUP_INDIA_2026/Images) by extension 'ignore'
[0.232s] Level 1:colcon.colcon_core.package_identification:_identify(NXP_CUP_INDIA_2026/Images) by extension 'ignore_ament_install'
[0.232s] Level 1:colcon.colcon_core.package_identification:_identify(NXP_CUP_INDIA_2026/Images) by extensions ['colcon_pkg']
[0.232s] Level 1:colcon.colcon_core.package_identification:_identify(NXP_CUP_INDIA_2026/Images) by extension 'colcon_pkg'
[0.233s] Level 1:colcon.colcon_core.package_identification:_identify(NXP_CUP_INDIA_2026/Images) by extensions ['colcon_meta']
[0.233s] Level 1:colcon.colcon_core.package_identification:_identify(NXP_CUP_INDIA_2026/Images) by extension 'colcon_meta'
[0.233s] Level 1:colcon.colcon_core.package_identification:_identify(NXP_CUP_INDIA_2026/Images) by extensions ['ros']
[0.233s] Level 1:colcon.colcon_core.package_identification:_identify(NXP_CUP_INDIA_2026/Images) by extension 'ros'
[0.233s] Level 1:colcon.colcon_core.package_identification:_identify(NXP_CUP_INDIA_2026/Images) by extensions ['cmake', 'python']
[0.233s] Level 1:colcon.colcon_core.package_identification:_identify(NXP_CUP_INDIA_2026/Images) by extension 'cmake'
[0.233s] Level 1:colcon.colcon_core.package_identification:_identify(NXP_CUP_INDIA_2026/Images) by extension 'python'
[0.233s] Level 1:colcon.colcon_core.package_identification:_identify(NXP_CUP_INDIA_2026/Images) by extensions ['python_setup_py']
[0.233s] Level 1:colcon.colcon_core.package_identification:_identify(NXP_CUP_INDIA_2026/Images) by extension 'python_setup_py'
[0.233s] Level 1:colcon.colcon_core.package_identification:_identify(build) by extensions ['ignore', 'ignore_ament_install']
[0.233s] Level 1:colcon.colcon_core.package_identification:_identify(build) by extension 'ignore'
[0.233s] Level 1:colcon.colcon_core.package_identification:_identify(build) ignored
[0.233s] Level 1:colcon.colcon_core.package_identification:_identify(created_model_NXPCUP_2026.v2-v1_yolov8) by extensions ['ignore', 'ignore_ament_install']
[0.233s] Level 1:colcon.colcon_core.package_identification:_identify(created_model_NXPCUP_2026.v2-v1_yolov8) by extension 'ignore'
[0.233s] Level 1:colcon.colcon_core.package_identification:_identify(created_model_NXPCUP_2026.v2-v1_yolov8) by extension 'ignore_ament_install'
[0.233s] Level 1:colcon.colcon_core.package_identification:_identify(created_model_NXPCUP_2026.v2-v1_yolov8) by extensions ['colcon_pkg']
[0.233s] Level 1:colcon.colcon_core.package_identification:_identify(created_model_NXPCUP_2026.v2-v1_yolov8) by extension 'colcon_pkg'
[0.233s] Level 1:colcon.colcon_core.package_identification:_identify(created_model_NXPCUP_2026.v2-v1_yolov8) by extensions ['colcon_meta']
[0.233s] Level 1:colcon.colcon_core.package_identification:_identify(created_model_NXPCUP_2026.v2-v1_yolov8) by extension 'colcon_meta'
[0.233s] Level 1:colcon.colcon_core.package_identification:_identify(created_model_NXPCUP_2026.v2-v1_yolov8) by extensions ['ros']
[0.233s] Level 1:colcon.colcon_core.package_identification:_identify(created_model_NXPCUP_2026.v2-v1_yolov8) by extension 'ros'
[0.233s] Level 1:colcon.colcon_core.package_identification:_identify(created_model_NXPCUP_2026.v2-v1_yolov8) by extensions ['cmake', 'python']
[0.233s] Level 1:colcon.colcon_core.package_identification:_identify(created_model_NXPCUP_2026.v2-v1_yolov8) by extension 'cmake'
[0.233s] Level 1:colcon.colcon_core.package_identification:_identify(created_model_NXPCUP_2026.v2-v1_yolov8) by extension 'python'
[0.233s] Level 1:colcon.colcon_core.package_identification:_identify(created_model_NXPCUP_2026.v2-v1_yolov8) by extensions ['python_setup_py']
[0.233s] Level 1:colcon.colcon_core.package_identification:_identify(created_model_NXPCUP_2026.v2-v1_yolov8) by extension 'python_setup_py'
[0.233s] Level 1:colcon.colcon_core.package_identification:_identify(created_model_NXPCUP_2026.v2-v1_yolov8/content) by extensions ['ignore', 'ignore_ament_install']
[0.233s] Level 1:colcon.colcon_core.package_identification:_identify(created_model_NXPCUP_2026.v2-v1_yolov8/content) by extension 'ignore'
[0.233s] Level 1:colcon.colcon_core.package_identification:_identify(created_model_NXPCUP_2026.v2-v1_yolov8/content) by extension 'ignore_ament_install'
[0.233s] Level 1:colcon.colcon_core.package_identification:_identify(created_model_NXPCUP_2026.v2-v1_yolov8/content) by extensions ['colcon_pkg']
[0.233s] Level 1:colcon.colcon_core.package_identification:_identify(created_model_NXPCUP_2026.v2-v1_yolov8/content) by extension 'colcon_pkg'
[0.233s] Level 1:colcon.colcon_core.package_identification:_identify(created_model_NXPCUP_2026.v2-v1_yolov8/content) by extensions ['colcon_meta']
[0.233s] Level 1:colcon.colcon_core.package_identification:_identify(created_model_NXPCUP_2026.v2-v1_yolov8/content) by extension 'colcon_meta'
[0.233s] Level 1:colcon.colcon_core.package_identification:_identify(created_model_NXPCUP_2026.v2-v1_yolov8/content) by extensions ['ros']
[0.233s] Level 1:colcon.colcon_core.package_identification:_identify(created_model_NXPCUP_2026.v2-v1_yolov8/content) by extension 'ros'
[0.233s] Level 1:colcon.colcon_core.package_identification:_identify(created_model_NXPCUP_2026.v2-v1_yolov8/content) by extensions ['cmake', 'python']
[0.233s] Level 1:colcon.colcon_core.package_identification:_identify(created_model_NXPCUP_2026.v2-v1_yolov8/content) by extension 'cmake'
[0.234s] Level 1:colcon.colcon_core.package_identification:_identify(created_model_NXPCUP_2026.v2-v1_yolov8/content) by extension 'python'
[0.234s] Level 1:colcon.colcon_core.package_identification:_identify(created_model_NXPCUP_2026.v2-v1_yolov8/content) by extensions ['python_setup_py']
[0.234s] Level 1:colcon.colcon_core.package_identification:_identify(created_model_NXPCUP_2026.v2-v1_yolov8/content) by extension 'python_setup_py'
[0.234s] Level 1:colcon.colcon_core.package_identification:_identify(created_model_NXPCUP_2026.v2-v1_yolov8/content/NXPCUP_2026.v2-v1_a.yolov8) by extensions ['ignore', 'ignore_ament_install']
[0.234s] Level 1:colcon.colcon_core.package_identification:_identify(created_model_NXPCUP_2026.v2-v1_yolov8/content/NXPCUP_2026.v2-v1_a.yolov8) by extension 'ignore'
[0.234s] Level 1:colcon.colcon_core.package_identification:_identify(created_model_NXPCUP_2026.v2-v1_yolov8/content/NXPCUP_2026.v2-v1_a.yolov8) by extension 'ignore_ament_install'
[0.234s] Level 1:colcon.colcon_core.package_identification:_identify(created_model_NXPCUP_2026.v2-v1_yolov8/content/NXPCUP_2026.v2-v1_a.yolov8) by extensions ['colcon_pkg']
[0.234s] Level 1:colcon.colcon_core.package_identification:_identify(created_model_NXPCUP_2026.v2-v1_yolov8/content/NXPCUP_2026.v2-v1_a.yolov8) by extension 'colcon_pkg'
[0.234s] Level 1:colcon.colcon_core.package_identification:_identify(created_model_NXPCUP_2026.v2-v1_yolov8/content/NXPCUP_2026.v2-v1_a.yolov8) by extensions ['colcon_meta']
[0.234s] Level 1:colcon.colcon_core.package_identification:_identify(created_model_NXPCUP_2026.v2-v1_yolov8/content/NXPCUP_2026.v2-v1_a.yolov8) by extension 'colcon_meta'
[0.234s] Level 1:colcon.colcon_core.package_identification:_identify(created_model_NXPCUP_2026.v2-v1_yolov8/content/NXPCUP_2026.v2-v1_a.yolov8) by extensions ['ros']
[0.234s] Level 1:colcon.colcon_core.package_identification:_identify(created_model_NXPCUP_2026.v2-v1_yolov8/content/NXPCUP_2026.v2-v1_a.yolov8) by extension 'ros'
[0.234s] Level 1:colcon.colcon_core.package_identification:_identify(created_model_NXPCUP_2026.v2-v1_yolov8/content/NXPCUP_2026.v2-v1_a.yolov8) by extensions ['cmake', 'python']
[0.234s] Level 1:colcon.colcon_core.package_identification:_identify(created_model_NXPCUP_2026.v2-v1_yolov8/content/NXPCUP_2026.v2-v1_a.yolov8) by extension 'cmake'
[0.234s] Level 1:colcon.colcon_core.package_identification:_identify(created_model_NXPCUP_2026.v2-v1_yolov8/content/NXPCUP_2026.v2-v1_a.yolov8) by extension 'python'
[0.234s] Level 1:colcon.colcon_core.package_identification:_identify(created_model_NXPCUP_2026.v2-v1_yolov8/content/NXPCUP_2026.v2-v1_a.yolov8) by extensions ['python_setup_py']
[0.234s] Level 1:colcon.colcon_core.package_identification:_identify(created_model_NXPCUP_2026.v2-v1_yolov8/content/NXPCUP_2026.v2-v1_a.yolov8) by extension 'python_setup_py'
[0.234s] Level 1:colcon.colcon_core.package_identification:_identify(created_model_NXPCUP_2026.v2-v1_yolov8/content/NXPCUP_2026.v2-v1_a.yolov8/configs) by extensions ['ignore', 'ignore_ament_install']
[0.234s] Level 1:colcon.colcon_core.package_identification:_identify(created_model_NXPCUP_2026.v2-v1_yolov8/content/NXPCUP_2026.v2-v1_a.yolov8/configs) by extension 'ignore'
[0.234s] Level 1:colcon.colcon_core.package_identification:_identify(created_model_NXPCUP_2026.v2-v1_yolov8/content/NXPCUP_2026.v2-v1_a.yolov8/configs) by extension 'ignore_ament_install'
[0.234s] Level 1:colcon.colcon_core.package_identification:_identify(created_model_NXPCUP_2026.v2-v1_yolov8/content/NXPCUP_2026.v2-v1_a.yolov8/configs) by extensions ['colcon_pkg']
[0.234s] Level 1:colcon.colcon_core.package_identification:_identify(created_model_NXPCUP_2026.v2-v1_yolov8/content/NXPCUP_2026.v2-v1_a.yolov8/configs) by extension 'colcon_pkg'
[0.234s] Level 1:colcon.colcon_core.package_identification:_identify(created_model_NXPCUP_2026.v2-v1_yolov8/content/NXPCUP_2026.v2-v1_a.yolov8/configs) by extensions ['colcon_meta']
[0.234s] Level 1:colcon.colcon_core.package_identification:_identify(created_model_NXPCUP_2026.v2-v1_yolov8/content/NXPCUP_2026.v2-v1_a.yolov8/configs) by extension 'colcon_meta'
[0.234s] Level 1:colcon.colcon_core.package_identification:_identify(created_model_NXPCUP_2026.v2-v1_yolov8/content/NXPCUP_2026.v2-v1_a.yolov8/configs) by extensions ['ros']
[0.234s] Level 1:colcon.colcon_core.package_identification:_identify(created_model_NXPCUP_2026.v2-v1_yolov8/content/NXPCUP_2026.v2-v1_a.yolov8/configs) by extension 'ros'
[0.234s] Level 1:colcon.colcon_core.package_identification:_identify(created_model_NXPCUP_2026.v2-v1_yolov8/content/NXPCUP_2026.v2-v1_a.yolov8/configs) by extensions ['cmake', 'python']
[0.234s] Level 1:colcon.colcon_core.package_identification:_identify(created_model_NXPCUP_2026.v2-v1_yolov8/content/NXPCUP_2026.v2-v1_a.yolov8/configs) by extension 'cmake'
[0.234s] Level 1:colcon.colcon_core.package_identification:_identify(created_model_NXPCUP_2026.v2-v1_yolov8/content/NXPCUP_2026.v2-v1_a.yolov8/configs) by extension 'python'
[0.234s] Level 1:colcon.colcon_core.package_identification:_identify(created_model_NXPCUP_2026.v2-v1_yolov8/content/NXPCUP_2026.v2-v1_a.yolov8/configs) by extensions ['python_setup_py']
[0.234s] Level 1:colcon.colcon_core.package_identification:_identify(created_model_NXPCUP_2026.v2-v1_yolov8/content/NXPCUP_2026.v2-v1_a.yolov8/configs) by extension 'python_setup_py'
[0.234s] Level 1:colcon.colcon_core.package_identification:_identify(created_model_NXPCUP_2026.v2-v1_yolov8/content/NXPCUP_2026.v2-v1_a.yolov8/docs) by extensions ['ignore', 'ignore_ament_install']
[0.234s] Level 1:colcon.colcon_core.package_identification:_identify(created_model_NXPCUP_2026.v2-v1_yolov8/content/NXPCUP_2026.v2-v1_a.yolov8/docs) by extension 'ignore'
[0.234s] Level 1:colcon.colcon_core.package_identification:_identify(created_model_NXPCUP_2026.v2-v1_yolov8/content/NXPCUP_2026.v2-v1_a.yolov8/docs) by extension 'ignore_ament_install'
[0.234s] Level 1:colcon.colcon_core.package_identification:_identify(created_model_NXPCUP_2026.v2-v1_yolov8/content/NXPCUP_2026.v2-v1_a.yolov8/docs) by extensions ['colcon_pkg']
[0.234s] Level 1:colcon.colcon_core.package_identification:_identify(created_model_NXPCUP_2026.v2-v1_yolov8/content/NXPCUP_2026.v2-v1_a.yolov8/docs) by extension 'colcon_pkg'
[0.234s] Level 1:colcon.colcon_core.package_identification:_identify(created_model_NXPCUP_2026.v2-v1_yolov8/content/NXPCUP_2026.v2-v1_a.yolov8/docs) by extensions ['colcon_meta']
[0.234s] Level 1:colcon.colcon_core.package_identification:_identify(created_model_NXPCUP_2026.v2-v1_yolov8/content/NXPCUP_2026.v2-v1_a.yolov8/docs) by extension 'colcon_meta'
[0.234s] Level 1:colcon.colcon_core.package_identification:_identify(created_model_NXPCUP_2026.v2-v1_yolov8/content/NXPCUP_2026.v2-v1_a.yolov8/docs) by extensions ['ros']
[0.235s] Level 1:colcon.colcon_core.package_identification:_identify(created_model_NXPCUP_2026.v2-v1_yolov8/content/NXPCUP_2026.v2-v1_a.yolov8/docs) by extension 'ros'
[0.235s] Level 1:colcon.colcon_core.package_identification:_identify(created_model_NXPCUP_2026.v2-v1_yolov8/content/NXPCUP_2026.v2-v1_a.yolov8/docs) by extensions ['cmake', 'python']
[0.235s] Level 1:colcon.colcon_core.package_identification:_identify(created_model_NXPCUP_2026.v2-v1_yolov8/content/NXPCUP_2026.v2-v1_a.yolov8/docs) by extension 'cmake'
[0.235s] Level 1:colcon.colcon_core.package_identification:_identify(created_model_NXPCUP_2026.v2-v1_yolov8/content/NXPCUP_2026.v2-v1_a.yolov8/docs) by extension 'python'
[0.235s] Level 1:colcon.colcon_core.package_identification:_identify(created_model_NXPCUP_2026.v2-v1_yolov8/content/NXPCUP_2026.v2-v1_a.yolov8/docs) by extensions ['python_setup_py']
[0.235s] Level 1:colcon.colcon_core.package_identification:_identify(created_model_NXPCUP_2026.v2-v1_yolov8/content/NXPCUP_2026.v2-v1_a.yolov8/docs) by extension 'python_setup_py'
[0.235s] Level 1:colcon.colcon_core.package_identification:_identify(created_model_NXPCUP_2026.v2-v1_yolov8/content/NXPCUP_2026.v2-v1_a.yolov8/exports) by extensions ['ignore', 'ignore_ament_install']
[0.235s] Level 1:colcon.colcon_core.package_identification:_identify(created_model_NXPCUP_2026.v2-v1_yolov8/content/NXPCUP_2026.v2-v1_a.yolov8/exports) by extension 'ignore'
[0.235s] Level 1:colcon.colcon_core.package_identification:_identify(created_model_NXPCUP_2026.v2-v1_yolov8/content/NXPCUP_2026.v2-v1_a.yolov8/exports) by extension 'ignore_ament_install'
[0.235s] Level 1:colcon.colcon_core.package_identification:_identify(created_model_NXPCUP_2026.v2-v1_yolov8/content/NXPCUP_2026.v2-v1_a.yolov8/exports) by extensions ['colcon_pkg']
[0.235s] Level 1:colcon.colcon_core.package_identification:_identify(created_model_NXPCUP_2026.v2-v1_yolov8/content/NXPCUP_2026.v2-v1_a.yolov8/exports) by extension 'colcon_pkg'
[0.235s] Level 1:colcon.colcon_core.package_identification:_identify(created_model_NXPCUP_2026.v2-v1_yolov8/content/NXPCUP_2026.v2-v1_a.yolov8/exports) by extensions ['colcon_meta']
[0.235s] Level 1:colcon.colcon_core.package_identification:_identify(created_model_NXPCUP_2026.v2-v1_yolov8/content/NXPCUP_2026.v2-v1_a.yolov8/exports) by extension 'colcon_meta'
[0.235s] Level 1:colcon.colcon_core.package_identification:_identify(created_model_NXPCUP_2026.v2-v1_yolov8/content/NXPCUP_2026.v2-v1_a.yolov8/exports) by extensions ['ros']
[0.235s] Level 1:colcon.colcon_core.package_identification:_identify(created_model_NXPCUP_2026.v2-v1_yolov8/content/NXPCUP_2026.v2-v1_a.yolov8/exports) by extension 'ros'
[0.235s] Level 1:colcon.colcon_core.package_identification:_identify(created_model_NXPCUP_2026.v2-v1_yolov8/content/NXPCUP_2026.v2-v1_a.yolov8/exports) by extensions ['cmake', 'python']
[0.235s] Level 1:colcon.colcon_core.package_identification:_identify(created_model_NXPCUP_2026.v2-v1_yolov8/content/NXPCUP_2026.v2-v1_a.yolov8/exports) by extension 'cmake'
[0.235s] Level 1:colcon.colcon_core.package_identification:_identify(created_model_NXPCUP_2026.v2-v1_yolov8/content/NXPCUP_2026.v2-v1_a.yolov8/exports) by extension 'python'
[0.235s] Level 1:colcon.colcon_core.package_identification:_identify(created_model_NXPCUP_2026.v2-v1_yolov8/content/NXPCUP_2026.v2-v1_a.yolov8/exports) by extensions ['python_setup_py']
[0.235s] Level 1:colcon.colcon_core.package_identification:_identify(created_model_NXPCUP_2026.v2-v1_yolov8/content/NXPCUP_2026.v2-v1_a.yolov8/exports) by extension 'python_setup_py'
[0.235s] Level 1:colcon.colcon_core.package_identification:_identify(created_model_NXPCUP_2026.v2-v1_yolov8/content/NXPCUP_2026.v2-v1_a.yolov8/inference) by extensions ['ignore', 'ignore_ament_install']
[0.235s] Level 1:colcon.colcon_core.package_identification:_identify(created_model_NXPCUP_2026.v2-v1_yolov8/content/NXPCUP_2026.v2-v1_a.yolov8/inference) by extension 'ignore'
[0.235s] Level 1:colcon.colcon_core.package_identification:_identify(created_model_NXPCUP_2026.v2-v1_yolov8/content/NXPCUP_2026.v2-v1_a.yolov8/inference) by extension 'ignore_ament_install'
[0.235s] Level 1:colcon.colcon_core.package_identification:_identify(created_model_NXPCUP_2026.v2-v1_yolov8/content/NXPCUP_2026.v2-v1_a.yolov8/inference) by extensions ['colcon_pkg']
[0.235s] Level 1:colcon.colcon_core.package_identification:_identify(created_model_NXPCUP_2026.v2-v1_yolov8/content/NXPCUP_2026.v2-v1_a.yolov8/inference) by extension 'colcon_pkg'
[0.235s] Level 1:colcon.colcon_core.package_identification:_identify(created_model_NXPCUP_2026.v2-v1_yolov8/content/NXPCUP_2026.v2-v1_a.yolov8/inference) by extensions ['colcon_meta']
[0.235s] Level 1:colcon.colcon_core.package_identification:_identify(created_model_NXPCUP_2026.v2-v1_yolov8/content/NXPCUP_2026.v2-v1_a.yolov8/inference) by extension 'colcon_meta'
[0.235s] Level 1:colcon.colcon_core.package_identification:_identify(created_model_NXPCUP_2026.v2-v1_yolov8/content/NXPCUP_2026.v2-v1_a.yolov8/inference) by extensions ['ros']
[0.235s] Level 1:colcon.colcon_core.package_identification:_identify(created_model_NXPCUP_2026.v2-v1_yolov8/content/NXPCUP_2026.v2-v1_a.yolov8/inference) by extension 'ros'
[0.235s] Level 1:colcon.colcon_core.package_identification:_identify(created_model_NXPCUP_2026.v2-v1_yolov8/content/NXPCUP_2026.v2-v1_a.yolov8/inference) by extensions ['cmake', 'python']
[0.235s] Level 1:colcon.colcon_core.package_identification:_identify(created_model_NXPCUP_2026.v2-v1_yolov8/content/NXPCUP_2026.v2-v1_a.yolov8/inference) by extension 'cmake'
[0.235s] Level 1:colcon.colcon_core.package_identification:_identify(created_model_NXPCUP_2026.v2-v1_yolov8/content/NXPCUP_2026.v2-v1_a.yolov8/inference) by extension 'python'
[0.235s] Level 1:colcon.colcon_core.package_identification:_identify(created_model_NXPCUP_2026.v2-v1_yolov8/content/NXPCUP_2026.v2-v1_a.yolov8/inference) by extensions ['python_setup_py']
[0.235s] Level 1:colcon.colcon_core.package_identification:_identify(created_model_NXPCUP_2026.v2-v1_yolov8/content/NXPCUP_2026.v2-v1_a.yolov8/inference) by extension 'python_setup_py'
[0.235s] Level 1:colcon.colcon_core.package_identification:_identify(created_model_NXPCUP_2026.v2-v1_yolov8/content/NXPCUP_2026.v2-v1_a.yolov8/logs) by extensions ['ignore', 'ignore_ament_install']
[0.235s] Level 1:colcon.colcon_core.package_identification:_identify(created_model_NXPCUP_2026.v2-v1_yolov8/content/NXPCUP_2026.v2-v1_a.yolov8/logs) by extension 'ignore'
[0.235s] Level 1:colcon.colcon_core.package_identification:_identify(created_model_NXPCUP_2026.v2-v1_yolov8/content/NXPCUP_2026.v2-v1_a.yolov8/logs) by extension 'ignore_ament_install'
[0.235s] Level 1:colcon.colcon_core.package_identification:_identify(created_model_NXPCUP_2026.v2-v1_yolov8/content/NXPCUP_2026.v2-v1_a.yolov8/logs) by extensions ['colcon_pkg']
[0.235s] Level 1:colcon.colcon_core.package_identification:_identify(created_model_NXPCUP_2026.v2-v1_yolov8/content/NXPCUP_2026.v2-v1_a.yolov8/logs) by extension 'colcon_pkg'
[0.236s] Level 1:colcon.colcon_core.package_identification:_identify(created_model_NXPCUP_2026.v2-v1_yolov8/content/NXPCUP_2026.v2-v1_a.yolov8/logs) by extensions ['colcon_meta']
[0.236s] Level 1:colcon.colcon_core.package_identification:_identify(created_model_NXPCUP_2026.v2-v1_yolov8/content/NXPCUP_2026.v2-v1_a.yolov8/logs) by extension 'colcon_meta'
[0.236s] Level 1:colcon.colcon_core.package_identification:_identify(created_model_NXPCUP_2026.v2-v1_yolov8/content/NXPCUP_2026.v2-v1_a.yolov8/logs) by extensions ['ros']
[0.236s] Level 1:colcon.colcon_core.package_identification:_identify(created_model_NXPCUP_2026.v2-v1_yolov8/content/NXPCUP_2026.v2-v1_a.yolov8/logs) by extension 'ros'
[0.236s] Level 1:colcon.colcon_core.package_identification:_identify(created_model_NXPCUP_2026.v2-v1_yolov8/content/NXPCUP_2026.v2-v1_a.yolov8/logs) by extensions ['cmake', 'python']
[0.236s] Level 1:colcon.colcon_core.package_identification:_identify(created_model_NXPCUP_2026.v2-v1_yolov8/content/NXPCUP_2026.v2-v1_a.yolov8/logs) by extension 'cmake'
[0.236s] Level 1:colcon.colcon_core.package_identification:_identify(created_model_NXPCUP_2026.v2-v1_yolov8/content/NXPCUP_2026.v2-v1_a.yolov8/logs) by extension 'python'
[0.236s] Level 1:colcon.colcon_core.package_identification:_identify(created_model_NXPCUP_2026.v2-v1_yolov8/content/NXPCUP_2026.v2-v1_a.yolov8/logs) by extensions ['python_setup_py']
[0.236s] Level 1:colcon.colcon_core.package_identification:_identify(created_model_NXPCUP_2026.v2-v1_yolov8/content/NXPCUP_2026.v2-v1_a.yolov8/logs) by extension 'python_setup_py'
[0.236s] Level 1:colcon.colcon_core.package_identification:_identify(created_model_NXPCUP_2026.v2-v1_yolov8/content/NXPCUP_2026.v2-v1_a.yolov8/models) by extensions ['ignore', 'ignore_ament_install']
[0.236s] Level 1:colcon.colcon_core.package_identification:_identify(created_model_NXPCUP_2026.v2-v1_yolov8/content/NXPCUP_2026.v2-v1_a.yolov8/models) by extension 'ignore'
[0.236s] Level 1:colcon.colcon_core.package_identification:_identify(created_model_NXPCUP_2026.v2-v1_yolov8/content/NXPCUP_2026.v2-v1_a.yolov8/models) by extension 'ignore_ament_install'
[0.236s] Level 1:colcon.colcon_core.package_identification:_identify(created_model_NXPCUP_2026.v2-v1_yolov8/content/NXPCUP_2026.v2-v1_a.yolov8/models) by extensions ['colcon_pkg']
[0.236s] Level 1:colcon.colcon_core.package_identification:_identify(created_model_NXPCUP_2026.v2-v1_yolov8/content/NXPCUP_2026.v2-v1_a.yolov8/models) by extension 'colcon_pkg'
[0.236s] Level 1:colcon.colcon_core.package_identification:_identify(created_model_NXPCUP_2026.v2-v1_yolov8/content/NXPCUP_2026.v2-v1_a.yolov8/models) by extensions ['colcon_meta']
[0.236s] Level 1:colcon.colcon_core.package_identification:_identify(created_model_NXPCUP_2026.v2-v1_yolov8/content/NXPCUP_2026.v2-v1_a.yolov8/models) by extension 'colcon_meta'
[0.236s] Level 1:colcon.colcon_core.package_identification:_identify(created_model_NXPCUP_2026.v2-v1_yolov8/content/NXPCUP_2026.v2-v1_a.yolov8/models) by extensions ['ros']
[0.236s] Level 1:colcon.colcon_core.package_identification:_identify(created_model_NXPCUP_2026.v2-v1_yolov8/content/NXPCUP_2026.v2-v1_a.yolov8/models) by extension 'ros'
[0.236s] Level 1:colcon.colcon_core.package_identification:_identify(created_model_NXPCUP_2026.v2-v1_yolov8/content/NXPCUP_2026.v2-v1_a.yolov8/models) by extensions ['cmake', 'python']
[0.236s] Level 1:colcon.colcon_core.package_identification:_identify(created_model_NXPCUP_2026.v2-v1_yolov8/content/NXPCUP_2026.v2-v1_a.yolov8/models) by extension 'cmake'
[0.236s] Level 1:colcon.colcon_core.package_identification:_identify(created_model_NXPCUP_2026.v2-v1_yolov8/content/NXPCUP_2026.v2-v1_a.yolov8/models) by extension 'python'
[0.236s] Level 1:colcon.colcon_core.package_identification:_identify(created_model_NXPCUP_2026.v2-v1_yolov8/content/NXPCUP_2026.v2-v1_a.yolov8/models) by extensions ['python_setup_py']
[0.236s] Level 1:colcon.colcon_core.package_identification:_identify(created_model_NXPCUP_2026.v2-v1_yolov8/content/NXPCUP_2026.v2-v1_a.yolov8/models) by extension 'python_setup_py'
[0.236s] Level 1:colcon.colcon_core.package_identification:_identify(created_model_NXPCUP_2026.v2-v1_yolov8/content/NXPCUP_2026.v2-v1_a.yolov8/reports) by extensions ['ignore', 'ignore_ament_install']
[0.236s] Level 1:colcon.colcon_core.package_identification:_identify(created_model_NXPCUP_2026.v2-v1_yolov8/content/NXPCUP_2026.v2-v1_a.yolov8/reports) by extension 'ignore'
[0.236s] Level 1:colcon.colcon_core.package_identification:_identify(created_model_NXPCUP_2026.v2-v1_yolov8/content/NXPCUP_2026.v2-v1_a.yolov8/reports) by extension 'ignore_ament_install'
[0.236s] Level 1:colcon.colcon_core.package_identification:_identify(created_model_NXPCUP_2026.v2-v1_yolov8/content/NXPCUP_2026.v2-v1_a.yolov8/reports) by extensions ['colcon_pkg']
[0.236s] Level 1:colcon.colcon_core.package_identification:_identify(created_model_NXPCUP_2026.v2-v1_yolov8/content/NXPCUP_2026.v2-v1_a.yolov8/reports) by extension 'colcon_pkg'
[0.236s] Level 1:colcon.colcon_core.package_identification:_identify(created_model_NXPCUP_2026.v2-v1_yolov8/content/NXPCUP_2026.v2-v1_a.yolov8/reports) by extensions ['colcon_meta']
[0.236s] Level 1:colcon.colcon_core.package_identification:_identify(created_model_NXPCUP_2026.v2-v1_yolov8/content/NXPCUP_2026.v2-v1_a.yolov8/reports) by extension 'colcon_meta'
[0.236s] Level 1:colcon.colcon_core.package_identification:_identify(created_model_NXPCUP_2026.v2-v1_yolov8/content/NXPCUP_2026.v2-v1_a.yolov8/reports) by extensions ['ros']
[0.236s] Level 1:colcon.colcon_core.package_identification:_identify(created_model_NXPCUP_2026.v2-v1_yolov8/content/NXPCUP_2026.v2-v1_a.yolov8/reports) by extension 'ros'
[0.236s] Level 1:colcon.colcon_core.package_identification:_identify(created_model_NXPCUP_2026.v2-v1_yolov8/content/NXPCUP_2026.v2-v1_a.yolov8/reports) by extensions ['cmake', 'python']
[0.236s] Level 1:colcon.colcon_core.package_identification:_identify(created_model_NXPCUP_2026.v2-v1_yolov8/content/NXPCUP_2026.v2-v1_a.yolov8/reports) by extension 'cmake'
[0.236s] Level 1:colcon.colcon_core.package_identification:_identify(created_model_NXPCUP_2026.v2-v1_yolov8/content/NXPCUP_2026.v2-v1_a.yolov8/reports) by extension 'python'
[0.236s] Level 1:colcon.colcon_core.package_identification:_identify(created_model_NXPCUP_2026.v2-v1_yolov8/content/NXPCUP_2026.v2-v1_a.yolov8/reports) by extensions ['python_setup_py']
[0.236s] Level 1:colcon.colcon_core.package_identification:_identify(created_model_NXPCUP_2026.v2-v1_yolov8/content/NXPCUP_2026.v2-v1_a.yolov8/reports) by extension 'python_setup_py'
[0.236s] Level 1:colcon.colcon_core.package_identification:_identify(created_model_NXPCUP_2026.v2-v1_yolov8/content/NXPCUP_2026.v2-v1_a.yolov8/results) by extensions ['ignore', 'ignore_ament_install']
[0.236s] Level 1:colcon.colcon_core.package_identification:_identify(created_model_NXPCUP_2026.v2-v1_yolov8/content/NXPCUP_2026.v2-v1_a.yolov8/results) by extension 'ignore'
[0.237s] Level 1:colcon.colcon_core.package_identification:_identify(created_model_NXPCUP_2026.v2-v1_yolov8/content/NXPCUP_2026.v2-v1_a.yolov8/results) by extension 'ignore_ament_install'
[0.237s] Level 1:colcon.colcon_core.package_identification:_identify(created_model_NXPCUP_2026.v2-v1_yolov8/content/NXPCUP_2026.v2-v1_a.yolov8/results) by extensions ['colcon_pkg']
[0.237s] Level 1:colcon.colcon_core.package_identification:_identify(created_model_NXPCUP_2026.v2-v1_yolov8/content/NXPCUP_2026.v2-v1_a.yolov8/results) by extension 'colcon_pkg'
[0.237s] Level 1:colcon.colcon_core.package_identification:_identify(created_model_NXPCUP_2026.v2-v1_yolov8/content/NXPCUP_2026.v2-v1_a.yolov8/results) by extensions ['colcon_meta']
[0.237s] Level 1:colcon.colcon_core.package_identification:_identify(created_model_NXPCUP_2026.v2-v1_yolov8/content/NXPCUP_2026.v2-v1_a.yolov8/results) by extension 'colcon_meta'
[0.237s] Level 1:colcon.colcon_core.package_identification:_identify(created_model_NXPCUP_2026.v2-v1_yolov8/content/NXPCUP_2026.v2-v1_a.yolov8/results) by extensions ['ros']
[0.237s] Level 1:colcon.colcon_core.package_identification:_identify(created_model_NXPCUP_2026.v2-v1_yolov8/content/NXPCUP_2026.v2-v1_a.yolov8/results) by extension 'ros'
[0.237s] Level 1:colcon.colcon_core.package_identification:_identify(created_model_NXPCUP_2026.v2-v1_yolov8/content/NXPCUP_2026.v2-v1_a.yolov8/results) by extensions ['cmake', 'python']
[0.237s] Level 1:colcon.colcon_core.package_identification:_identify(created_model_NXPCUP_2026.v2-v1_yolov8/content/NXPCUP_2026.v2-v1_a.yolov8/results) by extension 'cmake'
[0.237s] Level 1:colcon.colcon_core.package_identification:_identify(created_model_NXPCUP_2026.v2-v1_yolov8/content/NXPCUP_2026.v2-v1_a.yolov8/results) by extension 'python'
[0.237s] Level 1:colcon.colcon_core.package_identification:_identify(created_model_NXPCUP_2026.v2-v1_yolov8/content/NXPCUP_2026.v2-v1_a.yolov8/results) by extensions ['python_setup_py']
[0.237s] Level 1:colcon.colcon_core.package_identification:_identify(created_model_NXPCUP_2026.v2-v1_yolov8/content/NXPCUP_2026.v2-v1_a.yolov8/results) by extension 'python_setup_py'
[0.237s] Level 1:colcon.colcon_core.package_identification:_identify(created_model_NXPCUP_2026.v2-v1_yolov8/content/NXPCUP_2026.v2-v1_a.yolov8/runs) by extensions ['ignore', 'ignore_ament_install']
[0.237s] Level 1:colcon.colcon_core.package_identification:_identify(created_model_NXPCUP_2026.v2-v1_yolov8/content/NXPCUP_2026.v2-v1_a.yolov8/runs) by extension 'ignore'
[0.237s] Level 1:colcon.colcon_core.package_identification:_identify(created_model_NXPCUP_2026.v2-v1_yolov8/content/NXPCUP_2026.v2-v1_a.yolov8/runs) by extension 'ignore_ament_install'
[0.237s] Level 1:colcon.colcon_core.package_identification:_identify(created_model_NXPCUP_2026.v2-v1_yolov8/content/NXPCUP_2026.v2-v1_a.yolov8/runs) by extensions ['colcon_pkg']
[0.237s] Level 1:colcon.colcon_core.package_identification:_identify(created_model_NXPCUP_2026.v2-v1_yolov8/content/NXPCUP_2026.v2-v1_a.yolov8/runs) by extension 'colcon_pkg'
[0.237s] Level 1:colcon.colcon_core.package_identification:_identify(created_model_NXPCUP_2026.v2-v1_yolov8/content/NXPCUP_2026.v2-v1_a.yolov8/runs) by extensions ['colcon_meta']
[0.237s] Level 1:colcon.colcon_core.package_identification:_identify(created_model_NXPCUP_2026.v2-v1_yolov8/content/NXPCUP_2026.v2-v1_a.yolov8/runs) by extension 'colcon_meta'
[0.237s] Level 1:colcon.colcon_core.package_identification:_identify(created_model_NXPCUP_2026.v2-v1_yolov8/content/NXPCUP_2026.v2-v1_a.yolov8/runs) by extensions ['ros']
[0.237s] Level 1:colcon.colcon_core.package_identification:_identify(created_model_NXPCUP_2026.v2-v1_yolov8/content/NXPCUP_2026.v2-v1_a.yolov8/runs) by extension 'ros'
[0.237s] Level 1:colcon.colcon_core.package_identification:_identify(created_model_NXPCUP_2026.v2-v1_yolov8/content/NXPCUP_2026.v2-v1_a.yolov8/runs) by extensions ['cmake', 'python']
[0.237s] Level 1:colcon.colcon_core.package_identification:_identify(created_model_NXPCUP_2026.v2-v1_yolov8/content/NXPCUP_2026.v2-v1_a.yolov8/runs) by extension 'cmake'
[0.237s] Level 1:colcon.colcon_core.package_identification:_identify(created_model_NXPCUP_2026.v2-v1_yolov8/content/NXPCUP_2026.v2-v1_a.yolov8/runs) by extension 'python'
[0.237s] Level 1:colcon.colcon_core.package_identification:_identify(created_model_NXPCUP_2026.v2-v1_yolov8/content/NXPCUP_2026.v2-v1_a.yolov8/runs) by extensions ['python_setup_py']
[0.237s] Level 1:colcon.colcon_core.package_identification:_identify(created_model_NXPCUP_2026.v2-v1_yolov8/content/NXPCUP_2026.v2-v1_a.yolov8/runs) by extension 'python_setup_py'
[0.237s] Level 1:colcon.colcon_core.package_identification:_identify(created_model_NXPCUP_2026.v2-v1_yolov8/content/NXPCUP_2026.v2-v1_a.yolov8/runs/eval) by extensions ['ignore', 'ignore_ament_install']
[0.237s] Level 1:colcon.colcon_core.package_identification:_identify(created_model_NXPCUP_2026.v2-v1_yolov8/content/NXPCUP_2026.v2-v1_a.yolov8/runs/eval) by extension 'ignore'
[0.237s] Level 1:colcon.colcon_core.package_identification:_identify(created_model_NXPCUP_2026.v2-v1_yolov8/content/NXPCUP_2026.v2-v1_a.yolov8/runs/eval) by extension 'ignore_ament_install'
[0.237s] Level 1:colcon.colcon_core.package_identification:_identify(created_model_NXPCUP_2026.v2-v1_yolov8/content/NXPCUP_2026.v2-v1_a.yolov8/runs/eval) by extensions ['colcon_pkg']
[0.237s] Level 1:colcon.colcon_core.package_identification:_identify(created_model_NXPCUP_2026.v2-v1_yolov8/content/NXPCUP_2026.v2-v1_a.yolov8/runs/eval) by extension 'colcon_pkg'
[0.237s] Level 1:colcon.colcon_core.package_identification:_identify(created_model_NXPCUP_2026.v2-v1_yolov8/content/NXPCUP_2026.v2-v1_a.yolov8/runs/eval) by extensions ['colcon_meta']
[0.237s] Level 1:colcon.colcon_core.package_identification:_identify(created_model_NXPCUP_2026.v2-v1_yolov8/content/NXPCUP_2026.v2-v1_a.yolov8/runs/eval) by extension 'colcon_meta'
[0.237s] Level 1:colcon.colcon_core.package_identification:_identify(created_model_NXPCUP_2026.v2-v1_yolov8/content/NXPCUP_2026.v2-v1_a.yolov8/runs/eval) by extensions ['ros']
[0.237s] Level 1:colcon.colcon_core.package_identification:_identify(created_model_NXPCUP_2026.v2-v1_yolov8/content/NXPCUP_2026.v2-v1_a.yolov8/runs/eval) by extension 'ros'
[0.237s] Level 1:colcon.colcon_core.package_identification:_identify(created_model_NXPCUP_2026.v2-v1_yolov8/content/NXPCUP_2026.v2-v1_a.yolov8/runs/eval) by extensions ['cmake', 'python']
[0.237s] Level 1:colcon.colcon_core.package_identification:_identify(created_model_NXPCUP_2026.v2-v1_yolov8/content/NXPCUP_2026.v2-v1_a.yolov8/runs/eval) by extension 'cmake'
[0.237s] Level 1:colcon.colcon_core.package_identification:_identify(created_model_NXPCUP_2026.v2-v1_yolov8/content/NXPCUP_2026.v2-v1_a.yolov8/runs/eval) by extension 'python'
[0.237s] Level 1:colcon.colcon_core.package_identification:_identify(created_model_NXPCUP_2026.v2-v1_yolov8/content/NXPCUP_2026.v2-v1_a.yolov8/runs/eval) by extensions ['python_setup_py']
[0.237s] Level 1:colcon.colcon_core.package_identification:_identify(created_model_NXPCUP_2026.v2-v1_yolov8/content/NXPCUP_2026.v2-v1_a.yolov8/runs/eval) by extension 'python_setup_py'
[0.238s] Level 1:colcon.colcon_core.package_identification:_identify(created_model_NXPCUP_2026.v2-v1_yolov8/content/NXPCUP_2026.v2-v1_a.yolov8/runs/eval/conf_sweep) by extensions ['ignore', 'ignore_ament_install']
[0.238s] Level 1:colcon.colcon_core.package_identification:_identify(created_model_NXPCUP_2026.v2-v1_yolov8/content/NXPCUP_2026.v2-v1_a.yolov8/runs/eval/conf_sweep) by extension 'ignore'
[0.238s] Level 1:colcon.colcon_core.package_identification:_identify(created_model_NXPCUP_2026.v2-v1_yolov8/content/NXPCUP_2026.v2-v1_a.yolov8/runs/eval/conf_sweep) by extension 'ignore_ament_install'
[0.238s] Level 1:colcon.colcon_core.package_identification:_identify(created_model_NXPCUP_2026.v2-v1_yolov8/content/NXPCUP_2026.v2-v1_a.yolov8/runs/eval/conf_sweep) by extensions ['colcon_pkg']
[0.238s] Level 1:colcon.colcon_core.package_identification:_identify(created_model_NXPCUP_2026.v2-v1_yolov8/content/NXPCUP_2026.v2-v1_a.yolov8/runs/eval/conf_sweep) by extension 'colcon_pkg'
[0.238s] Level 1:colcon.colcon_core.package_identification:_identify(created_model_NXPCUP_2026.v2-v1_yolov8/content/NXPCUP_2026.v2-v1_a.yolov8/runs/eval/conf_sweep) by extensions ['colcon_meta']
[0.238s] Level 1:colcon.colcon_core.package_identification:_identify(created_model_NXPCUP_2026.v2-v1_yolov8/content/NXPCUP_2026.v2-v1_a.yolov8/runs/eval/conf_sweep) by extension 'colcon_meta'
[0.238s] Level 1:colcon.colcon_core.package_identification:_identify(created_model_NXPCUP_2026.v2-v1_yolov8/content/NXPCUP_2026.v2-v1_a.yolov8/runs/eval/conf_sweep) by extensions ['ros']
[0.238s] Level 1:colcon.colcon_core.package_identification:_identify(created_model_NXPCUP_2026.v2-v1_yolov8/content/NXPCUP_2026.v2-v1_a.yolov8/runs/eval/conf_sweep) by extension 'ros'
[0.238s] Level 1:colcon.colcon_core.package_identification:_identify(created_model_NXPCUP_2026.v2-v1_yolov8/content/NXPCUP_2026.v2-v1_a.yolov8/runs/eval/conf_sweep) by extensions ['cmake', 'python']
[0.238s] Level 1:colcon.colcon_core.package_identification:_identify(created_model_NXPCUP_2026.v2-v1_yolov8/content/NXPCUP_2026.v2-v1_a.yolov8/runs/eval/conf_sweep) by extension 'cmake'
[0.238s] Level 1:colcon.colcon_core.package_identification:_identify(created_model_NXPCUP_2026.v2-v1_yolov8/content/NXPCUP_2026.v2-v1_a.yolov8/runs/eval/conf_sweep) by extension 'python'
[0.238s] Level 1:colcon.colcon_core.package_identification:_identify(created_model_NXPCUP_2026.v2-v1_yolov8/content/NXPCUP_2026.v2-v1_a.yolov8/runs/eval/conf_sweep) by extensions ['python_setup_py']
[0.238s] Level 1:colcon.colcon_core.package_identification:_identify(created_model_NXPCUP_2026.v2-v1_yolov8/content/NXPCUP_2026.v2-v1_a.yolov8/runs/eval/conf_sweep) by extension 'python_setup_py'
[0.238s] Level 1:colcon.colcon_core.package_identification:_identify(created_model_NXPCUP_2026.v2-v1_yolov8/content/NXPCUP_2026.v2-v1_a.yolov8/runs/eval/conf_sweep/conf_0.05) by extensions ['ignore', 'ignore_ament_install']
[0.238s] Level 1:colcon.colcon_core.package_identification:_identify(created_model_NXPCUP_2026.v2-v1_yolov8/content/NXPCUP_2026.v2-v1_a.yolov8/runs/eval/conf_sweep/conf_0.05) by extension 'ignore'
[0.238s] Level 1:colcon.colcon_core.package_identification:_identify(created_model_NXPCUP_2026.v2-v1_yolov8/content/NXPCUP_2026.v2-v1_a.yolov8/runs/eval/conf_sweep/conf_0.05) by extension 'ignore_ament_install'
[0.238s] Level 1:colcon.colcon_core.package_identification:_identify(created_model_NXPCUP_2026.v2-v1_yolov8/content/NXPCUP_2026.v2-v1_a.yolov8/runs/eval/conf_sweep/conf_0.05) by extensions ['colcon_pkg']
[0.238s] Level 1:colcon.colcon_core.package_identification:_identify(created_model_NXPCUP_2026.v2-v1_yolov8/content/NXPCUP_2026.v2-v1_a.yolov8/runs/eval/conf_sweep/conf_0.05) by extension 'colcon_pkg'
[0.238s] Level 1:colcon.colcon_core.package_identification:_identify(created_model_NXPCUP_2026.v2-v1_yolov8/content/NXPCUP_2026.v2-v1_a.yolov8/runs/eval/conf_sweep/conf_0.05) by extensions ['colcon_meta']
[0.238s] Level 1:colcon.colcon_core.package_identification:_identify(created_model_NXPCUP_2026.v2-v1_yolov8/content/NXPCUP_2026.v2-v1_a.yolov8/runs/eval/conf_sweep/conf_0.05) by extension 'colcon_meta'
[0.238s] Level 1:colcon.colcon_core.package_identification:_identify(created_model_NXPCUP_2026.v2-v1_yolov8/content/NXPCUP_2026.v2-v1_a.yolov8/runs/eval/conf_sweep/conf_0.05) by extensions ['ros']
[0.238s] Level 1:colcon.colcon_core.package_identification:_identify(created_model_NXPCUP_2026.v2-v1_yolov8/content/NXPCUP_2026.v2-v1_a.yolov8/runs/eval/conf_sweep/conf_0.05) by extension 'ros'
[0.238s] Level 1:colcon.colcon_core.package_identification:_identify(created_model_NXPCUP_2026.v2-v1_yolov8/content/NXPCUP_2026.v2-v1_a.yolov8/runs/eval/conf_sweep/conf_0.05) by extensions ['cmake', 'python']
[0.238s] Level 1:colcon.colcon_core.package_identification:_identify(created_model_NXPCUP_2026.v2-v1_yolov8/content/NXPCUP_2026.v2-v1_a.yolov8/runs/eval/conf_sweep/conf_0.05) by extension 'cmake'
[0.238s] Level 1:colcon.colcon_core.package_identification:_identify(created_model_NXPCUP_2026.v2-v1_yolov8/content/NXPCUP_2026.v2-v1_a.yolov8/runs/eval/conf_sweep/conf_0.05) by extension 'python'
[0.238s] Level 1:colcon.colcon_core.package_identification:_identify(created_model_NXPCUP_2026.v2-v1_yolov8/content/NXPCUP_2026.v2-v1_a.yolov8/runs/eval/conf_sweep/conf_0.05) by extensions ['python_setup_py']
[0.238s] Level 1:colcon.colcon_core.package_identification:_identify(created_model_NXPCUP_2026.v2-v1_yolov8/content/NXPCUP_2026.v2-v1_a.yolov8/runs/eval/conf_sweep/conf_0.05) by extension 'python_setup_py'
[0.238s] Level 1:colcon.colcon_core.package_identification:_identify(created_model_NXPCUP_2026.v2-v1_yolov8/content/NXPCUP_2026.v2-v1_a.yolov8/runs/eval/conf_sweep/conf_0.10) by extensions ['ignore', 'ignore_ament_install']
[0.238s] Level 1:colcon.colcon_core.package_identification:_identify(created_model_NXPCUP_2026.v2-v1_yolov8/content/NXPCUP_2026.v2-v1_a.yolov8/runs/eval/conf_sweep/conf_0.10) by extension 'ignore'
[0.238s] Level 1:colcon.colcon_core.package_identification:_identify(created_model_NXPCUP_2026.v2-v1_yolov8/content/NXPCUP_2026.v2-v1_a.yolov8/runs/eval/conf_sweep/conf_0.10) by extension 'ignore_ament_install'
[0.238s] Level 1:colcon.colcon_core.package_identification:_identify(created_model_NXPCUP_2026.v2-v1_yolov8/content/NXPCUP_2026.v2-v1_a.yolov8/runs/eval/conf_sweep/conf_0.10) by extensions ['colcon_pkg']
[0.238s] Level 1:colcon.colcon_core.package_identification:_identify(created_model_NXPCUP_2026.v2-v1_yolov8/content/NXPCUP_2026.v2-v1_a.yolov8/runs/eval/conf_sweep/conf_0.10) by extension 'colcon_pkg'
[0.238s] Level 1:colcon.colcon_core.package_identification:_identify(created_model_NXPCUP_2026.v2-v1_yolov8/content/NXPCUP_2026.v2-v1_a.yolov8/runs/eval/conf_sweep/conf_0.10) by extensions ['colcon_meta']
[0.238s] Level 1:colcon.colcon_core.package_identification:_identify(created_model_NXPCUP_2026.v2-v1_yolov8/content/NXPCUP_2026.v2-v1_a.yolov8/runs/eval/conf_sweep/conf_0.10) by extension 'colcon_meta'
[0.238s] Level 1:colcon.colcon_core.package_identification:_identify(created_model_NXPCUP_2026.v2-v1_yolov8/content/NXPCUP_2026.v2-v1_a.yolov8/runs/eval/conf_sweep/conf_0.10) by extensions ['ros']
[0.238s] Level 1:colcon.colcon_core.package_identification:_identify(created_model_NXPCUP_2026.v2-v1_yolov8/content/NXPCUP_2026.v2-v1_a.yolov8/runs/eval/conf_sweep/conf_0.10) by extension 'ros'
[0.239s] Level 1:colcon.colcon_core.package_identification:_identify(created_model_NXPCUP_2026.v2-v1_yolov8/content/NXPCUP_2026.v2-v1_a.yolov8/runs/eval/conf_sweep/conf_0.10) by extensions ['cmake', 'python']
[0.239s] Level 1:colcon.colcon_core.package_identification:_identify(created_model_NXPCUP_2026.v2-v1_yolov8/content/NXPCUP_2026.v2-v1_a.yolov8/runs/eval/conf_sweep/conf_0.10) by extension 'cmake'
[0.239s] Level 1:colcon.colcon_core.package_identification:_identify(created_model_NXPCUP_2026.v2-v1_yolov8/content/NXPCUP_2026.v2-v1_a.yolov8/runs/eval/conf_sweep/conf_0.10) by extension 'python'
[0.239s] Level 1:colcon.colcon_core.package_identification:_identify(created_model_NXPCUP_2026.v2-v1_yolov8/content/NXPCUP_2026.v2-v1_a.yolov8/runs/eval/conf_sweep/conf_0.10) by extensions ['python_setup_py']
[0.239s] Level 1:colcon.colcon_core.package_identification:_identify(created_model_NXPCUP_2026.v2-v1_yolov8/content/NXPCUP_2026.v2-v1_a.yolov8/runs/eval/conf_sweep/conf_0.10) by extension 'python_setup_py'
[0.239s] Level 1:colcon.colcon_core.package_identification:_identify(created_model_NXPCUP_2026.v2-v1_yolov8/content/NXPCUP_2026.v2-v1_a.yolov8/runs/eval/conf_sweep/conf_0.15) by extensions ['ignore', 'ignore_ament_install']
[0.239s] Level 1:colcon.colcon_core.package_identification:_identify(created_model_NXPCUP_2026.v2-v1_yolov8/content/NXPCUP_2026.v2-v1_a.yolov8/runs/eval/conf_sweep/conf_0.15) by extension 'ignore'
[0.239s] Level 1:colcon.colcon_core.package_identification:_identify(created_model_NXPCUP_2026.v2-v1_yolov8/content/NXPCUP_2026.v2-v1_a.yolov8/runs/eval/conf_sweep/conf_0.15) by extension 'ignore_ament_install'
[0.239s] Level 1:colcon.colcon_core.package_identification:_identify(created_model_NXPCUP_2026.v2-v1_yolov8/content/NXPCUP_2026.v2-v1_a.yolov8/runs/eval/conf_sweep/conf_0.15) by extensions ['colcon_pkg']
[0.239s] Level 1:colcon.colcon_core.package_identification:_identify(created_model_NXPCUP_2026.v2-v1_yolov8/content/NXPCUP_2026.v2-v1_a.yolov8/runs/eval/conf_sweep/conf_0.15) by extension 'colcon_pkg'
[0.239s] Level 1:colcon.colcon_core.package_identification:_identify(created_model_NXPCUP_2026.v2-v1_yolov8/content/NXPCUP_2026.v2-v1_a.yolov8/runs/eval/conf_sweep/conf_0.15) by extensions ['colcon_meta']
[0.239s] Level 1:colcon.colcon_core.package_identification:_identify(created_model_NXPCUP_2026.v2-v1_yolov8/content/NXPCUP_2026.v2-v1_a.yolov8/runs/eval/conf_sweep/conf_0.15) by extension 'colcon_meta'
[0.239s] Level 1:colcon.colcon_core.package_identification:_identify(created_model_NXPCUP_2026.v2-v1_yolov8/content/NXPCUP_2026.v2-v1_a.yolov8/runs/eval/conf_sweep/conf_0.15) by extensions ['ros']
[0.239s] Level 1:colcon.colcon_core.package_identification:_identify(created_model_NXPCUP_2026.v2-v1_yolov8/content/NXPCUP_2026.v2-v1_a.yolov8/runs/eval/conf_sweep/conf_0.15) by extension 'ros'
[0.239s] Level 1:colcon.colcon_core.package_identification:_identify(created_model_NXPCUP_2026.v2-v1_yolov8/content/NXPCUP_2026.v2-v1_a.yolov8/runs/eval/conf_sweep/conf_0.15) by extensions ['cmake', 'python']
[0.239s] Level 1:colcon.colcon_core.package_identification:_identify(created_model_NXPCUP_2026.v2-v1_yolov8/content/NXPCUP_2026.v2-v1_a.yolov8/runs/eval/conf_sweep/conf_0.15) by extension 'cmake'
[0.239s] Level 1:colcon.colcon_core.package_identification:_identify(created_model_NXPCUP_2026.v2-v1_yolov8/content/NXPCUP_2026.v2-v1_a.yolov8/runs/eval/conf_sweep/conf_0.15) by extension 'python'
[0.239s] Level 1:colcon.colcon_core.package_identification:_identify(created_model_NXPCUP_2026.v2-v1_yolov8/content/NXPCUP_2026.v2-v1_a.yolov8/runs/eval/conf_sweep/conf_0.15) by extensions ['python_setup_py']
[0.239s] Level 1:colcon.colcon_core.package_identification:_identify(created_model_NXPCUP_2026.v2-v1_yolov8/content/NXPCUP_2026.v2-v1_a.yolov8/runs/eval/conf_sweep/conf_0.15) by extension 'python_setup_py'
[0.239s] Level 1:colcon.colcon_core.package_identification:_identify(created_model_NXPCUP_2026.v2-v1_yolov8/content/NXPCUP_2026.v2-v1_a.yolov8/runs/eval/conf_sweep/conf_0.20) by extensions ['ignore', 'ignore_ament_install']
[0.239s] Level 1:colcon.colcon_core.package_identification:_identify(created_model_NXPCUP_2026.v2-v1_yolov8/content/NXPCUP_2026.v2-v1_a.yolov8/runs/eval/conf_sweep/conf_0.20) by extension 'ignore'
[0.239s] Level 1:colcon.colcon_core.package_identification:_identify(created_model_NXPCUP_2026.v2-v1_yolov8/content/NXPCUP_2026.v2-v1_a.yolov8/runs/eval/conf_sweep/conf_0.20) by extension 'ignore_ament_install'
[0.239s] Level 1:colcon.colcon_core.package_identification:_identify(created_model_NXPCUP_2026.v2-v1_yolov8/content/NXPCUP_2026.v2-v1_a.yolov8/runs/eval/conf_sweep/conf_0.20) by extensions ['colcon_pkg']
[0.239s] Level 1:colcon.colcon_core.package_identification:_identify(created_model_NXPCUP_2026.v2-v1_yolov8/content/NXPCUP_2026.v2-v1_a.yolov8/runs/eval/conf_sweep/conf_0.20) by extension 'colcon_pkg'
[0.239s] Level 1:colcon.colcon_core.package_identification:_identify(created_model_NXPCUP_2026.v2-v1_yolov8/content/NXPCUP_2026.v2-v1_a.yolov8/runs/eval/conf_sweep/conf_0.20) by extensions ['colcon_meta']
[0.239s] Level 1:colcon.colcon_core.package_identification:_identify(created_model_NXPCUP_2026.v2-v1_yolov8/content/NXPCUP_2026.v2-v1_a.yolov8/runs/eval/conf_sweep/conf_0.20) by extension 'colcon_meta'
[0.239s] Level 1:colcon.colcon_core.package_identification:_identify(created_model_NXPCUP_2026.v2-v1_yolov8/content/NXPCUP_2026.v2-v1_a.yolov8/runs/eval/conf_sweep/conf_0.20) by extensions ['ros']
[0.239s] Level 1:colcon.colcon_core.package_identification:_identify(created_model_NXPCUP_2026.v2-v1_yolov8/content/NXPCUP_2026.v2-v1_a.yolov8/runs/eval/conf_sweep/conf_0.20) by extension 'ros'
[0.239s] Level 1:colcon.colcon_core.package_identification:_identify(created_model_NXPCUP_2026.v2-v1_yolov8/content/NXPCUP_2026.v2-v1_a.yolov8/runs/eval/conf_sweep/conf_0.20) by extensions ['cmake', 'python']
[0.239s] Level 1:colcon.colcon_core.package_identification:_identify(created_model_NXPCUP_2026.v2-v1_yolov8/content/NXPCUP_2026.v2-v1_a.yolov8/runs/eval/conf_sweep/conf_0.20) by extension 'cmake'
[0.239s] Level 1:colcon.colcon_core.package_identification:_identify(created_model_NXPCUP_2026.v2-v1_yolov8/content/NXPCUP_2026.v2-v1_a.yolov8/runs/eval/conf_sweep/conf_0.20) by extension 'python'
[0.239s] Level 1:colcon.colcon_core.package_identification:_identify(created_model_NXPCUP_2026.v2-v1_yolov8/content/NXPCUP_2026.v2-v1_a.yolov8/runs/eval/conf_sweep/conf_0.20) by extensions ['python_setup_py']
[0.239s] Level 1:colcon.colcon_core.package_identification:_identify(created_model_NXPCUP_2026.v2-v1_yolov8/content/NXPCUP_2026.v2-v1_a.yolov8/runs/eval/conf_sweep/conf_0.20) by extension 'python_setup_py'
[0.239s] Level 1:colcon.colcon_core.package_identification:_identify(created_model_NXPCUP_2026.v2-v1_yolov8/content/NXPCUP_2026.v2-v1_a.yolov8/runs/eval/conf_sweep/conf_0.25) by extensions ['ignore', 'ignore_ament_install']
[0.239s] Level 1:colcon.colcon_core.package_identification:_identify(created_model_NXPCUP_2026.v2-v1_yolov8/content/NXPCUP_2026.v2-v1_a.yolov8/runs/eval/conf_sweep/conf_0.25) by extension 'ignore'
[0.239s] Level 1:colcon.colcon_core.package_identification:_identify(created_model_NXPCUP_2026.v2-v1_yolov8/content/NXPCUP_2026.v2-v1_a.yolov8/runs/eval/conf_sweep/conf_0.25) by extension 'ignore_ament_install'
[0.239s] Level 1:colcon.colcon_core.package_identification:_identify(created_model_NXPCUP_2026.v2-v1_yolov8/content/NXPCUP_2026.v2-v1_a.yolov8/runs/eval/conf_sweep/conf_0.25) by extensions ['colcon_pkg']
[0.240s] Level 1:colcon.colcon_core.package_identification:_identify(created_model_NXPCUP_2026.v2-v1_yolov8/content/NXPCUP_2026.v2-v1_a.yolov8/runs/eval/conf_sweep/conf_0.25) by extension 'colcon_pkg'
[0.240s] Level 1:colcon.colcon_core.package_identification:_identify(created_model_NXPCUP_2026.v2-v1_yolov8/content/NXPCUP_2026.v2-v1_a.yolov8/runs/eval/conf_sweep/conf_0.25) by extensions ['colcon_meta']
[0.240s] Level 1:colcon.colcon_core.package_identification:_identify(created_model_NXPCUP_2026.v2-v1_yolov8/content/NXPCUP_2026.v2-v1_a.yolov8/runs/eval/conf_sweep/conf_0.25) by extension 'colcon_meta'
[0.240s] Level 1:colcon.colcon_core.package_identification:_identify(created_model_NXPCUP_2026.v2-v1_yolov8/content/NXPCUP_2026.v2-v1_a.yolov8/runs/eval/conf_sweep/conf_0.25) by extensions ['ros']
[0.240s] Level 1:colcon.colcon_core.package_identification:_identify(created_model_NXPCUP_2026.v2-v1_yolov8/content/NXPCUP_2026.v2-v1_a.yolov8/runs/eval/conf_sweep/conf_0.25) by extension 'ros'
[0.240s] Level 1:colcon.colcon_core.package_identification:_identify(created_model_NXPCUP_2026.v2-v1_yolov8/content/NXPCUP_2026.v2-v1_a.yolov8/runs/eval/conf_sweep/conf_0.25) by extensions ['cmake', 'python']
[0.240s] Level 1:colcon.colcon_core.package_identification:_identify(created_model_NXPCUP_2026.v2-v1_yolov8/content/NXPCUP_2026.v2-v1_a.yolov8/runs/eval/conf_sweep/conf_0.25) by extension 'cmake'
[0.240s] Level 1:colcon.colcon_core.package_identification:_identify(created_model_NXPCUP_2026.v2-v1_yolov8/content/NXPCUP_2026.v2-v1_a.yolov8/runs/eval/conf_sweep/conf_0.25) by extension 'python'
[0.240s] Level 1:colcon.colcon_core.package_identification:_identify(created_model_NXPCUP_2026.v2-v1_yolov8/content/NXPCUP_2026.v2-v1_a.yolov8/runs/eval/conf_sweep/conf_0.25) by extensions ['python_setup_py']
[0.240s] Level 1:colcon.colcon_core.package_identification:_identify(created_model_NXPCUP_2026.v2-v1_yolov8/content/NXPCUP_2026.v2-v1_a.yolov8/runs/eval/conf_sweep/conf_0.25) by extension 'python_setup_py'
[0.240s] Level 1:colcon.colcon_core.package_identification:_identify(created_model_NXPCUP_2026.v2-v1_yolov8/content/NXPCUP_2026.v2-v1_a.yolov8/runs/eval/conf_sweep/conf_0.30) by extensions ['ignore', 'ignore_ament_install']
[0.240s] Level 1:colcon.colcon_core.package_identification:_identify(created_model_NXPCUP_2026.v2-v1_yolov8/content/NXPCUP_2026.v2-v1_a.yolov8/runs/eval/conf_sweep/conf_0.30) by extension 'ignore'
[0.240s] Level 1:colcon.colcon_core.package_identification:_identify(created_model_NXPCUP_2026.v2-v1_yolov8/content/NXPCUP_2026.v2-v1_a.yolov8/runs/eval/conf_sweep/conf_0.30) by extension 'ignore_ament_install'
[0.240s] Level 1:colcon.colcon_core.package_identification:_identify(created_model_NXPCUP_2026.v2-v1_yolov8/content/NXPCUP_2026.v2-v1_a.yolov8/runs/eval/conf_sweep/conf_0.30) by extensions ['colcon_pkg']
[0.240s] Level 1:colcon.colcon_core.package_identification:_identify(created_model_NXPCUP_2026.v2-v1_yolov8/content/NXPCUP_2026.v2-v1_a.yolov8/runs/eval/conf_sweep/conf_0.30) by extension 'colcon_pkg'
[0.240s] Level 1:colcon.colcon_core.package_identification:_identify(created_model_NXPCUP_2026.v2-v1_yolov8/content/NXPCUP_2026.v2-v1_a.yolov8/runs/eval/conf_sweep/conf_0.30) by extensions ['colcon_meta']
[0.240s] Level 1:colcon.colcon_core.package_identification:_identify(created_model_NXPCUP_2026.v2-v1_yolov8/content/NXPCUP_2026.v2-v1_a.yolov8/runs/eval/conf_sweep/conf_0.30) by extension 'colcon_meta'
[0.240s] Level 1:colcon.colcon_core.package_identification:_identify(created_model_NXPCUP_2026.v2-v1_yolov8/content/NXPCUP_2026.v2-v1_a.yolov8/runs/eval/conf_sweep/conf_0.30) by extensions ['ros']
[0.240s] Level 1:colcon.colcon_core.package_identification:_identify(created_model_NXPCUP_2026.v2-v1_yolov8/content/NXPCUP_2026.v2-v1_a.yolov8/runs/eval/conf_sweep/conf_0.30) by extension 'ros'
[0.240s] Level 1:colcon.colcon_core.package_identification:_identify(created_model_NXPCUP_2026.v2-v1_yolov8/content/NXPCUP_2026.v2-v1_a.yolov8/runs/eval/conf_sweep/conf_0.30) by extensions ['cmake', 'python']
[0.240s] Level 1:colcon.colcon_core.package_identification:_identify(created_model_NXPCUP_2026.v2-v1_yolov8/content/NXPCUP_2026.v2-v1_a.yolov8/runs/eval/conf_sweep/conf_0.30) by extension 'cmake'
[0.240s] Level 1:colcon.colcon_core.package_identification:_identify(created_model_NXPCUP_2026.v2-v1_yolov8/content/NXPCUP_2026.v2-v1_a.yolov8/runs/eval/conf_sweep/conf_0.30) by extension 'python'
[0.240s] Level 1:colcon.colcon_core.package_identification:_identify(created_model_NXPCUP_2026.v2-v1_yolov8/content/NXPCUP_2026.v2-v1_a.yolov8/runs/eval/conf_sweep/conf_0.30) by extensions ['python_setup_py']
[0.240s] Level 1:colcon.colcon_core.package_identification:_identify(created_model_NXPCUP_2026.v2-v1_yolov8/content/NXPCUP_2026.v2-v1_a.yolov8/runs/eval/conf_sweep/conf_0.30) by extension 'python_setup_py'
[0.240s] Level 1:colcon.colcon_core.package_identification:_identify(created_model_NXPCUP_2026.v2-v1_yolov8/content/NXPCUP_2026.v2-v1_a.yolov8/runs/eval/conf_sweep/conf_0.35) by extensions ['ignore', 'ignore_ament_install']
[0.240s] Level 1:colcon.colcon_core.package_identification:_identify(created_model_NXPCUP_2026.v2-v1_yolov8/content/NXPCUP_2026.v2-v1_a.yolov8/runs/eval/conf_sweep/conf_0.35) by extension 'ignore'
[0.240s] Level 1:colcon.colcon_core.package_identification:_identify(created_model_NXPCUP_2026.v2-v1_yolov8/content/NXPCUP_2026.v2-v1_a.yolov8/runs/eval/conf_sweep/conf_0.35) by extension 'ignore_ament_install'
[0.240s] Level 1:colcon.colcon_core.package_identification:_identify(created_model_NXPCUP_2026.v2-v1_yolov8/content/NXPCUP_2026.v2-v1_a.yolov8/runs/eval/conf_sweep/conf_0.35) by extensions ['colcon_pkg']
[0.240s] Level 1:colcon.colcon_core.package_identification:_identify(created_model_NXPCUP_2026.v2-v1_yolov8/content/NXPCUP_2026.v2-v1_a.yolov8/runs/eval/conf_sweep/conf_0.35) by extension 'colcon_pkg'
[0.240s] Level 1:colcon.colcon_core.package_identification:_identify(created_model_NXPCUP_2026.v2-v1_yolov8/content/NXPCUP_2026.v2-v1_a.yolov8/runs/eval/conf_sweep/conf_0.35) by extensions ['colcon_meta']
[0.240s] Level 1:colcon.colcon_core.package_identification:_identify(created_model_NXPCUP_2026.v2-v1_yolov8/content/NXPCUP_2026.v2-v1_a.yolov8/runs/eval/conf_sweep/conf_0.35) by extension 'colcon_meta'
[0.240s] Level 1:colcon.colcon_core.package_identification:_identify(created_model_NXPCUP_2026.v2-v1_yolov8/content/NXPCUP_2026.v2-v1_a.yolov8/runs/eval/conf_sweep/conf_0.35) by extensions ['ros']
[0.240s] Level 1:colcon.colcon_core.package_identification:_identify(created_model_NXPCUP_2026.v2-v1_yolov8/content/NXPCUP_2026.v2-v1_a.yolov8/runs/eval/conf_sweep/conf_0.35) by extension 'ros'
[0.240s] Level 1:colcon.colcon_core.package_identification:_identify(created_model_NXPCUP_2026.v2-v1_yolov8/content/NXPCUP_2026.v2-v1_a.yolov8/runs/eval/conf_sweep/conf_0.35) by extensions ['cmake', 'python']
[0.240s] Level 1:colcon.colcon_core.package_identification:_identify(created_model_NXPCUP_2026.v2-v1_yolov8/content/NXPCUP_2026.v2-v1_a.yolov8/runs/eval/conf_sweep/conf_0.35) by extension 'cmake'
[0.240s] Level 1:colcon.colcon_core.package_identification:_identify(created_model_NXPCUP_2026.v2-v1_yolov8/content/NXPCUP_2026.v2-v1_a.yolov8/runs/eval/conf_sweep/conf_0.35) by extension 'python'
[0.240s] Level 1:colcon.colcon_core.package_identification:_identify(created_model_NXPCUP_2026.v2-v1_yolov8/content/NXPCUP_2026.v2-v1_a.yolov8/runs/eval/conf_sweep/conf_0.35) by extensions ['python_setup_py']
[0.240s] Level 1:colcon.colcon_core.package_identification:_identify(created_model_NXPCUP_2026.v2-v1_yolov8/content/NXPCUP_2026.v2-v1_a.yolov8/runs/eval/conf_sweep/conf_0.35) by extension 'python_setup_py'
[0.240s] Level 1:colcon.colcon_core.package_identification:_identify(created_model_NXPCUP_2026.v2-v1_yolov8/content/NXPCUP_2026.v2-v1_a.yolov8/runs/eval/conf_sweep/conf_0.40) by extensions ['ignore', 'ignore_ament_install']
[0.241s] Level 1:colcon.colcon_core.package_identification:_identify(created_model_NXPCUP_2026.v2-v1_yolov8/content/NXPCUP_2026.v2-v1_a.yolov8/runs/eval/conf_sweep/conf_0.40) by extension 'ignore'
[0.241s] Level 1:colcon.colcon_core.package_identification:_identify(created_model_NXPCUP_2026.v2-v1_yolov8/content/NXPCUP_2026.v2-v1_a.yolov8/runs/eval/conf_sweep/conf_0.40) by extension 'ignore_ament_install'
[0.241s] Level 1:colcon.colcon_core.package_identification:_identify(created_model_NXPCUP_2026.v2-v1_yolov8/content/NXPCUP_2026.v2-v1_a.yolov8/runs/eval/conf_sweep/conf_0.40) by extensions ['colcon_pkg']
[0.241s] Level 1:colcon.colcon_core.package_identification:_identify(created_model_NXPCUP_2026.v2-v1_yolov8/content/NXPCUP_2026.v2-v1_a.yolov8/runs/eval/conf_sweep/conf_0.40) by extension 'colcon_pkg'
[0.241s] Level 1:colcon.colcon_core.package_identification:_identify(created_model_NXPCUP_2026.v2-v1_yolov8/content/NXPCUP_2026.v2-v1_a.yolov8/runs/eval/conf_sweep/conf_0.40) by extensions ['colcon_meta']
[0.241s] Level 1:colcon.colcon_core.package_identification:_identify(created_model_NXPCUP_2026.v2-v1_yolov8/content/NXPCUP_2026.v2-v1_a.yolov8/runs/eval/conf_sweep/conf_0.40) by extension 'colcon_meta'
[0.241s] Level 1:colcon.colcon_core.package_identification:_identify(created_model_NXPCUP_2026.v2-v1_yolov8/content/NXPCUP_2026.v2-v1_a.yolov8/runs/eval/conf_sweep/conf_0.40) by extensions ['ros']
[0.241s] Level 1:colcon.colcon_core.package_identification:_identify(created_model_NXPCUP_2026.v2-v1_yolov8/content/NXPCUP_2026.v2-v1_a.yolov8/runs/eval/conf_sweep/conf_0.40) by extension 'ros'
[0.241s] Level 1:colcon.colcon_core.package_identification:_identify(created_model_NXPCUP_2026.v2-v1_yolov8/content/NXPCUP_2026.v2-v1_a.yolov8/runs/eval/conf_sweep/conf_0.40) by extensions ['cmake', 'python']
[0.241s] Level 1:colcon.colcon_core.package_identification:_identify(created_model_NXPCUP_2026.v2-v1_yolov8/content/NXPCUP_2026.v2-v1_a.yolov8/runs/eval/conf_sweep/conf_0.40) by extension 'cmake'
[0.241s] Level 1:colcon.colcon_core.package_identification:_identify(created_model_NXPCUP_2026.v2-v1_yolov8/content/NXPCUP_2026.v2-v1_a.yolov8/runs/eval/conf_sweep/conf_0.40) by extension 'python'
[0.241s] Level 1:colcon.colcon_core.package_identification:_identify(created_model_NXPCUP_2026.v2-v1_yolov8/content/NXPCUP_2026.v2-v1_a.yolov8/runs/eval/conf_sweep/conf_0.40) by extensions ['python_setup_py']
[0.241s] Level 1:colcon.colcon_core.package_identification:_identify(created_model_NXPCUP_2026.v2-v1_yolov8/content/NXPCUP_2026.v2-v1_a.yolov8/runs/eval/conf_sweep/conf_0.40) by extension 'python_setup_py'
[0.241s] Level 1:colcon.colcon_core.package_identification:_identify(created_model_NXPCUP_2026.v2-v1_yolov8/content/NXPCUP_2026.v2-v1_a.yolov8/runs/eval/conf_sweep/conf_0.45) by extensions ['ignore', 'ignore_ament_install']
[0.241s] Level 1:colcon.colcon_core.package_identification:_identify(created_model_NXPCUP_2026.v2-v1_yolov8/content/NXPCUP_2026.v2-v1_a.yolov8/runs/eval/conf_sweep/conf_0.45) by extension 'ignore'
[0.241s] Level 1:colcon.colcon_core.package_identification:_identify(created_model_NXPCUP_2026.v2-v1_yolov8/content/NXPCUP_2026.v2-v1_a.yolov8/runs/eval/conf_sweep/conf_0.45) by extension 'ignore_ament_install'
[0.241s] Level 1:colcon.colcon_core.package_identification:_identify(created_model_NXPCUP_2026.v2-v1_yolov8/content/NXPCUP_2026.v2-v1_a.yolov8/runs/eval/conf_sweep/conf_0.45) by extensions ['colcon_pkg']
[0.241s] Level 1:colcon.colcon_core.package_identification:_identify(created_model_NXPCUP_2026.v2-v1_yolov8/content/NXPCUP_2026.v2-v1_a.yolov8/runs/eval/conf_sweep/conf_0.45) by extension 'colcon_pkg'
[0.241s] Level 1:colcon.colcon_core.package_identification:_identify(created_model_NXPCUP_2026.v2-v1_yolov8/content/NXPCUP_2026.v2-v1_a.yolov8/runs/eval/conf_sweep/conf_0.45) by extensions ['colcon_meta']
[0.241s] Level 1:colcon.colcon_core.package_identification:_identify(created_model_NXPCUP_2026.v2-v1_yolov8/content/NXPCUP_2026.v2-v1_a.yolov8/runs/eval/conf_sweep/conf_0.45) by extension 'colcon_meta'
[0.241s] Level 1:colcon.colcon_core.package_identification:_identify(created_model_NXPCUP_2026.v2-v1_yolov8/content/NXPCUP_2026.v2-v1_a.yolov8/runs/eval/conf_sweep/conf_0.45) by extensions ['ros']
[0.241s] Level 1:colcon.colcon_core.package_identification:_identify(created_model_NXPCUP_2026.v2-v1_yolov8/content/NXPCUP_2026.v2-v1_a.yolov8/runs/eval/conf_sweep/conf_0.45) by extension 'ros'
[0.241s] Level 1:colcon.colcon_core.package_identification:_identify(created_model_NXPCUP_2026.v2-v1_yolov8/content/NXPCUP_2026.v2-v1_a.yolov8/runs/eval/conf_sweep/conf_0.45) by extensions ['cmake', 'python']
[0.241s] Level 1:colcon.colcon_core.package_identification:_identify(created_model_NXPCUP_2026.v2-v1_yolov8/content/NXPCUP_2026.v2-v1_a.yolov8/runs/eval/conf_sweep/conf_0.45) by extension 'cmake'
[0.241s] Level 1:colcon.colcon_core.package_identification:_identify(created_model_NXPCUP_2026.v2-v1_yolov8/content/NXPCUP_2026.v2-v1_a.yolov8/runs/eval/conf_sweep/conf_0.45) by extension 'python'
[0.241s] Level 1:colcon.colcon_core.package_identification:_identify(created_model_NXPCUP_2026.v2-v1_yolov8/content/NXPCUP_2026.v2-v1_a.yolov8/runs/eval/conf_sweep/conf_0.45) by extensions ['python_setup_py']
[0.241s] Level 1:colcon.colcon_core.package_identification:_identify(created_model_NXPCUP_2026.v2-v1_yolov8/content/NXPCUP_2026.v2-v1_a.yolov8/runs/eval/conf_sweep/conf_0.45) by extension 'python_setup_py'
[0.241s] Level 1:colcon.colcon_core.package_identification:_identify(created_model_NXPCUP_2026.v2-v1_yolov8/content/NXPCUP_2026.v2-v1_a.yolov8/runs/eval/conf_sweep/conf_0.50) by extensions ['ignore', 'ignore_ament_install']
[0.241s] Level 1:colcon.colcon_core.package_identification:_identify(created_model_NXPCUP_2026.v2-v1_yolov8/content/NXPCUP_2026.v2-v1_a.yolov8/runs/eval/conf_sweep/conf_0.50) by extension 'ignore'
[0.241s] Level 1:colcon.colcon_core.package_identification:_identify(created_model_NXPCUP_2026.v2-v1_yolov8/content/NXPCUP_2026.v2-v1_a.yolov8/runs/eval/conf_sweep/conf_0.50) by extension 'ignore_ament_install'
[0.241s] Level 1:colcon.colcon_core.package_identification:_identify(created_model_NXPCUP_2026.v2-v1_yolov8/content/NXPCUP_2026.v2-v1_a.yolov8/runs/eval/conf_sweep/conf_0.50) by extensions ['colcon_pkg']
[0.241s] Level 1:colcon.colcon_core.package_identification:_identify(created_model_NXPCUP_2026.v2-v1_yolov8/content/NXPCUP_2026.v2-v1_a.yolov8/runs/eval/conf_sweep/conf_0.50) by extension 'colcon_pkg'
[0.241s] Level 1:colcon.colcon_core.package_identification:_identify(created_model_NXPCUP_2026.v2-v1_yolov8/content/NXPCUP_2026.v2-v1_a.yolov8/runs/eval/conf_sweep/conf_0.50) by extensions ['colcon_meta']
[0.241s] Level 1:colcon.colcon_core.package_identification:_identify(created_model_NXPCUP_2026.v2-v1_yolov8/content/NXPCUP_2026.v2-v1_a.yolov8/runs/eval/conf_sweep/conf_0.50) by extension 'colcon_meta'
[0.241s] Level 1:colcon.colcon_core.package_identification:_identify(created_model_NXPCUP_2026.v2-v1_yolov8/content/NXPCUP_2026.v2-v1_a.yolov8/runs/eval/conf_sweep/conf_0.50) by extensions ['ros']
[0.241s] Level 1:colcon.colcon_core.package_identification:_identify(created_model_NXPCUP_2026.v2-v1_yolov8/content/NXPCUP_2026.v2-v1_a.yolov8/runs/eval/conf_sweep/conf_0.50) by extension 'ros'
[0.241s] Level 1:colcon.colcon_core.package_identification:_identify(created_model_NXPCUP_2026.v2-v1_yolov8/content/NXPCUP_2026.v2-v1_a.yolov8/runs/eval/conf_sweep/conf_0.50) by extensions ['cmake', 'python']
[0.241s] Level 1:colcon.colcon_core.package_identification:_identify(created_model_NXPCUP_2026.v2-v1_yolov8/content/NXPCUP_2026.v2-v1_a.yolov8/runs/eval/conf_sweep/conf_0.50) by extension 'cmake'
[0.241s] Level 1:colcon.colcon_core.package_identification:_identify(created_model_NXPCUP_2026.v2-v1_yolov8/content/NXPCUP_2026.v2-v1_a.yolov8/runs/eval/conf_sweep/conf_0.50) by extension 'python'
[0.242s] Level 1:colcon.colcon_core.package_identification:_identify(created_model_NXPCUP_2026.v2-v1_yolov8/content/NXPCUP_2026.v2-v1_a.yolov8/runs/eval/conf_sweep/conf_0.50) by extensions ['python_setup_py']
[0.242s] Level 1:colcon.colcon_core.package_identification:_identify(created_model_NXPCUP_2026.v2-v1_yolov8/content/NXPCUP_2026.v2-v1_a.yolov8/runs/eval/conf_sweep/conf_0.50) by extension 'python_setup_py'
[0.242s] Level 1:colcon.colcon_core.package_identification:_identify(created_model_NXPCUP_2026.v2-v1_yolov8/content/NXPCUP_2026.v2-v1_a.yolov8/runs/eval/conf_sweep/conf_0.55) by extensions ['ignore', 'ignore_ament_install']
[0.242s] Level 1:colcon.colcon_core.package_identification:_identify(created_model_NXPCUP_2026.v2-v1_yolov8/content/NXPCUP_2026.v2-v1_a.yolov8/runs/eval/conf_sweep/conf_0.55) by extension 'ignore'
[0.242s] Level 1:colcon.colcon_core.package_identification:_identify(created_model_NXPCUP_2026.v2-v1_yolov8/content/NXPCUP_2026.v2-v1_a.yolov8/runs/eval/conf_sweep/conf_0.55) by extension 'ignore_ament_install'
[0.242s] Level 1:colcon.colcon_core.package_identification:_identify(created_model_NXPCUP_2026.v2-v1_yolov8/content/NXPCUP_2026.v2-v1_a.yolov8/runs/eval/conf_sweep/conf_0.55) by extensions ['colcon_pkg']
[0.242s] Level 1:colcon.colcon_core.package_identification:_identify(created_model_NXPCUP_2026.v2-v1_yolov8/content/NXPCUP_2026.v2-v1_a.yolov8/runs/eval/conf_sweep/conf_0.55) by extension 'colcon_pkg'
[0.242s] Level 1:colcon.colcon_core.package_identification:_identify(created_model_NXPCUP_2026.v2-v1_yolov8/content/NXPCUP_2026.v2-v1_a.yolov8/runs/eval/conf_sweep/conf_0.55) by extensions ['colcon_meta']
[0.242s] Level 1:colcon.colcon_core.package_identification:_identify(created_model_NXPCUP_2026.v2-v1_yolov8/content/NXPCUP_2026.v2-v1_a.yolov8/runs/eval/conf_sweep/conf_0.55) by extension 'colcon_meta'
[0.242s] Level 1:colcon.colcon_core.package_identification:_identify(created_model_NXPCUP_2026.v2-v1_yolov8/content/NXPCUP_2026.v2-v1_a.yolov8/runs/eval/conf_sweep/conf_0.55) by extensions ['ros']
[0.242s] Level 1:colcon.colcon_core.package_identification:_identify(created_model_NXPCUP_2026.v2-v1_yolov8/content/NXPCUP_2026.v2-v1_a.yolov8/runs/eval/conf_sweep/conf_0.55) by extension 'ros'
[0.242s] Level 1:colcon.colcon_core.package_identification:_identify(created_model_NXPCUP_2026.v2-v1_yolov8/content/NXPCUP_2026.v2-v1_a.yolov8/runs/eval/conf_sweep/conf_0.55) by extensions ['cmake', 'python']
[0.242s] Level 1:colcon.colcon_core.package_identification:_identify(created_model_NXPCUP_2026.v2-v1_yolov8/content/NXPCUP_2026.v2-v1_a.yolov8/runs/eval/conf_sweep/conf_0.55) by extension 'cmake'
[0.242s] Level 1:colcon.colcon_core.package_identification:_identify(created_model_NXPCUP_2026.v2-v1_yolov8/content/NXPCUP_2026.v2-v1_a.yolov8/runs/eval/conf_sweep/conf_0.55) by extension 'python'
[0.242s] Level 1:colcon.colcon_core.package_identification:_identify(created_model_NXPCUP_2026.v2-v1_yolov8/content/NXPCUP_2026.v2-v1_a.yolov8/runs/eval/conf_sweep/conf_0.55) by extensions ['python_setup_py']
[0.242s] Level 1:colcon.colcon_core.package_identification:_identify(created_model_NXPCUP_2026.v2-v1_yolov8/content/NXPCUP_2026.v2-v1_a.yolov8/runs/eval/conf_sweep/conf_0.55) by extension 'python_setup_py'
[0.242s] Level 1:colcon.colcon_core.package_identification:_identify(created_model_NXPCUP_2026.v2-v1_yolov8/content/NXPCUP_2026.v2-v1_a.yolov8/runs/eval/conf_sweep/conf_0.60) by extensions ['ignore', 'ignore_ament_install']
[0.242s] Level 1:colcon.colcon_core.package_identification:_identify(created_model_NXPCUP_2026.v2-v1_yolov8/content/NXPCUP_2026.v2-v1_a.yolov8/runs/eval/conf_sweep/conf_0.60) by extension 'ignore'
[0.242s] Level 1:colcon.colcon_core.package_identification:_identify(created_model_NXPCUP_2026.v2-v1_yolov8/content/NXPCUP_2026.v2-v1_a.yolov8/runs/eval/conf_sweep/conf_0.60) by extension 'ignore_ament_install'
[0.242s] Level 1:colcon.colcon_core.package_identification:_identify(created_model_NXPCUP_2026.v2-v1_yolov8/content/NXPCUP_2026.v2-v1_a.yolov8/runs/eval/conf_sweep/conf_0.60) by extensions ['colcon_pkg']
[0.242s] Level 1:colcon.colcon_core.package_identification:_identify(created_model_NXPCUP_2026.v2-v1_yolov8/content/NXPCUP_2026.v2-v1_a.yolov8/runs/eval/conf_sweep/conf_0.60) by extension 'colcon_pkg'
[0.242s] Level 1:colcon.colcon_core.package_identification:_identify(created_model_NXPCUP_2026.v2-v1_yolov8/content/NXPCUP_2026.v2-v1_a.yolov8/runs/eval/conf_sweep/conf_0.60) by extensions ['colcon_meta']
[0.242s] Level 1:colcon.colcon_core.package_identification:_identify(created_model_NXPCUP_2026.v2-v1_yolov8/content/NXPCUP_2026.v2-v1_a.yolov8/runs/eval/conf_sweep/conf_0.60) by extension 'colcon_meta'
[0.242s] Level 1:colcon.colcon_core.package_identification:_identify(created_model_NXPCUP_2026.v2-v1_yolov8/content/NXPCUP_2026.v2-v1_a.yolov8/runs/eval/conf_sweep/conf_0.60) by extensions ['ros']
[0.242s] Level 1:colcon.colcon_core.package_identification:_identify(created_model_NXPCUP_2026.v2-v1_yolov8/content/NXPCUP_2026.v2-v1_a.yolov8/runs/eval/conf_sweep/conf_0.60) by extension 'ros'
[0.242s] Level 1:colcon.colcon_core.package_identification:_identify(created_model_NXPCUP_2026.v2-v1_yolov8/content/NXPCUP_2026.v2-v1_a.yolov8/runs/eval/conf_sweep/conf_0.60) by extensions ['cmake', 'python']
[0.242s] Level 1:colcon.colcon_core.package_identification:_identify(created_model_NXPCUP_2026.v2-v1_yolov8/content/NXPCUP_2026.v2-v1_a.yolov8/runs/eval/conf_sweep/conf_0.60) by extension 'cmake'
[0.242s] Level 1:colcon.colcon_core.package_identification:_identify(created_model_NXPCUP_2026.v2-v1_yolov8/content/NXPCUP_2026.v2-v1_a.yolov8/runs/eval/conf_sweep/conf_0.60) by extension 'python'
[0.242s] Level 1:colcon.colcon_core.package_identification:_identify(created_model_NXPCUP_2026.v2-v1_yolov8/content/NXPCUP_2026.v2-v1_a.yolov8/runs/eval/conf_sweep/conf_0.60) by extensions ['python_setup_py']
[0.242s] Level 1:colcon.colcon_core.package_identification:_identify(created_model_NXPCUP_2026.v2-v1_yolov8/content/NXPCUP_2026.v2-v1_a.yolov8/runs/eval/conf_sweep/conf_0.60) by extension 'python_setup_py'
[0.242s] Level 1:colcon.colcon_core.package_identification:_identify(created_model_NXPCUP_2026.v2-v1_yolov8/content/NXPCUP_2026.v2-v1_a.yolov8/runs/eval/conf_sweep/conf_0.65) by extensions ['ignore', 'ignore_ament_install']
[0.242s] Level 1:colcon.colcon_core.package_identification:_identify(created_model_NXPCUP_2026.v2-v1_yolov8/content/NXPCUP_2026.v2-v1_a.yolov8/runs/eval/conf_sweep/conf_0.65) by extension 'ignore'
[0.242s] Level 1:colcon.colcon_core.package_identification:_identify(created_model_NXPCUP_2026.v2-v1_yolov8/content/NXPCUP_2026.v2-v1_a.yolov8/runs/eval/conf_sweep/conf_0.65) by extension 'ignore_ament_install'
[0.242s] Level 1:colcon.colcon_core.package_identification:_identify(created_model_NXPCUP_2026.v2-v1_yolov8/content/NXPCUP_2026.v2-v1_a.yolov8/runs/eval/conf_sweep/conf_0.65) by extensions ['colcon_pkg']
[0.242s] Level 1:colcon.colcon_core.package_identification:_identify(created_model_NXPCUP_2026.v2-v1_yolov8/content/NXPCUP_2026.v2-v1_a.yolov8/runs/eval/conf_sweep/conf_0.65) by extension 'colcon_pkg'
[0.242s] Level 1:colcon.colcon_core.package_identification:_identify(created_model_NXPCUP_2026.v2-v1_yolov8/content/NXPCUP_2026.v2-v1_a.yolov8/runs/eval/conf_sweep/conf_0.65) by extensions ['colcon_meta']
[0.242s] Level 1:colcon.colcon_core.package_identification:_identify(created_model_NXPCUP_2026.v2-v1_yolov8/content/NXPCUP_2026.v2-v1_a.yolov8/runs/eval/conf_sweep/conf_0.65) by extension 'colcon_meta'
[0.243s] Level 1:colcon.colcon_core.package_identification:_identify(created_model_NXPCUP_2026.v2-v1_yolov8/content/NXPCUP_2026.v2-v1_a.yolov8/runs/eval/conf_sweep/conf_0.65) by extensions ['ros']
[0.243s] Level 1:colcon.colcon_core.package_identification:_identify(created_model_NXPCUP_2026.v2-v1_yolov8/content/NXPCUP_2026.v2-v1_a.yolov8/runs/eval/conf_sweep/conf_0.65) by extension 'ros'
[0.243s] Level 1:colcon.colcon_core.package_identification:_identify(created_model_NXPCUP_2026.v2-v1_yolov8/content/NXPCUP_2026.v2-v1_a.yolov8/runs/eval/conf_sweep/conf_0.65) by extensions ['cmake', 'python']
[0.243s] Level 1:colcon.colcon_core.package_identification:_identify(created_model_NXPCUP_2026.v2-v1_yolov8/content/NXPCUP_2026.v2-v1_a.yolov8/runs/eval/conf_sweep/conf_0.65) by extension 'cmake'
[0.243s] Level 1:colcon.colcon_core.package_identification:_identify(created_model_NXPCUP_2026.v2-v1_yolov8/content/NXPCUP_2026.v2-v1_a.yolov8/runs/eval/conf_sweep/conf_0.65) by extension 'python'
[0.243s] Level 1:colcon.colcon_core.package_identification:_identify(created_model_NXPCUP_2026.v2-v1_yolov8/content/NXPCUP_2026.v2-v1_a.yolov8/runs/eval/conf_sweep/conf_0.65) by extensions ['python_setup_py']
[0.243s] Level 1:colcon.colcon_core.package_identification:_identify(created_model_NXPCUP_2026.v2-v1_yolov8/content/NXPCUP_2026.v2-v1_a.yolov8/runs/eval/conf_sweep/conf_0.65) by extension 'python_setup_py'
[0.243s] Level 1:colcon.colcon_core.package_identification:_identify(created_model_NXPCUP_2026.v2-v1_yolov8/content/NXPCUP_2026.v2-v1_a.yolov8/runs/eval/conf_sweep/conf_0.70) by extensions ['ignore', 'ignore_ament_install']
[0.243s] Level 1:colcon.colcon_core.package_identification:_identify(created_model_NXPCUP_2026.v2-v1_yolov8/content/NXPCUP_2026.v2-v1_a.yolov8/runs/eval/conf_sweep/conf_0.70) by extension 'ignore'
[0.243s] Level 1:colcon.colcon_core.package_identification:_identify(created_model_NXPCUP_2026.v2-v1_yolov8/content/NXPCUP_2026.v2-v1_a.yolov8/runs/eval/conf_sweep/conf_0.70) by extension 'ignore_ament_install'
[0.243s] Level 1:colcon.colcon_core.package_identification:_identify(created_model_NXPCUP_2026.v2-v1_yolov8/content/NXPCUP_2026.v2-v1_a.yolov8/runs/eval/conf_sweep/conf_0.70) by extensions ['colcon_pkg']
[0.243s] Level 1:colcon.colcon_core.package_identification:_identify(created_model_NXPCUP_2026.v2-v1_yolov8/content/NXPCUP_2026.v2-v1_a.yolov8/runs/eval/conf_sweep/conf_0.70) by extension 'colcon_pkg'
[0.243s] Level 1:colcon.colcon_core.package_identification:_identify(created_model_NXPCUP_2026.v2-v1_yolov8/content/NXPCUP_2026.v2-v1_a.yolov8/runs/eval/conf_sweep/conf_0.70) by extensions ['colcon_meta']
[0.243s] Level 1:colcon.colcon_core.package_identification:_identify(created_model_NXPCUP_2026.v2-v1_yolov8/content/NXPCUP_2026.v2-v1_a.yolov8/runs/eval/conf_sweep/conf_0.70) by extension 'colcon_meta'
[0.243s] Level 1:colcon.colcon_core.package_identification:_identify(created_model_NXPCUP_2026.v2-v1_yolov8/content/NXPCUP_2026.v2-v1_a.yolov8/runs/eval/conf_sweep/conf_0.70) by extensions ['ros']
[0.243s] Level 1:colcon.colcon_core.package_identification:_identify(created_model_NXPCUP_2026.v2-v1_yolov8/content/NXPCUP_2026.v2-v1_a.yolov8/runs/eval/conf_sweep/conf_0.70) by extension 'ros'
[0.243s] Level 1:colcon.colcon_core.package_identification:_identify(created_model_NXPCUP_2026.v2-v1_yolov8/content/NXPCUP_2026.v2-v1_a.yolov8/runs/eval/conf_sweep/conf_0.70) by extensions ['cmake', 'python']
[0.243s] Level 1:colcon.colcon_core.package_identification:_identify(created_model_NXPCUP_2026.v2-v1_yolov8/content/NXPCUP_2026.v2-v1_a.yolov8/runs/eval/conf_sweep/conf_0.70) by extension 'cmake'
[0.243s] Level 1:colcon.colcon_core.package_identification:_identify(created_model_NXPCUP_2026.v2-v1_yolov8/content/NXPCUP_2026.v2-v1_a.yolov8/runs/eval/conf_sweep/conf_0.70) by extension 'python'
[0.243s] Level 1:colcon.colcon_core.package_identification:_identify(created_model_NXPCUP_2026.v2-v1_yolov8/content/NXPCUP_2026.v2-v1_a.yolov8/runs/eval/conf_sweep/conf_0.70) by extensions ['python_setup_py']
[0.243s] Level 1:colcon.colcon_core.package_identification:_identify(created_model_NXPCUP_2026.v2-v1_yolov8/content/NXPCUP_2026.v2-v1_a.yolov8/runs/eval/conf_sweep/conf_0.70) by extension 'python_setup_py'
[0.243s] Level 1:colcon.colcon_core.package_identification:_identify(created_model_NXPCUP_2026.v2-v1_yolov8/content/NXPCUP_2026.v2-v1_a.yolov8/runs/eval/conf_sweep/conf_0.75) by extensions ['ignore', 'ignore_ament_install']
[0.243s] Level 1:colcon.colcon_core.package_identification:_identify(created_model_NXPCUP_2026.v2-v1_yolov8/content/NXPCUP_2026.v2-v1_a.yolov8/runs/eval/conf_sweep/conf_0.75) by extension 'ignore'
[0.243s] Level 1:colcon.colcon_core.package_identification:_identify(created_model_NXPCUP_2026.v2-v1_yolov8/content/NXPCUP_2026.v2-v1_a.yolov8/runs/eval/conf_sweep/conf_0.75) by extension 'ignore_ament_install'
[0.243s] Level 1:colcon.colcon_core.package_identification:_identify(created_model_NXPCUP_2026.v2-v1_yolov8/content/NXPCUP_2026.v2-v1_a.yolov8/runs/eval/conf_sweep/conf_0.75) by extensions ['colcon_pkg']
[0.243s] Level 1:colcon.colcon_core.package_identification:_identify(created_model_NXPCUP_2026.v2-v1_yolov8/content/NXPCUP_2026.v2-v1_a.yolov8/runs/eval/conf_sweep/conf_0.75) by extension 'colcon_pkg'
[0.243s] Level 1:colcon.colcon_core.package_identification:_identify(created_model_NXPCUP_2026.v2-v1_yolov8/content/NXPCUP_2026.v2-v1_a.yolov8/runs/eval/conf_sweep/conf_0.75) by extensions ['colcon_meta']
[0.243s] Level 1:colcon.colcon_core.package_identification:_identify(created_model_NXPCUP_2026.v2-v1_yolov8/content/NXPCUP_2026.v2-v1_a.yolov8/runs/eval/conf_sweep/conf_0.75) by extension 'colcon_meta'
[0.243s] Level 1:colcon.colcon_core.package_identification:_identify(created_model_NXPCUP_2026.v2-v1_yolov8/content/NXPCUP_2026.v2-v1_a.yolov8/runs/eval/conf_sweep/conf_0.75) by extensions ['ros']
[0.243s] Level 1:colcon.colcon_core.package_identification:_identify(created_model_NXPCUP_2026.v2-v1_yolov8/content/NXPCUP_2026.v2-v1_a.yolov8/runs/eval/conf_sweep/conf_0.75) by extension 'ros'
[0.243s] Level 1:colcon.colcon_core.package_identification:_identify(created_model_NXPCUP_2026.v2-v1_yolov8/content/NXPCUP_2026.v2-v1_a.yolov8/runs/eval/conf_sweep/conf_0.75) by extensions ['cmake', 'python']
[0.243s] Level 1:colcon.colcon_core.package_identification:_identify(created_model_NXPCUP_2026.v2-v1_yolov8/content/NXPCUP_2026.v2-v1_a.yolov8/runs/eval/conf_sweep/conf_0.75) by extension 'cmake'
[0.243s] Level 1:colcon.colcon_core.package_identification:_identify(created_model_NXPCUP_2026.v2-v1_yolov8/content/NXPCUP_2026.v2-v1_a.yolov8/runs/eval/conf_sweep/conf_0.75) by extension 'python'
[0.243s] Level 1:colcon.colcon_core.package_identification:_identify(created_model_NXPCUP_2026.v2-v1_yolov8/content/NXPCUP_2026.v2-v1_a.yolov8/runs/eval/conf_sweep/conf_0.75) by extensions ['python_setup_py']
[0.243s] Level 1:colcon.colcon_core.package_identification:_identify(created_model_NXPCUP_2026.v2-v1_yolov8/content/NXPCUP_2026.v2-v1_a.yolov8/runs/eval/conf_sweep/conf_0.75) by extension 'python_setup_py'
[0.243s] Level 1:colcon.colcon_core.package_identification:_identify(created_model_NXPCUP_2026.v2-v1_yolov8/content/NXPCUP_2026.v2-v1_a.yolov8/runs/eval/conf_sweep/conf_0.80) by extensions ['ignore', 'ignore_ament_install']
[0.243s] Level 1:colcon.colcon_core.package_identification:_identify(created_model_NXPCUP_2026.v2-v1_yolov8/content/NXPCUP_2026.v2-v1_a.yolov8/runs/eval/conf_sweep/conf_0.80) by extension 'ignore'
[0.243s] Level 1:colcon.colcon_core.package_identification:_identify(created_model_NXPCUP_2026.v2-v1_yolov8/content/NXPCUP_2026.v2-v1_a.yolov8/runs/eval/conf_sweep/conf_0.80) by extension 'ignore_ament_install'
[0.244s] Level 1:colcon.colcon_core.package_identification:_identify(created_model_NXPCUP_2026.v2-v1_yolov8/content/NXPCUP_2026.v2-v1_a.yolov8/runs/eval/conf_sweep/conf_0.80) by extensions ['colcon_pkg']
[0.244s] Level 1:colcon.colcon_core.package_identification:_identify(created_model_NXPCUP_2026.v2-v1_yolov8/content/NXPCUP_2026.v2-v1_a.yolov8/runs/eval/conf_sweep/conf_0.80) by extension 'colcon_pkg'
[0.244s] Level 1:colcon.colcon_core.package_identification:_identify(created_model_NXPCUP_2026.v2-v1_yolov8/content/NXPCUP_2026.v2-v1_a.yolov8/runs/eval/conf_sweep/conf_0.80) by extensions ['colcon_meta']
[0.244s] Level 1:colcon.colcon_core.package_identification:_identify(created_model_NXPCUP_2026.v2-v1_yolov8/content/NXPCUP_2026.v2-v1_a.yolov8/runs/eval/conf_sweep/conf_0.80) by extension 'colcon_meta'
[0.244s] Level 1:colcon.colcon_core.package_identification:_identify(created_model_NXPCUP_2026.v2-v1_yolov8/content/NXPCUP_2026.v2-v1_a.yolov8/runs/eval/conf_sweep/conf_0.80) by extensions ['ros']
[0.244s] Level 1:colcon.colcon_core.package_identification:_identify(created_model_NXPCUP_2026.v2-v1_yolov8/content/NXPCUP_2026.v2-v1_a.yolov8/runs/eval/conf_sweep/conf_0.80) by extension 'ros'
[0.244s] Level 1:colcon.colcon_core.package_identification:_identify(created_model_NXPCUP_2026.v2-v1_yolov8/content/NXPCUP_2026.v2-v1_a.yolov8/runs/eval/conf_sweep/conf_0.80) by extensions ['cmake', 'python']
[0.244s] Level 1:colcon.colcon_core.package_identification:_identify(created_model_NXPCUP_2026.v2-v1_yolov8/content/NXPCUP_2026.v2-v1_a.yolov8/runs/eval/conf_sweep/conf_0.80) by extension 'cmake'
[0.244s] Level 1:colcon.colcon_core.package_identification:_identify(created_model_NXPCUP_2026.v2-v1_yolov8/content/NXPCUP_2026.v2-v1_a.yolov8/runs/eval/conf_sweep/conf_0.80) by extension 'python'
[0.244s] Level 1:colcon.colcon_core.package_identification:_identify(created_model_NXPCUP_2026.v2-v1_yolov8/content/NXPCUP_2026.v2-v1_a.yolov8/runs/eval/conf_sweep/conf_0.80) by extensions ['python_setup_py']
[0.244s] Level 1:colcon.colcon_core.package_identification:_identify(created_model_NXPCUP_2026.v2-v1_yolov8/content/NXPCUP_2026.v2-v1_a.yolov8/runs/eval/conf_sweep/conf_0.80) by extension 'python_setup_py'
[0.244s] Level 1:colcon.colcon_core.package_identification:_identify(created_model_NXPCUP_2026.v2-v1_yolov8/content/NXPCUP_2026.v2-v1_a.yolov8/runs/eval/conf_sweep/conf_0.85) by extensions ['ignore', 'ignore_ament_install']
[0.244s] Level 1:colcon.colcon_core.package_identification:_identify(created_model_NXPCUP_2026.v2-v1_yolov8/content/NXPCUP_2026.v2-v1_a.yolov8/runs/eval/conf_sweep/conf_0.85) by extension 'ignore'
[0.244s] Level 1:colcon.colcon_core.package_identification:_identify(created_model_NXPCUP_2026.v2-v1_yolov8/content/NXPCUP_2026.v2-v1_a.yolov8/runs/eval/conf_sweep/conf_0.85) by extension 'ignore_ament_install'
[0.244s] Level 1:colcon.colcon_core.package_identification:_identify(created_model_NXPCUP_2026.v2-v1_yolov8/content/NXPCUP_2026.v2-v1_a.yolov8/runs/eval/conf_sweep/conf_0.85) by extensions ['colcon_pkg']
[0.244s] Level 1:colcon.colcon_core.package_identification:_identify(created_model_NXPCUP_2026.v2-v1_yolov8/content/NXPCUP_2026.v2-v1_a.yolov8/runs/eval/conf_sweep/conf_0.85) by extension 'colcon_pkg'
[0.244s] Level 1:colcon.colcon_core.package_identification:_identify(created_model_NXPCUP_2026.v2-v1_yolov8/content/NXPCUP_2026.v2-v1_a.yolov8/runs/eval/conf_sweep/conf_0.85) by extensions ['colcon_meta']
[0.244s] Level 1:colcon.colcon_core.package_identification:_identify(created_model_NXPCUP_2026.v2-v1_yolov8/content/NXPCUP_2026.v2-v1_a.yolov8/runs/eval/conf_sweep/conf_0.85) by extension 'colcon_meta'
[0.244s] Level 1:colcon.colcon_core.package_identification:_identify(created_model_NXPCUP_2026.v2-v1_yolov8/content/NXPCUP_2026.v2-v1_a.yolov8/runs/eval/conf_sweep/conf_0.85) by extensions ['ros']
[0.244s] Level 1:colcon.colcon_core.package_identification:_identify(created_model_NXPCUP_2026.v2-v1_yolov8/content/NXPCUP_2026.v2-v1_a.yolov8/runs/eval/conf_sweep/conf_0.85) by extension 'ros'
[0.244s] Level 1:colcon.colcon_core.package_identification:_identify(created_model_NXPCUP_2026.v2-v1_yolov8/content/NXPCUP_2026.v2-v1_a.yolov8/runs/eval/conf_sweep/conf_0.85) by extensions ['cmake', 'python']
[0.244s] Level 1:colcon.colcon_core.package_identification:_identify(created_model_NXPCUP_2026.v2-v1_yolov8/content/NXPCUP_2026.v2-v1_a.yolov8/runs/eval/conf_sweep/conf_0.85) by extension 'cmake'
[0.244s] Level 1:colcon.colcon_core.package_identification:_identify(created_model_NXPCUP_2026.v2-v1_yolov8/content/NXPCUP_2026.v2-v1_a.yolov8/runs/eval/conf_sweep/conf_0.85) by extension 'python'
[0.244s] Level 1:colcon.colcon_core.package_identification:_identify(created_model_NXPCUP_2026.v2-v1_yolov8/content/NXPCUP_2026.v2-v1_a.yolov8/runs/eval/conf_sweep/conf_0.85) by extensions ['python_setup_py']
[0.244s] Level 1:colcon.colcon_core.package_identification:_identify(created_model_NXPCUP_2026.v2-v1_yolov8/content/NXPCUP_2026.v2-v1_a.yolov8/runs/eval/conf_sweep/conf_0.85) by extension 'python_setup_py'
[0.244s] Level 1:colcon.colcon_core.package_identification:_identify(created_model_NXPCUP_2026.v2-v1_yolov8/content/NXPCUP_2026.v2-v1_a.yolov8/runs/eval/conf_sweep/conf_0.90) by extensions ['ignore', 'ignore_ament_install']
[0.244s] Level 1:colcon.colcon_core.package_identification:_identify(created_model_NXPCUP_2026.v2-v1_yolov8/content/NXPCUP_2026.v2-v1_a.yolov8/runs/eval/conf_sweep/conf_0.90) by extension 'ignore'
[0.244s] Level 1:colcon.colcon_core.package_identification:_identify(created_model_NXPCUP_2026.v2-v1_yolov8/content/NXPCUP_2026.v2-v1_a.yolov8/runs/eval/conf_sweep/conf_0.90) by extension 'ignore_ament_install'
[0.244s] Level 1:colcon.colcon_core.package_identification:_identify(created_model_NXPCUP_2026.v2-v1_yolov8/content/NXPCUP_2026.v2-v1_a.yolov8/runs/eval/conf_sweep/conf_0.90) by extensions ['colcon_pkg']
[0.244s] Level 1:colcon.colcon_core.package_identification:_identify(created_model_NXPCUP_2026.v2-v1_yolov8/content/NXPCUP_2026.v2-v1_a.yolov8/runs/eval/conf_sweep/conf_0.90) by extension 'colcon_pkg'
[0.244s] Level 1:colcon.colcon_core.package_identification:_identify(created_model_NXPCUP_2026.v2-v1_yolov8/content/NXPCUP_2026.v2-v1_a.yolov8/runs/eval/conf_sweep/conf_0.90) by extensions ['colcon_meta']
[0.244s] Level 1:colcon.colcon_core.package_identification:_identify(created_model_NXPCUP_2026.v2-v1_yolov8/content/NXPCUP_2026.v2-v1_a.yolov8/runs/eval/conf_sweep/conf_0.90) by extension 'colcon_meta'
[0.244s] Level 1:colcon.colcon_core.package_identification:_identify(created_model_NXPCUP_2026.v2-v1_yolov8/content/NXPCUP_2026.v2-v1_a.yolov8/runs/eval/conf_sweep/conf_0.90) by extensions ['ros']
[0.244s] Level 1:colcon.colcon_core.package_identification:_identify(created_model_NXPCUP_2026.v2-v1_yolov8/content/NXPCUP_2026.v2-v1_a.yolov8/runs/eval/conf_sweep/conf_0.90) by extension 'ros'
[0.244s] Level 1:colcon.colcon_core.package_identification:_identify(created_model_NXPCUP_2026.v2-v1_yolov8/content/NXPCUP_2026.v2-v1_a.yolov8/runs/eval/conf_sweep/conf_0.90) by extensions ['cmake', 'python']
[0.244s] Level 1:colcon.colcon_core.package_identification:_identify(created_model_NXPCUP_2026.v2-v1_yolov8/content/NXPCUP_2026.v2-v1_a.yolov8/runs/eval/conf_sweep/conf_0.90) by extension 'cmake'
[0.244s] Level 1:colcon.colcon_core.package_identification:_identify(created_model_NXPCUP_2026.v2-v1_yolov8/content/NXPCUP_2026.v2-v1_a.yolov8/runs/eval/conf_sweep/conf_0.90) by extension 'python'
[0.244s] Level 1:colcon.colcon_core.package_identification:_identify(created_model_NXPCUP_2026.v2-v1_yolov8/content/NXPCUP_2026.v2-v1_a.yolov8/runs/eval/conf_sweep/conf_0.90) by extensions ['python_setup_py']
[0.244s] Level 1:colcon.colcon_core.package_identification:_identify(created_model_NXPCUP_2026.v2-v1_yolov8/content/NXPCUP_2026.v2-v1_a.yolov8/runs/eval/conf_sweep/conf_0.90) by extension 'python_setup_py'
[0.245s] Level 1:colcon.colcon_core.package_identification:_identify(created_model_NXPCUP_2026.v2-v1_yolov8/content/NXPCUP_2026.v2-v1_a.yolov8/runs/eval/test_20260728_080538) by extensions ['ignore', 'ignore_ament_install']
[0.245s] Level 1:colcon.colcon_core.package_identification:_identify(created_model_NXPCUP_2026.v2-v1_yolov8/content/NXPCUP_2026.v2-v1_a.yolov8/runs/eval/test_20260728_080538) by extension 'ignore'
[0.245s] Level 1:colcon.colcon_core.package_identification:_identify(created_model_NXPCUP_2026.v2-v1_yolov8/content/NXPCUP_2026.v2-v1_a.yolov8/runs/eval/test_20260728_080538) by extension 'ignore_ament_install'
[0.245s] Level 1:colcon.colcon_core.package_identification:_identify(created_model_NXPCUP_2026.v2-v1_yolov8/content/NXPCUP_2026.v2-v1_a.yolov8/runs/eval/test_20260728_080538) by extensions ['colcon_pkg']
[0.245s] Level 1:colcon.colcon_core.package_identification:_identify(created_model_NXPCUP_2026.v2-v1_yolov8/content/NXPCUP_2026.v2-v1_a.yolov8/runs/eval/test_20260728_080538) by extension 'colcon_pkg'
[0.245s] Level 1:colcon.colcon_core.package_identification:_identify(created_model_NXPCUP_2026.v2-v1_yolov8/content/NXPCUP_2026.v2-v1_a.yolov8/runs/eval/test_20260728_080538) by extensions ['colcon_meta']
[0.245s] Level 1:colcon.colcon_core.package_identification:_identify(created_model_NXPCUP_2026.v2-v1_yolov8/content/NXPCUP_2026.v2-v1_a.yolov8/runs/eval/test_20260728_080538) by extension 'colcon_meta'
[0.245s] Level 1:colcon.colcon_core.package_identification:_identify(created_model_NXPCUP_2026.v2-v1_yolov8/content/NXPCUP_2026.v2-v1_a.yolov8/runs/eval/test_20260728_080538) by extensions ['ros']
[0.245s] Level 1:colcon.colcon_core.package_identification:_identify(created_model_NXPCUP_2026.v2-v1_yolov8/content/NXPCUP_2026.v2-v1_a.yolov8/runs/eval/test_20260728_080538) by extension 'ros'
[0.245s] Level 1:colcon.colcon_core.package_identification:_identify(created_model_NXPCUP_2026.v2-v1_yolov8/content/NXPCUP_2026.v2-v1_a.yolov8/runs/eval/test_20260728_080538) by extensions ['cmake', 'python']
[0.245s] Level 1:colcon.colcon_core.package_identification:_identify(created_model_NXPCUP_2026.v2-v1_yolov8/content/NXPCUP_2026.v2-v1_a.yolov8/runs/eval/test_20260728_080538) by extension 'cmake'
[0.245s] Level 1:colcon.colcon_core.package_identification:_identify(created_model_NXPCUP_2026.v2-v1_yolov8/content/NXPCUP_2026.v2-v1_a.yolov8/runs/eval/test_20260728_080538) by extension 'python'
[0.245s] Level 1:colcon.colcon_core.package_identification:_identify(created_model_NXPCUP_2026.v2-v1_yolov8/content/NXPCUP_2026.v2-v1_a.yolov8/runs/eval/test_20260728_080538) by extensions ['python_setup_py']
[0.245s] Level 1:colcon.colcon_core.package_identification:_identify(created_model_NXPCUP_2026.v2-v1_yolov8/content/NXPCUP_2026.v2-v1_a.yolov8/runs/eval/test_20260728_080538) by extension 'python_setup_py'
[0.245s] Level 1:colcon.colcon_core.package_identification:_identify(created_model_NXPCUP_2026.v2-v1_yolov8/content/NXPCUP_2026.v2-v1_a.yolov8/runs/train) by extensions ['ignore', 'ignore_ament_install']
[0.245s] Level 1:colcon.colcon_core.package_identification:_identify(created_model_NXPCUP_2026.v2-v1_yolov8/content/NXPCUP_2026.v2-v1_a.yolov8/runs/train) by extension 'ignore'
[0.245s] Level 1:colcon.colcon_core.package_identification:_identify(created_model_NXPCUP_2026.v2-v1_yolov8/content/NXPCUP_2026.v2-v1_a.yolov8/runs/train) by extension 'ignore_ament_install'
[0.245s] Level 1:colcon.colcon_core.package_identification:_identify(created_model_NXPCUP_2026.v2-v1_yolov8/content/NXPCUP_2026.v2-v1_a.yolov8/runs/train) by extensions ['colcon_pkg']
[0.245s] Level 1:colcon.colcon_core.package_identification:_identify(created_model_NXPCUP_2026.v2-v1_yolov8/content/NXPCUP_2026.v2-v1_a.yolov8/runs/train) by extension 'colcon_pkg'
[0.245s] Level 1:colcon.colcon_core.package_identification:_identify(created_model_NXPCUP_2026.v2-v1_yolov8/content/NXPCUP_2026.v2-v1_a.yolov8/runs/train) by extensions ['colcon_meta']
[0.245s] Level 1:colcon.colcon_core.package_identification:_identify(created_model_NXPCUP_2026.v2-v1_yolov8/content/NXPCUP_2026.v2-v1_a.yolov8/runs/train) by extension 'colcon_meta'
[0.245s] Level 1:colcon.colcon_core.package_identification:_identify(created_model_NXPCUP_2026.v2-v1_yolov8/content/NXPCUP_2026.v2-v1_a.yolov8/runs/train) by extensions ['ros']
[0.245s] Level 1:colcon.colcon_core.package_identification:_identify(created_model_NXPCUP_2026.v2-v1_yolov8/content/NXPCUP_2026.v2-v1_a.yolov8/runs/train) by extension 'ros'
[0.245s] Level 1:colcon.colcon_core.package_identification:_identify(created_model_NXPCUP_2026.v2-v1_yolov8/content/NXPCUP_2026.v2-v1_a.yolov8/runs/train) by extensions ['cmake', 'python']
[0.245s] Level 1:colcon.colcon_core.package_identification:_identify(created_model_NXPCUP_2026.v2-v1_yolov8/content/NXPCUP_2026.v2-v1_a.yolov8/runs/train) by extension 'cmake'
[0.245s] Level 1:colcon.colcon_core.package_identification:_identify(created_model_NXPCUP_2026.v2-v1_yolov8/content/NXPCUP_2026.v2-v1_a.yolov8/runs/train) by extension 'python'
[0.245s] Level 1:colcon.colcon_core.package_identification:_identify(created_model_NXPCUP_2026.v2-v1_yolov8/content/NXPCUP_2026.v2-v1_a.yolov8/runs/train) by extensions ['python_setup_py']
[0.245s] Level 1:colcon.colcon_core.package_identification:_identify(created_model_NXPCUP_2026.v2-v1_yolov8/content/NXPCUP_2026.v2-v1_a.yolov8/runs/train) by extension 'python_setup_py'
[0.245s] Level 1:colcon.colcon_core.package_identification:_identify(created_model_NXPCUP_2026.v2-v1_yolov8/content/NXPCUP_2026.v2-v1_a.yolov8/runs/train/nxpcup_yolov8n) by extensions ['ignore', 'ignore_ament_install']
[0.245s] Level 1:colcon.colcon_core.package_identification:_identify(created_model_NXPCUP_2026.v2-v1_yolov8/content/NXPCUP_2026.v2-v1_a.yolov8/runs/train/nxpcup_yolov8n) by extension 'ignore'
[0.245s] Level 1:colcon.colcon_core.package_identification:_identify(created_model_NXPCUP_2026.v2-v1_yolov8/content/NXPCUP_2026.v2-v1_a.yolov8/runs/train/nxpcup_yolov8n) by extension 'ignore_ament_install'
[0.245s] Level 1:colcon.colcon_core.package_identification:_identify(created_model_NXPCUP_2026.v2-v1_yolov8/content/NXPCUP_2026.v2-v1_a.yolov8/runs/train/nxpcup_yolov8n) by extensions ['colcon_pkg']
[0.245s] Level 1:colcon.colcon_core.package_identification:_identify(created_model_NXPCUP_2026.v2-v1_yolov8/content/NXPCUP_2026.v2-v1_a.yolov8/runs/train/nxpcup_yolov8n) by extension 'colcon_pkg'
[0.245s] Level 1:colcon.colcon_core.package_identification:_identify(created_model_NXPCUP_2026.v2-v1_yolov8/content/NXPCUP_2026.v2-v1_a.yolov8/runs/train/nxpcup_yolov8n) by extensions ['colcon_meta']
[0.245s] Level 1:colcon.colcon_core.package_identification:_identify(created_model_NXPCUP_2026.v2-v1_yolov8/content/NXPCUP_2026.v2-v1_a.yolov8/runs/train/nxpcup_yolov8n) by extension 'colcon_meta'
[0.245s] Level 1:colcon.colcon_core.package_identification:_identify(created_model_NXPCUP_2026.v2-v1_yolov8/content/NXPCUP_2026.v2-v1_a.yolov8/runs/train/nxpcup_yolov8n) by extensions ['ros']
[0.245s] Level 1:colcon.colcon_core.package_identification:_identify(created_model_NXPCUP_2026.v2-v1_yolov8/content/NXPCUP_2026.v2-v1_a.yolov8/runs/train/nxpcup_yolov8n) by extension 'ros'
[0.246s] Level 1:colcon.colcon_core.package_identification:_identify(created_model_NXPCUP_2026.v2-v1_yolov8/content/NXPCUP_2026.v2-v1_a.yolov8/runs/train/nxpcup_yolov8n) by extensions ['cmake', 'python']
[0.246s] Level 1:colcon.colcon_core.package_identification:_identify(created_model_NXPCUP_2026.v2-v1_yolov8/content/NXPCUP_2026.v2-v1_a.yolov8/runs/train/nxpcup_yolov8n) by extension 'cmake'
[0.246s] Level 1:colcon.colcon_core.package_identification:_identify(created_model_NXPCUP_2026.v2-v1_yolov8/content/NXPCUP_2026.v2-v1_a.yolov8/runs/train/nxpcup_yolov8n) by extension 'python'
[0.246s] Level 1:colcon.colcon_core.package_identification:_identify(created_model_NXPCUP_2026.v2-v1_yolov8/content/NXPCUP_2026.v2-v1_a.yolov8/runs/train/nxpcup_yolov8n) by extensions ['python_setup_py']
[0.246s] Level 1:colcon.colcon_core.package_identification:_identify(created_model_NXPCUP_2026.v2-v1_yolov8/content/NXPCUP_2026.v2-v1_a.yolov8/runs/train/nxpcup_yolov8n) by extension 'python_setup_py'
[0.246s] Level 1:colcon.colcon_core.package_identification:_identify(created_model_NXPCUP_2026.v2-v1_yolov8/content/NXPCUP_2026.v2-v1_a.yolov8/runs/train/nxpcup_yolov8n/weights) by extensions ['ignore', 'ignore_ament_install']
[0.246s] Level 1:colcon.colcon_core.package_identification:_identify(created_model_NXPCUP_2026.v2-v1_yolov8/content/NXPCUP_2026.v2-v1_a.yolov8/runs/train/nxpcup_yolov8n/weights) by extension 'ignore'
[0.246s] Level 1:colcon.colcon_core.package_identification:_identify(created_model_NXPCUP_2026.v2-v1_yolov8/content/NXPCUP_2026.v2-v1_a.yolov8/runs/train/nxpcup_yolov8n/weights) by extension 'ignore_ament_install'
[0.246s] Level 1:colcon.colcon_core.package_identification:_identify(created_model_NXPCUP_2026.v2-v1_yolov8/content/NXPCUP_2026.v2-v1_a.yolov8/runs/train/nxpcup_yolov8n/weights) by extensions ['colcon_pkg']
[0.246s] Level 1:colcon.colcon_core.package_identification:_identify(created_model_NXPCUP_2026.v2-v1_yolov8/content/NXPCUP_2026.v2-v1_a.yolov8/runs/train/nxpcup_yolov8n/weights) by extension 'colcon_pkg'
[0.246s] Level 1:colcon.colcon_core.package_identification:_identify(created_model_NXPCUP_2026.v2-v1_yolov8/content/NXPCUP_2026.v2-v1_a.yolov8/runs/train/nxpcup_yolov8n/weights) by extensions ['colcon_meta']
[0.246s] Level 1:colcon.colcon_core.package_identification:_identify(created_model_NXPCUP_2026.v2-v1_yolov8/content/NXPCUP_2026.v2-v1_a.yolov8/runs/train/nxpcup_yolov8n/weights) by extension 'colcon_meta'
[0.246s] Level 1:colcon.colcon_core.package_identification:_identify(created_model_NXPCUP_2026.v2-v1_yolov8/content/NXPCUP_2026.v2-v1_a.yolov8/runs/train/nxpcup_yolov8n/weights) by extensions ['ros']
[0.246s] Level 1:colcon.colcon_core.package_identification:_identify(created_model_NXPCUP_2026.v2-v1_yolov8/content/NXPCUP_2026.v2-v1_a.yolov8/runs/train/nxpcup_yolov8n/weights) by extension 'ros'
[0.246s] Level 1:colcon.colcon_core.package_identification:_identify(created_model_NXPCUP_2026.v2-v1_yolov8/content/NXPCUP_2026.v2-v1_a.yolov8/runs/train/nxpcup_yolov8n/weights) by extensions ['cmake', 'python']
[0.246s] Level 1:colcon.colcon_core.package_identification:_identify(created_model_NXPCUP_2026.v2-v1_yolov8/content/NXPCUP_2026.v2-v1_a.yolov8/runs/train/nxpcup_yolov8n/weights) by extension 'cmake'
[0.246s] Level 1:colcon.colcon_core.package_identification:_identify(created_model_NXPCUP_2026.v2-v1_yolov8/content/NXPCUP_2026.v2-v1_a.yolov8/runs/train/nxpcup_yolov8n/weights) by extension 'python'
[0.246s] Level 1:colcon.colcon_core.package_identification:_identify(created_model_NXPCUP_2026.v2-v1_yolov8/content/NXPCUP_2026.v2-v1_a.yolov8/runs/train/nxpcup_yolov8n/weights) by extensions ['python_setup_py']
[0.246s] Level 1:colcon.colcon_core.package_identification:_identify(created_model_NXPCUP_2026.v2-v1_yolov8/content/NXPCUP_2026.v2-v1_a.yolov8/runs/train/nxpcup_yolov8n/weights) by extension 'python_setup_py'
[0.246s] Level 1:colcon.colcon_core.package_identification:_identify(created_model_NXPCUP_2026.v2-v1_yolov8/content/NXPCUP_2026.v2-v1_a.yolov8/scripts) by extensions ['ignore', 'ignore_ament_install']
[0.246s] Level 1:colcon.colcon_core.package_identification:_identify(created_model_NXPCUP_2026.v2-v1_yolov8/content/NXPCUP_2026.v2-v1_a.yolov8/scripts) by extension 'ignore'
[0.246s] Level 1:colcon.colcon_core.package_identification:_identify(created_model_NXPCUP_2026.v2-v1_yolov8/content/NXPCUP_2026.v2-v1_a.yolov8/scripts) by extension 'ignore_ament_install'
[0.246s] Level 1:colcon.colcon_core.package_identification:_identify(created_model_NXPCUP_2026.v2-v1_yolov8/content/NXPCUP_2026.v2-v1_a.yolov8/scripts) by extensions ['colcon_pkg']
[0.246s] Level 1:colcon.colcon_core.package_identification:_identify(created_model_NXPCUP_2026.v2-v1_yolov8/content/NXPCUP_2026.v2-v1_a.yolov8/scripts) by extension 'colcon_pkg'
[0.246s] Level 1:colcon.colcon_core.package_identification:_identify(created_model_NXPCUP_2026.v2-v1_yolov8/content/NXPCUP_2026.v2-v1_a.yolov8/scripts) by extensions ['colcon_meta']
[0.246s] Level 1:colcon.colcon_core.package_identification:_identify(created_model_NXPCUP_2026.v2-v1_yolov8/content/NXPCUP_2026.v2-v1_a.yolov8/scripts) by extension 'colcon_meta'
[0.246s] Level 1:colcon.colcon_core.package_identification:_identify(created_model_NXPCUP_2026.v2-v1_yolov8/content/NXPCUP_2026.v2-v1_a.yolov8/scripts) by extensions ['ros']
[0.246s] Level 1:colcon.colcon_core.package_identification:_identify(created_model_NXPCUP_2026.v2-v1_yolov8/content/NXPCUP_2026.v2-v1_a.yolov8/scripts) by extension 'ros'
[0.246s] Level 1:colcon.colcon_core.package_identification:_identify(created_model_NXPCUP_2026.v2-v1_yolov8/content/NXPCUP_2026.v2-v1_a.yolov8/scripts) by extensions ['cmake', 'python']
[0.246s] Level 1:colcon.colcon_core.package_identification:_identify(created_model_NXPCUP_2026.v2-v1_yolov8/content/NXPCUP_2026.v2-v1_a.yolov8/scripts) by extension 'cmake'
[0.246s] Level 1:colcon.colcon_core.package_identification:_identify(created_model_NXPCUP_2026.v2-v1_yolov8/content/NXPCUP_2026.v2-v1_a.yolov8/scripts) by extension 'python'
[0.246s] Level 1:colcon.colcon_core.package_identification:_identify(created_model_NXPCUP_2026.v2-v1_yolov8/content/NXPCUP_2026.v2-v1_a.yolov8/scripts) by extensions ['python_setup_py']
[0.246s] Level 1:colcon.colcon_core.package_identification:_identify(created_model_NXPCUP_2026.v2-v1_yolov8/content/NXPCUP_2026.v2-v1_a.yolov8/scripts) by extension 'python_setup_py'
[0.246s] Level 1:colcon.colcon_core.package_identification:_identify(created_model_NXPCUP_2026.v2-v1_yolov8/content/NXPCUP_2026.v2-v1_a.yolov8/test) by extensions ['ignore', 'ignore_ament_install']
[0.246s] Level 1:colcon.colcon_core.package_identification:_identify(created_model_NXPCUP_2026.v2-v1_yolov8/content/NXPCUP_2026.v2-v1_a.yolov8/test) by extension 'ignore'
[0.246s] Level 1:colcon.colcon_core.package_identification:_identify(created_model_NXPCUP_2026.v2-v1_yolov8/content/NXPCUP_2026.v2-v1_a.yolov8/test) by extension 'ignore_ament_install'
[0.246s] Level 1:colcon.colcon_core.package_identification:_identify(created_model_NXPCUP_2026.v2-v1_yolov8/content/NXPCUP_2026.v2-v1_a.yolov8/test) by extensions ['colcon_pkg']
[0.247s] Level 1:colcon.colcon_core.package_identification:_identify(created_model_NXPCUP_2026.v2-v1_yolov8/content/NXPCUP_2026.v2-v1_a.yolov8/test) by extension 'colcon_pkg'
[0.247s] Level 1:colcon.colcon_core.package_identification:_identify(created_model_NXPCUP_2026.v2-v1_yolov8/content/NXPCUP_2026.v2-v1_a.yolov8/test) by extensions ['colcon_meta']
[0.247s] Level 1:colcon.colcon_core.package_identification:_identify(created_model_NXPCUP_2026.v2-v1_yolov8/content/NXPCUP_2026.v2-v1_a.yolov8/test) by extension 'colcon_meta'
[0.247s] Level 1:colcon.colcon_core.package_identification:_identify(created_model_NXPCUP_2026.v2-v1_yolov8/content/NXPCUP_2026.v2-v1_a.yolov8/test) by extensions ['ros']
[0.247s] Level 1:colcon.colcon_core.package_identification:_identify(created_model_NXPCUP_2026.v2-v1_yolov8/content/NXPCUP_2026.v2-v1_a.yolov8/test) by extension 'ros'
[0.247s] Level 1:colcon.colcon_core.package_identification:_identify(created_model_NXPCUP_2026.v2-v1_yolov8/content/NXPCUP_2026.v2-v1_a.yolov8/test) by extensions ['cmake', 'python']
[0.247s] Level 1:colcon.colcon_core.package_identification:_identify(created_model_NXPCUP_2026.v2-v1_yolov8/content/NXPCUP_2026.v2-v1_a.yolov8/test) by extension 'cmake'
[0.247s] Level 1:colcon.colcon_core.package_identification:_identify(created_model_NXPCUP_2026.v2-v1_yolov8/content/NXPCUP_2026.v2-v1_a.yolov8/test) by extension 'python'
[0.247s] Level 1:colcon.colcon_core.package_identification:_identify(created_model_NXPCUP_2026.v2-v1_yolov8/content/NXPCUP_2026.v2-v1_a.yolov8/test) by extensions ['python_setup_py']
[0.247s] Level 1:colcon.colcon_core.package_identification:_identify(created_model_NXPCUP_2026.v2-v1_yolov8/content/NXPCUP_2026.v2-v1_a.yolov8/test) by extension 'python_setup_py'
[0.247s] Level 1:colcon.colcon_core.package_identification:_identify(created_model_NXPCUP_2026.v2-v1_yolov8/content/NXPCUP_2026.v2-v1_a.yolov8/test/images) by extensions ['ignore', 'ignore_ament_install']
[0.247s] Level 1:colcon.colcon_core.package_identification:_identify(created_model_NXPCUP_2026.v2-v1_yolov8/content/NXPCUP_2026.v2-v1_a.yolov8/test/images) by extension 'ignore'
[0.247s] Level 1:colcon.colcon_core.package_identification:_identify(created_model_NXPCUP_2026.v2-v1_yolov8/content/NXPCUP_2026.v2-v1_a.yolov8/test/images) by extension 'ignore_ament_install'
[0.247s] Level 1:colcon.colcon_core.package_identification:_identify(created_model_NXPCUP_2026.v2-v1_yolov8/content/NXPCUP_2026.v2-v1_a.yolov8/test/images) by extensions ['colcon_pkg']
[0.247s] Level 1:colcon.colcon_core.package_identification:_identify(created_model_NXPCUP_2026.v2-v1_yolov8/content/NXPCUP_2026.v2-v1_a.yolov8/test/images) by extension 'colcon_pkg'
[0.247s] Level 1:colcon.colcon_core.package_identification:_identify(created_model_NXPCUP_2026.v2-v1_yolov8/content/NXPCUP_2026.v2-v1_a.yolov8/test/images) by extensions ['colcon_meta']
[0.247s] Level 1:colcon.colcon_core.package_identification:_identify(created_model_NXPCUP_2026.v2-v1_yolov8/content/NXPCUP_2026.v2-v1_a.yolov8/test/images) by extension 'colcon_meta'
[0.247s] Level 1:colcon.colcon_core.package_identification:_identify(created_model_NXPCUP_2026.v2-v1_yolov8/content/NXPCUP_2026.v2-v1_a.yolov8/test/images) by extensions ['ros']
[0.247s] Level 1:colcon.colcon_core.package_identification:_identify(created_model_NXPCUP_2026.v2-v1_yolov8/content/NXPCUP_2026.v2-v1_a.yolov8/test/images) by extension 'ros'
[0.247s] Level 1:colcon.colcon_core.package_identification:_identify(created_model_NXPCUP_2026.v2-v1_yolov8/content/NXPCUP_2026.v2-v1_a.yolov8/test/images) by extensions ['cmake', 'python']
[0.247s] Level 1:colcon.colcon_core.package_identification:_identify(created_model_NXPCUP_2026.v2-v1_yolov8/content/NXPCUP_2026.v2-v1_a.yolov8/test/images) by extension 'cmake'
[0.247s] Level 1:colcon.colcon_core.package_identification:_identify(created_model_NXPCUP_2026.v2-v1_yolov8/content/NXPCUP_2026.v2-v1_a.yolov8/test/images) by extension 'python'
[0.247s] Level 1:colcon.colcon_core.package_identification:_identify(created_model_NXPCUP_2026.v2-v1_yolov8/content/NXPCUP_2026.v2-v1_a.yolov8/test/images) by extensions ['python_setup_py']
[0.247s] Level 1:colcon.colcon_core.package_identification:_identify(created_model_NXPCUP_2026.v2-v1_yolov8/content/NXPCUP_2026.v2-v1_a.yolov8/test/images) by extension 'python_setup_py'
[0.247s] Level 1:colcon.colcon_core.package_identification:_identify(created_model_NXPCUP_2026.v2-v1_yolov8/content/NXPCUP_2026.v2-v1_a.yolov8/test/labels) by extensions ['ignore', 'ignore_ament_install']
[0.247s] Level 1:colcon.colcon_core.package_identification:_identify(created_model_NXPCUP_2026.v2-v1_yolov8/content/NXPCUP_2026.v2-v1_a.yolov8/test/labels) by extension 'ignore'
[0.247s] Level 1:colcon.colcon_core.package_identification:_identify(created_model_NXPCUP_2026.v2-v1_yolov8/content/NXPCUP_2026.v2-v1_a.yolov8/test/labels) by extension 'ignore_ament_install'
[0.247s] Level 1:colcon.colcon_core.package_identification:_identify(created_model_NXPCUP_2026.v2-v1_yolov8/content/NXPCUP_2026.v2-v1_a.yolov8/test/labels) by extensions ['colcon_pkg']
[0.247s] Level 1:colcon.colcon_core.package_identification:_identify(created_model_NXPCUP_2026.v2-v1_yolov8/content/NXPCUP_2026.v2-v1_a.yolov8/test/labels) by extension 'colcon_pkg'
[0.247s] Level 1:colcon.colcon_core.package_identification:_identify(created_model_NXPCUP_2026.v2-v1_yolov8/content/NXPCUP_2026.v2-v1_a.yolov8/test/labels) by extensions ['colcon_meta']
[0.247s] Level 1:colcon.colcon_core.package_identification:_identify(created_model_NXPCUP_2026.v2-v1_yolov8/content/NXPCUP_2026.v2-v1_a.yolov8/test/labels) by extension 'colcon_meta'
[0.248s] Level 1:colcon.colcon_core.package_identification:_identify(created_model_NXPCUP_2026.v2-v1_yolov8/content/NXPCUP_2026.v2-v1_a.yolov8/test/labels) by extensions ['ros']
[0.248s] Level 1:colcon.colcon_core.package_identification:_identify(created_model_NXPCUP_2026.v2-v1_yolov8/content/NXPCUP_2026.v2-v1_a.yolov8/test/labels) by extension 'ros'
[0.248s] Level 1:colcon.colcon_core.package_identification:_identify(created_model_NXPCUP_2026.v2-v1_yolov8/content/NXPCUP_2026.v2-v1_a.yolov8/test/labels) by extensions ['cmake', 'python']
[0.248s] Level 1:colcon.colcon_core.package_identification:_identify(created_model_NXPCUP_2026.v2-v1_yolov8/content/NXPCUP_2026.v2-v1_a.yolov8/test/labels) by extension 'cmake'
[0.248s] Level 1:colcon.colcon_core.package_identification:_identify(created_model_NXPCUP_2026.v2-v1_yolov8/content/NXPCUP_2026.v2-v1_a.yolov8/test/labels) by extension 'python'
[0.248s] Level 1:colcon.colcon_core.package_identification:_identify(created_model_NXPCUP_2026.v2-v1_yolov8/content/NXPCUP_2026.v2-v1_a.yolov8/test/labels) by extensions ['python_setup_py']
[0.248s] Level 1:colcon.colcon_core.package_identification:_identify(created_model_NXPCUP_2026.v2-v1_yolov8/content/NXPCUP_2026.v2-v1_a.yolov8/test/labels) by extension 'python_setup_py'
[0.248s] Level 1:colcon.colcon_core.package_identification:_identify(created_model_NXPCUP_2026.v2-v1_yolov8/content/NXPCUP_2026.v2-v1_a.yolov8/train) by extensions ['ignore', 'ignore_ament_install']
[0.248s] Level 1:colcon.colcon_core.package_identification:_identify(created_model_NXPCUP_2026.v2-v1_yolov8/content/NXPCUP_2026.v2-v1_a.yolov8/train) by extension 'ignore'
[0.248s] Level 1:colcon.colcon_core.package_identification:_identify(created_model_NXPCUP_2026.v2-v1_yolov8/content/NXPCUP_2026.v2-v1_a.yolov8/train) by extension 'ignore_ament_install'
[0.248s] Level 1:colcon.colcon_core.package_identification:_identify(created_model_NXPCUP_2026.v2-v1_yolov8/content/NXPCUP_2026.v2-v1_a.yolov8/train) by extensions ['colcon_pkg']
[0.248s] Level 1:colcon.colcon_core.package_identification:_identify(created_model_NXPCUP_2026.v2-v1_yolov8/content/NXPCUP_2026.v2-v1_a.yolov8/train) by extension 'colcon_pkg'
[0.248s] Level 1:colcon.colcon_core.package_identification:_identify(created_model_NXPCUP_2026.v2-v1_yolov8/content/NXPCUP_2026.v2-v1_a.yolov8/train) by extensions ['colcon_meta']
[0.248s] Level 1:colcon.colcon_core.package_identification:_identify(created_model_NXPCUP_2026.v2-v1_yolov8/content/NXPCUP_2026.v2-v1_a.yolov8/train) by extension 'colcon_meta'
[0.248s] Level 1:colcon.colcon_core.package_identification:_identify(created_model_NXPCUP_2026.v2-v1_yolov8/content/NXPCUP_2026.v2-v1_a.yolov8/train) by extensions ['ros']
[0.248s] Level 1:colcon.colcon_core.package_identification:_identify(created_model_NXPCUP_2026.v2-v1_yolov8/content/NXPCUP_2026.v2-v1_a.yolov8/train) by extension 'ros'
[0.248s] Level 1:colcon.colcon_core.package_identification:_identify(created_model_NXPCUP_2026.v2-v1_yolov8/content/NXPCUP_2026.v2-v1_a.yolov8/train) by extensions ['cmake', 'python']
[0.248s] Level 1:colcon.colcon_core.package_identification:_identify(created_model_NXPCUP_2026.v2-v1_yolov8/content/NXPCUP_2026.v2-v1_a.yolov8/train) by extension 'cmake'
[0.248s] Level 1:colcon.colcon_core.package_identification:_identify(created_model_NXPCUP_2026.v2-v1_yolov8/content/NXPCUP_2026.v2-v1_a.yolov8/train) by extension 'python'
[0.248s] Level 1:colcon.colcon_core.package_identification:_identify(created_model_NXPCUP_2026.v2-v1_yolov8/content/NXPCUP_2026.v2-v1_a.yolov8/train) by extensions ['python_setup_py']
[0.248s] Level 1:colcon.colcon_core.package_identification:_identify(created_model_NXPCUP_2026.v2-v1_yolov8/content/NXPCUP_2026.v2-v1_a.yolov8/train) by extension 'python_setup_py'
[0.249s] Level 1:colcon.colcon_core.package_identification:_identify(created_model_NXPCUP_2026.v2-v1_yolov8/content/NXPCUP_2026.v2-v1_a.yolov8/train/images) by extensions ['ignore', 'ignore_ament_install']
[0.249s] Level 1:colcon.colcon_core.package_identification:_identify(created_model_NXPCUP_2026.v2-v1_yolov8/content/NXPCUP_2026.v2-v1_a.yolov8/train/images) by extension 'ignore'
[0.249s] Level 1:colcon.colcon_core.package_identification:_identify(created_model_NXPCUP_2026.v2-v1_yolov8/content/NXPCUP_2026.v2-v1_a.yolov8/train/images) by extension 'ignore_ament_install'
[0.249s] Level 1:colcon.colcon_core.package_identification:_identify(created_model_NXPCUP_2026.v2-v1_yolov8/content/NXPCUP_2026.v2-v1_a.yolov8/train/images) by extensions ['colcon_pkg']
[0.249s] Level 1:colcon.colcon_core.package_identification:_identify(created_model_NXPCUP_2026.v2-v1_yolov8/content/NXPCUP_2026.v2-v1_a.yolov8/train/images) by extension 'colcon_pkg'
[0.249s] Level 1:colcon.colcon_core.package_identification:_identify(created_model_NXPCUP_2026.v2-v1_yolov8/content/NXPCUP_2026.v2-v1_a.yolov8/train/images) by extensions ['colcon_meta']
[0.249s] Level 1:colcon.colcon_core.package_identification:_identify(created_model_NXPCUP_2026.v2-v1_yolov8/content/NXPCUP_2026.v2-v1_a.yolov8/train/images) by extension 'colcon_meta'
[0.249s] Level 1:colcon.colcon_core.package_identification:_identify(created_model_NXPCUP_2026.v2-v1_yolov8/content/NXPCUP_2026.v2-v1_a.yolov8/train/images) by extensions ['ros']
[0.249s] Level 1:colcon.colcon_core.package_identification:_identify(created_model_NXPCUP_2026.v2-v1_yolov8/content/NXPCUP_2026.v2-v1_a.yolov8/train/images) by extension 'ros'
[0.249s] Level 1:colcon.colcon_core.package_identification:_identify(created_model_NXPCUP_2026.v2-v1_yolov8/content/NXPCUP_2026.v2-v1_a.yolov8/train/images) by extensions ['cmake', 'python']
[0.249s] Level 1:colcon.colcon_core.package_identification:_identify(created_model_NXPCUP_2026.v2-v1_yolov8/content/NXPCUP_2026.v2-v1_a.yolov8/train/images) by extension 'cmake'
[0.249s] Level 1:colcon.colcon_core.package_identification:_identify(created_model_NXPCUP_2026.v2-v1_yolov8/content/NXPCUP_2026.v2-v1_a.yolov8/train/images) by extension 'python'
[0.249s] Level 1:colcon.colcon_core.package_identification:_identify(created_model_NXPCUP_2026.v2-v1_yolov8/content/NXPCUP_2026.v2-v1_a.yolov8/train/images) by extensions ['python_setup_py']
[0.249s] Level 1:colcon.colcon_core.package_identification:_identify(created_model_NXPCUP_2026.v2-v1_yolov8/content/NXPCUP_2026.v2-v1_a.yolov8/train/images) by extension 'python_setup_py'
[0.251s] Level 1:colcon.colcon_core.package_identification:_identify(created_model_NXPCUP_2026.v2-v1_yolov8/content/NXPCUP_2026.v2-v1_a.yolov8/train/labels) by extensions ['ignore', 'ignore_ament_install']
[0.251s] Level 1:colcon.colcon_core.package_identification:_identify(created_model_NXPCUP_2026.v2-v1_yolov8/content/NXPCUP_2026.v2-v1_a.yolov8/train/labels) by extension 'ignore'
[0.251s] Level 1:colcon.colcon_core.package_identification:_identify(created_model_NXPCUP_2026.v2-v1_yolov8/content/NXPCUP_2026.v2-v1_a.yolov8/train/labels) by extension 'ignore_ament_install'
[0.251s] Level 1:colcon.colcon_core.package_identification:_identify(created_model_NXPCUP_2026.v2-v1_yolov8/content/NXPCUP_2026.v2-v1_a.yolov8/train/labels) by extensions ['colcon_pkg']
[0.251s] Level 1:colcon.colcon_core.package_identification:_identify(created_model_NXPCUP_2026.v2-v1_yolov8/content/NXPCUP_2026.v2-v1_a.yolov8/train/labels) by extension 'colcon_pkg'
[0.252s] Level 1:colcon.colcon_core.package_identification:_identify(created_model_NXPCUP_2026.v2-v1_yolov8/content/NXPCUP_2026.v2-v1_a.yolov8/train/labels) by extensions ['colcon_meta']
[0.252s] Level 1:colcon.colcon_core.package_identification:_identify(created_model_NXPCUP_2026.v2-v1_yolov8/content/NXPCUP_2026.v2-v1_a.yolov8/train/labels) by extension 'colcon_meta'
[0.252s] Level 1:colcon.colcon_core.package_identification:_identify(created_model_NXPCUP_2026.v2-v1_yolov8/content/NXPCUP_2026.v2-v1_a.yolov8/train/labels) by extensions ['ros']
[0.252s] Level 1:colcon.colcon_core.package_identification:_identify(created_model_NXPCUP_2026.v2-v1_yolov8/content/NXPCUP_2026.v2-v1_a.yolov8/train/labels) by extension 'ros'
[0.252s] Level 1:colcon.colcon_core.package_identification:_identify(created_model_NXPCUP_2026.v2-v1_yolov8/content/NXPCUP_2026.v2-v1_a.yolov8/train/labels) by extensions ['cmake', 'python']
[0.252s] Level 1:colcon.colcon_core.package_identification:_identify(created_model_NXPCUP_2026.v2-v1_yolov8/content/NXPCUP_2026.v2-v1_a.yolov8/train/labels) by extension 'cmake'
[0.252s] Level 1:colcon.colcon_core.package_identification:_identify(created_model_NXPCUP_2026.v2-v1_yolov8/content/NXPCUP_2026.v2-v1_a.yolov8/train/labels) by extension 'python'
[0.252s] Level 1:colcon.colcon_core.package_identification:_identify(created_model_NXPCUP_2026.v2-v1_yolov8/content/NXPCUP_2026.v2-v1_a.yolov8/train/labels) by extensions ['python_setup_py']
[0.252s] Level 1:colcon.colcon_core.package_identification:_identify(created_model_NXPCUP_2026.v2-v1_yolov8/content/NXPCUP_2026.v2-v1_a.yolov8/train/labels) by extension 'python_setup_py'
[0.252s] Level 1:colcon.colcon_core.package_identification:_identify(created_model_NXPCUP_2026.v2-v1_yolov8/content/NXPCUP_2026.v2-v1_a.yolov8/valid) by extensions ['ignore', 'ignore_ament_install']
[0.252s] Level 1:colcon.colcon_core.package_identification:_identify(created_model_NXPCUP_2026.v2-v1_yolov8/content/NXPCUP_2026.v2-v1_a.yolov8/valid) by extension 'ignore'
[0.252s] Level 1:colcon.colcon_core.package_identification:_identify(created_model_NXPCUP_2026.v2-v1_yolov8/content/NXPCUP_2026.v2-v1_a.yolov8/valid) by extension 'ignore_ament_install'
[0.252s] Level 1:colcon.colcon_core.package_identification:_identify(created_model_NXPCUP_2026.v2-v1_yolov8/content/NXPCUP_2026.v2-v1_a.yolov8/valid) by extensions ['colcon_pkg']
[0.252s] Level 1:colcon.colcon_core.package_identification:_identify(created_model_NXPCUP_2026.v2-v1_yolov8/content/NXPCUP_2026.v2-v1_a.yolov8/valid) by extension 'colcon_pkg'
[0.252s] Level 1:colcon.colcon_core.package_identification:_identify(created_model_NXPCUP_2026.v2-v1_yolov8/content/NXPCUP_2026.v2-v1_a.yolov8/valid) by extensions ['colcon_meta']
[0.252s] Level 1:colcon.colcon_core.package_identification:_identify(created_model_NXPCUP_2026.v2-v1_yolov8/content/NXPCUP_2026.v2-v1_a.yolov8/valid) by extension 'colcon_meta'
[0.252s] Level 1:colcon.colcon_core.package_identification:_identify(created_model_NXPCUP_2026.v2-v1_yolov8/content/NXPCUP_2026.v2-v1_a.yolov8/valid) by extensions ['ros']
[0.252s] Level 1:colcon.colcon_core.package_identification:_identify(created_model_NXPCUP_2026.v2-v1_yolov8/content/NXPCUP_2026.v2-v1_a.yolov8/valid) by extension 'ros'
[0.252s] Level 1:colcon.colcon_core.package_identification:_identify(created_model_NXPCUP_2026.v2-v1_yolov8/content/NXPCUP_2026.v2-v1_a.yolov8/valid) by extensions ['cmake', 'python']
[0.252s] Level 1:colcon.colcon_core.package_identification:_identify(created_model_NXPCUP_2026.v2-v1_yolov8/content/NXPCUP_2026.v2-v1_a.yolov8/valid) by extension 'cmake'
[0.252s] Level 1:colcon.colcon_core.package_identification:_identify(created_model_NXPCUP_2026.v2-v1_yolov8/content/NXPCUP_2026.v2-v1_a.yolov8/valid) by extension 'python'
[0.252s] Level 1:colcon.colcon_core.package_identification:_identify(created_model_NXPCUP_2026.v2-v1_yolov8/content/NXPCUP_2026.v2-v1_a.yolov8/valid) by extensions ['python_setup_py']
[0.252s] Level 1:colcon.colcon_core.package_identification:_identify(created_model_NXPCUP_2026.v2-v1_yolov8/content/NXPCUP_2026.v2-v1_a.yolov8/valid) by extension 'python_setup_py'
[0.252s] Level 1:colcon.colcon_core.package_identification:_identify(created_model_NXPCUP_2026.v2-v1_yolov8/content/NXPCUP_2026.v2-v1_a.yolov8/valid/images) by extensions ['ignore', 'ignore_ament_install']
[0.253s] Level 1:colcon.colcon_core.package_identification:_identify(created_model_NXPCUP_2026.v2-v1_yolov8/content/NXPCUP_2026.v2-v1_a.yolov8/valid/images) by extension 'ignore'
[0.253s] Level 1:colcon.colcon_core.package_identification:_identify(created_model_NXPCUP_2026.v2-v1_yolov8/content/NXPCUP_2026.v2-v1_a.yolov8/valid/images) by extension 'ignore_ament_install'
[0.253s] Level 1:colcon.colcon_core.package_identification:_identify(created_model_NXPCUP_2026.v2-v1_yolov8/content/NXPCUP_2026.v2-v1_a.yolov8/valid/images) by extensions ['colcon_pkg']
[0.253s] Level 1:colcon.colcon_core.package_identification:_identify(created_model_NXPCUP_2026.v2-v1_yolov8/content/NXPCUP_2026.v2-v1_a.yolov8/valid/images) by extension 'colcon_pkg'
[0.253s] Level 1:colcon.colcon_core.package_identification:_identify(created_model_NXPCUP_2026.v2-v1_yolov8/content/NXPCUP_2026.v2-v1_a.yolov8/valid/images) by extensions ['colcon_meta']
[0.253s] Level 1:colcon.colcon_core.package_identification:_identify(created_model_NXPCUP_2026.v2-v1_yolov8/content/NXPCUP_2026.v2-v1_a.yolov8/valid/images) by extension 'colcon_meta'
[0.253s] Level 1:colcon.colcon_core.package_identification:_identify(created_model_NXPCUP_2026.v2-v1_yolov8/content/NXPCUP_2026.v2-v1_a.yolov8/valid/images) by extensions ['ros']
[0.253s] Level 1:colcon.colcon_core.package_identification:_identify(created_model_NXPCUP_2026.v2-v1_yolov8/content/NXPCUP_2026.v2-v1_a.yolov8/valid/images) by extension 'ros'
[0.253s] Level 1:colcon.colcon_core.package_identification:_identify(created_model_NXPCUP_2026.v2-v1_yolov8/content/NXPCUP_2026.v2-v1_a.yolov8/valid/images) by extensions ['cmake', 'python']
[0.253s] Level 1:colcon.colcon_core.package_identification:_identify(created_model_NXPCUP_2026.v2-v1_yolov8/content/NXPCUP_2026.v2-v1_a.yolov8/valid/images) by extension 'cmake'
[0.253s] Level 1:colcon.colcon_core.package_identification:_identify(created_model_NXPCUP_2026.v2-v1_yolov8/content/NXPCUP_2026.v2-v1_a.yolov8/valid/images) by extension 'python'
[0.253s] Level 1:colcon.colcon_core.package_identification:_identify(created_model_NXPCUP_2026.v2-v1_yolov8/content/NXPCUP_2026.v2-v1_a.yolov8/valid/images) by extensions ['python_setup_py']
[0.253s] Level 1:colcon.colcon_core.package_identification:_identify(created_model_NXPCUP_2026.v2-v1_yolov8/content/NXPCUP_2026.v2-v1_a.yolov8/valid/images) by extension 'python_setup_py'
[0.253s] Level 1:colcon.colcon_core.package_identification:_identify(created_model_NXPCUP_2026.v2-v1_yolov8/content/NXPCUP_2026.v2-v1_a.yolov8/valid/labels) by extensions ['ignore', 'ignore_ament_install']
[0.253s] Level 1:colcon.colcon_core.package_identification:_identify(created_model_NXPCUP_2026.v2-v1_yolov8/content/NXPCUP_2026.v2-v1_a.yolov8/valid/labels) by extension 'ignore'
[0.253s] Level 1:colcon.colcon_core.package_identification:_identify(created_model_NXPCUP_2026.v2-v1_yolov8/content/NXPCUP_2026.v2-v1_a.yolov8/valid/labels) by extension 'ignore_ament_install'
[0.253s] Level 1:colcon.colcon_core.package_identification:_identify(created_model_NXPCUP_2026.v2-v1_yolov8/content/NXPCUP_2026.v2-v1_a.yolov8/valid/labels) by extensions ['colcon_pkg']
[0.253s] Level 1:colcon.colcon_core.package_identification:_identify(created_model_NXPCUP_2026.v2-v1_yolov8/content/NXPCUP_2026.v2-v1_a.yolov8/valid/labels) by extension 'colcon_pkg'
[0.253s] Level 1:colcon.colcon_core.package_identification:_identify(created_model_NXPCUP_2026.v2-v1_yolov8/content/NXPCUP_2026.v2-v1_a.yolov8/valid/labels) by extensions ['colcon_meta']
[0.253s] Level 1:colcon.colcon_core.package_identification:_identify(created_model_NXPCUP_2026.v2-v1_yolov8/content/NXPCUP_2026.v2-v1_a.yolov8/valid/labels) by extension 'colcon_meta'
[0.253s] Level 1:colcon.colcon_core.package_identification:_identify(created_model_NXPCUP_2026.v2-v1_yolov8/content/NXPCUP_2026.v2-v1_a.yolov8/valid/labels) by extensions ['ros']
[0.253s] Level 1:colcon.colcon_core.package_identification:_identify(created_model_NXPCUP_2026.v2-v1_yolov8/content/NXPCUP_2026.v2-v1_a.yolov8/valid/labels) by extension 'ros'
[0.253s] Level 1:colcon.colcon_core.package_identification:_identify(created_model_NXPCUP_2026.v2-v1_yolov8/content/NXPCUP_2026.v2-v1_a.yolov8/valid/labels) by extensions ['cmake', 'python']
[0.254s] Level 1:colcon.colcon_core.package_identification:_identify(created_model_NXPCUP_2026.v2-v1_yolov8/content/NXPCUP_2026.v2-v1_a.yolov8/valid/labels) by extension 'cmake'
[0.254s] Level 1:colcon.colcon_core.package_identification:_identify(created_model_NXPCUP_2026.v2-v1_yolov8/content/NXPCUP_2026.v2-v1_a.yolov8/valid/labels) by extension 'python'
[0.254s] Level 1:colcon.colcon_core.package_identification:_identify(created_model_NXPCUP_2026.v2-v1_yolov8/content/NXPCUP_2026.v2-v1_a.yolov8/valid/labels) by extensions ['python_setup_py']
[0.254s] Level 1:colcon.colcon_core.package_identification:_identify(created_model_NXPCUP_2026.v2-v1_yolov8/content/NXPCUP_2026.v2-v1_a.yolov8/valid/labels) by extension 'python_setup_py'
[0.254s] Level 1:colcon.colcon_core.package_identification:_identify(install) by extensions ['ignore', 'ignore_ament_install']
[0.254s] Level 1:colcon.colcon_core.package_identification:_identify(install) by extension 'ignore'
[0.254s] Level 1:colcon.colcon_core.package_identification:_identify(install) ignored
[0.254s] Level 1:colcon.colcon_core.package_identification:_identify(log) by extensions ['ignore', 'ignore_ament_install']
[0.254s] Level 1:colcon.colcon_core.package_identification:_identify(log) by extension 'ignore'
[0.254s] Level 1:colcon.colcon_core.package_identification:_identify(log) ignored
[0.254s] Level 1:colcon.colcon_core.package_identification:_identify(src) by extensions ['ignore', 'ignore_ament_install']
[0.254s] Level 1:colcon.colcon_core.package_identification:_identify(src) by extension 'ignore'
[0.254s] Level 1:colcon.colcon_core.package_identification:_identify(src) by extension 'ignore_ament_install'
[0.254s] Level 1:colcon.colcon_core.package_identification:_identify(src) by extensions ['colcon_pkg']
[0.254s] Level 1:colcon.colcon_core.package_identification:_identify(src) by extension 'colcon_pkg'
[0.254s] Level 1:colcon.colcon_core.package_identification:_identify(src) by extensions ['colcon_meta']
[0.254s] Level 1:colcon.colcon_core.package_identification:_identify(src) by extension 'colcon_meta'
[0.254s] Level 1:colcon.colcon_core.package_identification:_identify(src) by extensions ['ros']
[0.254s] Level 1:colcon.colcon_core.package_identification:_identify(src) by extension 'ros'
[0.254s] Level 1:colcon.colcon_core.package_identification:_identify(src) by extensions ['cmake', 'python']
[0.254s] Level 1:colcon.colcon_core.package_identification:_identify(src) by extension 'cmake'
[0.254s] Level 1:colcon.colcon_core.package_identification:_identify(src) by extension 'python'
[0.254s] Level 1:colcon.colcon_core.package_identification:_identify(src) by extensions ['python_setup_py']
[0.254s] Level 1:colcon.colcon_core.package_identification:_identify(src) by extension 'python_setup_py'
[0.254s] Level 1:colcon.colcon_core.package_identification:_identify(src/b3rb) by extensions ['ignore', 'ignore_ament_install']
[0.254s] Level 1:colcon.colcon_core.package_identification:_identify(src/b3rb) by extension 'ignore'
[0.254s] Level 1:colcon.colcon_core.package_identification:_identify(src/b3rb) by extension 'ignore_ament_install'
[0.254s] Level 1:colcon.colcon_core.package_identification:_identify(src/b3rb) by extensions ['colcon_pkg']
[0.254s] Level 1:colcon.colcon_core.package_identification:_identify(src/b3rb) by extension 'colcon_pkg'
[0.254s] Level 1:colcon.colcon_core.package_identification:_identify(src/b3rb) by extensions ['colcon_meta']
[0.254s] Level 1:colcon.colcon_core.package_identification:_identify(src/b3rb) by extension 'colcon_meta'
[0.254s] Level 1:colcon.colcon_core.package_identification:_identify(src/b3rb) by extensions ['ros']
[0.254s] Level 1:colcon.colcon_core.package_identification:_identify(src/b3rb) by extension 'ros'
[0.254s] Level 1:colcon.colcon_core.package_identification:_identify(src/b3rb) by extensions ['cmake', 'python']
[0.255s] Level 1:colcon.colcon_core.package_identification:_identify(src/b3rb) by extension 'cmake'
[0.255s] Level 1:colcon.colcon_core.package_identification:_identify(src/b3rb) by extension 'python'
[0.255s] Level 1:colcon.colcon_core.package_identification:_identify(src/b3rb) by extensions ['python_setup_py']
[0.255s] Level 1:colcon.colcon_core.package_identification:_identify(src/b3rb) by extension 'python_setup_py'
[0.255s] Level 1:colcon.colcon_core.package_identification:_identify(src/b3rb/b3rb_description) by extensions ['ignore', 'ignore_ament_install']
[0.255s] Level 1:colcon.colcon_core.package_identification:_identify(src/b3rb/b3rb_description) by extension 'ignore'
[0.255s] Level 1:colcon.colcon_core.package_identification:_identify(src/b3rb/b3rb_description) by extension 'ignore_ament_install'
[0.255s] Level 1:colcon.colcon_core.package_identification:_identify(src/b3rb/b3rb_description) by extensions ['colcon_pkg']
[0.255s] Level 1:colcon.colcon_core.package_identification:_identify(src/b3rb/b3rb_description) by extension 'colcon_pkg'
[0.255s] Level 1:colcon.colcon_core.package_identification:_identify(src/b3rb/b3rb_description) by extensions ['colcon_meta']
[0.255s] Level 1:colcon.colcon_core.package_identification:_identify(src/b3rb/b3rb_description) by extension 'colcon_meta'
[0.255s] Level 1:colcon.colcon_core.package_identification:_identify(src/b3rb/b3rb_description) by extensions ['ros']
[0.255s] Level 1:colcon.colcon_core.package_identification:_identify(src/b3rb/b3rb_description) by extension 'ros'
[0.257s] DEBUG:colcon.colcon_core.package_identification:Package 'src/b3rb/b3rb_description' with type 'ros.ament_cmake' and name 'b3rb_description'
[0.257s] Level 1:colcon.colcon_core.package_identification:_identify(src/b3rb/b3rb_nav2) by extensions ['ignore', 'ignore_ament_install']
[0.257s] Level 1:colcon.colcon_core.package_identification:_identify(src/b3rb/b3rb_nav2) by extension 'ignore'
[0.257s] Level 1:colcon.colcon_core.package_identification:_identify(src/b3rb/b3rb_nav2) by extension 'ignore_ament_install'
[0.257s] Level 1:colcon.colcon_core.package_identification:_identify(src/b3rb/b3rb_nav2) by extensions ['colcon_pkg']
[0.257s] Level 1:colcon.colcon_core.package_identification:_identify(src/b3rb/b3rb_nav2) by extension 'colcon_pkg'
[0.257s] Level 1:colcon.colcon_core.package_identification:_identify(src/b3rb/b3rb_nav2) by extensions ['colcon_meta']
[0.257s] Level 1:colcon.colcon_core.package_identification:_identify(src/b3rb/b3rb_nav2) by extension 'colcon_meta'
[0.257s] Level 1:colcon.colcon_core.package_identification:_identify(src/b3rb/b3rb_nav2) by extensions ['ros']
[0.257s] Level 1:colcon.colcon_core.package_identification:_identify(src/b3rb/b3rb_nav2) by extension 'ros'
[0.257s] DEBUG:colcon.colcon_core.package_identification:Package 'src/b3rb/b3rb_nav2' with type 'ros.ament_cmake' and name 'b3rb_nav2'
[0.257s] Level 1:colcon.colcon_core.package_identification:_identify(src/b3rb_desktop) by extensions ['ignore', 'ignore_ament_install']
[0.257s] Level 1:colcon.colcon_core.package_identification:_identify(src/b3rb_desktop) by extension 'ignore'
[0.257s] Level 1:colcon.colcon_core.package_identification:_identify(src/b3rb_desktop) by extension 'ignore_ament_install'
[0.257s] Level 1:colcon.colcon_core.package_identification:_identify(src/b3rb_desktop) by extensions ['colcon_pkg']
[0.257s] Level 1:colcon.colcon_core.package_identification:_identify(src/b3rb_desktop) by extension 'colcon_pkg'
[0.257s] Level 1:colcon.colcon_core.package_identification:_identify(src/b3rb_desktop) by extensions ['colcon_meta']
[0.257s] Level 1:colcon.colcon_core.package_identification:_identify(src/b3rb_desktop) by extension 'colcon_meta'
[0.257s] Level 1:colcon.colcon_core.package_identification:_identify(src/b3rb_desktop) by extensions ['ros']
[0.258s] Level 1:colcon.colcon_core.package_identification:_identify(src/b3rb_desktop) by extension 'ros'
[0.258s] Level 1:colcon.colcon_core.package_identification:_identify(src/b3rb_desktop) by extensions ['cmake', 'python']
[0.258s] Level 1:colcon.colcon_core.package_identification:_identify(src/b3rb_desktop) by extension 'cmake'
[0.258s] Level 1:colcon.colcon_core.package_identification:_identify(src/b3rb_desktop) by extension 'python'
[0.258s] Level 1:colcon.colcon_core.package_identification:_identify(src/b3rb_desktop) by extensions ['python_setup_py']
[0.258s] Level 1:colcon.colcon_core.package_identification:_identify(src/b3rb_desktop) by extension 'python_setup_py'
[0.258s] Level 1:colcon.colcon_core.package_identification:_identify(src/b3rb_desktop/b3rb_desktop) by extensions ['ignore', 'ignore_ament_install']
[0.258s] Level 1:colcon.colcon_core.package_identification:_identify(src/b3rb_desktop/b3rb_desktop) by extension 'ignore'
[0.258s] Level 1:colcon.colcon_core.package_identification:_identify(src/b3rb_desktop/b3rb_desktop) by extension 'ignore_ament_install'
[0.258s] Level 1:colcon.colcon_core.package_identification:_identify(src/b3rb_desktop/b3rb_desktop) by extensions ['colcon_pkg']
[0.258s] Level 1:colcon.colcon_core.package_identification:_identify(src/b3rb_desktop/b3rb_desktop) by extension 'colcon_pkg'
[0.258s] Level 1:colcon.colcon_core.package_identification:_identify(src/b3rb_desktop/b3rb_desktop) by extensions ['colcon_meta']
[0.258s] Level 1:colcon.colcon_core.package_identification:_identify(src/b3rb_desktop/b3rb_desktop) by extension 'colcon_meta'
[0.258s] Level 1:colcon.colcon_core.package_identification:_identify(src/b3rb_desktop/b3rb_desktop) by extensions ['ros']
[0.258s] Level 1:colcon.colcon_core.package_identification:_identify(src/b3rb_desktop/b3rb_desktop) by extension 'ros'
[0.258s] DEBUG:colcon.colcon_core.package_identification:Package 'src/b3rb_desktop/b3rb_desktop' with type 'ros.ament_cmake' and name 'b3rb_desktop'
[0.258s] Level 1:colcon.colcon_core.package_identification:_identify(src/b3rb_desktop/b3rb_rviz) by extensions ['ignore', 'ignore_ament_install']
[0.258s] Level 1:colcon.colcon_core.package_identification:_identify(src/b3rb_desktop/b3rb_rviz) by extension 'ignore'
[0.258s] Level 1:colcon.colcon_core.package_identification:_identify(src/b3rb_desktop/b3rb_rviz) by extension 'ignore_ament_install'
[0.258s] Level 1:colcon.colcon_core.package_identification:_identify(src/b3rb_desktop/b3rb_rviz) by extensions ['colcon_pkg']
[0.258s] Level 1:colcon.colcon_core.package_identification:_identify(src/b3rb_desktop/b3rb_rviz) by extension 'colcon_pkg'
[0.259s] Level 1:colcon.colcon_core.package_identification:_identify(src/b3rb_desktop/b3rb_rviz) by extensions ['colcon_meta']
[0.259s] Level 1:colcon.colcon_core.package_identification:_identify(src/b3rb_desktop/b3rb_rviz) by extension 'colcon_meta'
[0.259s] Level 1:colcon.colcon_core.package_identification:_identify(src/b3rb_desktop/b3rb_rviz) by extensions ['ros']
[0.259s] Level 1:colcon.colcon_core.package_identification:_identify(src/b3rb_desktop/b3rb_rviz) by extension 'ros'
[0.259s] DEBUG:colcon.colcon_core.package_identification:Package 'src/b3rb_desktop/b3rb_rviz' with type 'ros.ament_cmake' and name 'b3rb_rviz'
[0.259s] Level 1:colcon.colcon_core.package_identification:_identify(src/b3rb_ros_line_follower) by extensions ['ignore', 'ignore_ament_install']
[0.259s] Level 1:colcon.colcon_core.package_identification:_identify(src/b3rb_ros_line_follower) by extension 'ignore'
[0.259s] Level 1:colcon.colcon_core.package_identification:_identify(src/b3rb_ros_line_follower) by extension 'ignore_ament_install'
[0.259s] Level 1:colcon.colcon_core.package_identification:_identify(src/b3rb_ros_line_follower) by extensions ['colcon_pkg']
[0.259s] Level 1:colcon.colcon_core.package_identification:_identify(src/b3rb_ros_line_follower) by extension 'colcon_pkg'
[0.259s] Level 1:colcon.colcon_core.package_identification:_identify(src/b3rb_ros_line_follower) by extensions ['colcon_meta']
[0.259s] Level 1:colcon.colcon_core.package_identification:_identify(src/b3rb_ros_line_follower) by extension 'colcon_meta'
[0.259s] Level 1:colcon.colcon_core.package_identification:_identify(src/b3rb_ros_line_follower) by extensions ['ros']
[0.259s] Level 1:colcon.colcon_core.package_identification:_identify(src/b3rb_ros_line_follower) by extension 'ros'
[0.259s] Level 1:colcon.colcon_core.package_identification:_identify(src/b3rb_ros_line_follower) by extensions ['cmake', 'python']
[0.259s] Level 1:colcon.colcon_core.package_identification:_identify(src/b3rb_ros_line_follower) by extension 'cmake'
[0.259s] Level 1:colcon.colcon_core.package_identification:_identify(src/b3rb_ros_line_follower) by extension 'python'
[0.259s] Level 1:colcon.colcon_core.package_identification:_identify(src/b3rb_ros_line_follower) by extensions ['python_setup_py']
[0.259s] Level 1:colcon.colcon_core.package_identification:_identify(src/b3rb_ros_line_follower) by extension 'python_setup_py'
[0.259s] Level 1:colcon.colcon_core.package_identification:_identify(src/b3rb_ros_line_follower/b3rb_ros_line_follower) by extensions ['ignore', 'ignore_ament_install']
[0.259s] Level 1:colcon.colcon_core.package_identification:_identify(src/b3rb_ros_line_follower/b3rb_ros_line_follower) by extension 'ignore'
[0.259s] Level 1:colcon.colcon_core.package_identification:_identify(src/b3rb_ros_line_follower/b3rb_ros_line_follower) by extension 'ignore_ament_install'
[0.259s] Level 1:colcon.colcon_core.package_identification:_identify(src/b3rb_ros_line_follower/b3rb_ros_line_follower) by extensions ['colcon_pkg']
[0.259s] Level 1:colcon.colcon_core.package_identification:_identify(src/b3rb_ros_line_follower/b3rb_ros_line_follower) by extension 'colcon_pkg'
[0.259s] Level 1:colcon.colcon_core.package_identification:_identify(src/b3rb_ros_line_follower/b3rb_ros_line_follower) by extensions ['colcon_meta']
[0.259s] Level 1:colcon.colcon_core.package_identification:_identify(src/b3rb_ros_line_follower/b3rb_ros_line_follower) by extension 'colcon_meta'
[0.259s] Level 1:colcon.colcon_core.package_identification:_identify(src/b3rb_ros_line_follower/b3rb_ros_line_follower) by extensions ['ros']
[0.259s] Level 1:colcon.colcon_core.package_identification:_identify(src/b3rb_ros_line_follower/b3rb_ros_line_follower) by extension 'ros'
[0.260s] DEBUG:colcon.colcon_core.package_identification:Package 'src/b3rb_ros_line_follower/b3rb_ros_line_follower' with type 'ros.ament_python' and name 'b3rb_ros_line_follower'
[0.260s] Level 1:colcon.colcon_core.package_identification:_identify(src/b3rb_simulator) by extensions ['ignore', 'ignore_ament_install']
[0.260s] Level 1:colcon.colcon_core.package_identification:_identify(src/b3rb_simulator) by extension 'ignore'
[0.260s] Level 1:colcon.colcon_core.package_identification:_identify(src/b3rb_simulator) by extension 'ignore_ament_install'
[0.260s] Level 1:colcon.colcon_core.package_identification:_identify(src/b3rb_simulator) by extensions ['colcon_pkg']
[0.260s] Level 1:colcon.colcon_core.package_identification:_identify(src/b3rb_simulator) by extension 'colcon_pkg'
[0.260s] Level 1:colcon.colcon_core.package_identification:_identify(src/b3rb_simulator) by extensions ['colcon_meta']
[0.260s] Level 1:colcon.colcon_core.package_identification:_identify(src/b3rb_simulator) by extension 'colcon_meta'
[0.260s] Level 1:colcon.colcon_core.package_identification:_identify(src/b3rb_simulator) by extensions ['ros']
[0.260s] Level 1:colcon.colcon_core.package_identification:_identify(src/b3rb_simulator) by extension 'ros'
[0.260s] Level 1:colcon.colcon_core.package_identification:_identify(src/b3rb_simulator) by extensions ['cmake', 'python']
[0.260s] Level 1:colcon.colcon_core.package_identification:_identify(src/b3rb_simulator) by extension 'cmake'
[0.260s] Level 1:colcon.colcon_core.package_identification:_identify(src/b3rb_simulator) by extension 'python'
[0.260s] Level 1:colcon.colcon_core.package_identification:_identify(src/b3rb_simulator) by extensions ['python_setup_py']
[0.260s] Level 1:colcon.colcon_core.package_identification:_identify(src/b3rb_simulator) by extension 'python_setup_py'
[0.260s] Level 1:colcon.colcon_core.package_identification:_identify(src/b3rb_simulator/b3rb_gz_bringup) by extensions ['ignore', 'ignore_ament_install']
[0.260s] Level 1:colcon.colcon_core.package_identification:_identify(src/b3rb_simulator/b3rb_gz_bringup) by extension 'ignore'
[0.260s] Level 1:colcon.colcon_core.package_identification:_identify(src/b3rb_simulator/b3rb_gz_bringup) by extension 'ignore_ament_install'
[0.260s] Level 1:colcon.colcon_core.package_identification:_identify(src/b3rb_simulator/b3rb_gz_bringup) by extensions ['colcon_pkg']
[0.260s] Level 1:colcon.colcon_core.package_identification:_identify(src/b3rb_simulator/b3rb_gz_bringup) by extension 'colcon_pkg'
[0.260s] Level 1:colcon.colcon_core.package_identification:_identify(src/b3rb_simulator/b3rb_gz_bringup) by extensions ['colcon_meta']
[0.260s] Level 1:colcon.colcon_core.package_identification:_identify(src/b3rb_simulator/b3rb_gz_bringup) by extension 'colcon_meta'
[0.260s] Level 1:colcon.colcon_core.package_identification:_identify(src/b3rb_simulator/b3rb_gz_bringup) by extensions ['ros']
[0.260s] Level 1:colcon.colcon_core.package_identification:_identify(src/b3rb_simulator/b3rb_gz_bringup) by extension 'ros'
[0.261s] DEBUG:colcon.colcon_core.package_identification:Package 'src/b3rb_simulator/b3rb_gz_bringup' with type 'ros.ament_cmake' and name 'b3rb_gz_bringup'
[0.261s] Level 1:colcon.colcon_core.package_identification:_identify(src/b3rb_simulator/b3rb_gz_resource) by extensions ['ignore', 'ignore_ament_install']
[0.261s] Level 1:colcon.colcon_core.package_identification:_identify(src/b3rb_simulator/b3rb_gz_resource) by extension 'ignore'
[0.261s] Level 1:colcon.colcon_core.package_identification:_identify(src/b3rb_simulator/b3rb_gz_resource) by extension 'ignore_ament_install'
[0.261s] Level 1:colcon.colcon_core.package_identification:_identify(src/b3rb_simulator/b3rb_gz_resource) by extensions ['colcon_pkg']
[0.261s] Level 1:colcon.colcon_core.package_identification:_identify(src/b3rb_simulator/b3rb_gz_resource) by extension 'colcon_pkg'
[0.261s] Level 1:colcon.colcon_core.package_identification:_identify(src/b3rb_simulator/b3rb_gz_resource) by extensions ['colcon_meta']
[0.261s] Level 1:colcon.colcon_core.package_identification:_identify(src/b3rb_simulator/b3rb_gz_resource) by extension 'colcon_meta'
[0.261s] Level 1:colcon.colcon_core.package_identification:_identify(src/b3rb_simulator/b3rb_gz_resource) by extensions ['ros']
[0.261s] Level 1:colcon.colcon_core.package_identification:_identify(src/b3rb_simulator/b3rb_gz_resource) by extension 'ros'
[0.261s] DEBUG:colcon.colcon_core.package_identification:Package 'src/b3rb_simulator/b3rb_gz_resource' with type 'ros.ament_cmake' and name 'b3rb_gz_resource'
[0.261s] Level 1:colcon.colcon_core.package_identification:_identify(src/b3rb_simulator/b3rb_simulator) by extensions ['ignore', 'ignore_ament_install']
[0.261s] Level 1:colcon.colcon_core.package_identification:_identify(src/b3rb_simulator/b3rb_simulator) by extension 'ignore'
[0.261s] Level 1:colcon.colcon_core.package_identification:_identify(src/b3rb_simulator/b3rb_simulator) by extension 'ignore_ament_install'
[0.262s] Level 1:colcon.colcon_core.package_identification:_identify(src/b3rb_simulator/b3rb_simulator) by extensions ['colcon_pkg']
[0.262s] Level 1:colcon.colcon_core.package_identification:_identify(src/b3rb_simulator/b3rb_simulator) by extension 'colcon_pkg'
[0.262s] Level 1:colcon.colcon_core.package_identification:_identify(src/b3rb_simulator/b3rb_simulator) by extensions ['colcon_meta']
[0.262s] Level 1:colcon.colcon_core.package_identification:_identify(src/b3rb_simulator/b3rb_simulator) by extension 'colcon_meta'
[0.262s] Level 1:colcon.colcon_core.package_identification:_identify(src/b3rb_simulator/b3rb_simulator) by extensions ['ros']
[0.262s] Level 1:colcon.colcon_core.package_identification:_identify(src/b3rb_simulator/b3rb_simulator) by extension 'ros'
[0.262s] DEBUG:colcon.colcon_core.package_identification:Package 'src/b3rb_simulator/b3rb_simulator' with type 'ros.ament_cmake' and name 'b3rb_simulator'
[0.262s] Level 1:colcon.colcon_core.package_identification:_identify(src/cerebri_bringup) by extensions ['ignore', 'ignore_ament_install']
[0.262s] Level 1:colcon.colcon_core.package_identification:_identify(src/cerebri_bringup) by extension 'ignore'
[0.262s] Level 1:colcon.colcon_core.package_identification:_identify(src/cerebri_bringup) by extension 'ignore_ament_install'
[0.262s] Level 1:colcon.colcon_core.package_identification:_identify(src/cerebri_bringup) by extensions ['colcon_pkg']
[0.262s] Level 1:colcon.colcon_core.package_identification:_identify(src/cerebri_bringup) by extension 'colcon_pkg'
[0.262s] Level 1:colcon.colcon_core.package_identification:_identify(src/cerebri_bringup) by extensions ['colcon_meta']
[0.262s] Level 1:colcon.colcon_core.package_identification:_identify(src/cerebri_bringup) by extension 'colcon_meta'
[0.262s] Level 1:colcon.colcon_core.package_identification:_identify(src/cerebri_bringup) by extensions ['ros']
[0.262s] Level 1:colcon.colcon_core.package_identification:_identify(src/cerebri_bringup) by extension 'ros'
[0.263s] DEBUG:colcon.colcon_core.package_identification:Package 'src/cerebri_bringup' with type 'ros.ament_cmake' and name 'cerebri_bringup'
[0.263s] Level 1:colcon.colcon_core.package_identification:_identify(src/corti) by extensions ['ignore', 'ignore_ament_install']
[0.263s] Level 1:colcon.colcon_core.package_identification:_identify(src/corti) by extension 'ignore'
[0.263s] Level 1:colcon.colcon_core.package_identification:_identify(src/corti) by extension 'ignore_ament_install'
[0.263s] Level 1:colcon.colcon_core.package_identification:_identify(src/corti) by extensions ['colcon_pkg']
[0.263s] Level 1:colcon.colcon_core.package_identification:_identify(src/corti) by extension 'colcon_pkg'
[0.263s] Level 1:colcon.colcon_core.package_identification:_identify(src/corti) by extensions ['colcon_meta']
[0.263s] Level 1:colcon.colcon_core.package_identification:_identify(src/corti) by extension 'colcon_meta'
[0.263s] Level 1:colcon.colcon_core.package_identification:_identify(src/corti) by extensions ['ros']
[0.263s] Level 1:colcon.colcon_core.package_identification:_identify(src/corti) by extension 'ros'
[0.263s] DEBUG:colcon.colcon_core.package_identification:Package 'src/corti' with type 'ros.ament_cmake' and name 'corti'
[0.264s] Level 1:colcon.colcon_core.package_identification:_identify(src/dream_world) by extensions ['ignore', 'ignore_ament_install']
[0.264s] Level 1:colcon.colcon_core.package_identification:_identify(src/dream_world) by extension 'ignore'
[0.264s] Level 1:colcon.colcon_core.package_identification:_identify(src/dream_world) by extension 'ignore_ament_install'
[0.264s] Level 1:colcon.colcon_core.package_identification:_identify(src/dream_world) by extensions ['colcon_pkg']
[0.264s] Level 1:colcon.colcon_core.package_identification:_identify(src/dream_world) by extension 'colcon_pkg'
[0.264s] Level 1:colcon.colcon_core.package_identification:_identify(src/dream_world) by extensions ['colcon_meta']
[0.264s] Level 1:colcon.colcon_core.package_identification:_identify(src/dream_world) by extension 'colcon_meta'
[0.264s] Level 1:colcon.colcon_core.package_identification:_identify(src/dream_world) by extensions ['ros']
[0.264s] Level 1:colcon.colcon_core.package_identification:_identify(src/dream_world) by extension 'ros'
[0.264s] Level 1:colcon.colcon_core.package_identification:_identify(src/dream_world) by extensions ['cmake', 'python']
[0.264s] Level 1:colcon.colcon_core.package_identification:_identify(src/dream_world) by extension 'cmake'
[0.264s] Level 1:colcon.colcon_core.package_identification:_identify(src/dream_world) by extension 'python'
[0.264s] Level 1:colcon.colcon_core.package_identification:_identify(src/dream_world) by extensions ['python_setup_py']
[0.264s] Level 1:colcon.colcon_core.package_identification:_identify(src/dream_world) by extension 'python_setup_py'
[0.264s] Level 1:colcon.colcon_core.package_identification:_identify(src/dream_world/dream_world) by extensions ['ignore', 'ignore_ament_install']
[0.264s] Level 1:colcon.colcon_core.package_identification:_identify(src/dream_world/dream_world) by extension 'ignore'
[0.264s] Level 1:colcon.colcon_core.package_identification:_identify(src/dream_world/dream_world) by extension 'ignore_ament_install'
[0.264s] Level 1:colcon.colcon_core.package_identification:_identify(src/dream_world/dream_world) by extensions ['colcon_pkg']
[0.264s] Level 1:colcon.colcon_core.package_identification:_identify(src/dream_world/dream_world) by extension 'colcon_pkg'
[0.264s] Level 1:colcon.colcon_core.package_identification:_identify(src/dream_world/dream_world) by extensions ['colcon_meta']
[0.264s] Level 1:colcon.colcon_core.package_identification:_identify(src/dream_world/dream_world) by extension 'colcon_meta'
[0.264s] Level 1:colcon.colcon_core.package_identification:_identify(src/dream_world/dream_world) by extensions ['ros']
[0.264s] Level 1:colcon.colcon_core.package_identification:_identify(src/dream_world/dream_world) by extension 'ros'
[0.264s] DEBUG:colcon.colcon_core.package_identification:Package 'src/dream_world/dream_world' with type 'ros.ament_cmake' and name 'dream_world'
[0.264s] Level 1:colcon.colcon_core.package_identification:_identify(src/synapse_gz) by extensions ['ignore', 'ignore_ament_install']
[0.265s] Level 1:colcon.colcon_core.package_identification:_identify(src/synapse_gz) by extension 'ignore'
[0.265s] Level 1:colcon.colcon_core.package_identification:_identify(src/synapse_gz) by extension 'ignore_ament_install'
[0.265s] Level 1:colcon.colcon_core.package_identification:_identify(src/synapse_gz) by extensions ['colcon_pkg']
[0.265s] Level 1:colcon.colcon_core.package_identification:_identify(src/synapse_gz) by extension 'colcon_pkg'
[0.265s] Level 1:colcon.colcon_core.package_identification:_identify(src/synapse_gz) by extensions ['colcon_meta']
[0.265s] Level 1:colcon.colcon_core.package_identification:_identify(src/synapse_gz) by extension 'colcon_meta'
[0.265s] Level 1:colcon.colcon_core.package_identification:_identify(src/synapse_gz) by extensions ['ros']
[0.265s] Level 1:colcon.colcon_core.package_identification:_identify(src/synapse_gz) by extension 'ros'
[0.265s] DEBUG:colcon.colcon_core.package_identification:Package 'src/synapse_gz' with type 'ros.ament_cmake' and name 'synapse_gz'
[0.265s] Level 1:colcon.colcon_core.package_identification:_identify(src/synapse_msgs) by extensions ['ignore', 'ignore_ament_install']
[0.265s] Level 1:colcon.colcon_core.package_identification:_identify(src/synapse_msgs) by extension 'ignore'
[0.265s] Level 1:colcon.colcon_core.package_identification:_identify(src/synapse_msgs) by extension 'ignore_ament_install'
[0.265s] Level 1:colcon.colcon_core.package_identification:_identify(src/synapse_msgs) by extensions ['colcon_pkg']
[0.265s] Level 1:colcon.colcon_core.package_identification:_identify(src/synapse_msgs) by extension 'colcon_pkg'
[0.265s] Level 1:colcon.colcon_core.package_identification:_identify(src/synapse_msgs) by extensions ['colcon_meta']
[0.265s] Level 1:colcon.colcon_core.package_identification:_identify(src/synapse_msgs) by extension 'colcon_meta'
[0.265s] Level 1:colcon.colcon_core.package_identification:_identify(src/synapse_msgs) by extensions ['ros']
[0.265s] Level 1:colcon.colcon_core.package_identification:_identify(src/synapse_msgs) by extension 'ros'
[0.266s] DEBUG:colcon.colcon_core.package_identification:Package 'src/synapse_msgs' with type 'ros.ament_cmake' and name 'synapse_msgs'
[0.266s] Level 1:colcon.colcon_core.package_identification:_identify(src/synapse_protobuf) by extensions ['ignore', 'ignore_ament_install']
[0.266s] Level 1:colcon.colcon_core.package_identification:_identify(src/synapse_protobuf) by extension 'ignore'
[0.266s] Level 1:colcon.colcon_core.package_identification:_identify(src/synapse_protobuf) by extension 'ignore_ament_install'
[0.266s] Level 1:colcon.colcon_core.package_identification:_identify(src/synapse_protobuf) by extensions ['colcon_pkg']
[0.266s] Level 1:colcon.colcon_core.package_identification:_identify(src/synapse_protobuf) by extension 'colcon_pkg'
[0.266s] Level 1:colcon.colcon_core.package_identification:_identify(src/synapse_protobuf) by extensions ['colcon_meta']
[0.266s] Level 1:colcon.colcon_core.package_identification:_identify(src/synapse_protobuf) by extension 'colcon_meta'
[0.266s] Level 1:colcon.colcon_core.package_identification:_identify(src/synapse_protobuf) by extensions ['ros']
[0.266s] Level 1:colcon.colcon_core.package_identification:_identify(src/synapse_protobuf) by extension 'ros'
[0.266s] DEBUG:colcon.colcon_core.package_identification:Package 'src/synapse_protobuf' with type 'ros.ament_cmake' and name 'synapse_protobuf'
[0.266s] Level 1:colcon.colcon_core.package_identification:_identify(src/synapse_ros) by extensions ['ignore', 'ignore_ament_install']
[0.267s] Level 1:colcon.colcon_core.package_identification:_identify(src/synapse_ros) by extension 'ignore'
[0.267s] Level 1:colcon.colcon_core.package_identification:_identify(src/synapse_ros) by extension 'ignore_ament_install'
[0.267s] Level 1:colcon.colcon_core.package_identification:_identify(src/synapse_ros) by extensions ['colcon_pkg']
[0.267s] Level 1:colcon.colcon_core.package_identification:_identify(src/synapse_ros) by extension 'colcon_pkg'
[0.267s] Level 1:colcon.colcon_core.package_identification:_identify(src/synapse_ros) by extensions ['colcon_meta']
[0.267s] Level 1:colcon.colcon_core.package_identification:_identify(src/synapse_ros) by extension 'colcon_meta'
[0.267s] Level 1:colcon.colcon_core.package_identification:_identify(src/synapse_ros) by extensions ['ros']
[0.267s] Level 1:colcon.colcon_core.package_identification:_identify(src/synapse_ros) by extension 'ros'
[0.267s] DEBUG:colcon.colcon_core.package_identification:Package 'src/synapse_ros' with type 'ros.ament_cmake' and name 'synapse_ros'
[0.267s] Level 1:colcon.colcon_core.package_identification:_identify(src/synapse_tinyframe) by extensions ['ignore', 'ignore_ament_install']
[0.267s] Level 1:colcon.colcon_core.package_identification:_identify(src/synapse_tinyframe) by extension 'ignore'
[0.267s] Level 1:colcon.colcon_core.package_identification:_identify(src/synapse_tinyframe) by extension 'ignore_ament_install'
[0.267s] Level 1:colcon.colcon_core.package_identification:_identify(src/synapse_tinyframe) by extensions ['colcon_pkg']
[0.267s] Level 1:colcon.colcon_core.package_identification:_identify(src/synapse_tinyframe) by extension 'colcon_pkg'
[0.267s] Level 1:colcon.colcon_core.package_identification:_identify(src/synapse_tinyframe) by extensions ['colcon_meta']
[0.267s] Level 1:colcon.colcon_core.package_identification:_identify(src/synapse_tinyframe) by extension 'colcon_meta'
[0.267s] Level 1:colcon.colcon_core.package_identification:_identify(src/synapse_tinyframe) by extensions ['ros']
[0.268s] Level 1:colcon.colcon_core.package_identification:_identify(src/synapse_tinyframe) by extension 'ros'
[0.268s] DEBUG:colcon.colcon_core.package_identification:Package 'src/synapse_tinyframe' with type 'ros.ament_cmake' and name 'synapse_tinyframe'
[0.268s] Level 1:colcon.colcon_core.package_discovery:discover_packages(recursive) using defaults
[0.268s] Level 1:colcon.colcon_core.package_discovery:discover_packages(ignore) discover
[0.268s] Level 1:colcon.colcon_core.package_discovery:discover_packages(ignore) using defaults
[0.268s] Level 1:colcon.colcon_core.package_discovery:discover_packages(path) discover
[0.268s] Level 1:colcon.colcon_core.package_discovery:discover_packages(path) using defaults
[0.289s] Level 5:colcon.colcon_core.verb:set package 'b3rb_description' build argument 'cmake_args' from command line to 'None'
[0.289s] Level 5:colcon.colcon_core.verb:set package 'b3rb_description' build argument 'cmake_target' from command line to 'None'
[0.289s] Level 5:colcon.colcon_core.verb:set package 'b3rb_description' build argument 'cmake_target_skip_unavailable' from command line to 'False'
[0.289s] Level 5:colcon.colcon_core.verb:set package 'b3rb_description' build argument 'cmake_clean_cache' from command line to 'False'
[0.289s] Level 5:colcon.colcon_core.verb:set package 'b3rb_description' build argument 'cmake_clean_first' from command line to 'False'
[0.290s] Level 5:colcon.colcon_core.verb:set package 'b3rb_description' build argument 'cmake_force_configure' from command line to 'False'
[0.290s] Level 5:colcon.colcon_core.verb:set package 'b3rb_description' build argument 'ament_cmake_args' from command line to 'None'
[0.290s] Level 5:colcon.colcon_core.verb:set package 'b3rb_description' build argument 'catkin_cmake_args' from command line to 'None'
[0.290s] Level 5:colcon.colcon_core.verb:set package 'b3rb_description' build argument 'catkin_skip_building_tests' from command line to 'False'
[0.290s] DEBUG:colcon.colcon_core.verb:Building package 'b3rb_description' with the following arguments: {'ament_cmake_args': None, 'build_base': '/home/tharun/cognipilot/cranium/build/b3rb_description', 'catkin_cmake_args': None, 'catkin_skip_building_tests': False, 'cmake_args': None, 'cmake_clean_cache': False, 'cmake_clean_first': False, 'cmake_force_configure': False, 'cmake_target': None, 'cmake_target_skip_unavailable': False, 'install_base': '/home/tharun/cognipilot/cranium/install/b3rb_description', 'merge_install': False, 'path': '/home/tharun/cognipilot/cranium/src/b3rb/b3rb_description', 'symlink_install': False, 'test_result_base': None}
[0.290s] Level 5:colcon.colcon_core.verb:set package 'b3rb_gz_bringup' build argument 'cmake_args' from command line to 'None'
[0.290s] Level 5:colcon.colcon_core.verb:set package 'b3rb_gz_bringup' build argument 'cmake_target' from command line to 'None'
[0.290s] Level 5:colcon.colcon_core.verb:set package 'b3rb_gz_bringup' build argument 'cmake_target_skip_unavailable' from command line to 'False'
[0.290s] Level 5:colcon.colcon_core.verb:set package 'b3rb_gz_bringup' build argument 'cmake_clean_cache' from command line to 'False'
[0.290s] Level 5:colcon.colcon_core.verb:set package 'b3rb_gz_bringup' build argument 'cmake_clean_first' from command line to 'False'
[0.290s] Level 5:colcon.colcon_core.verb:set package 'b3rb_gz_bringup' build argument 'cmake_force_configure' from command line to 'False'
[0.290s] Level 5:colcon.colcon_core.verb:set package 'b3rb_gz_bringup' build argument 'ament_cmake_args' from command line to 'None'
[0.290s] Level 5:colcon.colcon_core.verb:set package 'b3rb_gz_bringup' build argument 'catkin_cmake_args' from command line to 'None'
[0.290s] Level 5:colcon.colcon_core.verb:set package 'b3rb_gz_bringup' build argument 'catkin_skip_building_tests' from command line to 'False'
[0.290s] DEBUG:colcon.colcon_core.verb:Building package 'b3rb_gz_bringup' with the following arguments: {'ament_cmake_args': None, 'build_base': '/home/tharun/cognipilot/cranium/build/b3rb_gz_bringup', 'catkin_cmake_args': None, 'catkin_skip_building_tests': False, 'cmake_args': None, 'cmake_clean_cache': False, 'cmake_clean_first': False, 'cmake_force_configure': False, 'cmake_target': None, 'cmake_target_skip_unavailable': False, 'install_base': '/home/tharun/cognipilot/cranium/install/b3rb_gz_bringup', 'merge_install': False, 'path': '/home/tharun/cognipilot/cranium/src/b3rb_simulator/b3rb_gz_bringup', 'symlink_install': False, 'test_result_base': None}
[0.290s] Level 5:colcon.colcon_core.verb:set package 'b3rb_gz_resource' build argument 'cmake_args' from command line to 'None'
[0.290s] Level 5:colcon.colcon_core.verb:set package 'b3rb_gz_resource' build argument 'cmake_target' from command line to 'None'
[0.290s] Level 5:colcon.colcon_core.verb:set package 'b3rb_gz_resource' build argument 'cmake_target_skip_unavailable' from command line to 'False'
[0.290s] Level 5:colcon.colcon_core.verb:set package 'b3rb_gz_resource' build argument 'cmake_clean_cache' from command line to 'False'
[0.290s] Level 5:colcon.colcon_core.verb:set package 'b3rb_gz_resource' build argument 'cmake_clean_first' from command line to 'False'
[0.290s] Level 5:colcon.colcon_core.verb:set package 'b3rb_gz_resource' build argument 'cmake_force_configure' from command line to 'False'
[0.290s] Level 5:colcon.colcon_core.verb:set package 'b3rb_gz_resource' build argument 'ament_cmake_args' from command line to 'None'
[0.290s] Level 5:colcon.colcon_core.verb:set package 'b3rb_gz_resource' build argument 'catkin_cmake_args' from command line to 'None'
[0.290s] Level 5:colcon.colcon_core.verb:set package 'b3rb_gz_resource' build argument 'catkin_skip_building_tests' from command line to 'False'
[0.290s] DEBUG:colcon.colcon_core.verb:Building package 'b3rb_gz_resource' with the following arguments: {'ament_cmake_args': None, 'build_base': '/home/tharun/cognipilot/cranium/build/b3rb_gz_resource', 'catkin_cmake_args': None, 'catkin_skip_building_tests': False, 'cmake_args': None, 'cmake_clean_cache': False, 'cmake_clean_first': False, 'cmake_force_configure': False, 'cmake_target': None, 'cmake_target_skip_unavailable': False, 'install_base': '/home/tharun/cognipilot/cranium/install/b3rb_gz_resource', 'merge_install': False, 'path': '/home/tharun/cognipilot/cranium/src/b3rb_simulator/b3rb_gz_resource', 'symlink_install': False, 'test_result_base': None}
[0.291s] Level 5:colcon.colcon_core.verb:set package 'b3rb_nav2' build argument 'cmake_args' from command line to 'None'
[0.291s] Level 5:colcon.colcon_core.verb:set package 'b3rb_nav2' build argument 'cmake_target' from command line to 'None'
[0.291s] Level 5:colcon.colcon_core.verb:set package 'b3rb_nav2' build argument 'cmake_target_skip_unavailable' from command line to 'False'
[0.291s] Level 5:colcon.colcon_core.verb:set package 'b3rb_nav2' build argument 'cmake_clean_cache' from command line to 'False'
[0.291s] Level 5:colcon.colcon_core.verb:set package 'b3rb_nav2' build argument 'cmake_clean_first' from command line to 'False'
[0.291s] Level 5:colcon.colcon_core.verb:set package 'b3rb_nav2' build argument 'cmake_force_configure' from command line to 'False'
[0.291s] Level 5:colcon.colcon_core.verb:set package 'b3rb_nav2' build argument 'ament_cmake_args' from command line to 'None'
[0.291s] Level 5:colcon.colcon_core.verb:set package 'b3rb_nav2' build argument 'catkin_cmake_args' from command line to 'None'
[0.291s] Level 5:colcon.colcon_core.verb:set package 'b3rb_nav2' build argument 'catkin_skip_building_tests' from command line to 'False'
[0.291s] DEBUG:colcon.colcon_core.verb:Building package 'b3rb_nav2' with the following arguments: {'ament_cmake_args': None, 'build_base': '/home/tharun/cognipilot/cranium/build/b3rb_nav2', 'catkin_cmake_args': None, 'catkin_skip_building_tests': False, 'cmake_args': None, 'cmake_clean_cache': False, 'cmake_clean_first': False, 'cmake_force_configure': False, 'cmake_target': None, 'cmake_target_skip_unavailable': False, 'install_base': '/home/tharun/cognipilot/cranium/install/b3rb_nav2', 'merge_install': False, 'path': '/home/tharun/cognipilot/cranium/src/b3rb/b3rb_nav2', 'symlink_install': False, 'test_result_base': None}
[0.291s] Level 5:colcon.colcon_core.verb:set package 'b3rb_rviz' build argument 'cmake_args' from command line to 'None'
[0.291s] Level 5:colcon.colcon_core.verb:set package 'b3rb_rviz' build argument 'cmake_target' from command line to 'None'
[0.291s] Level 5:colcon.colcon_core.verb:set package 'b3rb_rviz' build argument 'cmake_target_skip_unavailable' from command line to 'False'
[0.291s] Level 5:colcon.colcon_core.verb:set package 'b3rb_rviz' build argument 'cmake_clean_cache' from command line to 'False'
[0.291s] Level 5:colcon.colcon_core.verb:set package 'b3rb_rviz' build argument 'cmake_clean_first' from command line to 'False'
[0.291s] Level 5:colcon.colcon_core.verb:set package 'b3rb_rviz' build argument 'cmake_force_configure' from command line to 'False'
[0.291s] Level 5:colcon.colcon_core.verb:set package 'b3rb_rviz' build argument 'ament_cmake_args' from command line to 'None'
[0.291s] Level 5:colcon.colcon_core.verb:set package 'b3rb_rviz' build argument 'catkin_cmake_args' from command line to 'None'
[0.291s] Level 5:colcon.colcon_core.verb:set package 'b3rb_rviz' build argument 'catkin_skip_building_tests' from command line to 'False'
[0.291s] DEBUG:colcon.colcon_core.verb:Building package 'b3rb_rviz' with the following arguments: {'ament_cmake_args': None, 'build_base': '/home/tharun/cognipilot/cranium/build/b3rb_rviz', 'catkin_cmake_args': None, 'catkin_skip_building_tests': False, 'cmake_args': None, 'cmake_clean_cache': False, 'cmake_clean_first': False, 'cmake_force_configure': False, 'cmake_target': None, 'cmake_target_skip_unavailable': False, 'install_base': '/home/tharun/cognipilot/cranium/install/b3rb_rviz', 'merge_install': False, 'path': '/home/tharun/cognipilot/cranium/src/b3rb_desktop/b3rb_rviz', 'symlink_install': False, 'test_result_base': None}
[0.291s] Level 5:colcon.colcon_core.verb:set package 'cerebri_bringup' build argument 'cmake_args' from command line to 'None'
[0.291s] Level 5:colcon.colcon_core.verb:set package 'cerebri_bringup' build argument 'cmake_target' from command line to 'None'
[0.291s] Level 5:colcon.colcon_core.verb:set package 'cerebri_bringup' build argument 'cmake_target_skip_unavailable' from command line to 'False'
[0.291s] Level 5:colcon.colcon_core.verb:set package 'cerebri_bringup' build argument 'cmake_clean_cache' from command line to 'False'
[0.291s] Level 5:colcon.colcon_core.verb:set package 'cerebri_bringup' build argument 'cmake_clean_first' from command line to 'False'
[0.291s] Level 5:colcon.colcon_core.verb:set package 'cerebri_bringup' build argument 'cmake_force_configure' from command line to 'False'
[0.291s] Level 5:colcon.colcon_core.verb:set package 'cerebri_bringup' build argument 'ament_cmake_args' from command line to 'None'
[0.291s] Level 5:colcon.colcon_core.verb:set package 'cerebri_bringup' build argument 'catkin_cmake_args' from command line to 'None'
[0.291s] Level 5:colcon.colcon_core.verb:set package 'cerebri_bringup' build argument 'catkin_skip_building_tests' from command line to 'False'
[0.291s] DEBUG:colcon.colcon_core.verb:Building package 'cerebri_bringup' with the following arguments: {'ament_cmake_args': None, 'build_base': '/home/tharun/cognipilot/cranium/build/cerebri_bringup', 'catkin_cmake_args': None, 'catkin_skip_building_tests': False, 'cmake_args': None, 'cmake_clean_cache': False, 'cmake_clean_first': False, 'cmake_force_configure': False, 'cmake_target': None, 'cmake_target_skip_unavailable': False, 'install_base': '/home/tharun/cognipilot/cranium/install/cerebri_bringup', 'merge_install': False, 'path': '/home/tharun/cognipilot/cranium/src/cerebri_bringup', 'symlink_install': False, 'test_result_base': None}
[0.291s] Level 5:colcon.colcon_core.verb:set package 'dream_world' build argument 'cmake_args' from command line to 'None'
[0.291s] Level 5:colcon.colcon_core.verb:set package 'dream_world' build argument 'cmake_target' from command line to 'None'
[0.291s] Level 5:colcon.colcon_core.verb:set package 'dream_world' build argument 'cmake_target_skip_unavailable' from command line to 'False'
[0.292s] Level 5:colcon.colcon_core.verb:set package 'dream_world' build argument 'cmake_clean_cache' from command line to 'False'
[0.292s] Level 5:colcon.colcon_core.verb:set package 'dream_world' build argument 'cmake_clean_first' from command line to 'False'
[0.292s] Level 5:colcon.colcon_core.verb:set package 'dream_world' build argument 'cmake_force_configure' from command line to 'False'
[0.292s] Level 5:colcon.colcon_core.verb:set package 'dream_world' build argument 'ament_cmake_args' from command line to 'None'
[0.292s] Level 5:colcon.colcon_core.verb:set package 'dream_world' build argument 'catkin_cmake_args' from command line to 'None'
[0.292s] Level 5:colcon.colcon_core.verb:set package 'dream_world' build argument 'catkin_skip_building_tests' from command line to 'False'
[0.292s] DEBUG:colcon.colcon_core.verb:Building package 'dream_world' with the following arguments: {'ament_cmake_args': None, 'build_base': '/home/tharun/cognipilot/cranium/build/dream_world', 'catkin_cmake_args': None, 'catkin_skip_building_tests': False, 'cmake_args': None, 'cmake_clean_cache': False, 'cmake_clean_first': False, 'cmake_force_configure': False, 'cmake_target': None, 'cmake_target_skip_unavailable': False, 'install_base': '/home/tharun/cognipilot/cranium/install/dream_world', 'merge_install': False, 'path': '/home/tharun/cognipilot/cranium/src/dream_world/dream_world', 'symlink_install': False, 'test_result_base': None}
[0.292s] Level 5:colcon.colcon_core.verb:set package 'synapse_msgs' build argument 'cmake_args' from command line to 'None'
[0.292s] Level 5:colcon.colcon_core.verb:set package 'synapse_msgs' build argument 'cmake_target' from command line to 'None'
[0.292s] Level 5:colcon.colcon_core.verb:set package 'synapse_msgs' build argument 'cmake_target_skip_unavailable' from command line to 'False'
[0.292s] Level 5:colcon.colcon_core.verb:set package 'synapse_msgs' build argument 'cmake_clean_cache' from command line to 'False'
[0.292s] Level 5:colcon.colcon_core.verb:set package 'synapse_msgs' build argument 'cmake_clean_first' from command line to 'False'
[0.292s] Level 5:colcon.colcon_core.verb:set package 'synapse_msgs' build argument 'cmake_force_configure' from command line to 'False'
[0.292s] Level 5:colcon.colcon_core.verb:set package 'synapse_msgs' build argument 'ament_cmake_args' from command line to 'None'
[0.292s] Level 5:colcon.colcon_core.verb:set package 'synapse_msgs' build argument 'catkin_cmake_args' from command line to 'None'
[0.292s] Level 5:colcon.colcon_core.verb:set package 'synapse_msgs' build argument 'catkin_skip_building_tests' from command line to 'False'
[0.292s] DEBUG:colcon.colcon_core.verb:Building package 'synapse_msgs' with the following arguments: {'ament_cmake_args': None, 'build_base': '/home/tharun/cognipilot/cranium/build/synapse_msgs', 'catkin_cmake_args': None, 'catkin_skip_building_tests': False, 'cmake_args': None, 'cmake_clean_cache': False, 'cmake_clean_first': False, 'cmake_force_configure': False, 'cmake_target': None, 'cmake_target_skip_unavailable': False, 'install_base': '/home/tharun/cognipilot/cranium/install/synapse_msgs', 'merge_install': False, 'path': '/home/tharun/cognipilot/cranium/src/synapse_msgs', 'symlink_install': False, 'test_result_base': None}
[0.292s] Level 5:colcon.colcon_core.verb:set package 'synapse_protobuf' build argument 'cmake_args' from command line to 'None'
[0.292s] Level 5:colcon.colcon_core.verb:set package 'synapse_protobuf' build argument 'cmake_target' from command line to 'None'
[0.292s] Level 5:colcon.colcon_core.verb:set package 'synapse_protobuf' build argument 'cmake_target_skip_unavailable' from command line to 'False'
[0.292s] Level 5:colcon.colcon_core.verb:set package 'synapse_protobuf' build argument 'cmake_clean_cache' from command line to 'False'
[0.292s] Level 5:colcon.colcon_core.verb:set package 'synapse_protobuf' build argument 'cmake_clean_first' from command line to 'False'
[0.292s] Level 5:colcon.colcon_core.verb:set package 'synapse_protobuf' build argument 'cmake_force_configure' from command line to 'False'
[0.292s] Level 5:colcon.colcon_core.verb:set package 'synapse_protobuf' build argument 'ament_cmake_args' from command line to 'None'
[0.292s] Level 5:colcon.colcon_core.verb:set package 'synapse_protobuf' build argument 'catkin_cmake_args' from command line to 'None'
[0.292s] Level 5:colcon.colcon_core.verb:set package 'synapse_protobuf' build argument 'catkin_skip_building_tests' from command line to 'False'
[0.292s] DEBUG:colcon.colcon_core.verb:Building package 'synapse_protobuf' with the following arguments: {'ament_cmake_args': None, 'build_base': '/home/tharun/cognipilot/cranium/build/synapse_protobuf', 'catkin_cmake_args': None, 'catkin_skip_building_tests': False, 'cmake_args': None, 'cmake_clean_cache': False, 'cmake_clean_first': False, 'cmake_force_configure': False, 'cmake_target': None, 'cmake_target_skip_unavailable': False, 'install_base': '/home/tharun/cognipilot/cranium/install/synapse_protobuf', 'merge_install': False, 'path': '/home/tharun/cognipilot/cranium/src/synapse_protobuf', 'symlink_install': False, 'test_result_base': None}
[0.292s] Level 5:colcon.colcon_core.verb:set package 'synapse_tinyframe' build argument 'cmake_args' from command line to 'None'
[0.292s] Level 5:colcon.colcon_core.verb:set package 'synapse_tinyframe' build argument 'cmake_target' from command line to 'None'
[0.292s] Level 5:colcon.colcon_core.verb:set package 'synapse_tinyframe' build argument 'cmake_target_skip_unavailable' from command line to 'False'
[0.292s] Level 5:colcon.colcon_core.verb:set package 'synapse_tinyframe' build argument 'cmake_clean_cache' from command line to 'False'
[0.292s] Level 5:colcon.colcon_core.verb:set package 'synapse_tinyframe' build argument 'cmake_clean_first' from command line to 'False'
[0.292s] Level 5:colcon.colcon_core.verb:set package 'synapse_tinyframe' build argument 'cmake_force_configure' from command line to 'False'
[0.292s] Level 5:colcon.colcon_core.verb:set package 'synapse_tinyframe' build argument 'ament_cmake_args' from command line to 'None'
[0.293s] Level 5:colcon.colcon_core.verb:set package 'synapse_tinyframe' build argument 'catkin_cmake_args' from command line to 'None'
[0.293s] Level 5:colcon.colcon_core.verb:set package 'synapse_tinyframe' build argument 'catkin_skip_building_tests' from command line to 'False'
[0.293s] DEBUG:colcon.colcon_core.verb:Building package 'synapse_tinyframe' with the following arguments: {'ament_cmake_args': None, 'build_base': '/home/tharun/cognipilot/cranium/build/synapse_tinyframe', 'catkin_cmake_args': None, 'catkin_skip_building_tests': False, 'cmake_args': None, 'cmake_clean_cache': False, 'cmake_clean_first': False, 'cmake_force_configure': False, 'cmake_target': None, 'cmake_target_skip_unavailable': False, 'install_base': '/home/tharun/cognipilot/cranium/install/synapse_tinyframe', 'merge_install': False, 'path': '/home/tharun/cognipilot/cranium/src/synapse_tinyframe', 'symlink_install': False, 'test_result_base': None}
[0.293s] Level 5:colcon.colcon_core.verb:set package 'b3rb_desktop' build argument 'cmake_args' from command line to 'None'
[0.293s] Level 5:colcon.colcon_core.verb:set package 'b3rb_desktop' build argument 'cmake_target' from command line to 'None'
[0.293s] Level 5:colcon.colcon_core.verb:set package 'b3rb_desktop' build argument 'cmake_target_skip_unavailable' from command line to 'False'
[0.293s] Level 5:colcon.colcon_core.verb:set package 'b3rb_desktop' build argument 'cmake_clean_cache' from command line to 'False'
[0.293s] Level 5:colcon.colcon_core.verb:set package 'b3rb_desktop' build argument 'cmake_clean_first' from command line to 'False'
[0.293s] Level 5:colcon.colcon_core.verb:set package 'b3rb_desktop' build argument 'cmake_force_configure' from command line to 'False'
[0.293s] Level 5:colcon.colcon_core.verb:set package 'b3rb_desktop' build argument 'ament_cmake_args' from command line to 'None'
[0.293s] Level 5:colcon.colcon_core.verb:set package 'b3rb_desktop' build argument 'catkin_cmake_args' from command line to 'None'
[0.293s] Level 5:colcon.colcon_core.verb:set package 'b3rb_desktop' build argument 'catkin_skip_building_tests' from command line to 'False'
[0.293s] DEBUG:colcon.colcon_core.verb:Building package 'b3rb_desktop' with the following arguments: {'ament_cmake_args': None, 'build_base': '/home/tharun/cognipilot/cranium/build/b3rb_desktop', 'catkin_cmake_args': None, 'catkin_skip_building_tests': False, 'cmake_args': None, 'cmake_clean_cache': False, 'cmake_clean_first': False, 'cmake_force_configure': False, 'cmake_target': None, 'cmake_target_skip_unavailable': False, 'install_base': '/home/tharun/cognipilot/cranium/install/b3rb_desktop', 'merge_install': False, 'path': '/home/tharun/cognipilot/cranium/src/b3rb_desktop/b3rb_desktop', 'symlink_install': False, 'test_result_base': None}
[0.293s] Level 5:colcon.colcon_core.verb:set package 'b3rb_ros_line_follower' build argument 'cmake_args' from command line to 'None'
[0.293s] Level 5:colcon.colcon_core.verb:set package 'b3rb_ros_line_follower' build argument 'cmake_target' from command line to 'None'
[0.293s] Level 5:colcon.colcon_core.verb:set package 'b3rb_ros_line_follower' build argument 'cmake_target_skip_unavailable' from command line to 'False'
[0.293s] Level 5:colcon.colcon_core.verb:set package 'b3rb_ros_line_follower' build argument 'cmake_clean_cache' from command line to 'False'
[0.293s] Level 5:colcon.colcon_core.verb:set package 'b3rb_ros_line_follower' build argument 'cmake_clean_first' from command line to 'False'
[0.293s] Level 5:colcon.colcon_core.verb:set package 'b3rb_ros_line_follower' build argument 'cmake_force_configure' from command line to 'False'
[0.293s] Level 5:colcon.colcon_core.verb:set package 'b3rb_ros_line_follower' build argument 'ament_cmake_args' from command line to 'None'
[0.293s] Level 5:colcon.colcon_core.verb:set package 'b3rb_ros_line_follower' build argument 'catkin_cmake_args' from command line to 'None'
[0.293s] Level 5:colcon.colcon_core.verb:set package 'b3rb_ros_line_follower' build argument 'catkin_skip_building_tests' from command line to 'False'
[0.293s] DEBUG:colcon.colcon_core.verb:Building package 'b3rb_ros_line_follower' with the following arguments: {'ament_cmake_args': None, 'build_base': '/home/tharun/cognipilot/cranium/build/b3rb_ros_line_follower', 'catkin_cmake_args': None, 'catkin_skip_building_tests': False, 'cmake_args': None, 'cmake_clean_cache': False, 'cmake_clean_first': False, 'cmake_force_configure': False, 'cmake_target': None, 'cmake_target_skip_unavailable': False, 'install_base': '/home/tharun/cognipilot/cranium/install/b3rb_ros_line_follower', 'merge_install': False, 'path': '/home/tharun/cognipilot/cranium/src/b3rb_ros_line_follower/b3rb_ros_line_follower', 'symlink_install': False, 'test_result_base': None}
[0.293s] Level 5:colcon.colcon_core.verb:set package 'b3rb_simulator' build argument 'cmake_args' from command line to 'None'
[0.293s] Level 5:colcon.colcon_core.verb:set package 'b3rb_simulator' build argument 'cmake_target' from command line to 'None'
[0.293s] Level 5:colcon.colcon_core.verb:set package 'b3rb_simulator' build argument 'cmake_target_skip_unavailable' from command line to 'False'
[0.293s] Level 5:colcon.colcon_core.verb:set package 'b3rb_simulator' build argument 'cmake_clean_cache' from command line to 'False'
[0.293s] Level 5:colcon.colcon_core.verb:set package 'b3rb_simulator' build argument 'cmake_clean_first' from command line to 'False'
[0.293s] Level 5:colcon.colcon_core.verb:set package 'b3rb_simulator' build argument 'cmake_force_configure' from command line to 'False'
[0.293s] Level 5:colcon.colcon_core.verb:set package 'b3rb_simulator' build argument 'ament_cmake_args' from command line to 'None'
[0.293s] Level 5:colcon.colcon_core.verb:set package 'b3rb_simulator' build argument 'catkin_cmake_args' from command line to 'None'
[0.293s] Level 5:colcon.colcon_core.verb:set package 'b3rb_simulator' build argument 'catkin_skip_building_tests' from command line to 'False'
[0.293s] DEBUG:colcon.colcon_core.verb:Building package 'b3rb_simulator' with the following arguments: {'ament_cmake_args': None, 'build_base': '/home/tharun/cognipilot/cranium/build/b3rb_simulator', 'catkin_cmake_args': None, 'catkin_skip_building_tests': False, 'cmake_args': None, 'cmake_clean_cache': False, 'cmake_clean_first': False, 'cmake_force_configure': False, 'cmake_target': None, 'cmake_target_skip_unavailable': False, 'install_base': '/home/tharun/cognipilot/cranium/install/b3rb_simulator', 'merge_install': False, 'path': '/home/tharun/cognipilot/cranium/src/b3rb_simulator/b3rb_simulator', 'symlink_install': False, 'test_result_base': None}
[0.294s] Level 5:colcon.colcon_core.verb:set package 'corti' build argument 'cmake_args' from command line to 'None'
[0.294s] Level 5:colcon.colcon_core.verb:set package 'corti' build argument 'cmake_target' from command line to 'None'
[0.294s] Level 5:colcon.colcon_core.verb:set package 'corti' build argument 'cmake_target_skip_unavailable' from command line to 'False'
[0.294s] Level 5:colcon.colcon_core.verb:set package 'corti' build argument 'cmake_clean_cache' from command line to 'False'
[0.294s] Level 5:colcon.colcon_core.verb:set package 'corti' build argument 'cmake_clean_first' from command line to 'False'
[0.294s] Level 5:colcon.colcon_core.verb:set package 'corti' build argument 'cmake_force_configure' from command line to 'False'
[0.294s] Level 5:colcon.colcon_core.verb:set package 'corti' build argument 'ament_cmake_args' from command line to 'None'
[0.294s] Level 5:colcon.colcon_core.verb:set package 'corti' build argument 'catkin_cmake_args' from command line to 'None'
[0.294s] Level 5:colcon.colcon_core.verb:set package 'corti' build argument 'catkin_skip_building_tests' from command line to 'False'
[0.294s] DEBUG:colcon.colcon_core.verb:Building package 'corti' with the following arguments: {'ament_cmake_args': None, 'build_base': '/home/tharun/cognipilot/cranium/build/corti', 'catkin_cmake_args': None, 'catkin_skip_building_tests': False, 'cmake_args': None, 'cmake_clean_cache': False, 'cmake_clean_first': False, 'cmake_force_configure': False, 'cmake_target': None, 'cmake_target_skip_unavailable': False, 'install_base': '/home/tharun/cognipilot/cranium/install/corti', 'merge_install': False, 'path': '/home/tharun/cognipilot/cranium/src/corti', 'symlink_install': False, 'test_result_base': None}
[0.294s] Level 5:colcon.colcon_core.verb:set package 'synapse_gz' build argument 'cmake_args' from command line to 'None'
[0.294s] Level 5:colcon.colcon_core.verb:set package 'synapse_gz' build argument 'cmake_target' from command line to 'None'
[0.294s] Level 5:colcon.colcon_core.verb:set package 'synapse_gz' build argument 'cmake_target_skip_unavailable' from command line to 'False'
[0.294s] Level 5:colcon.colcon_core.verb:set package 'synapse_gz' build argument 'cmake_clean_cache' from command line to 'False'
[0.294s] Level 5:colcon.colcon_core.verb:set package 'synapse_gz' build argument 'cmake_clean_first' from command line to 'False'
[0.294s] Level 5:colcon.colcon_core.verb:set package 'synapse_gz' build argument 'cmake_force_configure' from command line to 'False'
[0.294s] Level 5:colcon.colcon_core.verb:set package 'synapse_gz' build argument 'ament_cmake_args' from command line to 'None'
[0.294s] Level 5:colcon.colcon_core.verb:set package 'synapse_gz' build argument 'catkin_cmake_args' from command line to 'None'
[0.294s] Level 5:colcon.colcon_core.verb:set package 'synapse_gz' build argument 'catkin_skip_building_tests' from command line to 'False'
[0.294s] DEBUG:colcon.colcon_core.verb:Building package 'synapse_gz' with the following arguments: {'ament_cmake_args': None, 'build_base': '/home/tharun/cognipilot/cranium/build/synapse_gz', 'catkin_cmake_args': None, 'catkin_skip_building_tests': False, 'cmake_args': None, 'cmake_clean_cache': False, 'cmake_clean_first': False, 'cmake_force_configure': False, 'cmake_target': None, 'cmake_target_skip_unavailable': False, 'install_base': '/home/tharun/cognipilot/cranium/install/synapse_gz', 'merge_install': False, 'path': '/home/tharun/cognipilot/cranium/src/synapse_gz', 'symlink_install': False, 'test_result_base': None}
[0.294s] Level 5:colcon.colcon_core.verb:set package 'synapse_ros' build argument 'cmake_args' from command line to 'None'
[0.294s] Level 5:colcon.colcon_core.verb:set package 'synapse_ros' build argument 'cmake_target' from command line to 'None'
[0.294s] Level 5:colcon.colcon_core.verb:set package 'synapse_ros' build argument 'cmake_target_skip_unavailable' from command line to 'False'
[0.294s] Level 5:colcon.colcon_core.verb:set package 'synapse_ros' build argument 'cmake_clean_cache' from command line to 'False'
[0.294s] Level 5:colcon.colcon_core.verb:set package 'synapse_ros' build argument 'cmake_clean_first' from command line to 'False'
[0.294s] Level 5:colcon.colcon_core.verb:set package 'synapse_ros' build argument 'cmake_force_configure' from command line to 'False'
[0.294s] Level 5:colcon.colcon_core.verb:set package 'synapse_ros' build argument 'ament_cmake_args' from command line to 'None'
[0.294s] Level 5:colcon.colcon_core.verb:set package 'synapse_ros' build argument 'catkin_cmake_args' from command line to 'None'
[0.294s] Level 5:colcon.colcon_core.verb:set package 'synapse_ros' build argument 'catkin_skip_building_tests' from command line to 'False'
[0.294s] DEBUG:colcon.colcon_core.verb:Building package 'synapse_ros' with the following arguments: {'ament_cmake_args': None, 'build_base': '/home/tharun/cognipilot/cranium/build/synapse_ros', 'catkin_cmake_args': None, 'catkin_skip_building_tests': False, 'cmake_args': None, 'cmake_clean_cache': False, 'cmake_clean_first': False, 'cmake_force_configure': False, 'cmake_target': None, 'cmake_target_skip_unavailable': False, 'install_base': '/home/tharun/cognipilot/cranium/install/synapse_ros', 'merge_install': False, 'path': '/home/tharun/cognipilot/cranium/src/synapse_ros', 'symlink_install': False, 'test_result_base': None}
[0.294s] INFO:colcon.colcon_core.executor:Executing jobs using 'parallel' executor
[0.295s] DEBUG:colcon.colcon_parallel_executor.executor.parallel:run_until_complete
[0.296s] INFO:colcon.colcon_ros.task.ament_cmake.build:Building ROS package in '/home/tharun/cognipilot/cranium/src/synapse_msgs' with build type 'ament_cmake'
[0.296s] INFO:colcon.colcon_cmake.task.cmake.build:Building CMake package in '/home/tharun/cognipilot/cranium/src/synapse_msgs'
[0.297s] INFO:colcon.colcon_core.plugin_system:Skipping extension 'colcon_core.shell.bat': Not used on non-Windows systems
[0.298s] INFO:colcon.colcon_core.shell:Skip shell extension 'powershell' for command environment: Not usable outside of PowerShell
[0.298s] DEBUG:colcon.colcon_core.shell:Skip shell extension 'dsv' for command environment
[0.301s] INFO:colcon.colcon_ros.task.ament_cmake.build:Building ROS package in '/home/tharun/cognipilot/cranium/src/synapse_protobuf' with build type 'ament_cmake'
[0.301s] INFO:colcon.colcon_cmake.task.cmake.build:Building CMake package in '/home/tharun/cognipilot/cranium/src/synapse_protobuf'
[0.301s] INFO:colcon.colcon_core.shell:Skip shell extension 'powershell' for command environment: Not usable outside of PowerShell
[0.301s] DEBUG:colcon.colcon_core.shell:Skip shell extension 'dsv' for command environment
[0.304s] INFO:colcon.colcon_ros.task.ament_cmake.build:Building ROS package in '/home/tharun/cognipilot/cranium/src/synapse_tinyframe' with build type 'ament_cmake'
[0.305s] INFO:colcon.colcon_cmake.task.cmake.build:Building CMake package in '/home/tharun/cognipilot/cranium/src/synapse_tinyframe'
[0.305s] INFO:colcon.colcon_core.shell:Skip shell extension 'powershell' for command environment: Not usable outside of PowerShell
[0.305s] DEBUG:colcon.colcon_core.shell:Skip shell extension 'dsv' for command environment
[0.308s] INFO:colcon.colcon_ros.task.ament_cmake.build:Building ROS package in '/home/tharun/cognipilot/cranium/src/b3rb_simulator/b3rb_gz_bringup' with build type 'ament_cmake'
[0.308s] INFO:colcon.colcon_cmake.task.cmake.build:Building CMake package in '/home/tharun/cognipilot/cranium/src/b3rb_simulator/b3rb_gz_bringup'
[0.308s] INFO:colcon.colcon_core.shell:Skip shell extension 'powershell' for command environment: Not usable outside of PowerShell
[0.308s] DEBUG:colcon.colcon_core.shell:Skip shell extension 'dsv' for command environment
[0.311s] INFO:colcon.colcon_ros.task.ament_cmake.build:Building ROS package in '/home/tharun/cognipilot/cranium/src/b3rb_simulator/b3rb_gz_resource' with build type 'ament_cmake'
[0.311s] INFO:colcon.colcon_cmake.task.cmake.build:Building CMake package in '/home/tharun/cognipilot/cranium/src/b3rb_simulator/b3rb_gz_resource'
[0.311s] INFO:colcon.colcon_core.shell:Skip shell extension 'powershell' for command environment: Not usable outside of PowerShell
[0.311s] DEBUG:colcon.colcon_core.shell:Skip shell extension 'dsv' for command environment
[0.314s] INFO:colcon.colcon_ros.task.ament_cmake.build:Building ROS package in '/home/tharun/cognipilot/cranium/src/b3rb_desktop/b3rb_rviz' with build type 'ament_cmake'
[0.314s] INFO:colcon.colcon_cmake.task.cmake.build:Building CMake package in '/home/tharun/cognipilot/cranium/src/b3rb_desktop/b3rb_rviz'
[0.314s] INFO:colcon.colcon_core.shell:Skip shell extension 'powershell' for command environment: Not usable outside of PowerShell
[0.314s] DEBUG:colcon.colcon_core.shell:Skip shell extension 'dsv' for command environment
[0.317s] INFO:colcon.colcon_ros.task.ament_cmake.build:Building ROS package in '/home/tharun/cognipilot/cranium/src/b3rb/b3rb_description' with build type 'ament_cmake'
[0.317s] INFO:colcon.colcon_cmake.task.cmake.build:Building CMake package in '/home/tharun/cognipilot/cranium/src/b3rb/b3rb_description'
[0.317s] INFO:colcon.colcon_core.shell:Skip shell extension 'powershell' for command environment: Not usable outside of PowerShell
[0.317s] DEBUG:colcon.colcon_core.shell:Skip shell extension 'dsv' for command environment
[0.320s] INFO:colcon.colcon_ros.task.ament_cmake.build:Building ROS package in '/home/tharun/cognipilot/cranium/src/b3rb/b3rb_nav2' with build type 'ament_cmake'
[0.320s] INFO:colcon.colcon_cmake.task.cmake.build:Building CMake package in '/home/tharun/cognipilot/cranium/src/b3rb/b3rb_nav2'
[0.320s] INFO:colcon.colcon_core.shell:Skip shell extension 'powershell' for command environment: Not usable outside of PowerShell
[0.320s] DEBUG:colcon.colcon_core.shell:Skip shell extension 'dsv' for command environment
[0.323s] INFO:colcon.colcon_ros.task.ament_cmake.build:Building ROS package in '/home/tharun/cognipilot/cranium/src/cerebri_bringup' with build type 'ament_cmake'
[0.323s] INFO:colcon.colcon_cmake.task.cmake.build:Building CMake package in '/home/tharun/cognipilot/cranium/src/cerebri_bringup'
[0.323s] INFO:colcon.colcon_core.shell:Skip shell extension 'powershell' for command environment: Not usable outside of PowerShell
[0.323s] DEBUG:colcon.colcon_core.shell:Skip shell extension 'dsv' for command environment
[0.326s] INFO:colcon.colcon_ros.task.ament_cmake.build:Building ROS package in '/home/tharun/cognipilot/cranium/src/dream_world/dream_world' with build type 'ament_cmake'
[0.326s] INFO:colcon.colcon_cmake.task.cmake.build:Building CMake package in '/home/tharun/cognipilot/cranium/src/dream_world/dream_world'
[0.326s] INFO:colcon.colcon_core.shell:Skip shell extension 'powershell' for command environment: Not usable outside of PowerShell
[0.326s] DEBUG:colcon.colcon_core.shell:Skip shell extension 'dsv' for command environment
[0.335s] DEBUG:colcon.colcon_core.event_handler.log_command:Invoking command in '/home/tharun/cognipilot/cranium/build/synapse_msgs': CMAKE_PREFIX_PATH=${CMAKE_PREFIX_PATH}:/home/tharun/cognipilot/cranium/install/b3rb_ros_line_follower:/opt/ros/humble /usr/bin/cmake --build /home/tharun/cognipilot/cranium/build/synapse_msgs -- -j12 -l12
[0.338s] DEBUG:colcon.colcon_core.event_handler.log_command:Invoking command in '/home/tharun/cognipilot/cranium/build/synapse_protobuf': CMAKE_PREFIX_PATH=${CMAKE_PREFIX_PATH}:/home/tharun/cognipilot/cranium/install/b3rb_ros_line_follower:/opt/ros/humble /usr/bin/cmake --build /home/tharun/cognipilot/cranium/build/synapse_protobuf -- -j12 -l12
[0.340s] DEBUG:colcon.colcon_core.event_handler.log_command:Invoking command in '/home/tharun/cognipilot/cranium/build/synapse_tinyframe': CMAKE_PREFIX_PATH=${CMAKE_PREFIX_PATH}:/home/tharun/cognipilot/cranium/install/b3rb_ros_line_follower:/opt/ros/humble /usr/bin/cmake --build /home/tharun/cognipilot/cranium/build/synapse_tinyframe -- -j12 -l12
[0.343s] DEBUG:colcon.colcon_core.event_handler.log_command:Invoking command in '/home/tharun/cognipilot/cranium/build/b3rb_gz_bringup': CMAKE_PREFIX_PATH=${CMAKE_PREFIX_PATH}:/home/tharun/cognipilot/cranium/install/b3rb_ros_line_follower:/opt/ros/humble /usr/bin/cmake --build /home/tharun/cognipilot/cranium/build/b3rb_gz_bringup -- -j12 -l12
[0.346s] DEBUG:colcon.colcon_core.event_handler.log_command:Invoking command in '/home/tharun/cognipilot/cranium/build/b3rb_gz_resource': CMAKE_PREFIX_PATH=${CMAKE_PREFIX_PATH}:/home/tharun/cognipilot/cranium/install/b3rb_ros_line_follower:/opt/ros/humble /usr/bin/cmake --build /home/tharun/cognipilot/cranium/build/b3rb_gz_resource -- -j12 -l12
[0.349s] DEBUG:colcon.colcon_core.event_handler.log_command:Invoking command in '/home/tharun/cognipilot/cranium/build/b3rb_rviz': CMAKE_PREFIX_PATH=${CMAKE_PREFIX_PATH}:/home/tharun/cognipilot/cranium/install/b3rb_ros_line_follower:/opt/ros/humble /usr/bin/cmake --build /home/tharun/cognipilot/cranium/build/b3rb_rviz -- -j12 -l12
[0.353s] DEBUG:colcon.colcon_core.event_handler.log_command:Invoking command in '/home/tharun/cognipilot/cranium/build/b3rb_description': CMAKE_PREFIX_PATH=${CMAKE_PREFIX_PATH}:/home/tharun/cognipilot/cranium/install/b3rb_ros_line_follower:/opt/ros/humble /usr/bin/cmake --build /home/tharun/cognipilot/cranium/build/b3rb_description -- -j12 -l12
[0.356s] DEBUG:colcon.colcon_core.event_handler.log_command:Invoking command in '/home/tharun/cognipilot/cranium/build/b3rb_nav2': CMAKE_PREFIX_PATH=${CMAKE_PREFIX_PATH}:/home/tharun/cognipilot/cranium/install/b3rb_ros_line_follower:/opt/ros/humble /usr/bin/cmake --build /home/tharun/cognipilot/cranium/build/b3rb_nav2 -- -j12 -l12
[0.359s] DEBUG:colcon.colcon_core.event_handler.log_command:Invoking command in '/home/tharun/cognipilot/cranium/build/cerebri_bringup': CMAKE_PREFIX_PATH=${CMAKE_PREFIX_PATH}:/home/tharun/cognipilot/cranium/install/b3rb_ros_line_follower:/opt/ros/humble /usr/bin/cmake --build /home/tharun/cognipilot/cranium/build/cerebri_bringup -- -j12 -l12
[0.367s] DEBUG:colcon.colcon_core.event_handler.log_command:Invoking command in '/home/tharun/cognipilot/cranium/build/dream_world': CMAKE_PREFIX_PATH=${CMAKE_PREFIX_PATH}:/home/tharun/cognipilot/cranium/install/b3rb_ros_line_follower:/opt/ros/humble /usr/bin/cmake --build /home/tharun/cognipilot/cranium/build/dream_world -- -j12 -l12
[0.388s] DEBUG:colcon.colcon_core.event_handler.log_command:Invoked command in '/home/tharun/cognipilot/cranium/build/b3rb_gz_bringup' returned '0': CMAKE_PREFIX_PATH=${CMAKE_PREFIX_PATH}:/home/tharun/cognipilot/cranium/install/b3rb_ros_line_follower:/opt/ros/humble /usr/bin/cmake --build /home/tharun/cognipilot/cranium/build/b3rb_gz_bringup -- -j12 -l12
[0.400s] DEBUG:colcon.colcon_core.event_handler.log_command:Invoking command in '/home/tharun/cognipilot/cranium/build/b3rb_gz_bringup': CMAKE_PREFIX_PATH=${CMAKE_PREFIX_PATH}:/home/tharun/cognipilot/cranium/install/b3rb_ros_line_follower:/opt/ros/humble /usr/bin/cmake --install /home/tharun/cognipilot/cranium/build/b3rb_gz_bringup
[0.404s] DEBUG:colcon.colcon_core.event_handler.log_command:Invoked command in '/home/tharun/cognipilot/cranium/build/b3rb_rviz' returned '0': CMAKE_PREFIX_PATH=${CMAKE_PREFIX_PATH}:/home/tharun/cognipilot/cranium/install/b3rb_ros_line_follower:/opt/ros/humble /usr/bin/cmake --build /home/tharun/cognipilot/cranium/build/b3rb_rviz -- -j12 -l12
[0.405s] DEBUG:colcon.colcon_core.event_handler.log_command:Invoking command in '/home/tharun/cognipilot/cranium/build/b3rb_rviz': CMAKE_PREFIX_PATH=${CMAKE_PREFIX_PATH}:/home/tharun/cognipilot/cranium/install/b3rb_ros_line_follower:/opt/ros/humble /usr/bin/cmake --install /home/tharun/cognipilot/cranium/build/b3rb_rviz
[0.408s] DEBUG:colcon.colcon_core.event_handler.log_command:Invoked command in '/home/tharun/cognipilot/cranium/build/b3rb_nav2' returned '0': CMAKE_PREFIX_PATH=${CMAKE_PREFIX_PATH}:/home/tharun/cognipilot/cranium/install/b3rb_ros_line_follower:/opt/ros/humble /usr/bin/cmake --build /home/tharun/cognipilot/cranium/build/b3rb_nav2 -- -j12 -l12
[0.415s] DEBUG:colcon.colcon_core.event_handler.log_command:Invoking command in '/home/tharun/cognipilot/cranium/build/b3rb_nav2': CMAKE_PREFIX_PATH=${CMAKE_PREFIX_PATH}:/home/tharun/cognipilot/cranium/install/b3rb_ros_line_follower:/opt/ros/humble /usr/bin/cmake --install /home/tharun/cognipilot/cranium/build/b3rb_nav2
[0.415s] DEBUG:colcon.colcon_core.event_handler.log_command:Invoked command in '/home/tharun/cognipilot/cranium/build/b3rb_description' returned '0': CMAKE_PREFIX_PATH=${CMAKE_PREFIX_PATH}:/home/tharun/cognipilot/cranium/install/b3rb_ros_line_follower:/opt/ros/humble /usr/bin/cmake --build /home/tharun/cognipilot/cranium/build/b3rb_description -- -j12 -l12
[0.415s] DEBUG:colcon.colcon_core.event_handler.log_command:Invoking command in '/home/tharun/cognipilot/cranium/build/b3rb_description': CMAKE_PREFIX_PATH=${CMAKE_PREFIX_PATH}:/home/tharun/cognipilot/cranium/install/b3rb_ros_line_follower:/opt/ros/humble /usr/bin/cmake --install /home/tharun/cognipilot/cranium/build/b3rb_description
[0.436s] DEBUG:colcon.colcon_core.event_handler.log_command:Invoked command in '/home/tharun/cognipilot/cranium/build/b3rb_gz_resource' returned '0': CMAKE_PREFIX_PATH=${CMAKE_PREFIX_PATH}:/home/tharun/cognipilot/cranium/install/b3rb_ros_line_follower:/opt/ros/humble /usr/bin/cmake --build /home/tharun/cognipilot/cranium/build/b3rb_gz_resource -- -j12 -l12
[0.439s] Level 1:colcon.colcon_core.environment:create_environment_scripts_only(b3rb_gz_bringup)
[0.441s] DEBUG:colcon.colcon_core.event_handler.log_command:Invoking command in '/home/tharun/cognipilot/cranium/build/b3rb_gz_resource': CMAKE_PREFIX_PATH=${CMAKE_PREFIX_PATH}:/home/tharun/cognipilot/cranium/install/b3rb_ros_line_follower:/opt/ros/humble /usr/bin/cmake --install /home/tharun/cognipilot/cranium/build/b3rb_gz_resource
[0.446s] Level 1:colcon.colcon_core.environment:checking '/home/tharun/cognipilot/cranium/install/b3rb_gz_bringup' for CMake module files
[0.448s] DEBUG:colcon.colcon_core.event_handler.log_command:Invoked command in '/home/tharun/cognipilot/cranium/build/dream_world' returned '0': CMAKE_PREFIX_PATH=${CMAKE_PREFIX_PATH}:/home/tharun/cognipilot/cranium/install/b3rb_ros_line_follower:/opt/ros/humble /usr/bin/cmake --build /home/tharun/cognipilot/cranium/build/dream_world -- -j12 -l12
[0.449s] Level 1:colcon.colcon_core.environment:checking '/home/tharun/cognipilot/cranium/install/b3rb_gz_bringup' for CMake config files
[0.450s] DEBUG:colcon.colcon_core.event_handler.log_command:Invoking command in '/home/tharun/cognipilot/cranium/build/dream_world': CMAKE_PREFIX_PATH=${CMAKE_PREFIX_PATH}:/home/tharun/cognipilot/cranium/install/b3rb_ros_line_follower:/opt/ros/humble /usr/bin/cmake --install /home/tharun/cognipilot/cranium/build/dream_world
[0.450s] DEBUG:colcon.colcon_core.event_handler.log_command:Invoked command in '/home/tharun/cognipilot/cranium/build/cerebri_bringup' returned '0': CMAKE_PREFIX_PATH=${CMAKE_PREFIX_PATH}:/home/tharun/cognipilot/cranium/install/b3rb_ros_line_follower:/opt/ros/humble /usr/bin/cmake --build /home/tharun/cognipilot/cranium/build/cerebri_bringup -- -j12 -l12
[0.450s] DEBUG:colcon.colcon_core.event_handler.log_command:Invoking command in '/home/tharun/cognipilot/cranium/build/cerebri_bringup': CMAKE_PREFIX_PATH=${CMAKE_PREFIX_PATH}:/home/tharun/cognipilot/cranium/install/b3rb_ros_line_follower:/opt/ros/humble /usr/bin/cmake --install /home/tharun/cognipilot/cranium/build/cerebri_bringup
[0.450s] DEBUG:colcon.colcon_core.event_handler.log_command:Invoked command in '/home/tharun/cognipilot/cranium/build/b3rb_gz_bringup' returned '0': CMAKE_PREFIX_PATH=${CMAKE_PREFIX_PATH}:/home/tharun/cognipilot/cranium/install/b3rb_ros_line_follower:/opt/ros/humble /usr/bin/cmake --install /home/tharun/cognipilot/cranium/build/b3rb_gz_bringup
[0.450s] Level 1:colcon.colcon_core.shell:create_environment_hook('b3rb_gz_bringup', 'cmake_prefix_path')
[0.451s] INFO:colcon.colcon_core.shell:Creating environment hook '/home/tharun/cognipilot/cranium/install/b3rb_gz_bringup/share/b3rb_gz_bringup/hook/cmake_prefix_path.ps1'
[0.451s] INFO:colcon.colcon_core.shell:Creating environment descriptor '/home/tharun/cognipilot/cranium/install/b3rb_gz_bringup/share/b3rb_gz_bringup/hook/cmake_prefix_path.dsv'
[0.451s] INFO:colcon.colcon_core.shell:Creating environment hook '/home/tharun/cognipilot/cranium/install/b3rb_gz_bringup/share/b3rb_gz_bringup/hook/cmake_prefix_path.sh'
[0.452s] Level 1:colcon.colcon_core.environment:checking '/home/tharun/cognipilot/cranium/install/b3rb_gz_bringup/bin'
[0.452s] Level 1:colcon.colcon_core.environment:checking '/home/tharun/cognipilot/cranium/install/b3rb_gz_bringup/lib/pkgconfig/b3rb_gz_bringup.pc'
[0.453s] Level 1:colcon.colcon_core.environment:checking '/home/tharun/cognipilot/cranium/install/b3rb_gz_bringup/lib/python3.10/site-packages'
[0.453s] Level 1:colcon.colcon_core.environment:checking '/home/tharun/cognipilot/cranium/install/b3rb_gz_bringup/bin'
[0.453s] INFO:colcon.colcon_core.shell:Creating package script '/home/tharun/cognipilot/cranium/install/b3rb_gz_bringup/share/b3rb_gz_bringup/package.ps1'
[0.454s] INFO:colcon.colcon_core.shell:Creating package descriptor '/home/tharun/cognipilot/cranium/install/b3rb_gz_bringup/share/b3rb_gz_bringup/package.dsv'
[0.454s] INFO:colcon.colcon_core.shell:Creating package script '/home/tharun/cognipilot/cranium/install/b3rb_gz_bringup/share/b3rb_gz_bringup/package.sh'
[0.455s] INFO:colcon.colcon_core.shell:Creating package script '/home/tharun/cognipilot/cranium/install/b3rb_gz_bringup/share/b3rb_gz_bringup/package.bash'
[0.455s] INFO:colcon.colcon_core.shell:Creating package script '/home/tharun/cognipilot/cranium/install/b3rb_gz_bringup/share/b3rb_gz_bringup/package.zsh'
[0.456s] Level 1:colcon.colcon_core.environment:create_file_with_runtime_dependencies(/home/tharun/cognipilot/cranium/install/b3rb_gz_bringup/share/colcon-core/packages/b3rb_gz_bringup)
[0.456s] Level 1:colcon.colcon_core.environment:create_environment_scripts_only(b3rb_gz_bringup)
[0.456s] Level 1:colcon.colcon_core.environment:checking '/home/tharun/cognipilot/cranium/install/b3rb_gz_bringup' for CMake module files
[0.456s] Level 1:colcon.colcon_core.environment:checking '/home/tharun/cognipilot/cranium/install/b3rb_gz_bringup' for CMake config files
[0.456s] Level 1:colcon.colcon_core.shell:create_environment_hook('b3rb_gz_bringup', 'cmake_prefix_path')
[0.457s] INFO:colcon.colcon_core.shell:Creating environment hook '/home/tharun/cognipilot/cranium/install/b3rb_gz_bringup/share/b3rb_gz_bringup/hook/cmake_prefix_path.ps1'
[0.457s] INFO:colcon.colcon_core.shell:Creating environment descriptor '/home/tharun/cognipilot/cranium/install/b3rb_gz_bringup/share/b3rb_gz_bringup/hook/cmake_prefix_path.dsv'
[0.457s] INFO:colcon.colcon_core.shell:Creating environment hook '/home/tharun/cognipilot/cranium/install/b3rb_gz_bringup/share/b3rb_gz_bringup/hook/cmake_prefix_path.sh'
[0.457s] Level 1:colcon.colcon_core.environment:checking '/home/tharun/cognipilot/cranium/install/b3rb_gz_bringup/bin'
[0.457s] Level 1:colcon.colcon_core.environment:checking '/home/tharun/cognipilot/cranium/install/b3rb_gz_bringup/lib/pkgconfig/b3rb_gz_bringup.pc'
[0.458s] Level 1:colcon.colcon_core.environment:checking '/home/tharun/cognipilot/cranium/install/b3rb_gz_bringup/lib/python3.10/site-packages'
[0.458s] Level 1:colcon.colcon_core.environment:checking '/home/tharun/cognipilot/cranium/install/b3rb_gz_bringup/bin'
[0.458s] INFO:colcon.colcon_core.shell:Creating package script '/home/tharun/cognipilot/cranium/install/b3rb_gz_bringup/share/b3rb_gz_bringup/package.ps1'
[0.458s] INFO:colcon.colcon_core.shell:Creating package descriptor '/home/tharun/cognipilot/cranium/install/b3rb_gz_bringup/share/b3rb_gz_bringup/package.dsv'
[0.459s] INFO:colcon.colcon_core.shell:Creating package script '/home/tharun/cognipilot/cranium/install/b3rb_gz_bringup/share/b3rb_gz_bringup/package.sh'
[0.459s] INFO:colcon.colcon_core.shell:Creating package script '/home/tharun/cognipilot/cranium/install/b3rb_gz_bringup/share/b3rb_gz_bringup/package.bash'
[0.459s] INFO:colcon.colcon_core.shell:Creating package script '/home/tharun/cognipilot/cranium/install/b3rb_gz_bringup/share/b3rb_gz_bringup/package.zsh'
[0.459s] Level 1:colcon.colcon_core.environment:create_file_with_runtime_dependencies(/home/tharun/cognipilot/cranium/install/b3rb_gz_bringup/share/colcon-core/packages/b3rb_gz_bringup)
[0.461s] DEBUG:colcon.colcon_core.event_handler.log_command:Invoked command in '/home/tharun/cognipilot/cranium/build/synapse_tinyframe' returned '0': CMAKE_PREFIX_PATH=${CMAKE_PREFIX_PATH}:/home/tharun/cognipilot/cranium/install/b3rb_ros_line_follower:/opt/ros/humble /usr/bin/cmake --build /home/tharun/cognipilot/cranium/build/synapse_tinyframe -- -j12 -l12
[0.463s] Level 1:colcon.colcon_core.environment:create_environment_scripts_only(b3rb_rviz)
[0.464s] Level 1:colcon.colcon_core.environment:checking '/home/tharun/cognipilot/cranium/install/b3rb_rviz' for CMake module files
[0.464s] Level 1:colcon.colcon_core.environment:checking '/home/tharun/cognipilot/cranium/install/b3rb_rviz' for CMake config files
[0.469s] Level 1:colcon.colcon_core.shell:create_environment_hook('b3rb_rviz', 'cmake_prefix_path')
[0.470s] INFO:colcon.colcon_core.shell:Creating environment hook '/home/tharun/cognipilot/cranium/install/b3rb_rviz/share/b3rb_rviz/hook/cmake_prefix_path.ps1'
[0.474s] INFO:colcon.colcon_core.shell:Creating environment descriptor '/home/tharun/cognipilot/cranium/install/b3rb_rviz/share/b3rb_rviz/hook/cmake_prefix_path.dsv'
[0.477s] INFO:colcon.colcon_core.shell:Creating environment hook '/home/tharun/cognipilot/cranium/install/b3rb_rviz/share/b3rb_rviz/hook/cmake_prefix_path.sh'
[0.479s] Level 1:colcon.colcon_core.environment:checking '/home/tharun/cognipilot/cranium/install/b3rb_rviz/bin'
[0.480s] Level 1:colcon.colcon_core.environment:checking '/home/tharun/cognipilot/cranium/install/b3rb_rviz/lib/pkgconfig/b3rb_rviz.pc'
[0.480s] Level 1:colcon.colcon_core.environment:checking '/home/tharun/cognipilot/cranium/install/b3rb_rviz/lib/python3.10/site-packages'
[0.480s] Level 1:colcon.colcon_core.environment:checking '/home/tharun/cognipilot/cranium/install/b3rb_rviz/bin'
[0.480s] INFO:colcon.colcon_core.shell:Creating package script '/home/tharun/cognipilot/cranium/install/b3rb_rviz/share/b3rb_rviz/package.ps1'
[0.481s] INFO:colcon.colcon_core.shell:Creating package descriptor '/home/tharun/cognipilot/cranium/install/b3rb_rviz/share/b3rb_rviz/package.dsv'
[0.481s] INFO:colcon.colcon_core.shell:Creating package script '/home/tharun/cognipilot/cranium/install/b3rb_rviz/share/b3rb_rviz/package.sh'
[0.482s] INFO:colcon.colcon_core.shell:Creating package script '/home/tharun/cognipilot/cranium/install/b3rb_rviz/share/b3rb_rviz/package.bash'
[0.482s] INFO:colcon.colcon_core.shell:Creating package script '/home/tharun/cognipilot/cranium/install/b3rb_rviz/share/b3rb_rviz/package.zsh'
[0.483s] Level 1:colcon.colcon_core.environment:create_file_with_runtime_dependencies(/home/tharun/cognipilot/cranium/install/b3rb_rviz/share/colcon-core/packages/b3rb_rviz)
[0.483s] Level 1:colcon.colcon_core.environment:create_environment_scripts_only(b3rb_rviz)
[0.483s] Level 1:colcon.colcon_core.environment:checking '/home/tharun/cognipilot/cranium/install/b3rb_rviz' for CMake module files
[0.484s] Level 1:colcon.colcon_core.environment:checking '/home/tharun/cognipilot/cranium/install/b3rb_rviz' for CMake config files
[0.485s] Level 1:colcon.colcon_core.shell:create_environment_hook('b3rb_rviz', 'cmake_prefix_path')
[0.485s] INFO:colcon.colcon_core.shell:Creating environment hook '/home/tharun/cognipilot/cranium/install/b3rb_rviz/share/b3rb_rviz/hook/cmake_prefix_path.ps1'
[0.487s] DEBUG:colcon.colcon_core.event_handler.log_command:Invoking command in '/home/tharun/cognipilot/cranium/build/synapse_tinyframe': CMAKE_PREFIX_PATH=${CMAKE_PREFIX_PATH}:/home/tharun/cognipilot/cranium/install/b3rb_ros_line_follower:/opt/ros/humble /usr/bin/cmake --install /home/tharun/cognipilot/cranium/build/synapse_tinyframe
[0.487s] INFO:colcon.colcon_core.shell:Creating environment descriptor '/home/tharun/cognipilot/cranium/install/b3rb_rviz/share/b3rb_rviz/hook/cmake_prefix_path.dsv'
[0.489s] INFO:colcon.colcon_core.shell:Creating environment hook '/home/tharun/cognipilot/cranium/install/b3rb_rviz/share/b3rb_rviz/hook/cmake_prefix_path.sh'
[0.491s] Level 1:colcon.colcon_core.environment:checking '/home/tharun/cognipilot/cranium/install/b3rb_rviz/bin'
[0.491s] Level 1:colcon.colcon_core.environment:checking '/home/tharun/cognipilot/cranium/install/b3rb_rviz/lib/pkgconfig/b3rb_rviz.pc'
[0.491s] Level 1:colcon.colcon_core.environment:checking '/home/tharun/cognipilot/cranium/install/b3rb_rviz/lib/python3.10/site-packages'
[0.492s] Level 1:colcon.colcon_core.environment:checking '/home/tharun/cognipilot/cranium/install/b3rb_rviz/bin'
[0.492s] INFO:colcon.colcon_core.shell:Creating package script '/home/tharun/cognipilot/cranium/install/b3rb_rviz/share/b3rb_rviz/package.ps1'
[0.492s] INFO:colcon.colcon_core.shell:Creating package descriptor '/home/tharun/cognipilot/cranium/install/b3rb_rviz/share/b3rb_rviz/package.dsv'
[0.493s] INFO:colcon.colcon_core.shell:Creating package script '/home/tharun/cognipilot/cranium/install/b3rb_rviz/share/b3rb_rviz/package.sh'
[0.493s] INFO:colcon.colcon_core.shell:Creating package script '/home/tharun/cognipilot/cranium/install/b3rb_rviz/share/b3rb_rviz/package.bash'
[0.494s] INFO:colcon.colcon_core.shell:Creating package script '/home/tharun/cognipilot/cranium/install/b3rb_rviz/share/b3rb_rviz/package.zsh'
[0.494s] Level 1:colcon.colcon_core.environment:create_file_with_runtime_dependencies(/home/tharun/cognipilot/cranium/install/b3rb_rviz/share/colcon-core/packages/b3rb_rviz)
[0.495s] DEBUG:colcon.colcon_core.event_handler.log_command:Invoked command in '/home/tharun/cognipilot/cranium/build/b3rb_rviz' returned '0': CMAKE_PREFIX_PATH=${CMAKE_PREFIX_PATH}:/home/tharun/cognipilot/cranium/install/b3rb_ros_line_follower:/opt/ros/humble /usr/bin/cmake --install /home/tharun/cognipilot/cranium/build/b3rb_rviz
[0.497s] Level 1:colcon.colcon_core.environment:create_environment_scripts_only(b3rb_nav2)
[0.497s] Level 1:colcon.colcon_core.environment:checking '/home/tharun/cognipilot/cranium/install/b3rb_nav2' for CMake module files
[0.502s] DEBUG:colcon.colcon_core.event_handler.log_command:Invoked command in '/home/tharun/cognipilot/cranium/build/b3rb_nav2' returned '0': CMAKE_PREFIX_PATH=${CMAKE_PREFIX_PATH}:/home/tharun/cognipilot/cranium/install/b3rb_ros_line_follower:/opt/ros/humble /usr/bin/cmake --install /home/tharun/cognipilot/cranium/build/b3rb_nav2
[0.502s] Level 1:colcon.colcon_core.environment:checking '/home/tharun/cognipilot/cranium/install/b3rb_nav2' for CMake config files
[0.502s] Level 1:colcon.colcon_core.shell:create_environment_hook('b3rb_nav2', 'cmake_prefix_path')
[0.503s] INFO:colcon.colcon_core.shell:Creating environment hook '/home/tharun/cognipilot/cranium/install/b3rb_nav2/share/b3rb_nav2/hook/cmake_prefix_path.ps1'
[0.503s] INFO:colcon.colcon_core.shell:Creating environment descriptor '/home/tharun/cognipilot/cranium/install/b3rb_nav2/share/b3rb_nav2/hook/cmake_prefix_path.dsv'
[0.504s] INFO:colcon.colcon_core.shell:Creating environment hook '/home/tharun/cognipilot/cranium/install/b3rb_nav2/share/b3rb_nav2/hook/cmake_prefix_path.sh'
[0.505s] Level 1:colcon.colcon_core.environment:checking '/home/tharun/cognipilot/cranium/install/b3rb_nav2/bin'
[0.505s] Level 1:colcon.colcon_core.environment:checking '/home/tharun/cognipilot/cranium/install/b3rb_nav2/lib/pkgconfig/b3rb_nav2.pc'
[0.505s] Level 1:colcon.colcon_core.environment:checking '/home/tharun/cognipilot/cranium/install/b3rb_nav2/lib/python3.10/site-packages'
[0.506s] Level 1:colcon.colcon_core.environment:checking '/home/tharun/cognipilot/cranium/install/b3rb_nav2/bin'
[0.506s] INFO:colcon.colcon_core.shell:Creating package script '/home/tharun/cognipilot/cranium/install/b3rb_nav2/share/b3rb_nav2/package.ps1'
[0.507s] INFO:colcon.colcon_core.shell:Creating package descriptor '/home/tharun/cognipilot/cranium/install/b3rb_nav2/share/b3rb_nav2/package.dsv'
[0.508s] INFO:colcon.colcon_core.shell:Creating package script '/home/tharun/cognipilot/cranium/install/b3rb_nav2/share/b3rb_nav2/package.sh'
[0.508s] INFO:colcon.colcon_core.shell:Creating package script '/home/tharun/cognipilot/cranium/install/b3rb_nav2/share/b3rb_nav2/package.bash'
[0.509s] INFO:colcon.colcon_core.shell:Creating package script '/home/tharun/cognipilot/cranium/install/b3rb_nav2/share/b3rb_nav2/package.zsh'
[0.509s] Level 1:colcon.colcon_core.environment:create_file_with_runtime_dependencies(/home/tharun/cognipilot/cranium/install/b3rb_nav2/share/colcon-core/packages/b3rb_nav2)
[0.510s] Level 1:colcon.colcon_core.environment:create_environment_scripts_only(b3rb_nav2)
[0.510s] Level 1:colcon.colcon_core.environment:checking '/home/tharun/cognipilot/cranium/install/b3rb_nav2' for CMake module files
[0.511s] Level 1:colcon.colcon_core.environment:checking '/home/tharun/cognipilot/cranium/install/b3rb_nav2' for CMake config files
[0.511s] Level 1:colcon.colcon_core.shell:create_environment_hook('b3rb_nav2', 'cmake_prefix_path')
[0.511s] INFO:colcon.colcon_core.shell:Creating environment hook '/home/tharun/cognipilot/cranium/install/b3rb_nav2/share/b3rb_nav2/hook/cmake_prefix_path.ps1'
[0.512s] INFO:colcon.colcon_core.shell:Creating environment descriptor '/home/tharun/cognipilot/cranium/install/b3rb_nav2/share/b3rb_nav2/hook/cmake_prefix_path.dsv'
[0.513s] INFO:colcon.colcon_core.shell:Creating environment hook '/home/tharun/cognipilot/cranium/install/b3rb_nav2/share/b3rb_nav2/hook/cmake_prefix_path.sh'
[0.514s] Level 1:colcon.colcon_core.environment:checking '/home/tharun/cognipilot/cranium/install/b3rb_nav2/bin'
[0.514s] Level 1:colcon.colcon_core.environment:checking '/home/tharun/cognipilot/cranium/install/b3rb_nav2/lib/pkgconfig/b3rb_nav2.pc'
[0.514s] Level 1:colcon.colcon_core.environment:checking '/home/tharun/cognipilot/cranium/install/b3rb_nav2/lib/python3.10/site-packages'
[0.514s] Level 1:colcon.colcon_core.environment:checking '/home/tharun/cognipilot/cranium/install/b3rb_nav2/bin'
[0.515s] INFO:colcon.colcon_core.shell:Creating package script '/home/tharun/cognipilot/cranium/install/b3rb_nav2/share/b3rb_nav2/package.ps1'
[0.516s] INFO:colcon.colcon_core.shell:Creating package descriptor '/home/tharun/cognipilot/cranium/install/b3rb_nav2/share/b3rb_nav2/package.dsv'
[0.516s] INFO:colcon.colcon_core.shell:Creating package script '/home/tharun/cognipilot/cranium/install/b3rb_nav2/share/b3rb_nav2/package.sh'
[0.517s] INFO:colcon.colcon_core.shell:Creating package script '/home/tharun/cognipilot/cranium/install/b3rb_nav2/share/b3rb_nav2/package.bash'
[0.518s] INFO:colcon.colcon_core.shell:Creating package script '/home/tharun/cognipilot/cranium/install/b3rb_nav2/share/b3rb_nav2/package.zsh'
[0.518s] Level 1:colcon.colcon_core.environment:create_file_with_runtime_dependencies(/home/tharun/cognipilot/cranium/install/b3rb_nav2/share/colcon-core/packages/b3rb_nav2)
[0.519s] INFO:colcon.colcon_ros.task.ament_cmake.build:Building ROS package in '/home/tharun/cognipilot/cranium/src/b3rb_desktop/b3rb_desktop' with build type 'ament_cmake'
[0.520s] INFO:colcon.colcon_cmake.task.cmake.build:Building CMake package in '/home/tharun/cognipilot/cranium/src/b3rb_desktop/b3rb_desktop'
[0.520s] INFO:colcon.colcon_core.shell:Skip shell extension 'powershell' for command environment: Not usable outside of PowerShell
[0.520s] DEBUG:colcon.colcon_core.shell:Skip shell extension 'dsv' for command environment
[0.528s] Level 1:colcon.colcon_core.environment:create_environment_scripts_only(b3rb_description)
[0.528s] Level 1:colcon.colcon_core.environment:checking '/home/tharun/cognipilot/cranium/install/b3rb_description' for CMake module files
[0.529s] DEBUG:colcon.colcon_core.event_handler.log_command:Invoked command in '/home/tharun/cognipilot/cranium/build/b3rb_description' returned '0': CMAKE_PREFIX_PATH=${CMAKE_PREFIX_PATH}:/home/tharun/cognipilot/cranium/install/b3rb_ros_line_follower:/opt/ros/humble /usr/bin/cmake --install /home/tharun/cognipilot/cranium/build/b3rb_description
[0.530s] Level 1:colcon.colcon_core.environment:checking '/home/tharun/cognipilot/cranium/install/b3rb_description' for CMake config files
[0.534s] Level 1:colcon.colcon_core.shell:create_environment_hook('b3rb_description', 'cmake_prefix_path')
[0.534s] INFO:colcon.colcon_core.shell:Creating environment hook '/home/tharun/cognipilot/cranium/install/b3rb_description/share/b3rb_description/hook/cmake_prefix_path.ps1'
[0.535s] INFO:colcon.colcon_core.shell:Creating environment descriptor '/home/tharun/cognipilot/cranium/install/b3rb_description/share/b3rb_description/hook/cmake_prefix_path.dsv'
[0.535s] INFO:colcon.colcon_core.shell:Creating environment hook '/home/tharun/cognipilot/cranium/install/b3rb_description/share/b3rb_description/hook/cmake_prefix_path.sh'
[0.536s] Level 1:colcon.colcon_core.environment:checking '/home/tharun/cognipilot/cranium/install/b3rb_description/bin'
[0.536s] Level 1:colcon.colcon_core.environment:checking '/home/tharun/cognipilot/cranium/install/b3rb_description/lib/pkgconfig/b3rb_description.pc'
[0.536s] Level 1:colcon.colcon_core.environment:checking '/home/tharun/cognipilot/cranium/install/b3rb_description/lib/python3.10/site-packages'
[0.536s] Level 1:colcon.colcon_core.environment:checking '/home/tharun/cognipilot/cranium/install/b3rb_description/bin'
[0.536s] INFO:colcon.colcon_core.shell:Creating package script '/home/tharun/cognipilot/cranium/install/b3rb_description/share/b3rb_description/package.ps1'
[0.537s] INFO:colcon.colcon_core.shell:Creating package descriptor '/home/tharun/cognipilot/cranium/install/b3rb_description/share/b3rb_description/package.dsv'
[0.537s] INFO:colcon.colcon_core.shell:Creating package script '/home/tharun/cognipilot/cranium/install/b3rb_description/share/b3rb_description/package.sh'
[0.537s] INFO:colcon.colcon_core.shell:Creating package script '/home/tharun/cognipilot/cranium/install/b3rb_description/share/b3rb_description/package.bash'
[0.538s] INFO:colcon.colcon_core.shell:Creating package script '/home/tharun/cognipilot/cranium/install/b3rb_description/share/b3rb_description/package.zsh'
[0.538s] Level 1:colcon.colcon_core.environment:create_file_with_runtime_dependencies(/home/tharun/cognipilot/cranium/install/b3rb_description/share/colcon-core/packages/b3rb_description)
[0.538s] Level 1:colcon.colcon_core.environment:create_environment_scripts_only(b3rb_description)
[0.538s] Level 1:colcon.colcon_core.environment:checking '/home/tharun/cognipilot/cranium/install/b3rb_description' for CMake module files
[0.539s] Level 1:colcon.colcon_core.environment:checking '/home/tharun/cognipilot/cranium/install/b3rb_description' for CMake config files
[0.539s] Level 1:colcon.colcon_core.shell:create_environment_hook('b3rb_description', 'cmake_prefix_path')
[0.539s] INFO:colcon.colcon_core.shell:Creating environment hook '/home/tharun/cognipilot/cranium/install/b3rb_description/share/b3rb_description/hook/cmake_prefix_path.ps1'
[0.540s] INFO:colcon.colcon_core.shell:Creating environment descriptor '/home/tharun/cognipilot/cranium/install/b3rb_description/share/b3rb_description/hook/cmake_prefix_path.dsv'
[0.540s] INFO:colcon.colcon_core.shell:Creating environment hook '/home/tharun/cognipilot/cranium/install/b3rb_description/share/b3rb_description/hook/cmake_prefix_path.sh'
[0.540s] Level 1:colcon.colcon_core.environment:checking '/home/tharun/cognipilot/cranium/install/b3rb_description/bin'
[0.540s] Level 1:colcon.colcon_core.environment:checking '/home/tharun/cognipilot/cranium/install/b3rb_description/lib/pkgconfig/b3rb_description.pc'
[0.541s] Level 1:colcon.colcon_core.environment:checking '/home/tharun/cognipilot/cranium/install/b3rb_description/lib/python3.10/site-packages'
[0.541s] Level 1:colcon.colcon_core.environment:checking '/home/tharun/cognipilot/cranium/install/b3rb_description/bin'
[0.541s] INFO:colcon.colcon_core.shell:Creating package script '/home/tharun/cognipilot/cranium/install/b3rb_description/share/b3rb_description/package.ps1'
[0.542s] INFO:colcon.colcon_core.shell:Creating package descriptor '/home/tharun/cognipilot/cranium/install/b3rb_description/share/b3rb_description/package.dsv'
[0.542s] INFO:colcon.colcon_core.shell:Creating package script '/home/tharun/cognipilot/cranium/install/b3rb_description/share/b3rb_description/package.sh'
[0.542s] INFO:colcon.colcon_core.shell:Creating package script '/home/tharun/cognipilot/cranium/install/b3rb_description/share/b3rb_description/package.bash'
[0.542s] INFO:colcon.colcon_core.shell:Creating package script '/home/tharun/cognipilot/cranium/install/b3rb_description/share/b3rb_description/package.zsh'
[0.542s] Level 1:colcon.colcon_core.environment:create_file_with_runtime_dependencies(/home/tharun/cognipilot/cranium/install/b3rb_description/share/colcon-core/packages/b3rb_description)
[0.543s] Level 1:colcon.colcon_core.environment:create_environment_scripts_only(b3rb_gz_resource)
[0.543s] Level 1:colcon.colcon_core.environment:checking '/home/tharun/cognipilot/cranium/install/b3rb_gz_resource' for CMake module files
[0.544s] DEBUG:colcon.colcon_core.event_handler.log_command:Invoked command in '/home/tharun/cognipilot/cranium/build/b3rb_gz_resource' returned '0': CMAKE_PREFIX_PATH=${CMAKE_PREFIX_PATH}:/home/tharun/cognipilot/cranium/install/b3rb_ros_line_follower:/opt/ros/humble /usr/bin/cmake --install /home/tharun/cognipilot/cranium/build/b3rb_gz_resource
[0.544s] Level 1:colcon.colcon_core.environment:checking '/home/tharun/cognipilot/cranium/install/b3rb_gz_resource' for CMake config files
[0.544s] Level 1:colcon.colcon_core.shell:create_environment_hook('b3rb_gz_resource', 'cmake_prefix_path')
[0.544s] INFO:colcon.colcon_core.shell:Creating environment hook '/home/tharun/cognipilot/cranium/install/b3rb_gz_resource/share/b3rb_gz_resource/hook/cmake_prefix_path.ps1'
[0.545s] INFO:colcon.colcon_core.shell:Creating environment descriptor '/home/tharun/cognipilot/cranium/install/b3rb_gz_resource/share/b3rb_gz_resource/hook/cmake_prefix_path.dsv'
[0.545s] INFO:colcon.colcon_core.shell:Creating environment hook '/home/tharun/cognipilot/cranium/install/b3rb_gz_resource/share/b3rb_gz_resource/hook/cmake_prefix_path.sh'
[0.545s] Level 1:colcon.colcon_core.environment:checking '/home/tharun/cognipilot/cranium/install/b3rb_gz_resource/bin'
[0.545s] Level 1:colcon.colcon_core.environment:checking '/home/tharun/cognipilot/cranium/install/b3rb_gz_resource/lib/pkgconfig/b3rb_gz_resource.pc'
[0.545s] Level 1:colcon.colcon_core.environment:checking '/home/tharun/cognipilot/cranium/install/b3rb_gz_resource/lib/python3.10/site-packages'
[0.546s] Level 1:colcon.colcon_core.environment:checking '/home/tharun/cognipilot/cranium/install/b3rb_gz_resource/bin'
[0.546s] INFO:colcon.colcon_core.shell:Creating package script '/home/tharun/cognipilot/cranium/install/b3rb_gz_resource/share/b3rb_gz_resource/package.ps1'
[0.546s] INFO:colcon.colcon_core.shell:Creating package descriptor '/home/tharun/cognipilot/cranium/install/b3rb_gz_resource/share/b3rb_gz_resource/package.dsv'
[0.546s] INFO:colcon.colcon_core.shell:Creating package script '/home/tharun/cognipilot/cranium/install/b3rb_gz_resource/share/b3rb_gz_resource/package.sh'
[0.547s] INFO:colcon.colcon_core.shell:Creating package script '/home/tharun/cognipilot/cranium/install/b3rb_gz_resource/share/b3rb_gz_resource/package.bash'
[0.547s] INFO:colcon.colcon_core.shell:Creating package script '/home/tharun/cognipilot/cranium/install/b3rb_gz_resource/share/b3rb_gz_resource/package.zsh'
[0.547s] Level 1:colcon.colcon_core.environment:create_file_with_runtime_dependencies(/home/tharun/cognipilot/cranium/install/b3rb_gz_resource/share/colcon-core/packages/b3rb_gz_resource)
[0.547s] Level 1:colcon.colcon_core.environment:create_environment_scripts_only(b3rb_gz_resource)
[0.547s] Level 1:colcon.colcon_core.environment:checking '/home/tharun/cognipilot/cranium/install/b3rb_gz_resource' for CMake module files
[0.548s] Level 1:colcon.colcon_core.environment:checking '/home/tharun/cognipilot/cranium/install/b3rb_gz_resource' for CMake config files
[0.548s] Level 1:colcon.colcon_core.shell:create_environment_hook('b3rb_gz_resource', 'cmake_prefix_path')
[0.548s] INFO:colcon.colcon_core.shell:Creating environment hook '/home/tharun/cognipilot/cranium/install/b3rb_gz_resource/share/b3rb_gz_resource/hook/cmake_prefix_path.ps1'
[0.548s] INFO:colcon.colcon_core.shell:Creating environment descriptor '/home/tharun/cognipilot/cranium/install/b3rb_gz_resource/share/b3rb_gz_resource/hook/cmake_prefix_path.dsv'
[0.548s] INFO:colcon.colcon_core.shell:Creating environment hook '/home/tharun/cognipilot/cranium/install/b3rb_gz_resource/share/b3rb_gz_resource/hook/cmake_prefix_path.sh'
[0.549s] Level 1:colcon.colcon_core.environment:checking '/home/tharun/cognipilot/cranium/install/b3rb_gz_resource/bin'
[0.549s] Level 1:colcon.colcon_core.environment:checking '/home/tharun/cognipilot/cranium/install/b3rb_gz_resource/lib/pkgconfig/b3rb_gz_resource.pc'
[0.549s] Level 1:colcon.colcon_core.environment:checking '/home/tharun/cognipilot/cranium/install/b3rb_gz_resource/lib/python3.10/site-packages'
[0.549s] Level 1:colcon.colcon_core.environment:checking '/home/tharun/cognipilot/cranium/install/b3rb_gz_resource/bin'
[0.549s] INFO:colcon.colcon_core.shell:Creating package script '/home/tharun/cognipilot/cranium/install/b3rb_gz_resource/share/b3rb_gz_resource/package.ps1'
[0.550s] INFO:colcon.colcon_core.shell:Creating package descriptor '/home/tharun/cognipilot/cranium/install/b3rb_gz_resource/share/b3rb_gz_resource/package.dsv'
[0.550s] INFO:colcon.colcon_core.shell:Creating package script '/home/tharun/cognipilot/cranium/install/b3rb_gz_resource/share/b3rb_gz_resource/package.sh'
[0.550s] INFO:colcon.colcon_core.shell:Creating package script '/home/tharun/cognipilot/cranium/install/b3rb_gz_resource/share/b3rb_gz_resource/package.bash'
[0.550s] INFO:colcon.colcon_core.shell:Creating package script '/home/tharun/cognipilot/cranium/install/b3rb_gz_resource/share/b3rb_gz_resource/package.zsh'
[0.551s] Level 1:colcon.colcon_core.environment:create_file_with_runtime_dependencies(/home/tharun/cognipilot/cranium/install/b3rb_gz_resource/share/colcon-core/packages/b3rb_gz_resource)
[0.552s] DEBUG:colcon.colcon_core.event_handler.log_command:Invoked command in '/home/tharun/cognipilot/cranium/build/synapse_protobuf' returned '0': CMAKE_PREFIX_PATH=${CMAKE_PREFIX_PATH}:/home/tharun/cognipilot/cranium/install/b3rb_ros_line_follower:/opt/ros/humble /usr/bin/cmake --build /home/tharun/cognipilot/cranium/build/synapse_protobuf -- -j12 -l12
[0.553s] DEBUG:colcon.colcon_core.event_handler.log_command:Invoking command in '/home/tharun/cognipilot/cranium/build/synapse_protobuf': CMAKE_PREFIX_PATH=${CMAKE_PREFIX_PATH}:/home/tharun/cognipilot/cranium/install/b3rb_ros_line_follower:/opt/ros/humble /usr/bin/cmake --install /home/tharun/cognipilot/cranium/build/synapse_protobuf
[0.553s] INFO:colcon.colcon_ros.task.ament_cmake.build:Building ROS package in '/home/tharun/cognipilot/cranium/src/b3rb_simulator/b3rb_simulator' with build type 'ament_cmake'
[0.554s] INFO:colcon.colcon_cmake.task.cmake.build:Building CMake package in '/home/tharun/cognipilot/cranium/src/b3rb_simulator/b3rb_simulator'
[0.554s] INFO:colcon.colcon_core.shell:Skip shell extension 'powershell' for command environment: Not usable outside of PowerShell
[0.554s] DEBUG:colcon.colcon_core.shell:Skip shell extension 'dsv' for command environment
[0.561s] Level 1:colcon.colcon_core.environment:create_environment_scripts_only(cerebri_bringup)
[0.562s] Level 1:colcon.colcon_core.environment:checking '/home/tharun/cognipilot/cranium/install/cerebri_bringup' for CMake module files
[0.562s] DEBUG:colcon.colcon_core.event_handler.log_command:Invoked command in '/home/tharun/cognipilot/cranium/build/cerebri_bringup' returned '0': CMAKE_PREFIX_PATH=${CMAKE_PREFIX_PATH}:/home/tharun/cognipilot/cranium/install/b3rb_ros_line_follower:/opt/ros/humble /usr/bin/cmake --install /home/tharun/cognipilot/cranium/build/cerebri_bringup
[0.565s] Level 1:colcon.colcon_core.environment:checking '/home/tharun/cognipilot/cranium/install/cerebri_bringup' for CMake config files
[0.566s] Level 1:colcon.colcon_core.shell:create_environment_hook('cerebri_bringup', 'cmake_prefix_path')
[0.566s] INFO:colcon.colcon_core.shell:Creating environment hook '/home/tharun/cognipilot/cranium/install/cerebri_bringup/share/cerebri_bringup/hook/cmake_prefix_path.ps1'
[0.567s] INFO:colcon.colcon_core.shell:Creating environment descriptor '/home/tharun/cognipilot/cranium/install/cerebri_bringup/share/cerebri_bringup/hook/cmake_prefix_path.dsv'
[0.567s] INFO:colcon.colcon_core.shell:Creating environment hook '/home/tharun/cognipilot/cranium/install/cerebri_bringup/share/cerebri_bringup/hook/cmake_prefix_path.sh'
[0.568s] Level 1:colcon.colcon_core.environment:checking '/home/tharun/cognipilot/cranium/install/cerebri_bringup/bin'
[0.568s] Level 1:colcon.colcon_core.environment:checking '/home/tharun/cognipilot/cranium/install/cerebri_bringup/lib/pkgconfig/cerebri_bringup.pc'
[0.568s] Level 1:colcon.colcon_core.environment:checking '/home/tharun/cognipilot/cranium/install/cerebri_bringup/lib/python3.10/site-packages'
[0.569s] Level 1:colcon.colcon_core.environment:checking '/home/tharun/cognipilot/cranium/install/cerebri_bringup/bin'
[0.569s] INFO:colcon.colcon_core.shell:Creating package script '/home/tharun/cognipilot/cranium/install/cerebri_bringup/share/cerebri_bringup/package.ps1'
[0.570s] INFO:colcon.colcon_core.shell:Creating package descriptor '/home/tharun/cognipilot/cranium/install/cerebri_bringup/share/cerebri_bringup/package.dsv'
[0.570s] INFO:colcon.colcon_core.shell:Creating package script '/home/tharun/cognipilot/cranium/install/cerebri_bringup/share/cerebri_bringup/package.sh'
[0.571s] INFO:colcon.colcon_core.shell:Creating package script '/home/tharun/cognipilot/cranium/install/cerebri_bringup/share/cerebri_bringup/package.bash'
[0.571s] INFO:colcon.colcon_core.shell:Creating package script '/home/tharun/cognipilot/cranium/install/cerebri_bringup/share/cerebri_bringup/package.zsh'
[0.572s] Level 1:colcon.colcon_core.environment:create_file_with_runtime_dependencies(/home/tharun/cognipilot/cranium/install/cerebri_bringup/share/colcon-core/packages/cerebri_bringup)
[0.572s] Level 1:colcon.colcon_core.environment:create_environment_scripts_only(cerebri_bringup)
[0.573s] Level 1:colcon.colcon_core.environment:checking '/home/tharun/cognipilot/cranium/install/cerebri_bringup' for CMake module files
[0.573s] Level 1:colcon.colcon_core.environment:checking '/home/tharun/cognipilot/cranium/install/cerebri_bringup' for CMake config files
[0.573s] Level 1:colcon.colcon_core.shell:create_environment_hook('cerebri_bringup', 'cmake_prefix_path')
[0.574s] INFO:colcon.colcon_core.shell:Creating environment hook '/home/tharun/cognipilot/cranium/install/cerebri_bringup/share/cerebri_bringup/hook/cmake_prefix_path.ps1'
[0.574s] INFO:colcon.colcon_core.shell:Creating environment descriptor '/home/tharun/cognipilot/cranium/install/cerebri_bringup/share/cerebri_bringup/hook/cmake_prefix_path.dsv'
[0.575s] INFO:colcon.colcon_core.shell:Creating environment hook '/home/tharun/cognipilot/cranium/install/cerebri_bringup/share/cerebri_bringup/hook/cmake_prefix_path.sh'
[0.576s] Level 1:colcon.colcon_core.environment:checking '/home/tharun/cognipilot/cranium/install/cerebri_bringup/bin'
[0.576s] Level 1:colcon.colcon_core.environment:checking '/home/tharun/cognipilot/cranium/install/cerebri_bringup/lib/pkgconfig/cerebri_bringup.pc'
[0.576s] Level 1:colcon.colcon_core.environment:checking '/home/tharun/cognipilot/cranium/install/cerebri_bringup/lib/python3.10/site-packages'
[0.577s] Level 1:colcon.colcon_core.environment:checking '/home/tharun/cognipilot/cranium/install/cerebri_bringup/bin'
[0.577s] INFO:colcon.colcon_core.shell:Creating package script '/home/tharun/cognipilot/cranium/install/cerebri_bringup/share/cerebri_bringup/package.ps1'
[0.578s] INFO:colcon.colcon_core.shell:Creating package descriptor '/home/tharun/cognipilot/cranium/install/cerebri_bringup/share/cerebri_bringup/package.dsv'
[0.579s] INFO:colcon.colcon_core.shell:Creating package script '/home/tharun/cognipilot/cranium/install/cerebri_bringup/share/cerebri_bringup/package.sh'
[0.579s] INFO:colcon.colcon_core.shell:Creating package script '/home/tharun/cognipilot/cranium/install/cerebri_bringup/share/cerebri_bringup/package.bash'
[0.580s] INFO:colcon.colcon_core.shell:Creating package script '/home/tharun/cognipilot/cranium/install/cerebri_bringup/share/cerebri_bringup/package.zsh'
[0.580s] Level 1:colcon.colcon_core.environment:create_file_with_runtime_dependencies(/home/tharun/cognipilot/cranium/install/cerebri_bringup/share/colcon-core/packages/cerebri_bringup)
[0.581s] Level 1:colcon.colcon_core.environment:create_environment_scripts_only(dream_world)
[0.581s] Level 1:colcon.colcon_core.environment:checking '/home/tharun/cognipilot/cranium/install/dream_world' for CMake module files
[0.582s] DEBUG:colcon.colcon_core.event_handler.log_command:Invoked command in '/home/tharun/cognipilot/cranium/build/dream_world' returned '0': CMAKE_PREFIX_PATH=${CMAKE_PREFIX_PATH}:/home/tharun/cognipilot/cranium/install/b3rb_ros_line_follower:/opt/ros/humble /usr/bin/cmake --install /home/tharun/cognipilot/cranium/build/dream_world
[0.582s] Level 1:colcon.colcon_core.environment:checking '/home/tharun/cognipilot/cranium/install/dream_world' for CMake config files
[0.584s] Level 1:colcon.colcon_core.shell:create_environment_hook('dream_world', 'cmake_prefix_path')
[0.584s] INFO:colcon.colcon_core.shell:Creating environment hook '/home/tharun/cognipilot/cranium/install/dream_world/share/dream_world/hook/cmake_prefix_path.ps1'
[0.584s] INFO:colcon.colcon_core.shell:Creating environment descriptor '/home/tharun/cognipilot/cranium/install/dream_world/share/dream_world/hook/cmake_prefix_path.dsv'
[0.585s] INFO:colcon.colcon_core.shell:Creating environment hook '/home/tharun/cognipilot/cranium/install/dream_world/share/dream_world/hook/cmake_prefix_path.sh'
[0.585s] Level 1:colcon.colcon_core.environment:checking '/home/tharun/cognipilot/cranium/install/dream_world/bin'
[0.585s] Level 1:colcon.colcon_core.environment:checking '/home/tharun/cognipilot/cranium/install/dream_world/lib/pkgconfig/dream_world.pc'
[0.585s] Level 1:colcon.colcon_core.environment:checking '/home/tharun/cognipilot/cranium/install/dream_world/lib/python3.10/site-packages'
[0.585s] Level 1:colcon.colcon_core.environment:checking '/home/tharun/cognipilot/cranium/install/dream_world/bin'
[0.585s] INFO:colcon.colcon_core.shell:Creating package script '/home/tharun/cognipilot/cranium/install/dream_world/share/dream_world/package.ps1'
[0.586s] INFO:colcon.colcon_core.shell:Creating package descriptor '/home/tharun/cognipilot/cranium/install/dream_world/share/dream_world/package.dsv'
[0.586s] INFO:colcon.colcon_core.shell:Creating package script '/home/tharun/cognipilot/cranium/install/dream_world/share/dream_world/package.sh'
[0.586s] INFO:colcon.colcon_core.shell:Creating package script '/home/tharun/cognipilot/cranium/install/dream_world/share/dream_world/package.bash'
[0.587s] INFO:colcon.colcon_core.shell:Creating package script '/home/tharun/cognipilot/cranium/install/dream_world/share/dream_world/package.zsh'
[0.587s] Level 1:colcon.colcon_core.environment:create_file_with_runtime_dependencies(/home/tharun/cognipilot/cranium/install/dream_world/share/colcon-core/packages/dream_world)
[0.587s] Level 1:colcon.colcon_core.environment:create_environment_scripts_only(dream_world)
[0.588s] Level 1:colcon.colcon_core.environment:checking '/home/tharun/cognipilot/cranium/install/dream_world' for CMake module files
[0.588s] Level 1:colcon.colcon_core.environment:checking '/home/tharun/cognipilot/cranium/install/dream_world' for CMake config files
[0.589s] Level 1:colcon.colcon_core.shell:create_environment_hook('dream_world', 'cmake_prefix_path')
[0.590s] INFO:colcon.colcon_core.shell:Creating environment hook '/home/tharun/cognipilot/cranium/install/dream_world/share/dream_world/hook/cmake_prefix_path.ps1'
[0.590s] INFO:colcon.colcon_core.shell:Creating environment descriptor '/home/tharun/cognipilot/cranium/install/dream_world/share/dream_world/hook/cmake_prefix_path.dsv'
[0.591s] INFO:colcon.colcon_core.shell:Creating environment hook '/home/tharun/cognipilot/cranium/install/dream_world/share/dream_world/hook/cmake_prefix_path.sh'
[0.591s] Level 1:colcon.colcon_core.environment:checking '/home/tharun/cognipilot/cranium/install/dream_world/bin'
[0.591s] Level 1:colcon.colcon_core.environment:checking '/home/tharun/cognipilot/cranium/install/dream_world/lib/pkgconfig/dream_world.pc'
[0.591s] Level 1:colcon.colcon_core.environment:checking '/home/tharun/cognipilot/cranium/install/dream_world/lib/python3.10/site-packages'
[0.592s] Level 1:colcon.colcon_core.environment:checking '/home/tharun/cognipilot/cranium/install/dream_world/bin'
[0.592s] INFO:colcon.colcon_core.shell:Creating package script '/home/tharun/cognipilot/cranium/install/dream_world/share/dream_world/package.ps1'
[0.593s] INFO:colcon.colcon_core.shell:Creating package descriptor '/home/tharun/cognipilot/cranium/install/dream_world/share/dream_world/package.dsv'
[0.593s] INFO:colcon.colcon_core.shell:Creating package script '/home/tharun/cognipilot/cranium/install/dream_world/share/dream_world/package.sh'
[0.593s] INFO:colcon.colcon_core.shell:Creating package script '/home/tharun/cognipilot/cranium/install/dream_world/share/dream_world/package.bash'
[0.593s] INFO:colcon.colcon_core.shell:Creating package script '/home/tharun/cognipilot/cranium/install/dream_world/share/dream_world/package.zsh'
[0.594s] Level 1:colcon.colcon_core.environment:create_file_with_runtime_dependencies(/home/tharun/cognipilot/cranium/install/dream_world/share/colcon-core/packages/dream_world)
[0.594s] Level 1:colcon.colcon_core.environment:create_environment_scripts_only(synapse_tinyframe)
[0.594s] Level 1:colcon.colcon_core.environment:checking '/home/tharun/cognipilot/cranium/install/synapse_tinyframe' for CMake module files
[0.595s] DEBUG:colcon.colcon_core.event_handler.log_command:Invoked command in '/home/tharun/cognipilot/cranium/build/synapse_tinyframe' returned '0': CMAKE_PREFIX_PATH=${CMAKE_PREFIX_PATH}:/home/tharun/cognipilot/cranium/install/b3rb_ros_line_follower:/opt/ros/humble /usr/bin/cmake --install /home/tharun/cognipilot/cranium/build/synapse_tinyframe
[0.595s] Level 1:colcon.colcon_core.environment:checking '/home/tharun/cognipilot/cranium/install/synapse_tinyframe' for CMake config files
[0.595s] Level 1:colcon.colcon_core.shell:create_environment_hook('synapse_tinyframe', 'cmake_prefix_path')
[0.595s] INFO:colcon.colcon_core.shell:Creating environment hook '/home/tharun/cognipilot/cranium/install/synapse_tinyframe/share/synapse_tinyframe/hook/cmake_prefix_path.ps1'
[0.596s] INFO:colcon.colcon_core.shell:Creating environment descriptor '/home/tharun/cognipilot/cranium/install/synapse_tinyframe/share/synapse_tinyframe/hook/cmake_prefix_path.dsv'
[0.596s] INFO:colcon.colcon_core.shell:Creating environment hook '/home/tharun/cognipilot/cranium/install/synapse_tinyframe/share/synapse_tinyframe/hook/cmake_prefix_path.sh'
[0.597s] Level 1:colcon.colcon_core.environment:checking '/home/tharun/cognipilot/cranium/install/synapse_tinyframe/lib'
[0.598s] Level 1:colcon.colcon_core.environment:checking '/home/tharun/cognipilot/cranium/install/synapse_tinyframe/bin'
[0.598s] Level 1:colcon.colcon_core.environment:checking '/home/tharun/cognipilot/cranium/install/synapse_tinyframe/lib/pkgconfig/synapse_tinyframe.pc'
[0.598s] Level 1:colcon.colcon_core.environment:checking '/home/tharun/cognipilot/cranium/install/synapse_tinyframe/lib/python3.10/site-packages'
[0.599s] Level 1:colcon.colcon_core.environment:checking '/home/tharun/cognipilot/cranium/install/synapse_tinyframe/bin'
[0.600s] INFO:colcon.colcon_core.shell:Creating package script '/home/tharun/cognipilot/cranium/install/synapse_tinyframe/share/synapse_tinyframe/package.ps1'
[0.601s] INFO:colcon.colcon_core.shell:Creating package descriptor '/home/tharun/cognipilot/cranium/install/synapse_tinyframe/share/synapse_tinyframe/package.dsv'
[0.601s] INFO:colcon.colcon_core.shell:Creating package script '/home/tharun/cognipilot/cranium/install/synapse_tinyframe/share/synapse_tinyframe/package.sh'
[0.602s] INFO:colcon.colcon_core.shell:Creating package script '/home/tharun/cognipilot/cranium/install/synapse_tinyframe/share/synapse_tinyframe/package.bash'
[0.602s] INFO:colcon.colcon_core.shell:Creating package script '/home/tharun/cognipilot/cranium/install/synapse_tinyframe/share/synapse_tinyframe/package.zsh'
[0.602s] Level 1:colcon.colcon_core.environment:create_file_with_runtime_dependencies(/home/tharun/cognipilot/cranium/install/synapse_tinyframe/share/colcon-core/packages/synapse_tinyframe)
[0.603s] Level 1:colcon.colcon_core.environment:create_environment_scripts_only(synapse_tinyframe)
[0.603s] Level 1:colcon.colcon_core.environment:checking '/home/tharun/cognipilot/cranium/install/synapse_tinyframe' for CMake module files
[0.603s] Level 1:colcon.colcon_core.environment:checking '/home/tharun/cognipilot/cranium/install/synapse_tinyframe' for CMake config files
[0.603s] Level 1:colcon.colcon_core.shell:create_environment_hook('synapse_tinyframe', 'cmake_prefix_path')
[0.603s] INFO:colcon.colcon_core.shell:Creating environment hook '/home/tharun/cognipilot/cranium/install/synapse_tinyframe/share/synapse_tinyframe/hook/cmake_prefix_path.ps1'
[0.604s] INFO:colcon.colcon_core.shell:Creating environment descriptor '/home/tharun/cognipilot/cranium/install/synapse_tinyframe/share/synapse_tinyframe/hook/cmake_prefix_path.dsv'
[0.604s] INFO:colcon.colcon_core.shell:Creating environment hook '/home/tharun/cognipilot/cranium/install/synapse_tinyframe/share/synapse_tinyframe/hook/cmake_prefix_path.sh'
[0.604s] Level 1:colcon.colcon_core.environment:checking '/home/tharun/cognipilot/cranium/install/synapse_tinyframe/lib'
[0.605s] Level 1:colcon.colcon_core.environment:checking '/home/tharun/cognipilot/cranium/install/synapse_tinyframe/bin'
[0.605s] Level 1:colcon.colcon_core.environment:checking '/home/tharun/cognipilot/cranium/install/synapse_tinyframe/lib/pkgconfig/synapse_tinyframe.pc'
[0.605s] Level 1:colcon.colcon_core.environment:checking '/home/tharun/cognipilot/cranium/install/synapse_tinyframe/lib/python3.10/site-packages'
[0.605s] Level 1:colcon.colcon_core.environment:checking '/home/tharun/cognipilot/cranium/install/synapse_tinyframe/bin'
[0.605s] INFO:colcon.colcon_core.shell:Creating package script '/home/tharun/cognipilot/cranium/install/synapse_tinyframe/share/synapse_tinyframe/package.ps1'
[0.606s] INFO:colcon.colcon_core.shell:Creating package descriptor '/home/tharun/cognipilot/cranium/install/synapse_tinyframe/share/synapse_tinyframe/package.dsv'
[0.606s] INFO:colcon.colcon_core.shell:Creating package script '/home/tharun/cognipilot/cranium/install/synapse_tinyframe/share/synapse_tinyframe/package.sh'
[0.606s] INFO:colcon.colcon_core.shell:Creating package script '/home/tharun/cognipilot/cranium/install/synapse_tinyframe/share/synapse_tinyframe/package.bash'
[0.607s] INFO:colcon.colcon_core.shell:Creating package script '/home/tharun/cognipilot/cranium/install/synapse_tinyframe/share/synapse_tinyframe/package.zsh'
[0.607s] Level 1:colcon.colcon_core.environment:create_file_with_runtime_dependencies(/home/tharun/cognipilot/cranium/install/synapse_tinyframe/share/colcon-core/packages/synapse_tinyframe)
[0.611s] Level 1:colcon.colcon_core.environment:create_environment_scripts_only(synapse_protobuf)
[0.611s] Level 1:colcon.colcon_core.environment:checking '/home/tharun/cognipilot/cranium/install/synapse_protobuf' for CMake module files
[0.611s] Level 1:colcon.colcon_core.environment:checking '/home/tharun/cognipilot/cranium/install/synapse_protobuf' for CMake config files
[0.612s] DEBUG:colcon.colcon_core.event_handler.log_command:Invoking command in '/home/tharun/cognipilot/cranium/build/b3rb_desktop': CMAKE_PREFIX_PATH=/home/tharun/cognipilot/cranium/install/b3rb_rviz:/home/tharun/cognipilot/cranium/install/synapse_ros:/home/tharun/cognipilot/cranium/install/synapse_gz:/home/tharun/cognipilot/cranium/install/synapse_tinyframe:/home/tharun/cognipilot/cranium/install/synapse_protobuf:/home/tharun/cognipilot/cranium/install/corti:/home/tharun/cognipilot/cranium/install/synapse_msgs:/home/tharun/cognipilot/cranium/install/dream_world:/home/tharun/cognipilot/cranium/install/cerebri_bringup:/home/tharun/cognipilot/cranium/install/b3rb_simulator:/home/tharun/cognipilot/cranium/install/b3rb_desktop:/home/tharun/cognipilot/cranium/install/b3rb_nav2:/home/tharun/cognipilot/cranium/install/b3rb_gz_resource:/home/tharun/cognipilot/cranium/install/b3rb_gz_bringup:/home/tharun/cognipilot/cranium/install/b3rb_description:/home/tharun/cognipilot/electrode/install/electrode:/home/tharun/cognipilot/cranium/install/b3rb_ros_line_follower:/opt/ros/humble /usr/bin/cmake --build /home/tharun/cognipilot/cranium/build/b3rb_desktop -- -j12 -l12
[0.612s] DEBUG:colcon.colcon_core.event_handler.log_command:Invoked command in '/home/tharun/cognipilot/cranium/build/synapse_protobuf' returned '0': CMAKE_PREFIX_PATH=${CMAKE_PREFIX_PATH}:/home/tharun/cognipilot/cranium/install/b3rb_ros_line_follower:/opt/ros/humble /usr/bin/cmake --install /home/tharun/cognipilot/cranium/build/synapse_protobuf
[0.612s] Level 1:colcon.colcon_core.shell:create_environment_hook('synapse_protobuf', 'cmake_prefix_path')
[0.612s] INFO:colcon.colcon_core.shell:Creating environment hook '/home/tharun/cognipilot/cranium/install/synapse_protobuf/share/synapse_protobuf/hook/cmake_prefix_path.ps1'
[0.613s] INFO:colcon.colcon_core.shell:Creating environment descriptor '/home/tharun/cognipilot/cranium/install/synapse_protobuf/share/synapse_protobuf/hook/cmake_prefix_path.dsv'
[0.613s] INFO:colcon.colcon_core.shell:Creating environment hook '/home/tharun/cognipilot/cranium/install/synapse_protobuf/share/synapse_protobuf/hook/cmake_prefix_path.sh'
[0.614s] Level 1:colcon.colcon_core.environment:checking '/home/tharun/cognipilot/cranium/install/synapse_protobuf/lib'
[0.614s] Level 1:colcon.colcon_core.environment:checking '/home/tharun/cognipilot/cranium/install/synapse_protobuf/bin'
[0.614s] Level 1:colcon.colcon_core.environment:checking '/home/tharun/cognipilot/cranium/install/synapse_protobuf/lib/pkgconfig/synapse_protobuf.pc'
[0.614s] Level 1:colcon.colcon_core.environment:checking '/home/tharun/cognipilot/cranium/install/synapse_protobuf/lib/python3.10/site-packages'
[0.614s] Level 1:colcon.colcon_core.environment:checking '/home/tharun/cognipilot/cranium/install/synapse_protobuf/bin'
[0.615s] INFO:colcon.colcon_core.shell:Creating package script '/home/tharun/cognipilot/cranium/install/synapse_protobuf/share/synapse_protobuf/package.ps1'
[0.616s] INFO:colcon.colcon_core.shell:Creating package descriptor '/home/tharun/cognipilot/cranium/install/synapse_protobuf/share/synapse_protobuf/package.dsv'
[0.616s] INFO:colcon.colcon_core.shell:Creating package script '/home/tharun/cognipilot/cranium/install/synapse_protobuf/share/synapse_protobuf/package.sh'
[0.616s] INFO:colcon.colcon_core.shell:Creating package script '/home/tharun/cognipilot/cranium/install/synapse_protobuf/share/synapse_protobuf/package.bash'
[0.616s] INFO:colcon.colcon_core.shell:Creating package script '/home/tharun/cognipilot/cranium/install/synapse_protobuf/share/synapse_protobuf/package.zsh'
[0.617s] Level 1:colcon.colcon_core.environment:create_file_with_runtime_dependencies(/home/tharun/cognipilot/cranium/install/synapse_protobuf/share/colcon-core/packages/synapse_protobuf)
[0.617s] Level 1:colcon.colcon_core.environment:create_environment_scripts_only(synapse_protobuf)
[0.617s] Level 1:colcon.colcon_core.environment:checking '/home/tharun/cognipilot/cranium/install/synapse_protobuf' for CMake module files
[0.618s] Level 1:colcon.colcon_core.environment:checking '/home/tharun/cognipilot/cranium/install/synapse_protobuf' for CMake config files
[0.618s] Level 1:colcon.colcon_core.shell:create_environment_hook('synapse_protobuf', 'cmake_prefix_path')
[0.618s] INFO:colcon.colcon_core.shell:Creating environment hook '/home/tharun/cognipilot/cranium/install/synapse_protobuf/share/synapse_protobuf/hook/cmake_prefix_path.ps1'
[0.618s] INFO:colcon.colcon_core.shell:Creating environment descriptor '/home/tharun/cognipilot/cranium/install/synapse_protobuf/share/synapse_protobuf/hook/cmake_prefix_path.dsv'
[0.619s] INFO:colcon.colcon_core.shell:Creating environment hook '/home/tharun/cognipilot/cranium/install/synapse_protobuf/share/synapse_protobuf/hook/cmake_prefix_path.sh'
[0.619s] Level 1:colcon.colcon_core.environment:checking '/home/tharun/cognipilot/cranium/install/synapse_protobuf/lib'
[0.619s] Level 1:colcon.colcon_core.environment:checking '/home/tharun/cognipilot/cranium/install/synapse_protobuf/bin'
[0.619s] Level 1:colcon.colcon_core.environment:checking '/home/tharun/cognipilot/cranium/install/synapse_protobuf/lib/pkgconfig/synapse_protobuf.pc'
[0.619s] Level 1:colcon.colcon_core.environment:checking '/home/tharun/cognipilot/cranium/install/synapse_protobuf/lib/python3.10/site-packages'
[0.620s] Level 1:colcon.colcon_core.environment:checking '/home/tharun/cognipilot/cranium/install/synapse_protobuf/bin'
[0.620s] INFO:colcon.colcon_core.shell:Creating package script '/home/tharun/cognipilot/cranium/install/synapse_protobuf/share/synapse_protobuf/package.ps1'
[0.620s] INFO:colcon.colcon_core.shell:Creating package descriptor '/home/tharun/cognipilot/cranium/install/synapse_protobuf/share/synapse_protobuf/package.dsv'
[0.621s] INFO:colcon.colcon_core.shell:Creating package script '/home/tharun/cognipilot/cranium/install/synapse_protobuf/share/synapse_protobuf/package.sh'
[0.621s] INFO:colcon.colcon_core.shell:Creating package script '/home/tharun/cognipilot/cranium/install/synapse_protobuf/share/synapse_protobuf/package.bash'
[0.621s] INFO:colcon.colcon_core.shell:Creating package script '/home/tharun/cognipilot/cranium/install/synapse_protobuf/share/synapse_protobuf/package.zsh'
[0.622s] Level 1:colcon.colcon_core.environment:create_file_with_runtime_dependencies(/home/tharun/cognipilot/cranium/install/synapse_protobuf/share/colcon-core/packages/synapse_protobuf)
[0.624s] INFO:colcon.colcon_ros.task.ament_cmake.build:Building ROS package in '/home/tharun/cognipilot/cranium/src/synapse_gz' with build type 'ament_cmake'
[0.624s] INFO:colcon.colcon_cmake.task.cmake.build:Building CMake package in '/home/tharun/cognipilot/cranium/src/synapse_gz'
[0.624s] INFO:colcon.colcon_core.shell:Skip shell extension 'powershell' for command environment: Not usable outside of PowerShell
[0.624s] DEBUG:colcon.colcon_core.shell:Skip shell extension 'dsv' for command environment
[0.625s] DEBUG:colcon.colcon_core.event_handler.log_command:Invoking command in '/home/tharun/cognipilot/cranium/build/b3rb_simulator': CMAKE_PREFIX_PATH=/home/tharun/cognipilot/cranium/install/b3rb_gz_resource:/home/tharun/cognipilot/cranium/install/b3rb_gz_bringup:/home/tharun/cognipilot/cranium/install/synapse_ros:/home/tharun/cognipilot/cranium/install/synapse_gz:/home/tharun/cognipilot/cranium/install/synapse_tinyframe:/home/tharun/cognipilot/cranium/install/synapse_protobuf:/home/tharun/cognipilot/cranium/install/corti:/home/tharun/cognipilot/cranium/install/synapse_msgs:/home/tharun/cognipilot/cranium/install/dream_world:/home/tharun/cognipilot/cranium/install/cerebri_bringup:/home/tharun/cognipilot/cranium/install/b3rb_simulator:/home/tharun/cognipilot/cranium/install/b3rb_desktop:/home/tharun/cognipilot/cranium/install/b3rb_rviz:/home/tharun/cognipilot/cranium/install/b3rb_nav2:/home/tharun/cognipilot/cranium/install/b3rb_description:/home/tharun/cognipilot/electrode/install/electrode:/home/tharun/cognipilot/cranium/install/b3rb_ros_line_follower:/opt/ros/humble /usr/bin/cmake --build /home/tharun/cognipilot/cranium/build/b3rb_simulator -- -j12 -l12
[0.638s] DEBUG:colcon.colcon_core.event_handler.log_command:Invoking command in '/home/tharun/cognipilot/cranium/build/synapse_gz': CMAKE_PREFIX_PATH=/home/tharun/cognipilot/cranium/install/synapse_tinyframe:/home/tharun/cognipilot/cranium/install/synapse_protobuf:/home/tharun/cognipilot/cranium/install/synapse_ros:/home/tharun/cognipilot/cranium/install/synapse_gz:/home/tharun/cognipilot/cranium/install/corti:/home/tharun/cognipilot/cranium/install/synapse_msgs:/home/tharun/cognipilot/cranium/install/dream_world:/home/tharun/cognipilot/cranium/install/cerebri_bringup:/home/tharun/cognipilot/cranium/install/b3rb_simulator:/home/tharun/cognipilot/cranium/install/b3rb_desktop:/home/tharun/cognipilot/cranium/install/b3rb_rviz:/home/tharun/cognipilot/cranium/install/b3rb_nav2:/home/tharun/cognipilot/cranium/install/b3rb_gz_resource:/home/tharun/cognipilot/cranium/install/b3rb_gz_bringup:/home/tharun/cognipilot/cranium/install/b3rb_description:/home/tharun/cognipilot/electrode/install/electrode:/home/tharun/cognipilot/cranium/install/b3rb_ros_line_follower:/opt/ros/humble /usr/bin/cmake --build /home/tharun/cognipilot/cranium/build/synapse_gz -- -j12 -l12
[0.645s] DEBUG:colcon.colcon_core.event_handler.log_command:Invoked command in '/home/tharun/cognipilot/cranium/build/synapse_msgs' returned '0': CMAKE_PREFIX_PATH=${CMAKE_PREFIX_PATH}:/home/tharun/cognipilot/cranium/install/b3rb_ros_line_follower:/opt/ros/humble /usr/bin/cmake --build /home/tharun/cognipilot/cranium/build/synapse_msgs -- -j12 -l12
[0.647s] DEBUG:colcon.colcon_core.event_handler.log_command:Invoking command in '/home/tharun/cognipilot/cranium/build/synapse_msgs': CMAKE_PREFIX_PATH=${CMAKE_PREFIX_PATH}:/home/tharun/cognipilot/cranium/install/b3rb_ros_line_follower:/opt/ros/humble /usr/bin/cmake --install /home/tharun/cognipilot/cranium/build/synapse_msgs
[0.648s] DEBUG:colcon.colcon_core.event_handler.log_command:Invoked command in '/home/tharun/cognipilot/cranium/build/b3rb_desktop' returned '0': CMAKE_PREFIX_PATH=/home/tharun/cognipilot/cranium/install/b3rb_rviz:/home/tharun/cognipilot/cranium/install/synapse_ros:/home/tharun/cognipilot/cranium/install/synapse_gz:/home/tharun/cognipilot/cranium/install/synapse_tinyframe:/home/tharun/cognipilot/cranium/install/synapse_protobuf:/home/tharun/cognipilot/cranium/install/corti:/home/tharun/cognipilot/cranium/install/synapse_msgs:/home/tharun/cognipilot/cranium/install/dream_world:/home/tharun/cognipilot/cranium/install/cerebri_bringup:/home/tharun/cognipilot/cranium/install/b3rb_simulator:/home/tharun/cognipilot/cranium/install/b3rb_desktop:/home/tharun/cognipilot/cranium/install/b3rb_nav2:/home/tharun/cognipilot/cranium/install/b3rb_gz_resource:/home/tharun/cognipilot/cranium/install/b3rb_gz_bringup:/home/tharun/cognipilot/cranium/install/b3rb_description:/home/tharun/cognipilot/electrode/install/electrode:/home/tharun/cognipilot/cranium/install/b3rb_ros_line_follower:/opt/ros/humble /usr/bin/cmake --build /home/tharun/cognipilot/cranium/build/b3rb_desktop -- -j12 -l12
[0.649s] DEBUG:colcon.colcon_core.event_handler.log_command:Invoking command in '/home/tharun/cognipilot/cranium/build/b3rb_desktop': CMAKE_PREFIX_PATH=/home/tharun/cognipilot/cranium/install/b3rb_rviz:/home/tharun/cognipilot/cranium/install/synapse_ros:/home/tharun/cognipilot/cranium/install/synapse_gz:/home/tharun/cognipilot/cranium/install/synapse_tinyframe:/home/tharun/cognipilot/cranium/install/synapse_protobuf:/home/tharun/cognipilot/cranium/install/corti:/home/tharun/cognipilot/cranium/install/synapse_msgs:/home/tharun/cognipilot/cranium/install/dream_world:/home/tharun/cognipilot/cranium/install/cerebri_bringup:/home/tharun/cognipilot/cranium/install/b3rb_simulator:/home/tharun/cognipilot/cranium/install/b3rb_desktop:/home/tharun/cognipilot/cranium/install/b3rb_nav2:/home/tharun/cognipilot/cranium/install/b3rb_gz_resource:/home/tharun/cognipilot/cranium/install/b3rb_gz_bringup:/home/tharun/cognipilot/cranium/install/b3rb_description:/home/tharun/cognipilot/electrode/install/electrode:/home/tharun/cognipilot/cranium/install/b3rb_ros_line_follower:/opt/ros/humble /usr/bin/cmake --install /home/tharun/cognipilot/cranium/build/b3rb_desktop
[0.656s] DEBUG:colcon.colcon_core.event_handler.log_command:Invoked command in '/home/tharun/cognipilot/cranium/build/b3rb_simulator' returned '0': CMAKE_PREFIX_PATH=/home/tharun/cognipilot/cranium/install/b3rb_gz_resource:/home/tharun/cognipilot/cranium/install/b3rb_gz_bringup:/home/tharun/cognipilot/cranium/install/synapse_ros:/home/tharun/cognipilot/cranium/install/synapse_gz:/home/tharun/cognipilot/cranium/install/synapse_tinyframe:/home/tharun/cognipilot/cranium/install/synapse_protobuf:/home/tharun/cognipilot/cranium/install/corti:/home/tharun/cognipilot/cranium/install/synapse_msgs:/home/tharun/cognipilot/cranium/install/dream_world:/home/tharun/cognipilot/cranium/install/cerebri_bringup:/home/tharun/cognipilot/cranium/install/b3rb_simulator:/home/tharun/cognipilot/cranium/install/b3rb_desktop:/home/tharun/cognipilot/cranium/install/b3rb_rviz:/home/tharun/cognipilot/cranium/install/b3rb_nav2:/home/tharun/cognipilot/cranium/install/b3rb_description:/home/tharun/cognipilot/electrode/install/electrode:/home/tharun/cognipilot/cranium/install/b3rb_ros_line_follower:/opt/ros/humble /usr/bin/cmake --build /home/tharun/cognipilot/cranium/build/b3rb_simulator -- -j12 -l12
[0.662s] Level 1:colcon.colcon_core.environment:create_environment_scripts_only(b3rb_desktop)
[0.662s] Level 1:colcon.colcon_core.environment:checking '/home/tharun/cognipilot/cranium/install/b3rb_desktop' for CMake module files
[0.663s] Level 1:colcon.colcon_core.environment:checking '/home/tharun/cognipilot/cranium/install/b3rb_desktop' for CMake config files
[0.666s] Level 1:colcon.colcon_core.shell:create_environment_hook('b3rb_desktop', 'cmake_prefix_path')
[0.666s] INFO:colcon.colcon_core.shell:Creating environment hook '/home/tharun/cognipilot/cranium/install/b3rb_desktop/share/b3rb_desktop/hook/cmake_prefix_path.ps1'
[0.667s] INFO:colcon.colcon_core.shell:Creating environment descriptor '/home/tharun/cognipilot/cranium/install/b3rb_desktop/share/b3rb_desktop/hook/cmake_prefix_path.dsv'
[0.668s] INFO:colcon.colcon_core.shell:Creating environment hook '/home/tharun/cognipilot/cranium/install/b3rb_desktop/share/b3rb_desktop/hook/cmake_prefix_path.sh'
[0.668s] DEBUG:colcon.colcon_core.event_handler.log_command:Invoking command in '/home/tharun/cognipilot/cranium/build/b3rb_simulator': CMAKE_PREFIX_PATH=/home/tharun/cognipilot/cranium/install/b3rb_gz_resource:/home/tharun/cognipilot/cranium/install/b3rb_gz_bringup:/home/tharun/cognipilot/cranium/install/synapse_ros:/home/tharun/cognipilot/cranium/install/synapse_gz:/home/tharun/cognipilot/cranium/install/synapse_tinyframe:/home/tharun/cognipilot/cranium/install/synapse_protobuf:/home/tharun/cognipilot/cranium/install/corti:/home/tharun/cognipilot/cranium/install/synapse_msgs:/home/tharun/cognipilot/cranium/install/dream_world:/home/tharun/cognipilot/cranium/install/cerebri_bringup:/home/tharun/cognipilot/cranium/install/b3rb_simulator:/home/tharun/cognipilot/cranium/install/b3rb_desktop:/home/tharun/cognipilot/cranium/install/b3rb_rviz:/home/tharun/cognipilot/cranium/install/b3rb_nav2:/home/tharun/cognipilot/cranium/install/b3rb_description:/home/tharun/cognipilot/electrode/install/electrode:/home/tharun/cognipilot/cranium/install/b3rb_ros_line_follower:/opt/ros/humble /usr/bin/cmake --install /home/tharun/cognipilot/cranium/build/b3rb_simulator
[0.670s] Level 1:colcon.colcon_core.environment:checking '/home/tharun/cognipilot/cranium/install/b3rb_desktop/bin'
[0.670s] Level 1:colcon.colcon_core.environment:checking '/home/tharun/cognipilot/cranium/install/b3rb_desktop/lib/pkgconfig/b3rb_desktop.pc'
[0.671s] Level 1:colcon.colcon_core.environment:checking '/home/tharun/cognipilot/cranium/install/b3rb_desktop/lib/python3.10/site-packages'
[0.671s] Level 1:colcon.colcon_core.environment:checking '/home/tharun/cognipilot/cranium/install/b3rb_desktop/bin'
[0.671s] INFO:colcon.colcon_core.shell:Creating package script '/home/tharun/cognipilot/cranium/install/b3rb_desktop/share/b3rb_desktop/package.ps1'
[0.674s] DEBUG:colcon.colcon_core.event_handler.log_command:Invoked command in '/home/tharun/cognipilot/cranium/build/b3rb_desktop' returned '0': CMAKE_PREFIX_PATH=/home/tharun/cognipilot/cranium/install/b3rb_rviz:/home/tharun/cognipilot/cranium/install/synapse_ros:/home/tharun/cognipilot/cranium/install/synapse_gz:/home/tharun/cognipilot/cranium/install/synapse_tinyframe:/home/tharun/cognipilot/cranium/install/synapse_protobuf:/home/tharun/cognipilot/cranium/install/corti:/home/tharun/cognipilot/cranium/install/synapse_msgs:/home/tharun/cognipilot/cranium/install/dream_world:/home/tharun/cognipilot/cranium/install/cerebri_bringup:/home/tharun/cognipilot/cranium/install/b3rb_simulator:/home/tharun/cognipilot/cranium/install/b3rb_desktop:/home/tharun/cognipilot/cranium/install/b3rb_nav2:/home/tharun/cognipilot/cranium/install/b3rb_gz_resource:/home/tharun/cognipilot/cranium/install/b3rb_gz_bringup:/home/tharun/cognipilot/cranium/install/b3rb_description:/home/tharun/cognipilot/electrode/install/electrode:/home/tharun/cognipilot/cranium/install/b3rb_ros_line_follower:/opt/ros/humble /usr/bin/cmake --install /home/tharun/cognipilot/cranium/build/b3rb_desktop
[0.674s] INFO:colcon.colcon_core.shell:Creating package descriptor '/home/tharun/cognipilot/cranium/install/b3rb_desktop/share/b3rb_desktop/package.dsv'
[0.675s] INFO:colcon.colcon_core.shell:Creating package script '/home/tharun/cognipilot/cranium/install/b3rb_desktop/share/b3rb_desktop/package.sh'
[0.676s] INFO:colcon.colcon_core.shell:Creating package script '/home/tharun/cognipilot/cranium/install/b3rb_desktop/share/b3rb_desktop/package.bash'
[0.676s] INFO:colcon.colcon_core.shell:Creating package script '/home/tharun/cognipilot/cranium/install/b3rb_desktop/share/b3rb_desktop/package.zsh'
[0.676s] Level 1:colcon.colcon_core.environment:create_file_with_runtime_dependencies(/home/tharun/cognipilot/cranium/install/b3rb_desktop/share/colcon-core/packages/b3rb_desktop)
[0.677s] Level 1:colcon.colcon_core.environment:create_environment_scripts_only(b3rb_desktop)
[0.677s] Level 1:colcon.colcon_core.environment:checking '/home/tharun/cognipilot/cranium/install/b3rb_desktop' for CMake module files
[0.677s] Level 1:colcon.colcon_core.environment:checking '/home/tharun/cognipilot/cranium/install/b3rb_desktop' for CMake config files
[0.677s] Level 1:colcon.colcon_core.shell:create_environment_hook('b3rb_desktop', 'cmake_prefix_path')
[0.677s] INFO:colcon.colcon_core.shell:Creating environment hook '/home/tharun/cognipilot/cranium/install/b3rb_desktop/share/b3rb_desktop/hook/cmake_prefix_path.ps1'
[0.678s] INFO:colcon.colcon_core.shell:Creating environment descriptor '/home/tharun/cognipilot/cranium/install/b3rb_desktop/share/b3rb_desktop/hook/cmake_prefix_path.dsv'
[0.678s] INFO:colcon.colcon_core.shell:Creating environment hook '/home/tharun/cognipilot/cranium/install/b3rb_desktop/share/b3rb_desktop/hook/cmake_prefix_path.sh'
[0.679s] Level 1:colcon.colcon_core.environment:checking '/home/tharun/cognipilot/cranium/install/b3rb_desktop/bin'
[0.679s] Level 1:colcon.colcon_core.environment:checking '/home/tharun/cognipilot/cranium/install/b3rb_desktop/lib/pkgconfig/b3rb_desktop.pc'
[0.679s] Level 1:colcon.colcon_core.environment:checking '/home/tharun/cognipilot/cranium/install/b3rb_desktop/lib/python3.10/site-packages'
[0.680s] Level 1:colcon.colcon_core.environment:checking '/home/tharun/cognipilot/cranium/install/b3rb_desktop/bin'
[0.680s] INFO:colcon.colcon_core.shell:Creating package script '/home/tharun/cognipilot/cranium/install/b3rb_desktop/share/b3rb_desktop/package.ps1'
[0.681s] INFO:colcon.colcon_core.shell:Creating package descriptor '/home/tharun/cognipilot/cranium/install/b3rb_desktop/share/b3rb_desktop/package.dsv'
[0.682s] INFO:colcon.colcon_core.shell:Creating package script '/home/tharun/cognipilot/cranium/install/b3rb_desktop/share/b3rb_desktop/package.sh'
[0.683s] INFO:colcon.colcon_core.shell:Creating package script '/home/tharun/cognipilot/cranium/install/b3rb_desktop/share/b3rb_desktop/package.bash'
[0.683s] INFO:colcon.colcon_core.shell:Creating package script '/home/tharun/cognipilot/cranium/install/b3rb_desktop/share/b3rb_desktop/package.zsh'
[0.684s] Level 1:colcon.colcon_core.environment:create_file_with_runtime_dependencies(/home/tharun/cognipilot/cranium/install/b3rb_desktop/share/colcon-core/packages/b3rb_desktop)
[0.685s] Level 1:colcon.colcon_core.environment:create_environment_scripts_only(b3rb_simulator)
[0.685s] Level 1:colcon.colcon_core.environment:checking '/home/tharun/cognipilot/cranium/install/b3rb_simulator' for CMake module files
[0.686s] DEBUG:colcon.colcon_core.event_handler.log_command:Invoked command in '/home/tharun/cognipilot/cranium/build/b3rb_simulator' returned '0': CMAKE_PREFIX_PATH=/home/tharun/cognipilot/cranium/install/b3rb_gz_resource:/home/tharun/cognipilot/cranium/install/b3rb_gz_bringup:/home/tharun/cognipilot/cranium/install/synapse_ros:/home/tharun/cognipilot/cranium/install/synapse_gz:/home/tharun/cognipilot/cranium/install/synapse_tinyframe:/home/tharun/cognipilot/cranium/install/synapse_protobuf:/home/tharun/cognipilot/cranium/install/corti:/home/tharun/cognipilot/cranium/install/synapse_msgs:/home/tharun/cognipilot/cranium/install/dream_world:/home/tharun/cognipilot/cranium/install/cerebri_bringup:/home/tharun/cognipilot/cranium/install/b3rb_simulator:/home/tharun/cognipilot/cranium/install/b3rb_desktop:/home/tharun/cognipilot/cranium/install/b3rb_rviz:/home/tharun/cognipilot/cranium/install/b3rb_nav2:/home/tharun/cognipilot/cranium/install/b3rb_description:/home/tharun/cognipilot/electrode/install/electrode:/home/tharun/cognipilot/cranium/install/b3rb_ros_line_follower:/opt/ros/humble /usr/bin/cmake --install /home/tharun/cognipilot/cranium/build/b3rb_simulator
[0.686s] Level 1:colcon.colcon_core.environment:checking '/home/tharun/cognipilot/cranium/install/b3rb_simulator' for CMake config files
[0.686s] Level 1:colcon.colcon_core.shell:create_environment_hook('b3rb_simulator', 'cmake_prefix_path')
[0.686s] INFO:colcon.colcon_core.shell:Creating environment hook '/home/tharun/cognipilot/cranium/install/b3rb_simulator/share/b3rb_simulator/hook/cmake_prefix_path.ps1'
[0.687s] INFO:colcon.colcon_core.shell:Creating environment descriptor '/home/tharun/cognipilot/cranium/install/b3rb_simulator/share/b3rb_simulator/hook/cmake_prefix_path.dsv'
[0.687s] INFO:colcon.colcon_core.shell:Creating environment hook '/home/tharun/cognipilot/cranium/install/b3rb_simulator/share/b3rb_simulator/hook/cmake_prefix_path.sh'
[0.687s] Level 1:colcon.colcon_core.environment:checking '/home/tharun/cognipilot/cranium/install/b3rb_simulator/bin'
[0.688s] Level 1:colcon.colcon_core.environment:checking '/home/tharun/cognipilot/cranium/install/b3rb_simulator/lib/pkgconfig/b3rb_simulator.pc'
[0.688s] Level 1:colcon.colcon_core.environment:checking '/home/tharun/cognipilot/cranium/install/b3rb_simulator/lib/python3.10/site-packages'
[0.688s] Level 1:colcon.colcon_core.environment:checking '/home/tharun/cognipilot/cranium/install/b3rb_simulator/bin'
[0.688s] INFO:colcon.colcon_core.shell:Creating package script '/home/tharun/cognipilot/cranium/install/b3rb_simulator/share/b3rb_simulator/package.ps1'
[0.689s] INFO:colcon.colcon_core.shell:Creating package descriptor '/home/tharun/cognipilot/cranium/install/b3rb_simulator/share/b3rb_simulator/package.dsv'
[0.691s] INFO:colcon.colcon_core.shell:Creating package script '/home/tharun/cognipilot/cranium/install/b3rb_simulator/share/b3rb_simulator/package.sh'
[0.693s] INFO:colcon.colcon_core.shell:Creating package script '/home/tharun/cognipilot/cranium/install/b3rb_simulator/share/b3rb_simulator/package.bash'
[0.694s] INFO:colcon.colcon_core.shell:Creating package script '/home/tharun/cognipilot/cranium/install/b3rb_simulator/share/b3rb_simulator/package.zsh'
[0.694s] Level 1:colcon.colcon_core.environment:create_file_with_runtime_dependencies(/home/tharun/cognipilot/cranium/install/b3rb_simulator/share/colcon-core/packages/b3rb_simulator)
[0.695s] Level 1:colcon.colcon_core.environment:create_environment_scripts_only(b3rb_simulator)
[0.696s] Level 1:colcon.colcon_core.environment:checking '/home/tharun/cognipilot/cranium/install/b3rb_simulator' for CMake module files
[0.696s] Level 1:colcon.colcon_core.environment:checking '/home/tharun/cognipilot/cranium/install/b3rb_simulator' for CMake config files
[0.697s] Level 1:colcon.colcon_core.shell:create_environment_hook('b3rb_simulator', 'cmake_prefix_path')
[0.697s] INFO:colcon.colcon_core.shell:Creating environment hook '/home/tharun/cognipilot/cranium/install/b3rb_simulator/share/b3rb_simulator/hook/cmake_prefix_path.ps1'
[0.697s] INFO:colcon.colcon_core.shell:Creating environment descriptor '/home/tharun/cognipilot/cranium/install/b3rb_simulator/share/b3rb_simulator/hook/cmake_prefix_path.dsv'
[0.698s] INFO:colcon.colcon_core.shell:Creating environment hook '/home/tharun/cognipilot/cranium/install/b3rb_simulator/share/b3rb_simulator/hook/cmake_prefix_path.sh'
[0.698s] Level 1:colcon.colcon_core.environment:checking '/home/tharun/cognipilot/cranium/install/b3rb_simulator/bin'
[0.698s] Level 1:colcon.colcon_core.environment:checking '/home/tharun/cognipilot/cranium/install/b3rb_simulator/lib/pkgconfig/b3rb_simulator.pc'
[0.698s] Level 1:colcon.colcon_core.environment:checking '/home/tharun/cognipilot/cranium/install/b3rb_simulator/lib/python3.10/site-packages'
[0.698s] Level 1:colcon.colcon_core.environment:checking '/home/tharun/cognipilot/cranium/install/b3rb_simulator/bin'
[0.699s] INFO:colcon.colcon_core.shell:Creating package script '/home/tharun/cognipilot/cranium/install/b3rb_simulator/share/b3rb_simulator/package.ps1'
[0.699s] INFO:colcon.colcon_core.shell:Creating package descriptor '/home/tharun/cognipilot/cranium/install/b3rb_simulator/share/b3rb_simulator/package.dsv'
[0.699s] INFO:colcon.colcon_core.shell:Creating package script '/home/tharun/cognipilot/cranium/install/b3rb_simulator/share/b3rb_simulator/package.sh'
[0.700s] INFO:colcon.colcon_core.shell:Creating package script '/home/tharun/cognipilot/cranium/install/b3rb_simulator/share/b3rb_simulator/package.bash'
[0.700s] INFO:colcon.colcon_core.shell:Creating package script '/home/tharun/cognipilot/cranium/install/b3rb_simulator/share/b3rb_simulator/package.zsh'
[0.700s] Level 1:colcon.colcon_core.environment:create_file_with_runtime_dependencies(/home/tharun/cognipilot/cranium/install/b3rb_simulator/share/colcon-core/packages/b3rb_simulator)
[0.701s] Level 1:colcon.colcon_core.environment:create_environment_scripts_only(synapse_msgs)
[0.701s] Level 1:colcon.colcon_core.environment:checking '/home/tharun/cognipilot/cranium/install/synapse_msgs' for CMake module files
[0.701s] DEBUG:colcon.colcon_core.event_handler.log_command:Invoked command in '/home/tharun/cognipilot/cranium/build/synapse_msgs' returned '0': CMAKE_PREFIX_PATH=${CMAKE_PREFIX_PATH}:/home/tharun/cognipilot/cranium/install/b3rb_ros_line_follower:/opt/ros/humble /usr/bin/cmake --install /home/tharun/cognipilot/cranium/build/synapse_msgs
[0.702s] Level 1:colcon.colcon_core.environment:checking '/home/tharun/cognipilot/cranium/install/synapse_msgs' for CMake config files
[0.702s] Level 1:colcon.colcon_core.shell:create_environment_hook('synapse_msgs', 'cmake_prefix_path')
[0.702s] INFO:colcon.colcon_core.shell:Creating environment hook '/home/tharun/cognipilot/cranium/install/synapse_msgs/share/synapse_msgs/hook/cmake_prefix_path.ps1'
[0.703s] INFO:colcon.colcon_core.shell:Creating environment descriptor '/home/tharun/cognipilot/cranium/install/synapse_msgs/share/synapse_msgs/hook/cmake_prefix_path.dsv'
[0.703s] INFO:colcon.colcon_core.shell:Creating environment hook '/home/tharun/cognipilot/cranium/install/synapse_msgs/share/synapse_msgs/hook/cmake_prefix_path.sh'
[0.703s] Level 1:colcon.colcon_core.environment:checking '/home/tharun/cognipilot/cranium/install/synapse_msgs/lib'
[0.703s] Level 1:colcon.colcon_core.shell:create_environment_hook('synapse_msgs', 'ld_library_path_lib')
[0.704s] INFO:colcon.colcon_core.shell:Creating environment hook '/home/tharun/cognipilot/cranium/install/synapse_msgs/share/synapse_msgs/hook/ld_library_path_lib.ps1'
[0.704s] INFO:colcon.colcon_core.shell:Creating environment descriptor '/home/tharun/cognipilot/cranium/install/synapse_msgs/share/synapse_msgs/hook/ld_library_path_lib.dsv'
[0.704s] INFO:colcon.colcon_core.shell:Creating environment hook '/home/tharun/cognipilot/cranium/install/synapse_msgs/share/synapse_msgs/hook/ld_library_path_lib.sh'
[0.704s] Level 1:colcon.colcon_core.environment:checking '/home/tharun/cognipilot/cranium/install/synapse_msgs/bin'
[0.704s] Level 1:colcon.colcon_core.environment:checking '/home/tharun/cognipilot/cranium/install/synapse_msgs/lib/pkgconfig/synapse_msgs.pc'
[0.705s] Level 1:colcon.colcon_core.environment:checking '/home/tharun/cognipilot/cranium/install/synapse_msgs/lib/python3.10/site-packages'
[0.705s] Level 1:colcon.colcon_core.environment:checking '/home/tharun/cognipilot/cranium/install/synapse_msgs/bin'
[0.705s] INFO:colcon.colcon_core.shell:Creating package script '/home/tharun/cognipilot/cranium/install/synapse_msgs/share/synapse_msgs/package.ps1'
[0.705s] INFO:colcon.colcon_core.shell:Creating package descriptor '/home/tharun/cognipilot/cranium/install/synapse_msgs/share/synapse_msgs/package.dsv'
[0.706s] INFO:colcon.colcon_core.shell:Creating package script '/home/tharun/cognipilot/cranium/install/synapse_msgs/share/synapse_msgs/package.sh'
[0.706s] INFO:colcon.colcon_core.shell:Creating package script '/home/tharun/cognipilot/cranium/install/synapse_msgs/share/synapse_msgs/package.bash'
[0.706s] INFO:colcon.colcon_core.shell:Creating package script '/home/tharun/cognipilot/cranium/install/synapse_msgs/share/synapse_msgs/package.zsh'
[0.706s] Level 1:colcon.colcon_core.environment:create_file_with_runtime_dependencies(/home/tharun/cognipilot/cranium/install/synapse_msgs/share/colcon-core/packages/synapse_msgs)
[0.707s] Level 1:colcon.colcon_core.environment:create_environment_scripts_only(synapse_msgs)
[0.707s] Level 1:colcon.colcon_core.environment:checking '/home/tharun/cognipilot/cranium/install/synapse_msgs' for CMake module files
[0.707s] Level 1:colcon.colcon_core.environment:checking '/home/tharun/cognipilot/cranium/install/synapse_msgs' for CMake config files
[0.708s] Level 1:colcon.colcon_core.shell:create_environment_hook('synapse_msgs', 'cmake_prefix_path')
[0.708s] INFO:colcon.colcon_core.shell:Creating environment hook '/home/tharun/cognipilot/cranium/install/synapse_msgs/share/synapse_msgs/hook/cmake_prefix_path.ps1'
[0.708s] INFO:colcon.colcon_core.shell:Creating environment descriptor '/home/tharun/cognipilot/cranium/install/synapse_msgs/share/synapse_msgs/hook/cmake_prefix_path.dsv'
[0.708s] INFO:colcon.colcon_core.shell:Creating environment hook '/home/tharun/cognipilot/cranium/install/synapse_msgs/share/synapse_msgs/hook/cmake_prefix_path.sh'
[0.709s] Level 1:colcon.colcon_core.environment:checking '/home/tharun/cognipilot/cranium/install/synapse_msgs/lib'
[0.709s] Level 1:colcon.colcon_core.shell:create_environment_hook('synapse_msgs', 'ld_library_path_lib')
[0.709s] INFO:colcon.colcon_core.shell:Creating environment hook '/home/tharun/cognipilot/cranium/install/synapse_msgs/share/synapse_msgs/hook/ld_library_path_lib.ps1'
[0.710s] INFO:colcon.colcon_core.shell:Creating environment descriptor '/home/tharun/cognipilot/cranium/install/synapse_msgs/share/synapse_msgs/hook/ld_library_path_lib.dsv'
[0.710s] INFO:colcon.colcon_core.shell:Creating environment hook '/home/tharun/cognipilot/cranium/install/synapse_msgs/share/synapse_msgs/hook/ld_library_path_lib.sh'
[0.710s] Level 1:colcon.colcon_core.environment:checking '/home/tharun/cognipilot/cranium/install/synapse_msgs/bin'
[0.711s] Level 1:colcon.colcon_core.environment:checking '/home/tharun/cognipilot/cranium/install/synapse_msgs/lib/pkgconfig/synapse_msgs.pc'
[0.711s] Level 1:colcon.colcon_core.environment:checking '/home/tharun/cognipilot/cranium/install/synapse_msgs/lib/python3.10/site-packages'
[0.711s] Level 1:colcon.colcon_core.environment:checking '/home/tharun/cognipilot/cranium/install/synapse_msgs/bin'
[0.711s] INFO:colcon.colcon_core.shell:Creating package script '/home/tharun/cognipilot/cranium/install/synapse_msgs/share/synapse_msgs/package.ps1'
[0.712s] INFO:colcon.colcon_core.shell:Creating package descriptor '/home/tharun/cognipilot/cranium/install/synapse_msgs/share/synapse_msgs/package.dsv'
[0.712s] INFO:colcon.colcon_core.shell:Creating package script '/home/tharun/cognipilot/cranium/install/synapse_msgs/share/synapse_msgs/package.sh'
[0.712s] INFO:colcon.colcon_core.shell:Creating package script '/home/tharun/cognipilot/cranium/install/synapse_msgs/share/synapse_msgs/package.bash'
[0.713s] INFO:colcon.colcon_core.shell:Creating package script '/home/tharun/cognipilot/cranium/install/synapse_msgs/share/synapse_msgs/package.zsh'
[0.713s] Level 1:colcon.colcon_core.environment:create_file_with_runtime_dependencies(/home/tharun/cognipilot/cranium/install/synapse_msgs/share/colcon-core/packages/synapse_msgs)
[0.713s] INFO:colcon.colcon_ros.task.ament_python.build:Building ROS package in '/home/tharun/cognipilot/cranium/src/b3rb_ros_line_follower/b3rb_ros_line_follower' with build type 'ament_python'
[0.713s] Level 1:colcon.colcon_core.shell:create_environment_hook('b3rb_ros_line_follower', 'ament_prefix_path')
[0.714s] INFO:colcon.colcon_core.shell:Creating environment hook '/home/tharun/cognipilot/cranium/install/b3rb_ros_line_follower/share/b3rb_ros_line_follower/hook/ament_prefix_path.ps1'
[0.714s] INFO:colcon.colcon_core.shell:Creating environment descriptor '/home/tharun/cognipilot/cranium/install/b3rb_ros_line_follower/share/b3rb_ros_line_follower/hook/ament_prefix_path.dsv'
[0.715s] INFO:colcon.colcon_core.shell:Creating environment hook '/home/tharun/cognipilot/cranium/install/b3rb_ros_line_follower/share/b3rb_ros_line_follower/hook/ament_prefix_path.sh'
[0.715s] INFO:colcon.colcon_core.shell:Skip shell extension 'powershell' for command environment: Not usable outside of PowerShell
[0.715s] DEBUG:colcon.colcon_core.shell:Skip shell extension 'dsv' for command environment
[0.718s] INFO:colcon.colcon_ros.task.ament_cmake.build:Building ROS package in '/home/tharun/cognipilot/cranium/src/corti' with build type 'ament_cmake'
[0.718s] INFO:colcon.colcon_cmake.task.cmake.build:Building CMake package in '/home/tharun/cognipilot/cranium/src/corti'
[0.718s] INFO:colcon.colcon_core.shell:Skip shell extension 'powershell' for command environment: Not usable outside of PowerShell
[0.718s] DEBUG:colcon.colcon_core.shell:Skip shell extension 'dsv' for command environment
[0.725s] INFO:colcon.colcon_ros.task.ament_cmake.build:Building ROS package in '/home/tharun/cognipilot/cranium/src/synapse_ros' with build type 'ament_cmake'
[0.725s] INFO:colcon.colcon_cmake.task.cmake.build:Building CMake package in '/home/tharun/cognipilot/cranium/src/synapse_ros'
[0.726s] INFO:colcon.colcon_core.shell:Skip shell extension 'powershell' for command environment: Not usable outside of PowerShell
[0.726s] DEBUG:colcon.colcon_core.shell:Skip shell extension 'dsv' for command environment
[0.731s] DEBUG:colcon.colcon_core.event_handler.log_command:Invoked command in '/home/tharun/cognipilot/cranium/build/synapse_gz' returned '0': CMAKE_PREFIX_PATH=/home/tharun/cognipilot/cranium/install/synapse_tinyframe:/home/tharun/cognipilot/cranium/install/synapse_protobuf:/home/tharun/cognipilot/cranium/install/synapse_ros:/home/tharun/cognipilot/cranium/install/synapse_gz:/home/tharun/cognipilot/cranium/install/corti:/home/tharun/cognipilot/cranium/install/synapse_msgs:/home/tharun/cognipilot/cranium/install/dream_world:/home/tharun/cognipilot/cranium/install/cerebri_bringup:/home/tharun/cognipilot/cranium/install/b3rb_simulator:/home/tharun/cognipilot/cranium/install/b3rb_desktop:/home/tharun/cognipilot/cranium/install/b3rb_rviz:/home/tharun/cognipilot/cranium/install/b3rb_nav2:/home/tharun/cognipilot/cranium/install/b3rb_gz_resource:/home/tharun/cognipilot/cranium/install/b3rb_gz_bringup:/home/tharun/cognipilot/cranium/install/b3rb_description:/home/tharun/cognipilot/electrode/install/electrode:/home/tharun/cognipilot/cranium/install/b3rb_ros_line_follower:/opt/ros/humble /usr/bin/cmake --build /home/tharun/cognipilot/cranium/build/synapse_gz -- -j12 -l12
[0.732s] DEBUG:colcon.colcon_core.event_handler.log_command:Invoking command in '/home/tharun/cognipilot/cranium/build/synapse_gz': CMAKE_PREFIX_PATH=/home/tharun/cognipilot/cranium/install/synapse_tinyframe:/home/tharun/cognipilot/cranium/install/synapse_protobuf:/home/tharun/cognipilot/cranium/install/synapse_ros:/home/tharun/cognipilot/cranium/install/synapse_gz:/home/tharun/cognipilot/cranium/install/corti:/home/tharun/cognipilot/cranium/install/synapse_msgs:/home/tharun/cognipilot/cranium/install/dream_world:/home/tharun/cognipilot/cranium/install/cerebri_bringup:/home/tharun/cognipilot/cranium/install/b3rb_simulator:/home/tharun/cognipilot/cranium/install/b3rb_desktop:/home/tharun/cognipilot/cranium/install/b3rb_rviz:/home/tharun/cognipilot/cranium/install/b3rb_nav2:/home/tharun/cognipilot/cranium/install/b3rb_gz_resource:/home/tharun/cognipilot/cranium/install/b3rb_gz_bringup:/home/tharun/cognipilot/cranium/install/b3rb_description:/home/tharun/cognipilot/electrode/install/electrode:/home/tharun/cognipilot/cranium/install/b3rb_ros_line_follower:/opt/ros/humble /usr/bin/cmake --install /home/tharun/cognipilot/cranium/build/synapse_gz
[0.891s] INFO:colcon.colcon_core.task.python.build:Building Python package in '/home/tharun/cognipilot/cranium/src/b3rb_ros_line_follower/b3rb_ros_line_follower'
[0.891s] INFO:colcon.colcon_core.shell:Skip shell extension 'powershell' for command environment: Not usable outside of PowerShell
[0.891s] DEBUG:colcon.colcon_core.shell:Skip shell extension 'dsv' for command environment
[0.897s] DEBUG:colcon.colcon_core.event_handler.log_command:Invoking command in '/home/tharun/cognipilot/cranium/build/corti': CMAKE_PREFIX_PATH=/home/tharun/cognipilot/cranium/install/synapse_msgs:/home/tharun/cognipilot/cranium/install/synapse_ros:/home/tharun/cognipilot/cranium/install/synapse_gz:/home/tharun/cognipilot/cranium/install/synapse_tinyframe:/home/tharun/cognipilot/cranium/install/synapse_protobuf:/home/tharun/cognipilot/cranium/install/corti:/home/tharun/cognipilot/cranium/install/dream_world:/home/tharun/cognipilot/cranium/install/cerebri_bringup:/home/tharun/cognipilot/cranium/install/b3rb_simulator:/home/tharun/cognipilot/cranium/install/b3rb_desktop:/home/tharun/cognipilot/cranium/install/b3rb_rviz:/home/tharun/cognipilot/cranium/install/b3rb_nav2:/home/tharun/cognipilot/cranium/install/b3rb_gz_resource:/home/tharun/cognipilot/cranium/install/b3rb_gz_bringup:/home/tharun/cognipilot/cranium/install/b3rb_description:/home/tharun/cognipilot/electrode/install/electrode:/home/tharun/cognipilot/cranium/install/b3rb_ros_line_follower:/opt/ros/humble LD_LIBRARY_PATH=/home/tharun/cognipilot/cranium/install/synapse_msgs/lib:/home/tharun/cognipilot/cranium/install/synapse_tinyframe/lib:/home/tharun/cognipilot/cranium/install/synapse_protobuf/lib:/opt/ros/humble/opt/rviz_ogre_vendor/lib:/opt/ros/humble/lib/x86_64-linux-gnu:/opt/ros/humble/lib /usr/bin/cmake --build /home/tharun/cognipilot/cranium/build/corti -- -j12 -l12
[0.899s] DEBUG:colcon.colcon_core.event_handler.log_command:Invoking command in '/home/tharun/cognipilot/cranium/build/synapse_ros': CMAKE_PREFIX_PATH=/home/tharun/cognipilot/cranium/install/synapse_tinyframe:/home/tharun/cognipilot/cranium/install/synapse_protobuf:/home/tharun/cognipilot/cranium/install/synapse_msgs:/home/tharun/cognipilot/cranium/install/synapse_ros:/home/tharun/cognipilot/cranium/install/synapse_gz:/home/tharun/cognipilot/cranium/install/corti:/home/tharun/cognipilot/cranium/install/dream_world:/home/tharun/cognipilot/cranium/install/cerebri_bringup:/home/tharun/cognipilot/cranium/install/b3rb_simulator:/home/tharun/cognipilot/cranium/install/b3rb_desktop:/home/tharun/cognipilot/cranium/install/b3rb_rviz:/home/tharun/cognipilot/cranium/install/b3rb_nav2:/home/tharun/cognipilot/cranium/install/b3rb_gz_resource:/home/tharun/cognipilot/cranium/install/b3rb_gz_bringup:/home/tharun/cognipilot/cranium/install/b3rb_description:/home/tharun/cognipilot/electrode/install/electrode:/home/tharun/cognipilot/cranium/install/b3rb_ros_line_follower:/opt/ros/humble LD_LIBRARY_PATH=/home/tharun/cognipilot/cranium/install/synapse_msgs/lib:/home/tharun/cognipilot/cranium/install/synapse_tinyframe/lib:/home/tharun/cognipilot/cranium/install/synapse_protobuf/lib:/opt/ros/humble/opt/rviz_ogre_vendor/lib:/opt/ros/humble/lib/x86_64-linux-gnu:/opt/ros/humble/lib /usr/bin/cmake --build /home/tharun/cognipilot/cranium/build/synapse_ros -- -j12 -l12
[0.899s] Level 1:colcon.colcon_core.environment:create_environment_scripts_only(synapse_gz)
[0.900s] Level 1:colcon.colcon_core.environment:checking '/home/tharun/cognipilot/cranium/install/synapse_gz' for CMake module files
[0.900s] DEBUG:colcon.colcon_core.event_handler.log_command:Invoked command in '/home/tharun/cognipilot/cranium/build/synapse_gz' returned '0': CMAKE_PREFIX_PATH=/home/tharun/cognipilot/cranium/install/synapse_tinyframe:/home/tharun/cognipilot/cranium/install/synapse_protobuf:/home/tharun/cognipilot/cranium/install/synapse_ros:/home/tharun/cognipilot/cranium/install/synapse_gz:/home/tharun/cognipilot/cranium/install/corti:/home/tharun/cognipilot/cranium/install/synapse_msgs:/home/tharun/cognipilot/cranium/install/dream_world:/home/tharun/cognipilot/cranium/install/cerebri_bringup:/home/tharun/cognipilot/cranium/install/b3rb_simulator:/home/tharun/cognipilot/cranium/install/b3rb_desktop:/home/tharun/cognipilot/cranium/install/b3rb_rviz:/home/tharun/cognipilot/cranium/install/b3rb_nav2:/home/tharun/cognipilot/cranium/install/b3rb_gz_resource:/home/tharun/cognipilot/cranium/install/b3rb_gz_bringup:/home/tharun/cognipilot/cranium/install/b3rb_description:/home/tharun/cognipilot/electrode/install/electrode:/home/tharun/cognipilot/cranium/install/b3rb_ros_line_follower:/opt/ros/humble /usr/bin/cmake --install /home/tharun/cognipilot/cranium/build/synapse_gz
[0.900s] Level 1:colcon.colcon_core.environment:checking '/home/tharun/cognipilot/cranium/install/synapse_gz' for CMake config files
[0.900s] Level 1:colcon.colcon_core.shell:create_environment_hook('synapse_gz', 'cmake_prefix_path')
[0.901s] INFO:colcon.colcon_core.shell:Creating environment hook '/home/tharun/cognipilot/cranium/install/synapse_gz/share/synapse_gz/hook/cmake_prefix_path.ps1'
[0.901s] INFO:colcon.colcon_core.shell:Creating environment descriptor '/home/tharun/cognipilot/cranium/install/synapse_gz/share/synapse_gz/hook/cmake_prefix_path.dsv'
[0.901s] INFO:colcon.colcon_core.shell:Creating environment hook '/home/tharun/cognipilot/cranium/install/synapse_gz/share/synapse_gz/hook/cmake_prefix_path.sh'
[0.902s] Level 1:colcon.colcon_core.environment:checking '/home/tharun/cognipilot/cranium/install/synapse_gz/lib'
[0.902s] Level 1:colcon.colcon_core.environment:checking '/home/tharun/cognipilot/cranium/install/synapse_gz/bin'
[0.902s] Level 1:colcon.colcon_core.environment:checking '/home/tharun/cognipilot/cranium/install/synapse_gz/lib/pkgconfig/synapse_gz.pc'
[0.902s] Level 1:colcon.colcon_core.environment:checking '/home/tharun/cognipilot/cranium/install/synapse_gz/lib/python3.10/site-packages'
[0.902s] Level 1:colcon.colcon_core.environment:checking '/home/tharun/cognipilot/cranium/install/synapse_gz/bin'
[0.902s] INFO:colcon.colcon_core.shell:Creating package script '/home/tharun/cognipilot/cranium/install/synapse_gz/share/synapse_gz/package.ps1'
[0.903s] INFO:colcon.colcon_core.shell:Creating package descriptor '/home/tharun/cognipilot/cranium/install/synapse_gz/share/synapse_gz/package.dsv'
[0.903s] INFO:colcon.colcon_core.shell:Creating package script '/home/tharun/cognipilot/cranium/install/synapse_gz/share/synapse_gz/package.sh'
[0.903s] INFO:colcon.colcon_core.shell:Creating package script '/home/tharun/cognipilot/cranium/install/synapse_gz/share/synapse_gz/package.bash'
[0.904s] INFO:colcon.colcon_core.shell:Creating package script '/home/tharun/cognipilot/cranium/install/synapse_gz/share/synapse_gz/package.zsh'
[0.904s] Level 1:colcon.colcon_core.environment:create_file_with_runtime_dependencies(/home/tharun/cognipilot/cranium/install/synapse_gz/share/colcon-core/packages/synapse_gz)
[0.904s] Level 1:colcon.colcon_core.environment:create_environment_scripts_only(synapse_gz)
[0.904s] Level 1:colcon.colcon_core.environment:checking '/home/tharun/cognipilot/cranium/install/synapse_gz' for CMake module files
[0.904s] Level 1:colcon.colcon_core.environment:checking '/home/tharun/cognipilot/cranium/install/synapse_gz' for CMake config files
[0.905s] Level 1:colcon.colcon_core.shell:create_environment_hook('synapse_gz', 'cmake_prefix_path')
[0.905s] INFO:colcon.colcon_core.shell:Creating environment hook '/home/tharun/cognipilot/cranium/install/synapse_gz/share/synapse_gz/hook/cmake_prefix_path.ps1'
[0.905s] INFO:colcon.colcon_core.shell:Creating environment descriptor '/home/tharun/cognipilot/cranium/install/synapse_gz/share/synapse_gz/hook/cmake_prefix_path.dsv'
[0.905s] INFO:colcon.colcon_core.shell:Creating environment hook '/home/tharun/cognipilot/cranium/install/synapse_gz/share/synapse_gz/hook/cmake_prefix_path.sh'
[0.905s] Level 1:colcon.colcon_core.environment:checking '/home/tharun/cognipilot/cranium/install/synapse_gz/lib'
[0.905s] Level 1:colcon.colcon_core.environment:checking '/home/tharun/cognipilot/cranium/install/synapse_gz/bin'
[0.906s] Level 1:colcon.colcon_core.environment:checking '/home/tharun/cognipilot/cranium/install/synapse_gz/lib/pkgconfig/synapse_gz.pc'
[0.906s] Level 1:colcon.colcon_core.environment:checking '/home/tharun/cognipilot/cranium/install/synapse_gz/lib/python3.10/site-packages'
[0.906s] Level 1:colcon.colcon_core.environment:checking '/home/tharun/cognipilot/cranium/install/synapse_gz/bin'
[0.906s] INFO:colcon.colcon_core.shell:Creating package script '/home/tharun/cognipilot/cranium/install/synapse_gz/share/synapse_gz/package.ps1'
[0.906s] INFO:colcon.colcon_core.shell:Creating package descriptor '/home/tharun/cognipilot/cranium/install/synapse_gz/share/synapse_gz/package.dsv'
[0.907s] INFO:colcon.colcon_core.shell:Creating package script '/home/tharun/cognipilot/cranium/install/synapse_gz/share/synapse_gz/package.sh'
[0.907s] INFO:colcon.colcon_core.shell:Creating package script '/home/tharun/cognipilot/cranium/install/synapse_gz/share/synapse_gz/package.bash'
[0.907s] INFO:colcon.colcon_core.shell:Creating package script '/home/tharun/cognipilot/cranium/install/synapse_gz/share/synapse_gz/package.zsh'
[0.907s] Level 1:colcon.colcon_core.environment:create_file_with_runtime_dependencies(/home/tharun/cognipilot/cranium/install/synapse_gz/share/colcon-core/packages/synapse_gz)
[0.979s] DEBUG:colcon.colcon_core.event_handler.log_command:Invoked command in '/home/tharun/cognipilot/cranium/build/synapse_ros' returned '0': CMAKE_PREFIX_PATH=/home/tharun/cognipilot/cranium/install/synapse_tinyframe:/home/tharun/cognipilot/cranium/install/synapse_protobuf:/home/tharun/cognipilot/cranium/install/synapse_msgs:/home/tharun/cognipilot/cranium/install/synapse_ros:/home/tharun/cognipilot/cranium/install/synapse_gz:/home/tharun/cognipilot/cranium/install/corti:/home/tharun/cognipilot/cranium/install/dream_world:/home/tharun/cognipilot/cranium/install/cerebri_bringup:/home/tharun/cognipilot/cranium/install/b3rb_simulator:/home/tharun/cognipilot/cranium/install/b3rb_desktop:/home/tharun/cognipilot/cranium/install/b3rb_rviz:/home/tharun/cognipilot/cranium/install/b3rb_nav2:/home/tharun/cognipilot/cranium/install/b3rb_gz_resource:/home/tharun/cognipilot/cranium/install/b3rb_gz_bringup:/home/tharun/cognipilot/cranium/install/b3rb_description:/home/tharun/cognipilot/electrode/install/electrode:/home/tharun/cognipilot/cranium/install/b3rb_ros_line_follower:/opt/ros/humble LD_LIBRARY_PATH=/home/tharun/cognipilot/cranium/install/synapse_msgs/lib:/home/tharun/cognipilot/cranium/install/synapse_tinyframe/lib:/home/tharun/cognipilot/cranium/install/synapse_protobuf/lib:/opt/ros/humble/opt/rviz_ogre_vendor/lib:/opt/ros/humble/lib/x86_64-linux-gnu:/opt/ros/humble/lib /usr/bin/cmake --build /home/tharun/cognipilot/cranium/build/synapse_ros -- -j12 -l12
[0.982s] DEBUG:colcon.colcon_core.event_handler.log_command:Invoking command in '/home/tharun/cognipilot/cranium/build/synapse_ros': CMAKE_PREFIX_PATH=/home/tharun/cognipilot/cranium/install/synapse_tinyframe:/home/tharun/cognipilot/cranium/install/synapse_protobuf:/home/tharun/cognipilot/cranium/install/synapse_msgs:/home/tharun/cognipilot/cranium/install/synapse_ros:/home/tharun/cognipilot/cranium/install/synapse_gz:/home/tharun/cognipilot/cranium/install/corti:/home/tharun/cognipilot/cranium/install/dream_world:/home/tharun/cognipilot/cranium/install/cerebri_bringup:/home/tharun/cognipilot/cranium/install/b3rb_simulator:/home/tharun/cognipilot/cranium/install/b3rb_desktop:/home/tharun/cognipilot/cranium/install/b3rb_rviz:/home/tharun/cognipilot/cranium/install/b3rb_nav2:/home/tharun/cognipilot/cranium/install/b3rb_gz_resource:/home/tharun/cognipilot/cranium/install/b3rb_gz_bringup:/home/tharun/cognipilot/cranium/install/b3rb_description:/home/tharun/cognipilot/electrode/install/electrode:/home/tharun/cognipilot/cranium/install/b3rb_ros_line_follower:/opt/ros/humble LD_LIBRARY_PATH=/home/tharun/cognipilot/cranium/install/synapse_msgs/lib:/home/tharun/cognipilot/cranium/install/synapse_tinyframe/lib:/home/tharun/cognipilot/cranium/install/synapse_protobuf/lib:/opt/ros/humble/opt/rviz_ogre_vendor/lib:/opt/ros/humble/lib/x86_64-linux-gnu:/opt/ros/humble/lib /usr/bin/cmake --install /home/tharun/cognipilot/cranium/build/synapse_ros
[0.993s] Level 1:colcon.colcon_core.environment:create_environment_scripts_only(synapse_ros)
[0.993s] Level 1:colcon.colcon_core.environment:checking '/home/tharun/cognipilot/cranium/install/synapse_ros' for CMake module files
[0.994s] DEBUG:colcon.colcon_core.event_handler.log_command:Invoked command in '/home/tharun/cognipilot/cranium/build/synapse_ros' returned '0': CMAKE_PREFIX_PATH=/home/tharun/cognipilot/cranium/install/synapse_tinyframe:/home/tharun/cognipilot/cranium/install/synapse_protobuf:/home/tharun/cognipilot/cranium/install/synapse_msgs:/home/tharun/cognipilot/cranium/install/synapse_ros:/home/tharun/cognipilot/cranium/install/synapse_gz:/home/tharun/cognipilot/cranium/install/corti:/home/tharun/cognipilot/cranium/install/dream_world:/home/tharun/cognipilot/cranium/install/cerebri_bringup:/home/tharun/cognipilot/cranium/install/b3rb_simulator:/home/tharun/cognipilot/cranium/install/b3rb_desktop:/home/tharun/cognipilot/cranium/install/b3rb_rviz:/home/tharun/cognipilot/cranium/install/b3rb_nav2:/home/tharun/cognipilot/cranium/install/b3rb_gz_resource:/home/tharun/cognipilot/cranium/install/b3rb_gz_bringup:/home/tharun/cognipilot/cranium/install/b3rb_description:/home/tharun/cognipilot/electrode/install/electrode:/home/tharun/cognipilot/cranium/install/b3rb_ros_line_follower:/opt/ros/humble LD_LIBRARY_PATH=/home/tharun/cognipilot/cranium/install/synapse_msgs/lib:/home/tharun/cognipilot/cranium/install/synapse_tinyframe/lib:/home/tharun/cognipilot/cranium/install/synapse_protobuf/lib:/opt/ros/humble/opt/rviz_ogre_vendor/lib:/opt/ros/humble/lib/x86_64-linux-gnu:/opt/ros/humble/lib /usr/bin/cmake --install /home/tharun/cognipilot/cranium/build/synapse_ros
[0.994s] Level 1:colcon.colcon_core.environment:checking '/home/tharun/cognipilot/cranium/install/synapse_ros' for CMake config files
[0.994s] Level 1:colcon.colcon_core.shell:create_environment_hook('synapse_ros', 'cmake_prefix_path')
[0.994s] INFO:colcon.colcon_core.shell:Creating environment hook '/home/tharun/cognipilot/cranium/install/synapse_ros/share/synapse_ros/hook/cmake_prefix_path.ps1'
[0.995s] INFO:colcon.colcon_core.shell:Creating environment descriptor '/home/tharun/cognipilot/cranium/install/synapse_ros/share/synapse_ros/hook/cmake_prefix_path.dsv'
[0.995s] INFO:colcon.colcon_core.shell:Creating environment hook '/home/tharun/cognipilot/cranium/install/synapse_ros/share/synapse_ros/hook/cmake_prefix_path.sh'
[0.995s] Level 1:colcon.colcon_core.environment:checking '/home/tharun/cognipilot/cranium/install/synapse_ros/lib'
[0.995s] Level 1:colcon.colcon_core.environment:checking '/home/tharun/cognipilot/cranium/install/synapse_ros/bin'
[0.995s] Level 1:colcon.colcon_core.environment:checking '/home/tharun/cognipilot/cranium/install/synapse_ros/lib/pkgconfig/synapse_ros.pc'
[0.995s] Level 1:colcon.colcon_core.environment:checking '/home/tharun/cognipilot/cranium/install/synapse_ros/lib/python3.10/site-packages'
[0.996s] Level 1:colcon.colcon_core.environment:checking '/home/tharun/cognipilot/cranium/install/synapse_ros/bin'
[0.996s] INFO:colcon.colcon_core.shell:Creating package script '/home/tharun/cognipilot/cranium/install/synapse_ros/share/synapse_ros/package.ps1'
[0.996s] INFO:colcon.colcon_core.shell:Creating package descriptor '/home/tharun/cognipilot/cranium/install/synapse_ros/share/synapse_ros/package.dsv'
[0.996s] INFO:colcon.colcon_core.shell:Creating package script '/home/tharun/cognipilot/cranium/install/synapse_ros/share/synapse_ros/package.sh'
[0.997s] INFO:colcon.colcon_core.shell:Creating package script '/home/tharun/cognipilot/cranium/install/synapse_ros/share/synapse_ros/package.bash'
[0.997s] INFO:colcon.colcon_core.shell:Creating package script '/home/tharun/cognipilot/cranium/install/synapse_ros/share/synapse_ros/package.zsh'
[0.997s] Level 1:colcon.colcon_core.environment:create_file_with_runtime_dependencies(/home/tharun/cognipilot/cranium/install/synapse_ros/share/colcon-core/packages/synapse_ros)
[0.997s] Level 1:colcon.colcon_core.environment:create_environment_scripts_only(synapse_ros)
[0.998s] Level 1:colcon.colcon_core.environment:checking '/home/tharun/cognipilot/cranium/install/synapse_ros' for CMake module files
[0.998s] Level 1:colcon.colcon_core.environment:checking '/home/tharun/cognipilot/cranium/install/synapse_ros' for CMake config files
[0.998s] Level 1:colcon.colcon_core.shell:create_environment_hook('synapse_ros', 'cmake_prefix_path')
[0.998s] INFO:colcon.colcon_core.shell:Creating environment hook '/home/tharun/cognipilot/cranium/install/synapse_ros/share/synapse_ros/hook/cmake_prefix_path.ps1'
[0.998s] INFO:colcon.colcon_core.shell:Creating environment descriptor '/home/tharun/cognipilot/cranium/install/synapse_ros/share/synapse_ros/hook/cmake_prefix_path.dsv'
[0.998s] INFO:colcon.colcon_core.shell:Creating environment hook '/home/tharun/cognipilot/cranium/install/synapse_ros/share/synapse_ros/hook/cmake_prefix_path.sh'
[0.999s] Level 1:colcon.colcon_core.environment:checking '/home/tharun/cognipilot/cranium/install/synapse_ros/lib'
[0.999s] Level 1:colcon.colcon_core.environment:checking '/home/tharun/cognipilot/cranium/install/synapse_ros/bin'
[0.999s] Level 1:colcon.colcon_core.environment:checking '/home/tharun/cognipilot/cranium/install/synapse_ros/lib/pkgconfig/synapse_ros.pc'
[0.999s] Level 1:colcon.colcon_core.environment:checking '/home/tharun/cognipilot/cranium/install/synapse_ros/lib/python3.10/site-packages'
[0.999s] Level 1:colcon.colcon_core.environment:checking '/home/tharun/cognipilot/cranium/install/synapse_ros/bin'
[0.999s] INFO:colcon.colcon_core.shell:Creating package script '/home/tharun/cognipilot/cranium/install/synapse_ros/share/synapse_ros/package.ps1'
[1.000s] INFO:colcon.colcon_core.shell:Creating package descriptor '/home/tharun/cognipilot/cranium/install/synapse_ros/share/synapse_ros/package.dsv'
[1.000s] INFO:colcon.colcon_core.shell:Creating package script '/home/tharun/cognipilot/cranium/install/synapse_ros/share/synapse_ros/package.sh'
[1.000s] INFO:colcon.colcon_core.shell:Creating package script '/home/tharun/cognipilot/cranium/install/synapse_ros/share/synapse_ros/package.bash'
[1.000s] INFO:colcon.colcon_core.shell:Creating package script '/home/tharun/cognipilot/cranium/install/synapse_ros/share/synapse_ros/package.zsh'
[1.001s] Level 1:colcon.colcon_core.environment:create_file_with_runtime_dependencies(/home/tharun/cognipilot/cranium/install/synapse_ros/share/colcon-core/packages/synapse_ros)
[1.162s] DEBUG:colcon.colcon_core.event_handler.log_command:Invoked command in '/home/tharun/cognipilot/cranium/build/corti' returned '0': CMAKE_PREFIX_PATH=/home/tharun/cognipilot/cranium/install/synapse_msgs:/home/tharun/cognipilot/cranium/install/synapse_ros:/home/tharun/cognipilot/cranium/install/synapse_gz:/home/tharun/cognipilot/cranium/install/synapse_tinyframe:/home/tharun/cognipilot/cranium/install/synapse_protobuf:/home/tharun/cognipilot/cranium/install/corti:/home/tharun/cognipilot/cranium/install/dream_world:/home/tharun/cognipilot/cranium/install/cerebri_bringup:/home/tharun/cognipilot/cranium/install/b3rb_simulator:/home/tharun/cognipilot/cranium/install/b3rb_desktop:/home/tharun/cognipilot/cranium/install/b3rb_rviz:/home/tharun/cognipilot/cranium/install/b3rb_nav2:/home/tharun/cognipilot/cranium/install/b3rb_gz_resource:/home/tharun/cognipilot/cranium/install/b3rb_gz_bringup:/home/tharun/cognipilot/cranium/install/b3rb_description:/home/tharun/cognipilot/electrode/install/electrode:/home/tharun/cognipilot/cranium/install/b3rb_ros_line_follower:/opt/ros/humble LD_LIBRARY_PATH=/home/tharun/cognipilot/cranium/install/synapse_msgs/lib:/home/tharun/cognipilot/cranium/install/synapse_tinyframe/lib:/home/tharun/cognipilot/cranium/install/synapse_protobuf/lib:/opt/ros/humble/opt/rviz_ogre_vendor/lib:/opt/ros/humble/lib/x86_64-linux-gnu:/opt/ros/humble/lib /usr/bin/cmake --build /home/tharun/cognipilot/cranium/build/corti -- -j12 -l12
[1.163s] DEBUG:colcon.colcon_core.event_handler.log_command:Invoking command in '/home/tharun/cognipilot/cranium/build/corti': CMAKE_PREFIX_PATH=/home/tharun/cognipilot/cranium/install/synapse_msgs:/home/tharun/cognipilot/cranium/install/synapse_ros:/home/tharun/cognipilot/cranium/install/synapse_gz:/home/tharun/cognipilot/cranium/install/synapse_tinyframe:/home/tharun/cognipilot/cranium/install/synapse_protobuf:/home/tharun/cognipilot/cranium/install/corti:/home/tharun/cognipilot/cranium/install/dream_world:/home/tharun/cognipilot/cranium/install/cerebri_bringup:/home/tharun/cognipilot/cranium/install/b3rb_simulator:/home/tharun/cognipilot/cranium/install/b3rb_desktop:/home/tharun/cognipilot/cranium/install/b3rb_rviz:/home/tharun/cognipilot/cranium/install/b3rb_nav2:/home/tharun/cognipilot/cranium/install/b3rb_gz_resource:/home/tharun/cognipilot/cranium/install/b3rb_gz_bringup:/home/tharun/cognipilot/cranium/install/b3rb_description:/home/tharun/cognipilot/electrode/install/electrode:/home/tharun/cognipilot/cranium/install/b3rb_ros_line_follower:/opt/ros/humble LD_LIBRARY_PATH=/home/tharun/cognipilot/cranium/install/synapse_msgs/lib:/home/tharun/cognipilot/cranium/install/synapse_tinyframe/lib:/home/tharun/cognipilot/cranium/install/synapse_protobuf/lib:/opt/ros/humble/opt/rviz_ogre_vendor/lib:/opt/ros/humble/lib/x86_64-linux-gnu:/opt/ros/humble/lib /usr/bin/cmake --install /home/tharun/cognipilot/cranium/build/corti
[1.182s] DEBUG:colcon.colcon_core.task.python.build:Available setuptools commands: init_catalog, build_clib, install_lib, easy_install, install, bdist_rpm, egg_info, sdist, develop, test, compile_catalog, install_egg_info, setopt, extract_messages, saveopts, bdist, upload_docs, bdist_egg, build_scripts, update_catalog, install_scripts, build_ext, dist_info, clean, symlink_data, install_headers, upload, check, alias, rotate, build_py, build, bdist_dumb, bdist_wheel, install_data, register
[1.184s] DEBUG:colcon.colcon_core.event_handler.log_command:Invoking command in '/home/tharun/cognipilot/cranium/src/b3rb_ros_line_follower/b3rb_ros_line_follower': CMAKE_PREFIX_PATH=/home/tharun/cognipilot/cranium/install/synapse_msgs:/home/tharun/cognipilot/cranium/install/synapse_ros:/home/tharun/cognipilot/cranium/install/synapse_gz:/home/tharun/cognipilot/cranium/install/synapse_tinyframe:/home/tharun/cognipilot/cranium/install/synapse_protobuf:/home/tharun/cognipilot/cranium/install/corti:/home/tharun/cognipilot/cranium/install/dream_world:/home/tharun/cognipilot/cranium/install/cerebri_bringup:/home/tharun/cognipilot/cranium/install/b3rb_simulator:/home/tharun/cognipilot/cranium/install/b3rb_desktop:/home/tharun/cognipilot/cranium/install/b3rb_rviz:/home/tharun/cognipilot/cranium/install/b3rb_nav2:/home/tharun/cognipilot/cranium/install/b3rb_gz_resource:/home/tharun/cognipilot/cranium/install/b3rb_gz_bringup:/home/tharun/cognipilot/cranium/install/b3rb_description:/home/tharun/cognipilot/electrode/install/electrode LD_LIBRARY_PATH=/home/tharun/cognipilot/cranium/install/synapse_msgs/lib:/home/tharun/cognipilot/cranium/install/synapse_tinyframe/lib:/home/tharun/cognipilot/cranium/install/synapse_protobuf/lib:/opt/ros/humble/opt/rviz_ogre_vendor/lib:/opt/ros/humble/lib/x86_64-linux-gnu:/opt/ros/humble/lib PYTHONPATH=/home/tharun/cognipilot/cranium/build/b3rb_ros_line_follower/prefix_override:/usr/lib/python3/dist-packages/colcon_core/task/python/colcon_distutils_commands:/home/tharun/cognipilot/cranium/install/b3rb_ros_line_follower/lib/python3.10/site-packages:${PYTHONPATH} /usr/bin/python3 -W ignore:setup.py install is deprecated -W ignore:easy_install command is deprecated setup.py egg_info --egg-base ../../../build/b3rb_ros_line_follower build --build-base /home/tharun/cognipilot/cranium/build/b3rb_ros_line_follower/build install --record /home/tharun/cognipilot/cranium/build/b3rb_ros_line_follower/install.log --install-scripts $base/lib/b3rb_ros_line_follower --single-version-externally-managed install_data
[1.203s] Level 1:colcon.colcon_core.environment:create_environment_scripts_only(corti)
[1.203s] DEBUG:colcon.colcon_core.event_handler.log_command:Invoked command in '/home/tharun/cognipilot/cranium/build/corti' returned '0': CMAKE_PREFIX_PATH=/home/tharun/cognipilot/cranium/install/synapse_msgs:/home/tharun/cognipilot/cranium/install/synapse_ros:/home/tharun/cognipilot/cranium/install/synapse_gz:/home/tharun/cognipilot/cranium/install/synapse_tinyframe:/home/tharun/cognipilot/cranium/install/synapse_protobuf:/home/tharun/cognipilot/cranium/install/corti:/home/tharun/cognipilot/cranium/install/dream_world:/home/tharun/cognipilot/cranium/install/cerebri_bringup:/home/tharun/cognipilot/cranium/install/b3rb_simulator:/home/tharun/cognipilot/cranium/install/b3rb_desktop:/home/tharun/cognipilot/cranium/install/b3rb_rviz:/home/tharun/cognipilot/cranium/install/b3rb_nav2:/home/tharun/cognipilot/cranium/install/b3rb_gz_resource:/home/tharun/cognipilot/cranium/install/b3rb_gz_bringup:/home/tharun/cognipilot/cranium/install/b3rb_description:/home/tharun/cognipilot/electrode/install/electrode:/home/tharun/cognipilot/cranium/install/b3rb_ros_line_follower:/opt/ros/humble LD_LIBRARY_PATH=/home/tharun/cognipilot/cranium/install/synapse_msgs/lib:/home/tharun/cognipilot/cranium/install/synapse_tinyframe/lib:/home/tharun/cognipilot/cranium/install/synapse_protobuf/lib:/opt/ros/humble/opt/rviz_ogre_vendor/lib:/opt/ros/humble/lib/x86_64-linux-gnu:/opt/ros/humble/lib /usr/bin/cmake --install /home/tharun/cognipilot/cranium/build/corti
[1.204s] Level 1:colcon.colcon_core.environment:checking '/home/tharun/cognipilot/cranium/install/corti' for CMake module files
[1.204s] Level 1:colcon.colcon_core.environment:checking '/home/tharun/cognipilot/cranium/install/corti' for CMake config files
[1.204s] Level 1:colcon.colcon_core.shell:create_environment_hook('corti', 'cmake_prefix_path')
[1.204s] INFO:colcon.colcon_core.shell:Creating environment hook '/home/tharun/cognipilot/cranium/install/corti/share/corti/hook/cmake_prefix_path.ps1'
[1.205s] INFO:colcon.colcon_core.shell:Creating environment descriptor '/home/tharun/cognipilot/cranium/install/corti/share/corti/hook/cmake_prefix_path.dsv'
[1.205s] INFO:colcon.colcon_core.shell:Creating environment hook '/home/tharun/cognipilot/cranium/install/corti/share/corti/hook/cmake_prefix_path.sh'
[1.205s] Level 1:colcon.colcon_core.environment:checking '/home/tharun/cognipilot/cranium/install/corti/lib'
[1.205s] Level 1:colcon.colcon_core.environment:checking '/home/tharun/cognipilot/cranium/install/corti/bin'
[1.206s] Level 1:colcon.colcon_core.environment:checking '/home/tharun/cognipilot/cranium/install/corti/lib/pkgconfig/corti.pc'
[1.206s] Level 1:colcon.colcon_core.environment:checking '/home/tharun/cognipilot/cranium/install/corti/lib/python3.10/site-packages'
[1.206s] Level 1:colcon.colcon_core.environment:checking '/home/tharun/cognipilot/cranium/install/corti/bin'
[1.206s] INFO:colcon.colcon_core.shell:Creating package script '/home/tharun/cognipilot/cranium/install/corti/share/corti/package.ps1'
[1.206s] INFO:colcon.colcon_core.shell:Creating package descriptor '/home/tharun/cognipilot/cranium/install/corti/share/corti/package.dsv'
[1.207s] INFO:colcon.colcon_core.shell:Creating package script '/home/tharun/cognipilot/cranium/install/corti/share/corti/package.sh'
[1.207s] INFO:colcon.colcon_core.shell:Creating package script '/home/tharun/cognipilot/cranium/install/corti/share/corti/package.bash'
[1.207s] INFO:colcon.colcon_core.shell:Creating package script '/home/tharun/cognipilot/cranium/install/corti/share/corti/package.zsh'
[1.207s] Level 1:colcon.colcon_core.environment:create_file_with_runtime_dependencies(/home/tharun/cognipilot/cranium/install/corti/share/colcon-core/packages/corti)
[1.208s] Level 1:colcon.colcon_core.environment:create_environment_scripts_only(corti)
[1.208s] Level 1:colcon.colcon_core.environment:checking '/home/tharun/cognipilot/cranium/install/corti' for CMake module files
[1.208s] Level 1:colcon.colcon_core.environment:checking '/home/tharun/cognipilot/cranium/install/corti' for CMake config files
[1.208s] Level 1:colcon.colcon_core.shell:create_environment_hook('corti', 'cmake_prefix_path')
[1.208s] INFO:colcon.colcon_core.shell:Creating environment hook '/home/tharun/cognipilot/cranium/install/corti/share/corti/hook/cmake_prefix_path.ps1'
[1.209s] INFO:colcon.colcon_core.shell:Creating environment descriptor '/home/tharun/cognipilot/cranium/install/corti/share/corti/hook/cmake_prefix_path.dsv'
[1.209s] INFO:colcon.colcon_core.shell:Creating environment hook '/home/tharun/cognipilot/cranium/install/corti/share/corti/hook/cmake_prefix_path.sh'
[1.209s] Level 1:colcon.colcon_core.environment:checking '/home/tharun/cognipilot/cranium/install/corti/lib'
[1.209s] Level 1:colcon.colcon_core.environment:checking '/home/tharun/cognipilot/cranium/install/corti/bin'
[1.209s] Level 1:colcon.colcon_core.environment:checking '/home/tharun/cognipilot/cranium/install/corti/lib/pkgconfig/corti.pc'
[1.209s] Level 1:colcon.colcon_core.environment:checking '/home/tharun/cognipilot/cranium/install/corti/lib/python3.10/site-packages'
[1.210s] Level 1:colcon.colcon_core.environment:checking '/home/tharun/cognipilot/cranium/install/corti/bin'
[1.210s] INFO:colcon.colcon_core.shell:Creating package script '/home/tharun/cognipilot/cranium/install/corti/share/corti/package.ps1'
[1.210s] INFO:colcon.colcon_core.shell:Creating package descriptor '/home/tharun/cognipilot/cranium/install/corti/share/corti/package.dsv'
[1.210s] INFO:colcon.colcon_core.shell:Creating package script '/home/tharun/cognipilot/cranium/install/corti/share/corti/package.sh'
[1.211s] INFO:colcon.colcon_core.shell:Creating package script '/home/tharun/cognipilot/cranium/install/corti/share/corti/package.bash'
[1.211s] INFO:colcon.colcon_core.shell:Creating package script '/home/tharun/cognipilot/cranium/install/corti/share/corti/package.zsh'
[1.211s] Level 1:colcon.colcon_core.environment:create_file_with_runtime_dependencies(/home/tharun/cognipilot/cranium/install/corti/share/colcon-core/packages/corti)
[1.371s] Level 1:colcon.colcon_core.environment:checking '/home/tharun/cognipilot/cranium/install/b3rb_ros_line_follower' for CMake module files
[1.371s] DEBUG:colcon.colcon_core.event_handler.log_command:Invoked command in '/home/tharun/cognipilot/cranium/src/b3rb_ros_line_follower/b3rb_ros_line_follower' returned '0': CMAKE_PREFIX_PATH=/home/tharun/cognipilot/cranium/install/synapse_msgs:/home/tharun/cognipilot/cranium/install/synapse_ros:/home/tharun/cognipilot/cranium/install/synapse_gz:/home/tharun/cognipilot/cranium/install/synapse_tinyframe:/home/tharun/cognipilot/cranium/install/synapse_protobuf:/home/tharun/cognipilot/cranium/install/corti:/home/tharun/cognipilot/cranium/install/dream_world:/home/tharun/cognipilot/cranium/install/cerebri_bringup:/home/tharun/cognipilot/cranium/install/b3rb_simulator:/home/tharun/cognipilot/cranium/install/b3rb_desktop:/home/tharun/cognipilot/cranium/install/b3rb_rviz:/home/tharun/cognipilot/cranium/install/b3rb_nav2:/home/tharun/cognipilot/cranium/install/b3rb_gz_resource:/home/tharun/cognipilot/cranium/install/b3rb_gz_bringup:/home/tharun/cognipilot/cranium/install/b3rb_description:/home/tharun/cognipilot/electrode/install/electrode LD_LIBRARY_PATH=/home/tharun/cognipilot/cranium/install/synapse_msgs/lib:/home/tharun/cognipilot/cranium/install/synapse_tinyframe/lib:/home/tharun/cognipilot/cranium/install/synapse_protobuf/lib:/opt/ros/humble/opt/rviz_ogre_vendor/lib:/opt/ros/humble/lib/x86_64-linux-gnu:/opt/ros/humble/lib PYTHONPATH=/home/tharun/cognipilot/cranium/build/b3rb_ros_line_follower/prefix_override:/usr/lib/python3/dist-packages/colcon_core/task/python/colcon_distutils_commands:/home/tharun/cognipilot/cranium/install/b3rb_ros_line_follower/lib/python3.10/site-packages:${PYTHONPATH} /usr/bin/python3 -W ignore:setup.py install is deprecated -W ignore:easy_install command is deprecated setup.py egg_info --egg-base ../../../build/b3rb_ros_line_follower build --build-base /home/tharun/cognipilot/cranium/build/b3rb_ros_line_follower/build install --record /home/tharun/cognipilot/cranium/build/b3rb_ros_line_follower/install.log --install-scripts $base/lib/b3rb_ros_line_follower --single-version-externally-managed install_data
[1.372s] Level 1:colcon.colcon_core.environment:checking '/home/tharun/cognipilot/cranium/install/b3rb_ros_line_follower' for CMake config files
[1.373s] Level 1:colcon.colcon_core.environment:checking '/home/tharun/cognipilot/cranium/install/b3rb_ros_line_follower/lib'
[1.373s] Level 1:colcon.colcon_core.environment:checking '/home/tharun/cognipilot/cranium/install/b3rb_ros_line_follower/bin'
[1.373s] Level 1:colcon.colcon_core.environment:checking '/home/tharun/cognipilot/cranium/install/b3rb_ros_line_follower/lib/pkgconfig/b3rb_ros_line_follower.pc'
[1.373s] Level 1:colcon.colcon_core.environment:checking '/home/tharun/cognipilot/cranium/install/b3rb_ros_line_follower/lib/python3.10/site-packages'
[1.373s] Level 1:colcon.colcon_core.shell:create_environment_hook('b3rb_ros_line_follower', 'pythonpath')
[1.374s] INFO:colcon.colcon_core.shell:Creating environment hook '/home/tharun/cognipilot/cranium/install/b3rb_ros_line_follower/share/b3rb_ros_line_follower/hook/pythonpath.ps1'
[1.374s] INFO:colcon.colcon_core.shell:Creating environment descriptor '/home/tharun/cognipilot/cranium/install/b3rb_ros_line_follower/share/b3rb_ros_line_follower/hook/pythonpath.dsv'
[1.374s] INFO:colcon.colcon_core.shell:Creating environment hook '/home/tharun/cognipilot/cranium/install/b3rb_ros_line_follower/share/b3rb_ros_line_follower/hook/pythonpath.sh'
[1.375s] Level 1:colcon.colcon_core.environment:checking '/home/tharun/cognipilot/cranium/install/b3rb_ros_line_follower/bin'
[1.375s] Level 1:colcon.colcon_core.environment:create_environment_scripts_only(b3rb_ros_line_follower)
[1.375s] INFO:colcon.colcon_core.shell:Creating package script '/home/tharun/cognipilot/cranium/install/b3rb_ros_line_follower/share/b3rb_ros_line_follower/package.ps1'
[1.375s] INFO:colcon.colcon_core.shell:Creating package descriptor '/home/tharun/cognipilot/cranium/install/b3rb_ros_line_follower/share/b3rb_ros_line_follower/package.dsv'
[1.375s] INFO:colcon.colcon_core.shell:Creating package script '/home/tharun/cognipilot/cranium/install/b3rb_ros_line_follower/share/b3rb_ros_line_follower/package.sh'
[1.376s] INFO:colcon.colcon_core.shell:Creating package script '/home/tharun/cognipilot/cranium/install/b3rb_ros_line_follower/share/b3rb_ros_line_follower/package.bash'
[1.376s] INFO:colcon.colcon_core.shell:Creating package script '/home/tharun/cognipilot/cranium/install/b3rb_ros_line_follower/share/b3rb_ros_line_follower/package.zsh'
[1.376s] Level 1:colcon.colcon_core.environment:create_file_with_runtime_dependencies(/home/tharun/cognipilot/cranium/install/b3rb_ros_line_follower/share/colcon-core/packages/b3rb_ros_line_follower)
[1.376s] DEBUG:colcon.colcon_parallel_executor.executor.parallel:closing loop
[1.376s] DEBUG:colcon.colcon_parallel_executor.executor.parallel:loop closed
[1.376s] DEBUG:colcon.colcon_parallel_executor.executor.parallel:run_until_complete finished with '0'
[1.376s] DEBUG:colcon.colcon_core.event_reactor:joining thread
[1.380s] INFO:colcon.colcon_core.plugin_system:Skipping extension 'colcon_notification.desktop_notification.terminal_notifier': Not used on non-Darwin systems
[1.380s] INFO:colcon.colcon_core.plugin_system:Skipping extension 'colcon_notification.desktop_notification.win32': Not used on non-Windows systems
[1.381s] INFO:colcon.colcon_notification.desktop_notification:Sending desktop notification using 'notify2'
[1.388s] DEBUG:colcon.colcon_core.event_reactor:joined thread
[1.389s] INFO:colcon.colcon_core.shell:Creating prefix script '/home/tharun/cognipilot/cranium/install/local_setup.ps1'
[1.390s] INFO:colcon.colcon_core.shell:Creating prefix util module '/home/tharun/cognipilot/cranium/install/_local_setup_util_ps1.py'
[1.391s] INFO:colcon.colcon_core.shell:Creating prefix chain script '/home/tharun/cognipilot/cranium/install/setup.ps1'
[1.392s] INFO:colcon.colcon_core.shell:Creating prefix script '/home/tharun/cognipilot/cranium/install/local_setup.sh'
[1.392s] INFO:colcon.colcon_core.shell:Creating prefix util module '/home/tharun/cognipilot/cranium/install/_local_setup_util_sh.py'
[1.393s] INFO:colcon.colcon_core.shell:Creating prefix chain script '/home/tharun/cognipilot/cranium/install/setup.sh'
[1.394s] INFO:colcon.colcon_core.shell:Creating prefix script '/home/tharun/cognipilot/cranium/install/local_setup.bash'
[1.395s] INFO:colcon.colcon_core.shell:Creating prefix chain script '/home/tharun/cognipilot/cranium/install/setup.bash'
[1.396s] INFO:colcon.colcon_core.shell:Creating prefix script '/home/tharun/cognipilot/cranium/install/local_setup.zsh'
[1.396s] INFO:colcon.colcon_core.shell:Creating prefix chain script '/home/tharun/cognipilot/cranium/install/setup.zsh'
